{"type":"FeatureCollection","features":[{"type":"Feature","geometry":{"type":"Polygon","coordinates":[[[35.0315,3.103],[34.9956,3.0905],[34.9786,3.1311],[34.9584,3.1481],[34.9909,3.1515],[34.9561,3.1707],[34.984,3.2194],[35.0065,3.2285],[35.0493,3.1754],[35.0315,3.103]]]},"properties":{"key":"0","name":"LOIMA HILLS","class":"gazetted_forest","areaHa":9479,"observed":true}},{"type":"Feature","geometry":{"type":"Polygon","coordinates":[[[35.1699,1.2692],[35.213,1.274],[35.2279,1.2907],[35.2396,1.2734],[35.2171,1.2578],[35.1729,1.2531],[35.1461,1.2708],[35.1651,1.2858],[35.1699,1.2692]]]},"properties":{"key":"1","name":"KAMATIRA","class":"gazetted_forest","areaHa":1935,"observed":true}},{"type":"Feature","geometry":{"type":"Polygon","coordinates":[[[37.4553,0.1304],[37.3894,0.1458],[37.3308,0.1443],[37.3026,0.1686],[37.3034,0.2034],[37.44,0.1473],[37.4553,0.1304]]]},"properties":{"key":"2","name":"NDARE","class":"gazetted_forest","areaHa":5602,"observed":true}},{"type":"Feature","geometry":{"type":"Polygon","coordinates":[[[35.524,0.1872],[35.5135,0.1867],[35.5207,0.1999],[35.5291,0.1987],[35.524,0.1872]]]},"properties":{"key":"3","name":"KAPCHORUA BLOCK I","class":"gazetted_forest","areaHa":140,"observed":true}},{"type":"Feature","geometry":{"type":"Polygon","coordinates":[[[35.4632,0.1152],[35.4828,0.0851],[35.481,0.0414],[35.4666,0.0246],[35.4049,0.0258],[35.3485,0.0583],[35.3017,0.0506],[35.2945,0.0655],[35.3216,0.1315],[35.3364,0.1411],[35.3413,0.1923],[35.3666,0.1848],[35.4008,0.1983],[35.4128,0.1803],[35.4004,0.1821],[35.3926,0.1679],[35.4214,0.1345],[35.4278,0.1565],[35.4613,0.1648],[35.4704,0.1474],[35.4632,0.1152]]]},"properties":{"key":"4","name":"NORTHERN TINDERET","class":"gazetted_forest","areaHa":26169,"observed":true}},{"type":"Feature","geometry":{"type":"Polygon","coordinates":[[[35.1064,0.181],[35.0836,0.1658],[35.0815,0.1844],[35.1064,0.181]]]},"properties":{"key":"5","name":"URURU","class":"gazetted_forest","areaHa":436,"observed":true}},{"type":"Feature","geometry":{"type":"Polygon","coordinates":[[[35.7281,0.168],[35.6972,0.1678],[35.7154,0.1877],[35.7494,0.161],[35.7456,0.14],[35.7288,0.1417],[35.7281,0.168]]]},"properties":{"key":"6","name":"CHEMOROGOK","class":"gazetted_forest","areaHa":1332,"observed":true}},{"type":"Feature","geometry":{"type":"Polygon","coordinates":[[[37.8723,0.1654],[37.8422,0.1666],[37.8457,0.1815],[37.8712,0.1835],[37.8723,0.1654]]]},"properties":{"key":"7","name":"NYAMBENI","class":"gazetted_forest","areaHa":707,"observed":true}},{"type":"Feature","geometry":{"type":"Polygon","coordinates":[[[35.4634,0.1298],[35.4794,0.1588],[35.5153,0.1715],[35.5053,0.1092],[35.4686,0.1149],[35.4634,0.1298]]]},"properties":{"key":"8","name":"NABKOI","class":"gazetted_forest","areaHa":3019,"observed":true}},{"type":"Feature","geometry":{"type":"Polygon","coordinates":[[[35.729,0.127],[35.6898,0.1263],[35.7288,0.1054],[35.7212,0.0479],[35.6872,0.0374],[35.6653,0.0461],[35.6202,0.027],[35.5874,0.0312],[35.5828,0.0413],[35.5961,0.0534],[35.5858,0.0642],[35.5985,0.0883],[35.6328,0.1056],[35.6327,0.1352],[35.6596,0.1675],[35.7281,0.168],[35.729,0.127]]]},"properties":{"key":"9","name":"LEMBUS","class":"gazetted_forest","areaHa":16236,"observed":true}},{"type":"Feature","geometry":{"type":"Polygon","coordinates":[[[34.0113,0.1451],[33.9833,0.12],[34.0263,0.1632],[34.0291,0.1527],[34.0113,0.1451]]]},"properties":{"key":"10","name":"MUMBAKA","class":"gazetted_forest","areaHa":442,"observed":true}},{"type":"Feature","geometry":{"type":"Polygon","coordinates":[[[34.0794,0.1463],[34.082,0.1521],[34.0851,0.1498],[34.0794,0.1463]]]},"properties":{"key":"11","name":"NANYUNGU","class":"gazetted_forest","areaHa":22,"observed":true}},{"type":"Feature","geometry":{"type":"Polygon","coordinates":[[[35.5672,1.27],[35.5822,1.2166],[35.6097,1.1976],[35.5974,1.1106],[35.5582,1.0854],[35.5149,1.1272],[35.5234,1.1354],[35.5014,1.1635],[35.4789,1.174],[35.4704,1.1668],[35.4525,1.207],[35.5447,1.2841],[35.573,1.289],[35.5672,1.27]]]},"properties":{"key":"12","name":"EMBOBUT","class":"gazetted_forest","areaHa":21594,"observed":true}},{"type":"Feature","geometry":{"type":"Polygon","coordinates":[[[37.7158,0.1048],[37.7606,0.097],[37.7549,0.0517],[37.7415,0.0894],[37.6618,0.1318],[37.6596,0.1452],[37.6779,0.1484],[37.7158,0.1048]]]},"properties":{"key":"13","name":"LOWER IMENTI","class":"gazetted_forest","areaHa":2466,"observed":true}},{"type":"Feature","geometry":{"type":"Polygon","coordinates":[[[37.5272,0.0188],[37.516,0.0425],[37.4846,0.0603],[37.4836,0.0747],[37.5153,0.0777],[37.5306,0.0928],[37.5555,0.0834],[37.5712,0.0539],[37.6115,0.0686],[37.6101,0.1094],[37.6023,0.1241],[37.5872,0.1123],[37.5852,0.13],[37.6379,0.1306],[37.6591,0.1453],[37.6607,0.1131],[37.6303,0.0556],[37.5681,0.038],[37.5577,0.014],[37.5272,0.0188]]]},"properties":{"key":"14","name":"UPPER IMENTI","class":"gazetted_forest","areaHa":10356,"observed":true}},{"type":"Feature","geometry":{"type":"Polygon","coordinates":[[[34.083,0.1386],[34.0859,0.1427],[34.0872,0.1415],[34.083,0.1386]]]},"properties":{"key":"15","name":"NAMULUKU","class":"gazetted_forest","areaHa":10,"observed":true}},{"type":"Feature","geometry":{"type":"Polygon","coordinates":[[[34.071,0.1321],[34.0599,0.1319],[34.0723,0.1402],[34.071,0.1321]]]},"properties":{"key":"16","name":"WANGA","class":"gazetted_forest","areaHa":95,"observed":true}},{"type":"Feature","geometry":{"type":"Polygon","coordinates":[[[36.4139,0.0927],[36.4219,0.0835],[36.3939,0.0478],[36.4023,0.0287],[36.3744,0.0391],[36.3674,0.0507],[36.4049,0.0867],[36.4209,0.1294],[36.4139,0.0927]]]},"properties":{"key":"17","name":"UASO NAROK","class":"gazetted_forest","areaHa":1987,"observed":true}},{"type":"Feature","geometry":{"type":"Polygon","coordinates":[[[37.8201,0.124],[37.7993,0.1021],[37.7906,0.1237],[37.8201,0.124]]]},"properties":{"key":"18","name":"KIEIGA","class":"gazetted_forest","areaHa":571,"observed":true}},{"type":"Feature","geometry":{"type":"Polygon","coordinates":[[[35.5741,0.0642],[35.5425,0.0869],[35.5435,0.0404],[35.4983,0.0382],[35.4692,0.0208],[35.4828,0.0851],[35.5099,0.0758],[35.5212,0.0805],[35.513,0.1036],[35.5758,0.1124],[35.5741,0.0642]]]},"properties":{"key":"19","name":"TIMBOROA","class":"gazetted_forest","areaHa":5788,"observed":true}},{"type":"Feature","geometry":{"type":"Polygon","coordinates":[[[35.5758,0.1124],[35.5939,0.1043],[35.5857,0.0626],[35.5758,0.1124]]]},"properties":{"key":"20","name":"LEMBUS","class":"gazetted_forest","areaHa":617,"observed":true}},{"type":"Feature","geometry":{"type":"Polygon","coordinates":[[[37.9029,0.0829],[37.9061,0.078],[37.8742,0.0634],[37.876,0.0931],[37.9029,0.0829]]]},"properties":{"key":"21","name":"THUURI","class":"gazetted_forest","areaHa":728,"observed":true}},{"type":"Feature","geometry":{"type":"Polygon","coordinates":[[[37.4846,0.0603],[37.516,0.0425],[37.5272,0.0188],[37.5577,0.014],[37.5476,-0.0196],[37.5639,-0.0354],[37.5673,-0.0607],[37.5551,-0.1274],[37.5936,-0.1638],[37.5724,-0.1682],[37.6005,-0.2261],[37.5918,-0.2641],[37.6168,-0.2906],[37.6047,-0.3563],[37.5862,-0.3701],[37.4871,-0.3478],[37.4487,-0.3533],[37.4406,-0.3974],[37.4212,-0.4247],[37.387,-0.402],[37.3793,-0.4184],[37.2567,-0.4117],[37.2348,-0.4281],[37.2045,-0.4274],[37.1964,-0.4052],[37.1753,-0.4105],[37.1553,-0.3765],[37.1196,-0.3884],[37.1203,-0.4041],[37.1049,-0.4011],[37.1149,-0.3738],[37.1028,-0.3681],[37.1143,-0.3617],[37.0992,-0.3633],[37.1006,-0.3353],[37.0835,-0.3438],[37.077,-0.3703],[37.0584,-0.3736],[37.0602,-0.3442],[37.0175,-0.348],[37.0285,-0.3108],[37.0426,-0.325],[37.0974,-0.2644],[37.111,-0.2809],[37.0909,-0.2962],[37.0931,-0.3073],[37.0774,-0.3088],[37.077,-0.3379],[37.1522,-0.2849],[37.1267,-0.2713],[37.1386,-0.2601],[37.1353,-0.2429],[37.1554,-0.2332],[37.1178,-0.2191],[37.1155,-0.1834],[37.0602,-0.1816],[37.0791,-0.1616],[37.1231,-0.1555],[37.098,-0.1446],[37.1046,-0.1325],[37.0893,-0.1267],[37.0869,-0.141],[37.0607,-0.1394],[37.0369,-0.1129],[37.0364,-0.0826],[37.0935,-0.0481],[37.1005,-0.0275],[37.1307,-0.0596],[37.136,-0.0386],[37.1158,-0.0157],[37.1551,-0.0108],[37.1466,0.0349],[37.1984,0.0195],[37.2159,0.0302],[37.2038,0.0452],[37.2169,0.0587],[37.2574,0.0186],[37.2577,0.0316],[37.281,0.0379],[37.3289,0.0126],[37.3504,0.0187],[37.3581,0.0421],[37.4637,0.0733],[37.4751,0.0656],[37.4911,0.0889],[37.4846,0.0603]],[[37.2424,0.0246],[37.2793,-0.0549],[37.2664,-0.0557],[37.2371,-0.1214],[37.2209,-0.1275],[37.216,-0.1569],[37.2242,-0.1598],[37.1914,-0.1744],[37.1483,-0.1722],[37.195,-0.189],[37.2274,-0.1815],[37.2612,-0.278],[37.2802,-0.2722],[37.2898,-0.2769],[37.2758,-0.2827],[37.2872,-0.2871],[37.3068,-0.2758],[37.3043,-0.2549],[37.3126,-0.2615],[37.389,-0.2037],[37.3934,-0.1829],[37.4071,-0.1795],[37.408,-0.1516],[37.4341,-0.1283],[37.4262,-0.1207],[37.441,-0.1278],[37.4906,-0.1094],[37.4968,-0.0863],[37.4775,-0.0575],[37.4499,-0.0579],[37.4471,-0.0262],[37.4233,-0.0292],[37.4211,-0.0064],[37.41,-0.0081],[37.4089,0.0032],[37.4029,-0.0043],[37.4005,-0.0044],[37.3932,0.0185],[37.3085,-0.0071],[37.29,-0.0374],[37.2722,-0.0066],[37.2549,-0.0001],[37.2424,0.0246]]]},"properties":{"key":"22","name":"MOUNT KENYA","class":"gazetted_forest","areaHa":198657,"observed":true}},{"type":"Feature","geometry":{"type":"Polygon","coordinates":[[[35.4301,1.2114],[35.3835,1.2042],[35.3891,1.2254],[35.4102,1.2235],[35.4013,1.2657],[35.4301,1.2114]]]},"properties":{"key":"23","name":"LELAN","class":"gazetted_forest","areaHa":1256,"observed":true}},{"type":"Feature","geometry":{"type":"Polygon","coordinates":[[[35.6922,-0.0029],[35.6878,-0.0245],[35.6962,-0.0153],[35.6964,-0.0246],[35.6851,-0.0414],[35.6797,-0.0353],[35.6755,-0.0633],[35.652,-0.0669],[35.6732,-0.0419],[35.6666,-0.0287],[35.6454,-0.0352],[35.6292,-0.0189],[35.63,0.001],[35.5884,0.03],[35.7212,0.0479],[35.6998,0.0151],[35.6997,-0.0006],[35.7141,-0.0027],[35.6922,-0.0029]]]},"properties":{"key":"24","name":"MAJI MAZURI","class":"gazetted_forest","areaHa":7774,"observed":true}},{"type":"Feature","geometry":{"type":"Polygon","coordinates":[[[35.4585,0.0074],[35.4986,0.0095],[35.4655,-0.0062],[35.4693,-0.0327],[35.4863,-0.0375],[35.4877,-0.0213],[35.5103,-0.0182],[35.5234,0.0129],[35.5438,-0.0093],[35.5646,-0.009],[35.5629,-0.017],[35.5843,-0.0083],[35.6119,-0.0331],[35.6335,-0.0361],[35.642,-0.0615],[35.6162,-0.0853],[35.6147,-0.0598],[35.5622,-0.0579],[35.546,-0.0811],[35.5531,-0.1016],[35.4985,-0.0988],[35.4939,-0.1195],[35.4955,-0.0983],[35.4869,-0.0956],[35.4854,-0.1131],[35.4558,-0.0784],[35.4246,-0.0785],[35.3727,-0.1103],[35.3407,-0.1087],[35.3085,-0.086],[35.3708,-0.0309],[35.4053,-0.0236],[35.4358,0.0235],[35.4692,0.0208],[35.4585,0.0074]]]},"properties":{"key":"25","name":"TINDERET","class":"gazetted_forest","areaHa":28043,"observed":true}},{"type":"Feature","geometry":{"type":"Polygon","coordinates":[[[36.3635,-0.0691],[36.3348,-0.0831],[36.3377,-0.0634],[36.321,-0.0504],[36.3308,-0.0218],[36.2967,0.0012],[36.3303,0.0176],[36.3635,-0.0691]]]},"properties":{"key":"26","name":"OL BOLOSSAT","class":"gazetted_forest","areaHa":3255,"observed":true}},{"type":"Feature","geometry":{"type":"Polygon","coordinates":[[[34.675,-0.0125],[34.6407,-0.0007],[34.6579,0.012],[34.6976,0.0129],[34.675,-0.0125]]]},"properties":{"key":"27","name":"BONJOGE","class":"gazetted_forest","areaHa":958,"observed":true}},{"type":"Feature","geometry":{"type":"Polygon","coordinates":[[[36.521,-0.0038],[36.5281,-0.0162],[36.5131,-0.0403],[36.5614,-0.0764],[36.5561,-0.0904],[36.5862,-0.1305],[36.6112,-0.1333],[36.611,-0.1606],[36.5482,-0.1304],[36.53,-0.0961],[36.5043,-0.1161],[36.5136,-0.0595],[36.4962,-0.0538],[36.4902,-0.0733],[36.4768,-0.0516],[36.4371,-0.0508],[36.4291,-0.0411],[36.4389,0.0097],[36.4576,-0.006],[36.4565,-0.0213],[36.521,-0.0038]],[[36.5324,-0.0587],[36.5317,-0.0562],[36.528,-0.0577],[36.5324,-0.0587]]]},"properties":{"key":"28","name":"ABERDARES","class":"gazetted_forest","areaHa":10174,"observed":true}},{"type":"Feature","geometry":{"type":"Polygon","coordinates":[[[35.8148,-0.0902],[35.8332,-0.09],[35.834,-0.1018],[35.8218,-0.1196],[35.8065,-0.0996],[35.7902,-0.1126],[35.7902,-0.1639],[35.7538,-0.2428],[35.7053,-0.2282],[35.7253,-0.2064],[35.7308,-0.1582],[35.6942,-0.1102],[35.6898,-0.0756],[35.6524,-0.0813],[35.6485,-0.1002],[35.6811,-0.1065],[35.683,-0.1166],[35.664,-0.1652],[35.6477,-0.1524],[35.6048,-0.1555],[35.5978,-0.1295],[35.6239,-0.1045],[35.6162,-0.0853],[35.6528,-0.0564],[35.652,-0.0669],[35.6738,-0.0653],[35.6797,-0.0353],[35.6851,-0.0414],[35.6964,-0.0246],[35.6922,-0.0029],[35.721,-0.0067],[35.7171,-0.0265],[35.7472,-0.0136],[35.7536,-0.0293],[35.7996,-0.0515],[35.8143,-0.0392],[35.8148,-0.0902]]]},"properties":{"key":"29","name":"MOUNT LONDIANI","class":"gazetted_forest","areaHa":30019,"observed":true}},{"type":"Feature","geometry":{"type":"Polygon","coordinates":[[[37.9062,-0.0282],[37.9051,-0.0456],[37.8913,-0.0554],[37.8543,-0.0307],[37.8672,-0.0208],[37.9062,-0.0282]]]},"properties":{"key":"30","name":"KIAGU","class":"gazetted_forest","areaHa":1355,"observed":true}},{"type":"Feature","geometry":{"type":"Polygon","coordinates":[[[36.2475,-0.1188],[36.2213,-0.1059],[36.2015,-0.1366],[36.2124,-0.2041],[36.2463,-0.2555],[36.2135,-0.2703],[36.1792,-0.2007],[36.2021,-0.1901],[36.1822,-0.1695],[36.1904,-0.1588],[36.1702,-0.1049],[36.2003,-0.061],[36.2288,-0.0675],[36.2489,-0.0341],[36.2475,-0.1188]]]},"properties":{"key":"31","name":"BAHATI","class":"gazetted_forest","areaHa":10056,"observed":true}},{"type":"Feature","geometry":{"type":"Polygon","coordinates":[[[35.8332,-0.09],[35.8148,-0.0902],[35.8145,-0.0483],[35.8323,-0.0447],[35.8453,-0.0552],[35.834,-0.1018],[35.8332,-0.09]]]},"properties":{"key":"32","name":"KILOMBE HILL","class":"gazetted_forest","areaHa":1528,"observed":true}},{"type":"Feature","geometry":{"type":"Polygon","coordinates":[[[36.4329,-0.0593],[36.4337,-0.0504],[36.4389,-0.0567],[36.4383,-0.0702],[36.4329,-0.0593]]]},"properties":{"key":"33","name":"MURUAI","class":"gazetted_forest","areaHa":84,"observed":true}},{"type":"Feature","geometry":{"type":"Polygon","coordinates":[[[35.2144,1.2354],[35.2504,1.2324],[35.2506,1.1986],[35.2144,1.2354]]]},"properties":{"key":"34","name":"EXCISION","class":"gazetted_forest","areaHa":909,"observed":true}},{"type":"Feature","geometry":{"type":"Polygon","coordinates":[[[36.4638,-0.1546],[36.4372,-0.0873],[36.4351,-0.0714],[36.4795,-0.1814],[36.4638,-0.1546]]]},"properties":{"key":"35","name":"MURUAI","class":"gazetted_forest","areaHa":396,"observed":true}},{"type":"Feature","geometry":{"type":"Polygon","coordinates":[[[38.1182,-0.106],[38.1046,-0.119],[38.089,-0.1085],[38.1035,-0.0749],[38.1182,-0.106]]]},"properties":{"key":"36","name":"KIKINGO","class":"gazetted_forest","areaHa":1198,"observed":true}},{"type":"Feature","geometry":{"type":"Polygon","coordinates":[[[36.4484,-0.1412],[36.4449,-0.1165],[36.4589,-0.149],[36.4605,-0.1606],[36.4484,-0.1412]]]},"properties":{"key":"37","name":"MURUAI","class":"gazetted_forest","areaHa":234,"observed":true}},{"type":"Feature","geometry":{"type":"Polygon","coordinates":[[[36.7407,-0.1539],[36.7166,-0.1308],[36.7495,-0.1216],[36.7407,-0.1539]]]},"properties":{"key":"38","name":"SOUTH LAIKIPIA","class":"gazetted_forest","areaHa":789,"observed":true}},{"type":"Feature","geometry":{"type":"Polygon","coordinates":[[[38.096,-0.1592],[38.077,-0.1759],[38.0714,-0.1648],[38.0868,-0.1401],[38.096,-0.1592]]]},"properties":{"key":"39","name":"MAATHA","class":"gazetted_forest","areaHa":629,"observed":true}},{"type":"Feature","geometry":{"type":"Polygon","coordinates":[[[37.5842,-0.1557],[37.5955,-0.1474],[37.6226,-0.156],[37.5915,-0.1681],[37.5842,-0.1557]]]},"properties":{"key":"40","name":"THUNGURU HILL","class":"gazetted_forest","areaHa":552,"observed":true}},{"type":"Feature","geometry":{"type":"Polygon","coordinates":[[[35.6546,-0.253],[35.6313,-0.2888],[35.6051,-0.2943],[35.5929,-0.2789],[35.5817,-0.3085],[35.57,-0.3045],[35.5732,-0.2833],[35.5617,-0.2756],[35.5431,-0.2991],[35.4839,-0.2934],[35.4745,-0.3504],[35.4975,-0.3373],[35.5127,-0.3451],[35.4544,-0.369],[35.4049,-0.3639],[35.395,-0.3531],[35.3667,-0.3603],[35.3617,-0.351],[35.4147,-0.3036],[35.5259,-0.2708],[35.5526,-0.2259],[35.6085,-0.2265],[35.6082,-0.201],[35.6218,-0.2038],[35.6337,-0.1764],[35.6089,-0.1644],[35.6063,-0.1554],[35.6477,-0.1524],[35.664,-0.1652],[35.6546,-0.253]]]},"properties":{"key":"41","name":"WESTERN MAU","class":"gazetted_forest","areaHa":22647,"observed":true}},{"type":"Feature","geometry":{"type":"Polygon","coordinates":[[[36.7869,-0.1878],[36.7797,-0.2186],[36.7631,-0.2232],[36.7209,-0.1957],[36.7184,-0.1648],[36.7409,-0.1578],[36.7507,-0.1965],[36.7869,-0.1878]]]},"properties":{"key":"42","name":"SOUTH LAIKIPIA","class":"gazetted_forest","areaHa":2696,"observed":true}},{"type":"Feature","geometry":{"type":"Polygon","coordinates":[[[36.4848,-0.1835],[36.5018,-0.2251],[36.5186,-0.2706],[36.4931,-0.2286],[36.4671,-0.1578],[36.4848,-0.1835]]]},"properties":{"key":"43","name":"KIRIMA","class":"gazetted_forest","areaHa":510,"observed":true}},{"type":"Feature","geometry":{"type":"Polygon","coordinates":[[[36.0465,-0.2509],[36.066,-0.2167],[36.0208,-0.2076],[36.0577,-0.1704],[36.1172,-0.1881],[36.0859,-0.2571],[36.0465,-0.2509]]]},"properties":{"key":"44","name":"MENENGAI","class":"gazetted_forest","areaHa":5711,"observed":true}},{"type":"Feature","geometry":{"type":"Polygon","coordinates":[[[35.2508,1.1724],[35.2711,1.1725],[35.275,1.1412],[35.1527,1.1978],[35.2144,1.2354],[35.2506,1.1986],[35.2508,1.1724]]]},"properties":{"key":"45","name":"KAPKANYAR","class":"gazetted_forest","areaHa":5738,"observed":true}},{"type":"Feature","geometry":{"type":"Polygon","coordinates":[[[35.5956,-0.1703],[35.6044,-0.171],[35.601,-0.1769],[35.5911,-0.1834],[35.5956,-0.1703]]]},"properties":{"key":"46","name":"LONDIANI","class":"gazetted_forest","areaHa":105,"observed":true}},{"type":"Feature","geometry":{"type":"Polygon","coordinates":[[[37.916,-0.2151],[37.9079,-0.1935],[37.9179,-0.1728],[37.9412,-0.1899],[37.9321,-0.2217],[37.916,-0.2151]]]},"properties":{"key":"47","name":"NTUGI","class":"gazetted_forest","areaHa":1379,"observed":true}},{"type":"Feature","geometry":{"type":"Polygon","coordinates":[[[36.6857,-0.2138],[36.7257,-0.2465],[36.7173,-0.2582],[36.7405,-0.2977],[36.7408,-0.3278],[36.6637,-0.3163],[36.6342,-0.285],[36.663,-0.2183],[36.6522,-0.1807],[36.6828,-0.1748],[36.6857,-0.2138]]]},"properties":{"key":"48","name":"ABERDARES","class":"gazetted_forest","areaHa":11358,"observed":true}},{"type":"Feature","geometry":{"type":"Polygon","coordinates":[[[38.1107,-0.217],[38.0927,-0.2374],[38.0781,-0.2044],[38.1095,-0.1914],[38.1107,-0.217]]]},"properties":{"key":"49","name":"MUTEJWA","class":"gazetted_forest","areaHa":1312,"observed":true}},{"type":"Feature","geometry":{"type":"Polygon","coordinates":[[[37.8171,-0.2527],[37.8187,-0.266],[37.8012,-0.275],[37.7755,-0.2457],[37.7509,-0.2378],[37.7508,-0.2212],[37.7817,-0.2251],[37.7907,-0.2446],[37.8171,-0.2527]]]},"properties":{"key":"50","name":"NJUGUNI","class":"gazetted_forest","areaHa":1978,"observed":true}},{"type":"Feature","geometry":{"type":"Polygon","coordinates":[[[36.7516,-0.8337],[36.7194,-0.8036],[36.6905,-0.7485],[36.6736,-0.7419],[36.6752,-0.705],[36.6434,-0.6763],[36.6215,-0.6167],[36.6274,-0.5462],[36.6414,-0.5292],[36.6238,-0.5251],[36.6123,-0.4722],[36.5862,-0.4999],[36.5359,-0.4992],[36.5481,-0.4898],[36.5338,-0.4796],[36.5679,-0.4018],[36.5018,-0.2251],[36.5279,-0.2264],[36.549,-0.3019],[36.652,-0.4606],[36.6817,-0.5811],[36.6727,-0.6613],[36.7074,-0.6979],[36.7592,-0.5399],[36.735,-0.4188],[36.8046,-0.3864],[36.8628,-0.3893],[36.8368,-0.4304],[36.854,-0.4263],[36.8454,-0.4533],[36.8615,-0.4565],[36.8391,-0.5139],[36.8528,-0.5173],[36.8615,-0.5451],[36.8436,-0.5713],[36.847,-0.5943],[36.8256,-0.5872],[36.815,-0.5981],[36.816,-0.6297],[36.8386,-0.6572],[36.8183,-0.653],[36.8097,-0.6779],[36.8234,-0.682],[36.7824,-0.8169],[36.7894,-0.8446],[36.7516,-0.8337]]]},"properties":{"key":"51","name":"ABERDARES","class":"gazetted_forest","areaHa":81327,"observed":true}},{"type":"Feature","geometry":{"type":"Polygon","coordinates":[[[37.9737,-0.267],[37.9583,-0.2907],[37.9585,-0.3225],[37.94,-0.3239],[37.9334,-0.3094],[37.9481,-0.2958],[37.9293,-0.2869],[37.9279,-0.2632],[37.9624,-0.2377],[37.9737,-0.267]]]},"properties":{"key":"52","name":"KIJEGE","class":"gazetted_forest","areaHa":3289,"observed":true}},{"type":"Feature","geometry":{"type":"Polygon","coordinates":[[[35.7188,-0.2465],[35.7031,-0.2608],[35.696,-0.25],[35.7188,-0.2465]]]},"properties":{"key":"53","name":"WEST MOLO","class":"gazetted_forest","areaHa":275,"observed":true}},{"type":"Feature","geometry":{"type":"Polygon","coordinates":[[[36.0939,-0.2686],[36.0557,-0.2678],[36.0542,-0.2517],[36.0939,-0.2686]]]},"properties":{"key":"54","name":"NAKURU","class":"gazetted_forest","areaHa":628,"observed":true}},{"type":"Feature","geometry":{"type":"Polygon","coordinates":[[[35.7446,-0.2774],[35.7081,-0.2984],[35.7254,-0.2686],[35.7118,-0.2623],[35.7314,-0.2546],[35.7446,-0.2774]]]},"properties":{"key":"55","name":"MOLO","class":"gazetted_forest","areaHa":911,"observed":true}},{"type":"Feature","geometry":{"type":"Polygon","coordinates":[[[34.7672,1.202],[34.7514,1.1767],[34.7669,1.1743],[34.7782,1.154],[34.7647,1.1168],[34.7476,1.1045],[34.7684,1.0752],[34.7474,1.0848],[34.7063,1.0727],[34.6817,1.0877],[34.6652,1.1205],[34.666,1.161],[34.6501,1.1772],[34.6694,1.205],[34.7435,1.2183],[34.7672,1.202]]]},"properties":{"key":"56","name":"MOUNT ELGON","class":"gazetted_forest","areaHa":15828,"observed":true}},{"type":"Feature","geometry":{"type":"Polygon","coordinates":[[[37.8913,-0.2751],[37.8889,-0.2565],[37.9011,-0.2606],[37.9013,-0.2753],[37.8913,-0.2751]]]},"properties":{"key":"57","name":"MUTHARANGA","class":"gazetted_forest","areaHa":292,"observed":true}},{"type":"Feature","geometry":{"type":"Polygon","coordinates":[[[36.9733,-0.2803],[36.9873,-0.2698],[36.9881,-0.2806],[36.9786,-0.2893],[36.9733,-0.2803]]]},"properties":{"key":"58","name":"LUSOI","class":"gazetted_forest","areaHa":267,"observed":true}},{"type":"Feature","geometry":{"type":"Polygon","coordinates":[[[35.8053,-0.3092],[35.8327,-0.2968],[35.8489,-0.3169],[35.9021,-0.3144],[35.9157,-0.3471],[35.9097,-0.3567],[35.8962,-0.351],[35.9184,-0.3756],[35.9207,-0.4135],[35.958,-0.4084],[35.9535,-0.4234],[35.9777,-0.4873],[36.0536,-0.5591],[36.0987,-0.6415],[36.0286,-0.6803],[36.013,-0.6657],[36.0355,-0.6451],[36.0191,-0.601],[36.0388,-0.5936],[36.0397,-0.5779],[36.0142,-0.5901],[35.9688,-0.5234],[35.9739,-0.5503],[35.9522,-0.5687],[35.945,-0.5551],[35.9048,-0.5464],[35.8905,-0.5263],[35.8325,-0.4957],[35.8373,-0.4677],[35.815,-0.477],[35.813,-0.4587],[35.7983,-0.4581],[35.7736,-0.5382],[35.7413,-0.5303],[35.7485,-0.4889],[35.7213,-0.4744],[35.7237,-0.4327],[35.7038,-0.4314],[35.7008,-0.413],[35.7276,-0.3902],[35.6954,-0.3373],[35.709,-0.3258],[35.7444,-0.3549],[35.7811,-0.2936],[35.8039,-0.2919],[35.8053,-0.3092]]]},"properties":{"key":"59","name":"EASTERN MAU","class":"gazetted_forest","areaHa":65776,"observed":true}},{"type":"Feature","geometry":{"type":"Polygon","coordinates":[[[37.8908,-0.316],[37.889,-0.3256],[37.8758,-0.3213],[37.8908,-0.316]]]},"properties":{"key":"60","name":"MUNGUNI","class":"gazetted_forest","areaHa":188,"observed":true}},{"type":"Feature","geometry":{"type":"Polygon","coordinates":[[[35.3976,-0.6453],[35.3905,-0.6265],[35.408,-0.6079],[35.372,-0.5192],[35.3544,-0.5334],[35.337,-0.5785],[35.3252,-0.5707],[35.3051,-0.5401],[35.3098,-0.5027],[35.2847,-0.4916],[35.3412,-0.3726],[35.3535,-0.376],[35.3667,-0.3603],[35.3773,-0.3612],[35.3643,-0.3779],[35.408,-0.3713],[35.4049,-0.3639],[35.4544,-0.369],[35.5254,-0.3329],[35.538,-0.3455],[35.5402,-0.3337],[35.5468,-0.3681],[35.536,-0.381],[35.5543,-0.3945],[35.5349,-0.423],[35.5606,-0.4207],[35.5624,-0.4415],[35.5804,-0.4543],[35.6076,-0.4417],[35.5999,-0.4664],[35.6229,-0.4423],[35.6114,-0.4972],[35.6489,-0.479],[35.6549,-0.5001],[35.6707,-0.4828],[35.6657,-0.4955],[35.6826,-0.4883],[35.7019,-0.5354],[35.643,-0.5378],[35.602,-0.5596],[35.5889,-0.5529],[35.5676,-0.5758],[35.5768,-0.5929],[35.3976,-0.6453]]]},"properties":{"key":"61","name":"SOUTH WEST MAU","class":"gazetted_forest","areaHa":83758,"observed":true}},{"type":"Feature","geometry":{"type":"Polygon","coordinates":[[[37.9485,-0.3596],[37.9403,-0.3697],[37.9167,-0.3567],[37.9377,-0.342],[37.9485,-0.3596]]]},"properties":{"key":"62","name":"KIERERA","class":"gazetted_forest","areaHa":774,"observed":true}},{"type":"Feature","geometry":{"type":"Polygon","coordinates":[[[37.001,-0.367],[37.001,-0.38],[37.0006,-0.3899],[36.9946,-0.4003],[36.9945,-0.3578],[37.001,-0.367]]]},"properties":{"key":"63","name":"KIGANJO","class":"gazetted_forest","areaHa":171,"observed":true}},{"type":"Feature","geometry":{"type":"Polygon","coordinates":[[[36.9819,-0.3916],[36.9476,-0.3946],[36.9314,-0.3612],[36.9691,-0.3741],[36.9819,-0.3916]]]},"properties":{"key":"64","name":"NYERI","class":"gazetted_forest","areaHa":1208,"observed":true}},{"type":"Feature","geometry":{"type":"Polygon","coordinates":[[[36.5092,-0.4617],[36.4971,-0.43],[36.5101,-0.3959],[36.5565,-0.372],[36.5679,-0.4018],[36.536,-0.4746],[36.5092,-0.4617]]]},"properties":{"key":"65","name":"KIPIPIRI","class":"gazetted_forest","areaHa":5055,"observed":true}},{"type":"Feature","geometry":{"type":"Polygon","coordinates":[[[37.551,-0.4109],[37.5474,-0.4165],[37.5396,-0.4074],[37.5442,-0.3973],[37.551,-0.4109]]]},"properties":{"key":"66","name":"KIRIMIRI","class":"gazetted_forest","areaHa":174,"observed":true}},{"type":"Feature","geometry":{"type":"Polygon","coordinates":[[[35.2984,1.13],[35.2938,1.1161],[35.3064,1.1006],[35.3222,1.1015],[35.3219,1.1193],[35.3362,1.1213],[35.3363,1.105],[35.3264,1.105],[35.3216,1.068],[35.3395,1.0762],[35.3326,1.1011],[35.3531,1.0995],[35.3756,1.0727],[35.3781,1.0292],[35.3551,1.0416],[35.3589,1.0535],[35.3419,1.0348],[35.3162,1.0343],[35.3248,1.0533],[35.3044,1.0785],[35.2723,1.0864],[35.2577,1.1076],[35.2025,1.1159],[35.1527,1.1978],[35.2984,1.13]]]},"properties":{"key":"67","name":"KIPTABERR","class":"gazetted_forest","areaHa":12745,"observed":true}},{"type":"Feature","geometry":{"type":"Polygon","coordinates":[[[36.9379,-0.4023],[36.9452,-0.4011],[36.9451,-0.4025],[36.9379,-0.4023]]]},"properties":{"key":"68","name":"MURINGATO NURSERY","class":"gazetted_forest","areaHa":24,"observed":true}},{"type":"Feature","geometry":{"type":"Polygon","coordinates":[[[36.9037,-0.4223],[36.8987,-0.4066],[36.9066,-0.4056],[36.9037,-0.4223]]]},"properties":{"key":"69","name":"NYERI HILL","class":"gazetted_forest","areaHa":199,"observed":true}},{"type":"Feature","geometry":{"type":"Polygon","coordinates":[[[36.9368,-0.4173],[36.935,-0.4171],[36.9398,-0.4144],[36.9368,-0.4173]]]},"properties":{"key":"70","name":"NYERI MUNICIPAL","class":"gazetted_forest","areaHa":12,"observed":true}},{"type":"Feature","geometry":{"type":"Polygon","coordinates":[[[37.9949,-0.5424],[37.9524,-0.5853],[37.9257,-0.5765],[37.9204,-0.5408],[37.9519,-0.5271],[37.9358,-0.5068],[37.9671,-0.483],[37.9862,-0.4461],[38.0527,-0.5113],[38.0283,-0.542],[37.9949,-0.5424]]]},"properties":{"key":"71","name":"MUUMONI","class":"gazetted_forest","areaHa":10982,"observed":true}},{"type":"Feature","geometry":{"type":"Polygon","coordinates":[[[34.2458,-0.4901],[34.225,-0.5054],[34.2345,-0.515],[34.2535,-0.5031],[34.2588,-0.5124],[34.2319,-0.5337],[34.206,-0.5298],[34.1931,-0.5065],[34.2003,-0.4929],[34.224,-0.4727],[34.227,-0.4831],[34.2401,-0.4744],[34.2458,-0.4901]]]},"properties":{"key":"72","name":"GEMBE HILLS","class":"gazetted_forest","areaHa":2704,"observed":true}},{"type":"Feature","geometry":{"type":"Polygon","coordinates":[[[37.431,-0.4973],[37.425,-0.4862],[37.4372,-0.5027],[37.431,-0.4973]]]},"properties":{"key":"73","name":"NJUKIINI EAST","class":"gazetted_forest","areaHa":109,"observed":true}},{"type":"Feature","geometry":{"type":"Polygon","coordinates":[[[37.4158,-0.5028],[37.4243,-0.4862],[37.431,-0.4973],[37.4158,-0.5028]]]},"properties":{"key":"74","name":"NJUKIINI WEST","class":"gazetted_forest","areaHa":194,"observed":true}},{"type":"Feature","geometry":{"type":"Polygon","coordinates":[[[37.5892,-0.4966],[37.5896,-0.5079],[37.5745,-0.5041],[37.5892,-0.4966]]]},"properties":{"key":"75","name":"MARANGA","class":"gazetted_forest","areaHa":237,"observed":true}},{"type":"Feature","geometry":{"type":"Polygon","coordinates":[[[37.7165,-0.5693],[37.6803,-0.5689],[37.6881,-0.542],[37.7223,-0.5423],[37.7165,-0.5693]]]},"properties":{"key":"76","name":"KIANGOMBE","class":"gazetted_forest","areaHa":1420,"observed":true}},{"type":"Feature","geometry":{"type":"Polygon","coordinates":[[[34.1399,-0.5775],[34.1562,-0.5595],[34.1528,-0.5457],[34.1756,-0.5647],[34.1609,-0.5851],[34.1399,-0.5775]]]},"properties":{"key":"77","name":"RANGWE (KAKSINGRI)","class":"gazetted_forest","areaHa":1006,"observed":true}},{"type":"Feature","geometry":{"type":"Polygon","coordinates":[[[35.1824,1.1204],[35.1483,1.1771],[35.1286,1.1834],[35.1527,1.1978],[35.2025,1.1159],[35.1824,1.1204]]]},"properties":{"key":"78","name":"KAPOLET","class":"gazetted_forest","areaHa":1618,"observed":true}},{"type":"Feature","geometry":{"type":"Polygon","coordinates":[[[38.0049,-0.635],[37.9675,-0.607],[37.9838,-0.571],[38.0045,-0.5609],[38.022,-0.5718],[38.0049,-0.635]]]},"properties":{"key":"79","name":"GAIKUYU","class":"gazetted_forest","areaHa":3244,"observed":true}},{"type":"Feature","geometry":{"type":"Polygon","coordinates":[[[34.2178,-0.6319],[34.077,-0.6376],[34.1332,-0.6056],[34.1929,-0.6038],[34.2217,-0.5646],[34.2303,-0.5727],[34.2178,-0.6319]]]},"properties":{"key":"80","name":"GWASI","class":"gazetted_forest","areaHa":4936,"observed":true}},{"type":"Feature","geometry":{"type":"Polygon","coordinates":[[[36.0006,-0.6068],[36.0038,-0.632],[35.9715,-0.598],[35.9654,-0.5665],[35.9824,-0.5764],[36.0006,-0.6068]]]},"properties":{"key":"81","name":"MAU NAROK","class":"gazetted_forest","areaHa":807,"observed":true}},{"type":"Feature","geometry":{"type":"Polygon","coordinates":[[[35.5471,-0.7884],[35.48,-0.7638],[35.4265,-0.7214],[35.3976,-0.6453],[35.5548,-0.5994],[35.5673,-0.6282],[35.5905,-0.6057],[35.5993,-0.6556],[35.6428,-0.7023],[35.5471,-0.7884]]]},"properties":{"key":"82","name":"TRANSMARA","class":"gazetted_forest","areaHa":34305,"observed":true}},{"type":"Feature","geometry":{"type":"Polygon","coordinates":[[[35.7501,-0.7218],[35.6251,-0.7221],[35.6754,-0.675],[35.7068,-0.6192],[35.7583,-0.6166],[35.7734,-0.6334],[35.7957,-0.6025],[35.7967,-0.6618],[35.8135,-0.676],[35.8069,-0.7225],[35.7501,-0.7218]]]},"properties":{"key":"83","name":"OL PUSIMORU","class":"gazetted_forest","areaHa":17004,"observed":true}},{"type":"Feature","geometry":{"type":"Polygon","coordinates":[[[34.3487,-0.658],[34.297,-0.6709],[34.2209,-0.7246],[34.2141,-0.7123],[34.2383,-0.7084],[34.2917,-0.655],[34.3347,-0.6482],[34.357,-0.6107],[34.3487,-0.658]]]},"properties":{"key":"84","name":"LAMBWE","class":"gazetted_forest","areaHa":2444,"observed":true}},{"type":"Feature","geometry":{"type":"Polygon","coordinates":[[[36.1968,-0.6985],[36.1167,-0.6619],[36.1612,-0.6327],[36.2245,-0.6239],[36.2691,-0.6732],[36.1968,-0.6985]]]},"properties":{"key":"85","name":"EBURU","class":"gazetted_forest","areaHa":8698,"observed":true}},{"type":"Feature","geometry":{"type":"Polygon","coordinates":[[[37.6234,-0.673],[37.6171,-0.7115],[37.6,-0.6796],[37.6101,-0.6636],[37.6234,-0.673]]]},"properties":{"key":"86","name":"KIANJIRU HILLS","class":"gazetted_forest","areaHa":1020,"observed":true}},{"type":"Feature","geometry":{"type":"Polygon","coordinates":[[[35.6185,-0.7217],[35.8069,-0.7225],[35.8121,-0.6648],[35.8541,-0.6776],[35.861,-0.7079],[35.8623,-0.6797],[35.896,-0.6998],[35.8927,-0.7294],[35.8726,-0.7536],[35.8703,-0.9066],[35.8464,-0.9186],[35.7822,-0.9211],[35.7443,-0.9102],[35.7367,-0.8652],[35.7479,-0.8122],[35.7404,-0.8011],[35.727,-0.8111],[35.7192,-0.7506],[35.6164,-0.8306],[35.6264,-0.7575],[35.6047,-0.7395],[35.6185,-0.7217]]]},"properties":{"key":"87","name":"MAASAI MAU","class":"gazetted_forest","areaHa":46136,"observed":true}},{"type":"Feature","geometry":{"type":"Polygon","coordinates":[[[37.8215,-0.6947],[37.8081,-0.7096],[37.7991,-0.6922],[37.805,-0.6755],[37.8215,-0.6947]]]},"properties":{"key":"88","name":"KIAMBERE","class":"gazetted_forest","areaHa":690,"observed":true}},{"type":"Feature","geometry":{"type":"Polygon","coordinates":[[[35.3963,1.1738],[35.3866,1.1556],[35.372,1.169],[35.4053,1.1964],[35.4243,1.1864],[35.3963,1.1738]]]},"properties":{"key":"89","name":"LELAN","class":"gazetted_forest","areaHa":1071,"observed":true}},{"type":"Feature","geometry":{"type":"Polygon","coordinates":[[[38.2945,-0.7039],[38.2876,-0.7211],[38.2748,-0.7011],[38.2911,-0.6861],[38.2945,-0.7039]]]},"properties":{"key":"90","name":"MAI","class":"gazetted_forest","areaHa":492,"observed":true}},{"type":"Feature","geometry":{"type":"Polygon","coordinates":[[[35.9265,-0.7146],[35.9274,-0.6917],[35.9342,-0.7074],[35.9265,-0.7146]]]},"properties":{"key":"91","name":"SOUTHERN MAU","class":"gazetted_forest","areaHa":128,"observed":true}},{"type":"Feature","geometry":{"type":"Polygon","coordinates":[[[35.6205,-0.7218],[35.6185,-0.7217],[35.6205,-0.7218],[35.6205,-0.7218]]]},"properties":{"key":"92","name":"TRANSMARA","class":"gazetted_forest","areaHa":0,"observed":true}},{"type":"Feature","geometry":{"type":"Polygon","coordinates":[[[35.8069,-0.7225],[35.7501,-0.7218],[35.7501,-0.7218],[35.8069,-0.7225]]]},"properties":{"key":"93","name":"MAASAI MAU","class":"gazetted_forest","areaHa":0,"observed":true}},{"type":"Feature","geometry":{"type":"Polygon","coordinates":[[[35.6251,-0.7221],[35.6251,-0.7221],[35.6251,-0.7221],[35.6251,-0.7221]]]},"properties":{"key":"94","name":"MAASAI MAU","class":"gazetted_forest","areaHa":0,"observed":true}},{"type":"Feature","geometry":{"type":"Polygon","coordinates":[[[35.6137,-0.7223],[35.6125,-0.7222],[35.6125,-0.7222],[35.6137,-0.7223]]]},"properties":{"key":"95","name":"TRANSMARA","class":"gazetted_forest","areaHa":0,"observed":true}},{"type":"Feature","geometry":{"type":"Polygon","coordinates":[[[35.6066,-0.7293],[35.6066,-0.7293],[35.6083,-0.729],[35.6066,-0.7293]]]},"properties":{"key":"96","name":"TRANSMARA","class":"gazetted_forest","areaHa":0,"observed":true}},{"type":"Feature","geometry":{"type":"Polygon","coordinates":[[[36.7268,-0.8115],[36.7519,-0.834],[36.7894,-0.8446],[36.7902,-0.8695],[36.759,-0.8923],[36.7745,-0.9065],[36.7566,-0.9154],[36.7458,-0.9072],[36.7315,-0.9227],[36.7433,-0.9378],[36.6886,-0.9826],[36.6862,-1.0026],[36.6407,-0.9819],[36.6404,-0.947],[36.6268,-0.9623],[36.6114,-0.9305],[36.6056,-0.944],[36.5897,-0.9439],[36.5893,-0.9625],[36.5963,-0.9551],[36.616,-0.9902],[36.6065,-1.0453],[36.6166,-1.1117],[36.6061,-1.1102],[36.5881,-1.0433],[36.602,-0.9933],[36.5743,-0.9443],[36.5819,-0.9307],[36.5556,-0.9213],[36.5922,-0.887],[36.6114,-0.9117],[36.6425,-0.9179],[36.6343,-0.7842],[36.6729,-0.7589],[36.6884,-0.7657],[36.6825,-0.7532],[36.6937,-0.7527],[36.7268,-0.8115]],[[36.76,-0.8718],[36.7581,-0.8756],[36.7712,-0.8795],[36.76,-0.8718]]]},"properties":{"key":"97","name":"KIKUYU ESCARPMENT","class":"gazetted_forest","areaHa":35398,"observed":true}},{"type":"Feature","geometry":{"type":"Polygon","coordinates":[[[38.4035,-0.8517],[38.4027,-0.8661],[38.3928,-0.8656],[38.3886,-0.8447],[38.4026,-0.8463],[38.4088,-0.8273],[38.419,-0.8444],[38.4035,-0.8517]]]},"properties":{"key":"98","name":"IMBA-CHAKUYU","class":"gazetted_forest","areaHa":747,"observed":true}},{"type":"Feature","geometry":{"type":"Polygon","coordinates":[[[36.5747,-0.8472],[36.5725,-0.8283],[36.5806,-0.8277],[36.5883,-0.8423],[36.5747,-0.8472]]]},"properties":{"key":"99","name":"MAGUMO NORTH","class":"gazetted_forest","areaHa":239,"observed":true}},{"type":"Feature","geometry":{"type":"Polygon","coordinates":[[[35.4243,1.1864],[35.4403,1.1616],[35.4695,1.1596],[35.4788,1.1477],[35.4679,1.1522],[35.4686,1.1226],[35.4421,1.1256],[35.421,1.1466],[35.4326,1.1645],[35.4107,1.1747],[35.4243,1.1864]]]},"properties":{"key":"100","name":"KERRER","class":"gazetted_forest","areaHa":2231,"observed":true}},{"type":"Feature","geometry":{"type":"Polygon","coordinates":[[[35.2056,-0.8913],[35.1836,-0.9301],[35.1403,-0.8798],[35.1356,-0.8412],[35.1537,-0.8362],[35.1898,-0.8547],[35.2056,-0.8913]]]},"properties":{"key":"101","name":"CHEPALUNGU","class":"gazetted_forest","areaHa":4874,"observed":true}},{"type":"Feature","geometry":{"type":"Polygon","coordinates":[[[36.5722,-0.8736],[36.5743,-0.8526],[36.5844,-0.8505],[36.5827,-0.8783],[36.5722,-0.8736]]]},"properties":{"key":"102","name":"MAGUMO SOUTH","class":"gazetted_forest","areaHa":363,"observed":true}},{"type":"Feature","geometry":{"type":"Polygon","coordinates":[[[35.1898,-0.8547],[35.243,-0.8689],[35.2352,-0.8934],[35.2056,-0.8913],[35.1898,-0.8547]]]},"properties":{"key":"103","name":"CHEPALUNGU","class":"gazetted_forest","areaHa":1715,"observed":true}},{"type":"Feature","geometry":{"type":"Polygon","coordinates":[[[35.1555,-0.9019],[35.1731,-0.923],[35.139,-0.9202],[35.1294,-0.932],[35.1051,-0.9164],[35.1013,-0.8797],[35.1189,-0.87],[35.1555,-0.9019]]]},"properties":{"key":"104","name":"CHEPALUNGU","class":"gazetted_forest","areaHa":2934,"observed":true}},{"type":"Feature","geometry":{"type":"Polygon","coordinates":[[[36.5441,-0.9285],[36.5278,-0.9166],[36.5182,-0.8979],[36.5183,-0.88],[36.5556,-0.9213],[36.5441,-0.9285]]]},"properties":{"key":"105","name":"KIJABE HILL","class":"gazetted_forest","areaHa":736,"observed":true}},{"type":"Feature","geometry":{"type":"Polygon","coordinates":[[[36.6043,-0.9514],[36.6057,-0.9461],[36.6148,-0.956],[36.6043,-0.9514]]]},"properties":{"key":"106","name":"KINGATUA","class":"gazetted_forest","areaHa":62,"observed":true}},{"type":"Feature","geometry":{"type":"Polygon","coordinates":[[[36.6857,-1.0089],[36.685,-1.0266],[36.6561,-1.0179],[36.6548,-1.001],[36.6857,-1.0089]]]},"properties":{"key":"107","name":"NYAMWERU","class":"gazetted_forest","areaHa":800,"observed":true}},{"type":"Feature","geometry":{"type":"Polygon","coordinates":[[[36.6219,-1.0254],[36.6203,-1.027],[36.6235,-1.007],[36.6219,-1.0254]]]},"properties":{"key":"108","name":"KIKUYU ESCARPMENT","class":"gazetted_forest","areaHa":70,"observed":true}},{"type":"Feature","geometry":{"type":"Polygon","coordinates":[[[38.3583,-1.0493],[38.3539,-1.0597],[38.3289,-1.0521],[38.3282,-1.0814],[38.2854,-1.0358],[38.3096,-1.0176],[38.3583,-1.0493]]]},"properties":{"key":"109","name":"NUU","class":"gazetted_forest","areaHa":2520,"observed":true}},{"type":"Feature","geometry":{"type":"Polygon","coordinates":[[[36.6997,-1.046],[36.6839,-1.063],[36.6683,-1.0554],[36.6602,-1.0746],[36.6279,-1.0537],[36.6944,-1.0276],[36.6997,-1.046]]]},"properties":{"key":"110","name":"KIKUYU ESCARPMENT","class":"gazetted_forest","areaHa":1986,"observed":true}},{"type":"Feature","geometry":{"type":"Polygon","coordinates":[[[36.9889,2.5615],[36.9448,2.6039],[36.9045,2.6017],[36.8711,2.6415],[36.8606,2.7278],[36.8699,2.7768],[36.8513,2.8314],[36.9183,2.8828],[36.9966,2.8133],[37.0236,2.7458],[36.9889,2.5615]]]},"properties":{"key":"111","name":"MOUNT KULAL","class":"gazetted_forest","areaHa":45741,"observed":true}},{"type":"Feature","geometry":{"type":"Polygon","coordinates":[[[35.5563,1.091],[35.5695,1.03],[35.5497,0.9791],[35.5141,0.9438],[35.5147,0.9722],[35.4987,0.9761],[35.4953,0.9958],[35.4676,0.9998],[35.4742,1.0128],[35.4596,1.0099],[35.4763,1.02],[35.459,1.0723],[35.4678,1.0721],[35.4633,1.1178],[35.4741,1.1318],[35.4793,1.1108],[35.5149,1.1272],[35.5563,1.091]]]},"properties":{"key":"112","name":"KIPKUNURR","class":"gazetted_forest","areaHa":15822,"observed":true}},{"type":"Feature","geometry":{"type":"Polygon","coordinates":[[[38.6834,-1.0849],[38.72,-1.0824],[38.7291,-1.1045],[38.7079,-1.1121],[38.693,-1.1028],[38.6795,-1.1196],[38.6834,-1.0849]]]},"properties":{"key":"113","name":"EAST NGAMBA (GVT)","class":"gazetted_forest","areaHa":1200,"observed":true}},{"type":"Feature","geometry":{"type":"Polygon","coordinates":[[[38.6795,-1.1196],[38.6579,-1.1287],[38.6616,-1.0866],[38.6834,-1.0849],[38.6795,-1.1196]]]},"properties":{"key":"114","name":"NGAMBA (TRUST)","class":"gazetted_forest","areaHa":1136,"observed":true}},{"type":"Feature","geometry":{"type":"Polygon","coordinates":[[[36.8893,-1.1459],[36.8743,-1.1313],[36.8795,-1.128],[36.8941,-1.1377],[36.8893,-1.1459]]]},"properties":{"key":"115","name":"KAMITI","class":"gazetted_forest","areaHa":170,"observed":true}},{"type":"Feature","geometry":{"type":"Polygon","coordinates":[[[38.1514,-1.2367],[38.1541,-1.1819],[38.1748,-1.2528],[38.1654,-1.2913],[38.1514,-1.2367]]]},"properties":{"key":"116","name":"MUTITO","class":"gazetted_forest","areaHa":1966,"observed":true}},{"type":"Feature","geometry":{"type":"Polygon","coordinates":[[[36.864,-1.1906],[36.8603,-1.2037],[36.8517,-1.1874],[36.864,-1.1906]]]},"properties":{"key":"117","name":"KIAMBU","class":"gazetted_forest","areaHa":149,"observed":true}},{"type":"Feature","geometry":{"type":"Polygon","coordinates":[[[36.6514,-1.2177],[36.6459,-1.2259],[36.6313,-1.2119],[36.6458,-1.2072],[36.6514,-1.2177]]]},"properties":{"key":"118","name":"MUGUGU","class":"gazetted_forest","areaHa":224,"observed":true}},{"type":"Feature","geometry":{"type":"Polygon","coordinates":[[[38.601,-1.2857],[38.5539,-1.3045],[38.5315,-1.3074],[38.5183,-1.2897],[38.5247,-1.254],[38.5532,-1.2085],[38.6105,-1.2472],[38.6156,-1.2651],[38.601,-1.2857]]]},"properties":{"key":"119","name":"ENDAU","class":"gazetted_forest","areaHa":6884,"observed":true}},{"type":"Feature","geometry":{"type":"Polygon","coordinates":[[[36.8444,-1.2542],[36.8168,-1.2485],[36.8164,-1.2234],[36.844,-1.2315],[36.8444,-1.2542]]]},"properties":{"key":"120","name":"KARURA","class":"gazetted_forest","areaHa":712,"observed":true}},{"type":"Feature","geometry":{"type":"Polygon","coordinates":[[[38.0231,-1.2338],[38.0257,-1.228],[38.0287,-1.2331],[38.0231,-1.2338]]]},"properties":{"key":"121","name":"KYAWEA","class":"gazetted_forest","areaHa":61,"observed":true}},{"type":"Feature","geometry":{"type":"Polygon","coordinates":[[[36.8451,-1.2448],[36.8444,-1.2422],[36.8437,-1.2346],[36.8451,-1.2448]]]},"properties":{"key":"122","name":"KARURA","class":"gazetted_forest","areaHa":2,"observed":true}},{"type":"Feature","geometry":{"type":"Polygon","coordinates":[[[35.4501,1.0608],[35.4567,1.0448],[35.4387,1.0283],[35.4218,1.0365],[35.4304,1.0479],[35.4199,1.0621],[35.4501,1.0608]]]},"properties":{"key":"123","name":"KAISUNGOR","class":"gazetted_forest","areaHa":1084,"observed":true}},{"type":"Feature","geometry":{"type":"Polygon","coordinates":[[[36.8148,-1.2455],[36.8103,-1.2537],[36.7931,-1.2441],[36.801,-1.2361],[36.8148,-1.2455]]]},"properties":{"key":"124","name":"KARURA","class":"gazetted_forest","areaHa":251,"observed":true}},{"type":"Feature","geometry":{"type":"Polygon","coordinates":[[[36.8443,-1.2435],[36.8441,-1.2423],[36.8443,-1.2435],[36.8443,-1.2435]]]},"properties":{"key":"125","name":"KARURA","class":"gazetted_forest","areaHa":0,"observed":true}},{"type":"Feature","geometry":{"type":"Polygon","coordinates":[[[36.8443,-1.2435],[36.8441,-1.2423],[36.8443,-1.2435],[36.8443,-1.2435]]]},"properties":{"key":"126","name":"KARURA","class":"gazetted_forest","areaHa":0,"observed":true}},{"type":"Feature","geometry":{"type":"Polygon","coordinates":[[[36.8524,-1.2514],[36.8455,-1.2463],[36.8494,-1.2485],[36.8612,-1.246],[36.8524,-1.2514]]]},"properties":{"key":"127","name":"KARURA","class":"gazetted_forest","areaHa":76,"observed":true}},{"type":"Feature","geometry":{"type":"Polygon","coordinates":[[[36.8032,-1.279],[36.7962,-1.2777],[36.7969,-1.2763],[36.8032,-1.279]]]},"properties":{"key":"128","name":"NAIROBI ARBORETUM","class":"gazetted_forest","areaHa":29,"observed":true}},{"type":"Feature","geometry":{"type":"Polygon","coordinates":[[[36.6404,-1.2995],[36.6553,-1.286],[36.6863,-1.2879],[36.6625,-1.3065],[36.6404,-1.2995]]]},"properties":{"key":"129","name":"DAGORETTI","class":"gazetted_forest","areaHa":770,"observed":true}},{"type":"Feature","geometry":{"type":"Polygon","coordinates":[[[36.7506,-1.3193],[36.7469,-1.305],[36.7682,-1.3105],[36.7806,-1.3296],[36.7341,-1.3252],[36.7219,-1.3169],[36.7301,-1.3092],[36.7085,-1.3057],[36.7264,-1.304],[36.7506,-1.3193]]]},"properties":{"key":"130","name":"NGONG ROAD","class":"gazetted_forest","areaHa":1025,"observed":true}},{"type":"Feature","geometry":{"type":"Polygon","coordinates":[[[36.6604,-1.3036],[36.6625,-1.3065],[36.6479,-1.3374],[36.6374,-1.3359],[36.6404,-1.2995],[36.6604,-1.3036]]]},"properties":{"key":"131","name":"EMBAKASI","class":"gazetted_forest","areaHa":589,"observed":true}},{"type":"Feature","geometry":{"type":"Polygon","coordinates":[[[36.7479,-1.3095],[36.7441,-1.306],[36.7466,-1.3051],[36.7479,-1.3095]]]},"properties":{"key":"132","name":"NGONG ROAD","class":"gazetted_forest","areaHa":9,"observed":true}},{"type":"Feature","geometry":{"type":"Polygon","coordinates":[[[38.0746,-1.3396],[38.0726,-1.3413],[38.0704,-1.3244],[38.0746,-1.3396]]]},"properties":{"key":"133","name":"MUSEVE","class":"gazetted_forest","areaHa":54,"observed":true}},{"type":"Feature","geometry":{"type":"Polygon","coordinates":[[[35.0022,1.0273],[34.9984,1.031],[35.011,1.0415],[35.0022,1.0273]]]},"properties":{"key":"134","name":"KITALE TOWNSHIP","class":"gazetted_forest","areaHa":135,"observed":true}},{"type":"Feature","geometry":{"type":"Polygon","coordinates":[[[38.0555,-1.3409],[38.0488,-1.3415],[38.0566,-1.3365],[38.0555,-1.3409]]]},"properties":{"key":"135","name":"KABONGE","class":"gazetted_forest","areaHa":29,"observed":true}},{"type":"Feature","geometry":{"type":"Polygon","coordinates":[[[36.6556,-1.4038],[36.6652,-1.443],[36.6539,-1.4639],[36.6257,-1.4281],[36.6244,-1.352],[36.6556,-1.4038]]]},"properties":{"key":"136","name":"NGONG HILLS","class":"gazetted_forest","areaHa":3068,"observed":true}},{"type":"Feature","geometry":{"type":"Polygon","coordinates":[[[38.3794,-1.3968],[38.3585,-1.4362],[38.3182,-1.4003],[38.3461,-1.3813],[38.3794,-1.3968]]]},"properties":{"key":"137","name":"MAKONGO","class":"gazetted_forest","areaHa":2436,"observed":true}},{"type":"Feature","geometry":{"type":"Polygon","coordinates":[[[38.1245,-1.4821],[38.1276,-1.5027],[38.1078,-1.4748],[38.1153,-1.4615],[38.1245,-1.4821]]]},"properties":{"key":"138","name":"MUTILUNI","class":"gazetted_forest","areaHa":565,"observed":true}},{"type":"Feature","geometry":{"type":"Polygon","coordinates":[[[37.3993,-1.5312],[37.4196,-1.5505],[37.3773,-1.5266],[37.3993,-1.5312]]]},"properties":{"key":"139","name":"TULIMANI","class":"gazetted_forest","areaHa":327,"observed":true}},{"type":"Feature","geometry":{"type":"Polygon","coordinates":[[[37.5535,-1.5487],[37.56,-1.5403],[37.5594,-1.5425],[37.5535,-1.5487]]]},"properties":{"key":"140","name":"KITETA","class":"gazetted_forest","areaHa":24,"observed":true}},{"type":"Feature","geometry":{"type":"Polygon","coordinates":[[[37.5506,-1.5436],[37.5524,-1.5413],[37.5535,-1.5429],[37.5506,-1.5436]]]},"properties":{"key":"141","name":"KITETA","class":"gazetted_forest","areaHa":4,"observed":true}},{"type":"Feature","geometry":{"type":"Polygon","coordinates":[[[35.926,-1.6289],[35.9601,-1.5971],[35.9646,-1.6101],[35.9371,-1.6449],[35.9347,-1.6979],[35.9543,-1.7164],[35.9868,-1.7007],[35.9991,-1.7126],[35.9995,-1.7955],[35.9706,-1.8154],[35.9633,-1.8407],[35.9939,-1.838],[36.0032,-1.8488],[35.9713,-1.8673],[35.9803,-1.8973],[35.9531,-1.9124],[35.9283,-2.0166],[35.9051,-1.9786],[35.9372,-1.9449],[35.9145,-1.9349],[35.8979,-1.9456],[35.9059,-1.9657],[35.8702,-1.9653],[35.8872,-1.9342],[35.8625,-1.9507],[35.8632,-1.9381],[35.8468,-1.9387],[35.8601,-1.93],[35.8471,-1.9174],[35.8629,-1.892],[35.8516,-1.8693],[35.8689,-1.8746],[35.8695,-1.8655],[35.8482,-1.8398],[35.8474,-1.8159],[35.8698,-1.8118],[35.863,-1.8378],[35.8772,-1.8422],[35.8812,-1.823],[35.9023,-1.8103],[35.8978,-1.8601],[35.9136,-1.8148],[35.8945,-1.7922],[35.89,-1.7413],[35.8596,-1.7425],[35.8506,-1.7719],[35.8371,-1.7606],[35.8406,-1.7401],[35.8276,-1.7339],[35.8404,-1.7222],[35.8713,-1.7232],[35.8549,-1.677],[35.869,-1.6453],[35.8665,-1.5896],[35.8846,-1.5522],[35.8765,-1.6182],[35.9003,-1.7131],[35.926,-1.6289]]]},"properties":{"key":"142","name":"LOITA","class":"gazetted_forest","areaHa":41297,"observed":true}},{"type":"Feature","geometry":{"type":"Polygon","coordinates":[[[37.4935,-1.5949],[37.4955,-1.5862],[37.5069,-1.5876],[37.4935,-1.5949]]]},"properties":{"key":"143","name":"UTUNENE","class":"gazetted_forest","areaHa":174,"observed":true}},{"type":"Feature","geometry":{"type":"Polygon","coordinates":[[[34.4888,0.978],[34.4974,0.9637],[34.5005,1.0165],[34.5151,1.0311],[34.525,1.009],[34.5411,1.0163],[34.5459,0.9794],[34.5699,0.9824],[34.5713,1.0009],[34.5958,1.0211],[34.6239,0.9992],[34.6151,1.0186],[34.6345,1.0325],[34.6648,1.007],[34.6503,1.0347],[34.7211,1.0128],[34.7353,1.0298],[34.8142,0.9929],[34.8006,0.986],[34.8072,0.9594],[34.794,0.9473],[34.7802,0.9602],[34.7506,0.9606],[34.719,0.8948],[34.7234,0.8699],[34.6797,0.8499],[34.6664,0.8615],[34.6589,0.8469],[34.5851,0.8194],[34.5737,0.8529],[34.6137,0.8646],[34.6034,0.8988],[34.5471,0.8794],[34.5625,0.8459],[34.541,0.826],[34.4741,0.838],[34.4471,0.8724],[34.4888,0.978]]]},"properties":{"key":"144","name":"MOUNT ELGON","class":"gazetted_forest","areaHa":56356,"observed":true}},{"type":"Feature","geometry":{"type":"Polygon","coordinates":[[[37.4778,-1.595],[37.4752,-1.6095],[37.4745,-1.5993],[37.4778,-1.595]]]},"properties":{"key":"145","name":"MBOONI NORTH","class":"gazetted_forest","areaHa":40,"observed":true}},{"type":"Feature","geometry":{"type":"Polygon","coordinates":[[[37.5926,-1.6092],[37.5997,-1.5965],[37.6081,-1.6152],[37.5926,-1.6092]]]},"properties":{"key":"146","name":"WAIYA","class":"gazetted_forest","areaHa":299,"observed":true}},{"type":"Feature","geometry":{"type":"Polygon","coordinates":[[[37.545,-1.6152],[37.5314,-1.6067],[37.5387,-1.5994],[37.545,-1.6152]]]},"properties":{"key":"147","name":"KALIMANI","class":"gazetted_forest","areaHa":191,"observed":true}},{"type":"Feature","geometry":{"type":"Polygon","coordinates":[[[37.4258,-1.6208],[37.4225,-1.6168],[37.4313,-1.6165],[37.4258,-1.6208]]]},"properties":{"key":"148","name":"KITOO","class":"gazetted_forest","areaHa":37,"observed":true}},{"type":"Feature","geometry":{"type":"Polygon","coordinates":[[[37.4452,-1.6416],[37.4358,-1.6471],[37.4108,-1.6412],[37.409,-1.6327],[37.4399,-1.6419],[37.4513,-1.6166],[37.4452,-1.6416]]]},"properties":{"key":"149","name":"MBOONI SOUTH","class":"gazetted_forest","areaHa":206,"observed":true}},{"type":"Feature","geometry":{"type":"Polygon","coordinates":[[[37.5727,-1.6408],[37.5689,-1.6323],[37.5822,-1.6279],[37.5861,-1.6398],[37.5727,-1.6408]]]},"properties":{"key":"150","name":"KITHENDU","class":"gazetted_forest","areaHa":247,"observed":true}},{"type":"Feature","geometry":{"type":"Polygon","coordinates":[[[37.5155,-1.6468],[37.52,-1.6397],[37.534,-1.6549],[37.521,-1.7014],[37.5257,-1.7366],[37.5166,-1.7189],[37.5155,-1.6468]]]},"properties":{"key":"151","name":"KATENDE","class":"gazetted_forest","areaHa":929,"observed":true}},{"type":"Feature","geometry":{"type":"Polygon","coordinates":[[[37.5544,-1.7294],[37.5615,-1.6499],[37.5736,-1.6906],[37.5544,-1.7294]]]},"properties":{"key":"152","name":"KITONDU","class":"gazetted_forest","areaHa":1088,"observed":true}},{"type":"Feature","geometry":{"type":"Polygon","coordinates":[[[41.4618,-1.7441],[41.3668,-1.7112],[41.3146,-1.7202],[41.3037,-1.685],[41.5514,-1.664],[41.4618,-1.7441]]]},"properties":{"key":"153","name":"LUNGI","class":"gazetted_forest","areaHa":13047,"observed":true}},{"type":"Feature","geometry":{"type":"Polygon","coordinates":[[[37.2884,-1.6981],[37.2807,-1.6694],[37.286,-1.672],[37.2884,-1.6981]]]},"properties":{"key":"154","name":"MOMANDU","class":"gazetted_forest","areaHa":143,"observed":true}},{"type":"Feature","geometry":{"type":"Polygon","coordinates":[[[34.9362,0.9708],[34.9115,0.9522],[34.9142,0.9719],[34.8939,1.0026],[34.9199,1.0293],[34.9362,0.9708]]]},"properties":{"key":"155","name":"KITALALE","class":"gazetted_forest","areaHa":2061,"observed":true}},{"type":"Feature","geometry":{"type":"Polygon","coordinates":[[[37.4962,-1.6768],[37.4991,-1.6706],[37.5057,-1.6731],[37.4962,-1.6768]]]},"properties":{"key":"156","name":"MATAA","class":"gazetted_forest","areaHa":47,"observed":true}},{"type":"Feature","geometry":{"type":"Polygon","coordinates":[[[37.4303,-1.6849],[37.4187,-1.6798],[37.4199,-1.6767],[37.4303,-1.6849]]]},"properties":{"key":"157","name":"KIU (NGUNGU)","class":"gazetted_forest","areaHa":83,"observed":true}},{"type":"Feature","geometry":{"type":"Polygon","coordinates":[[[37.3265,-1.683],[37.3453,-1.7159],[37.3304,-1.6984],[37.3265,-1.683]]]},"properties":{"key":"158","name":"KILUNGU","class":"gazetted_forest","areaHa":145,"observed":true}},{"type":"Feature","geometry":{"type":"Polygon","coordinates":[[[37.6079,-1.7352],[37.6108,-1.7142],[37.6107,-1.7459],[37.5905,-1.7285],[37.5883,-1.6887],[37.605,-1.7094],[37.59,-1.7155],[37.6079,-1.7352]]]},"properties":{"key":"159","name":"NTHANGU","class":"gazetted_forest","areaHa":841,"observed":true}},{"type":"Feature","geometry":{"type":"Polygon","coordinates":[[[41.0498,-1.7923],[40.9833,-1.7119],[41.2686,-1.6881],[41.2513,-1.7329],[41.0498,-1.7923]]]},"properties":{"key":"160","name":"LUNGI","class":"gazetted_forest","areaHa":19808,"observed":true}},{"type":"Feature","geometry":{"type":"Polygon","coordinates":[[[37.4384,-1.7013],[37.4353,-1.6931],[37.4409,-1.6932],[37.4384,-1.7013]]]},"properties":{"key":"161","name":"IKILISA","class":"gazetted_forest","areaHa":79,"observed":true}},{"type":"Feature","geometry":{"type":"Polygon","coordinates":[[[37.5439,-1.7279],[37.5394,-1.7249],[37.5449,-1.7104],[37.5439,-1.7279]]]},"properties":{"key":"162","name":"KYAI","class":"gazetted_forest","areaHa":108,"observed":true}},{"type":"Feature","geometry":{"type":"Polygon","coordinates":[[[37.4555,-1.721],[37.4542,-1.7231],[37.4489,-1.7191],[37.4555,-1.721]]]},"properties":{"key":"163","name":"UTANGWA","class":"gazetted_forest","areaHa":56,"observed":true}},{"type":"Feature","geometry":{"type":"Polygon","coordinates":[[[37.4074,-1.723],[37.404,-1.7139],[37.4107,-1.7122],[37.4196,-1.7166],[37.4074,-1.723]]]},"properties":{"key":"164","name":"MAKONGO","class":"gazetted_forest","areaHa":168,"observed":true}},{"type":"Feature","geometry":{"type":"Polygon","coordinates":[[[37.5154,-1.7522],[37.5069,-1.7589],[37.4963,-1.739],[37.5166,-1.7188],[37.5154,-1.7522]]]},"properties":{"key":"165","name":"MUTULA","class":"gazetted_forest","areaHa":576,"observed":true}},{"type":"Feature","geometry":{"type":"Polygon","coordinates":[[[35.4588,1.0076],[35.4478,1.003],[35.4579,0.9965],[35.4401,0.9956],[35.4341,0.9792],[35.4555,0.9901],[35.4564,0.9413],[35.4354,0.945],[35.4381,0.9546],[35.4209,0.9372],[35.4176,0.951],[35.4348,0.9594],[35.44,0.9729],[35.4226,0.9577],[35.4167,0.9891],[35.4127,0.9711],[35.3971,0.9873],[35.3872,0.9807],[35.3729,1.0128],[35.3919,1.0158],[35.39,1.0086],[35.3949,1.0005],[35.4239,1.0232],[35.428,0.995],[35.4553,1.0225],[35.4588,1.0076]]]},"properties":{"key":"166","name":"CHEMUROKOI","class":"gazetted_forest","areaHa":3961,"observed":true}},{"type":"Feature","geometry":{"type":"Polygon","coordinates":[[[37.5166,-1.7188],[37.5166,-1.7188],[37.5166,-1.7189],[37.5166,-1.7188]]]},"properties":{"key":"167","name":"KATENDE","class":"gazetted_forest","areaHa":0,"observed":true}},{"type":"Feature","geometry":{"type":"Polygon","coordinates":[[[40.7758,-1.8476],[40.7448,-1.7918],[40.9123,-1.7191],[40.9015,-1.7752],[40.7758,-1.8476]]]},"properties":{"key":"168","name":"BONI","class":"gazetted_forest","areaHa":11486,"observed":true}},{"type":"Feature","geometry":{"type":"Polygon","coordinates":[[[37.3024,-1.7294],[37.3069,-1.7237],[37.3088,-1.7268],[37.3024,-1.7294]]]},"properties":{"key":"169","name":"KITUMBUUNI","class":"gazetted_forest","areaHa":73,"observed":true}},{"type":"Feature","geometry":{"type":"Polygon","coordinates":[[[37.5421,-1.7666],[37.5335,-1.7658],[37.5395,-1.7512],[37.5421,-1.7666]]]},"properties":{"key":"170","name":"KILALA","class":"gazetted_forest","areaHa":160,"observed":true}},{"type":"Feature","geometry":{"type":"Polygon","coordinates":[[[37.3486,-1.7845],[37.3269,-1.7822],[37.3382,-1.7744],[37.3486,-1.7845]]]},"properties":{"key":"171","name":"KENZE","class":"gazetted_forest","areaHa":188,"observed":true}},{"type":"Feature","geometry":{"type":"Polygon","coordinates":[[[37.2796,-1.7837],[37.2785,-1.7794],[37.2826,-1.7803],[37.2796,-1.7837]]]},"properties":{"key":"172","name":"NDATAI","class":"gazetted_forest","areaHa":15,"observed":true}},{"type":"Feature","geometry":{"type":"Polygon","coordinates":[[[37.3771,-1.7947],[37.3646,-1.7908],[37.3847,-1.7842],[37.3771,-1.7947]]]},"properties":{"key":"173","name":"NDULUNI KALANI","class":"gazetted_forest","areaHa":105,"observed":true}},{"type":"Feature","geometry":{"type":"Polygon","coordinates":[[[37.38,-1.8021],[37.385,-1.8026],[37.377,-1.8056],[37.38,-1.8021]]]},"properties":{"key":"174","name":"KIOO","class":"gazetted_forest","areaHa":44,"observed":true}},{"type":"Feature","geometry":{"type":"Polygon","coordinates":[[[37.52,-1.8318],[37.5011,-1.8411],[37.4632,-1.8117],[37.4756,-1.8046],[37.499,-1.8169],[37.5047,-1.8008],[37.521,-1.816],[37.52,-1.8318]]]},"properties":{"key":"175","name":"MAKULI NGUUTA","class":"gazetted_forest","areaHa":1668,"observed":true}},{"type":"Feature","geometry":{"type":"Polygon","coordinates":[[[37.2942,-1.8046],[37.2991,-1.8118],[37.2923,-1.8072],[37.2942,-1.8046]]]},"properties":{"key":"176","name":"KIONGWANI","class":"gazetted_forest","areaHa":37,"observed":true}},{"type":"Feature","geometry":{"type":"Polygon","coordinates":[[[35.0102,1.0188],[35.0058,1.0213],[35.019,1.0288],[35.0102,1.0188]]]},"properties":{"key":"177","name":"KITALE TOWNSHIP","class":"gazetted_forest","areaHa":93,"observed":true}},{"type":"Feature","geometry":{"type":"Polygon","coordinates":[[[41.4005,-1.8749],[41.398,-1.8731],[41.4362,-1.8353],[41.4005,-1.8749]]]},"properties":{"key":"178","name":"LAMU MANGROVES","class":"gazetted_forest","areaHa":182,"observed":true}},{"type":"Feature","geometry":{"type":"Polygon","coordinates":[[[37.5533,-1.881],[37.5483,-1.9243],[37.5317,-1.8903],[37.5484,-1.8576],[37.542,-1.886],[37.5533,-1.881]]]},"properties":{"key":"179","name":"NZAUI","class":"gazetted_forest","areaHa":996,"observed":true}},{"type":"Feature","geometry":{"type":"Polygon","coordinates":[[[41.2368,-1.9149],[41.2366,-1.9052],[41.2372,-1.9052],[41.2368,-1.9149]]]},"properties":{"key":"180","name":"LAMU MANGROVES","class":"gazetted_forest","areaHa":26,"observed":true}},{"type":"Feature","geometry":{"type":"Polygon","coordinates":[[[41.2335,-1.9053],[41.2335,-1.9053],[41.2321,-1.9053],[41.2335,-1.9053]]]},"properties":{"key":"181","name":"LAMU MANGROVES","class":"gazetted_forest","areaHa":0,"observed":true}},{"type":"Feature","geometry":{"type":"Polygon","coordinates":[[[41.227,-1.9053],[41.2281,-1.9053],[41.2261,-1.9068],[41.227,-1.9053]]]},"properties":{"key":"182","name":"LAMU MANGROVES","class":"gazetted_forest","areaHa":2,"observed":true}},{"type":"Feature","geometry":{"type":"Polygon","coordinates":[[[41.2239,-1.9088],[41.2237,-1.9096],[41.223,-1.9098],[41.2239,-1.9088]]]},"properties":{"key":"183","name":"LAMU MANGROVES","class":"gazetted_forest","areaHa":0,"observed":true}},{"type":"Feature","geometry":{"type":"Polygon","coordinates":[[[41.2376,-1.9197],[41.2413,-1.9114],[41.2417,-1.912],[41.2376,-1.9197]]]},"properties":{"key":"184","name":"LAMU MANGROVES","class":"gazetted_forest","areaHa":17,"observed":true}},{"type":"Feature","geometry":{"type":"Polygon","coordinates":[[[41.221,-1.9121],[41.2207,-1.9131],[41.2201,-1.9131],[41.221,-1.9121]]]},"properties":{"key":"185","name":"LAMU MANGROVES","class":"gazetted_forest","areaHa":0,"observed":true}},{"type":"Feature","geometry":{"type":"Polygon","coordinates":[[[41.2501,-1.9409],[41.2485,-1.9555],[41.2367,-1.9527],[41.2456,-1.9348],[41.2654,-1.9421],[41.2501,-1.9409]]]},"properties":{"key":"186","name":"LAMU MANGROVES","class":"gazetted_forest","areaHa":303,"observed":true}},{"type":"Feature","geometry":{"type":"Polygon","coordinates":[[[40.8457,-1.9471],[40.8448,-1.9458],[40.8462,-1.9458],[40.8457,-1.9471]]]},"properties":{"key":"187","name":"LAMU MANGROVES","class":"gazetted_forest","areaHa":3,"observed":true}},{"type":"Feature","geometry":{"type":"Polygon","coordinates":[[[35.0247,1.0075],[35.0111,1.0073],[35.0114,1.0108],[35.0235,1.0171],[35.0247,1.0075]]]},"properties":{"key":"188","name":"KITALE TOWNSHIP","class":"gazetted_forest","areaHa":113,"observed":true}},{"type":"Feature","geometry":{"type":"Polygon","coordinates":[[[40.8383,-1.9515],[40.8403,-1.949],[40.8454,-1.9578],[40.8383,-1.9515]]]},"properties":{"key":"189","name":"LAMU MANGROVES","class":"gazetted_forest","areaHa":57,"observed":true}},{"type":"Feature","geometry":{"type":"Polygon","coordinates":[[[40.8146,-1.9779],[40.8458,-1.9827],[40.8738,-2.0079],[40.808,-1.9856],[40.7799,-1.9495],[40.8146,-1.9779]]]},"properties":{"key":"190","name":"LAMU MANGROVES","class":"gazetted_forest","areaHa":1393,"observed":true}},{"type":"Feature","geometry":{"type":"Polygon","coordinates":[[[41.2773,-1.9852],[41.2819,-1.9515],[41.2947,-1.9571],[41.2773,-1.9852]]]},"properties":{"key":"191","name":"LAMU MANGROVES","class":"gazetted_forest","areaHa":471,"observed":true}},{"type":"Feature","geometry":{"type":"Polygon","coordinates":[[[40.8552,-1.9703],[40.8519,-1.9532],[40.8598,-1.9661],[40.8552,-1.9703]]]},"properties":{"key":"192","name":"LAMU MANGROVES","class":"gazetted_forest","areaHa":88,"observed":true}},{"type":"Feature","geometry":{"type":"Polygon","coordinates":[[[37.4773,-1.9792],[37.4669,-1.9895],[37.4635,-1.9767],[37.4721,-1.9758],[37.4773,-1.9792]],[[37.4695,-1.9773],[37.4677,-1.9772],[37.468,-1.9794],[37.4695,-1.9773]]]},"properties":{"key":"193","name":"KYEMUNDU","class":"gazetted_forest","areaHa":146,"observed":true}},{"type":"Feature","geometry":{"type":"Polygon","coordinates":[[[40.8799,-1.9906],[40.8773,-1.9766],[40.8846,-1.9773],[40.8914,-1.9922],[40.8799,-1.9906]]]},"properties":{"key":"194","name":"LAMU MANGROVES","class":"gazetted_forest","areaHa":222,"observed":true}},{"type":"Feature","geometry":{"type":"Polygon","coordinates":[[[41.2716,-2.0127],[41.2661,-2.0117],[41.2862,-1.9864],[41.2716,-2.0127]]]},"properties":{"key":"195","name":"LAMU MANGROVES","class":"gazetted_forest","areaHa":184,"observed":true}},{"type":"Feature","geometry":{"type":"Polygon","coordinates":[[[41.1799,-2.0155],[41.1633,-2.0113],[41.1891,-2.0028],[41.1799,-2.0155]]]},"properties":{"key":"196","name":"LAMU MANGROVES","class":"gazetted_forest","areaHa":230,"observed":true}},{"type":"Feature","geometry":{"type":"Polygon","coordinates":[[[40.9011,-2.0315],[40.843,-2.0297],[40.8682,-2.0159],[40.8926,-2.015],[40.9011,-2.0315]]]},"properties":{"key":"197","name":"LAMU MANGROVES","class":"gazetted_forest","areaHa":883,"observed":true}},{"type":"Feature","geometry":{"type":"Polygon","coordinates":[[[41.188,-2.0278],[41.1872,-2.0288],[41.1857,-2.0284],[41.188,-2.0278]]]},"properties":{"key":"198","name":"LAMU MANGROVES","class":"gazetted_forest","areaHa":1,"observed":true}},{"type":"Feature","geometry":{"type":"Polygon","coordinates":[[[35.4345,1.0058],[35.4252,1.0022],[35.4275,1.013],[35.4345,1.0058]]]},"properties":{"key":"199","name":"TOROPKET","class":"gazetted_forest","areaHa":119,"observed":true}},{"type":"Feature","geometry":{"type":"Polygon","coordinates":[[[40.9602,-2.0483],[40.9597,-2.0455],[40.9633,-2.0499],[40.9602,-2.0483]]]},"properties":{"key":"200","name":"LAMU MANGROVES","class":"gazetted_forest","areaHa":9,"observed":true}},{"type":"Feature","geometry":{"type":"Polygon","coordinates":[[[40.9005,-2.0475],[40.902,-2.0471],[40.9009,-2.0481],[40.9005,-2.0475]]]},"properties":{"key":"201","name":"LAMU MANGROVES","class":"gazetted_forest","areaHa":2,"observed":true}},{"type":"Feature","geometry":{"type":"Polygon","coordinates":[[[40.887,-2.0551],[40.8881,-2.0542],[40.8948,-2.0624],[40.887,-2.0551]]]},"properties":{"key":"202","name":"LAMU MANGROVES","class":"gazetted_forest","areaHa":36,"observed":true}},{"type":"Feature","geometry":{"type":"Polygon","coordinates":[[[40.9028,-2.0928],[40.8566,-2.0885],[40.8983,-2.0751],[40.896,-2.0892],[40.9067,-2.0826],[40.914,-2.1051],[40.9028,-2.0928]]]},"properties":{"key":"203","name":"LAMU MANGROVES","class":"gazetted_forest","areaHa":925,"observed":true}},{"type":"Feature","geometry":{"type":"Polygon","coordinates":[[[41.1372,-2.1054],[41.1346,-2.1145],[41.1263,-2.1066],[41.1372,-2.1054]]]},"properties":{"key":"204","name":"LAMU MANGROVES","class":"gazetted_forest","areaHa":118,"observed":true}},{"type":"Feature","geometry":{"type":"Polygon","coordinates":[[[41.1519,-2.1119],[41.1551,-2.1119],[41.1553,-2.1149],[41.1519,-2.1119]]]},"properties":{"key":"205","name":"LAMU MANGROVES","class":"gazetted_forest","areaHa":16,"observed":true}},{"type":"Feature","geometry":{"type":"Polygon","coordinates":[[[41.1136,-2.1324],[41.1139,-2.1328],[41.1139,-2.1335],[41.1136,-2.1324]]]},"properties":{"key":"206","name":"LAMU MANGROVES","class":"gazetted_forest","areaHa":0,"observed":true}},{"type":"Feature","geometry":{"type":"Polygon","coordinates":[[[40.9874,-2.1355],[40.987,-2.1349],[40.9886,-2.1354],[40.9874,-2.1355]]]},"properties":{"key":"207","name":"LAMU MANGROVES","class":"gazetted_forest","areaHa":2,"observed":true}},{"type":"Feature","geometry":{"type":"Polygon","coordinates":[[[40.9807,-2.1567],[40.9791,-2.1561],[40.9829,-2.1452],[40.9896,-2.1517],[40.9807,-2.1567]]]},"properties":{"key":"208","name":"LAMU MANGROVES","class":"gazetted_forest","areaHa":90,"observed":true}},{"type":"Feature","geometry":{"type":"Polygon","coordinates":[[[40.9762,-2.1642],[40.972,-2.1593],[40.9807,-2.1591],[40.9762,-2.1642]]]},"properties":{"key":"209","name":"LAMU MANGROVES","class":"gazetted_forest","areaHa":57,"observed":true}},{"type":"Feature","geometry":{"type":"Polygon","coordinates":[[[35.5136,0.9582],[35.4981,0.9337],[35.5057,0.8943],[35.4888,0.8964],[35.4982,0.9022],[35.4817,0.9209],[35.4815,0.9448],[35.4918,0.954],[35.4838,0.9583],[35.4835,0.9489],[35.4733,0.9616],[35.4822,0.9744],[35.4569,0.9787],[35.4628,1.0023],[35.5136,0.9582]]]},"properties":{"key":"210","name":"CHEBOIT","class":"gazetted_forest","areaHa":2516,"observed":true}},{"type":"Feature","geometry":{"type":"Polygon","coordinates":[[[40.8932,-2.2029],[40.8883,-2.2063],[40.8951,-2.1994],[40.8932,-2.2029]]]},"properties":{"key":"211","name":"LAMU MANGROVES","class":"gazetted_forest","areaHa":59,"observed":true}},{"type":"Feature","geometry":{"type":"Polygon","coordinates":[[[40.8803,-2.2144],[40.8829,-2.2178],[40.8813,-2.2182],[40.8803,-2.2144]]]},"properties":{"key":"212","name":"LAMU MANGROVES","class":"gazetted_forest","areaHa":10,"observed":true}},{"type":"Feature","geometry":{"type":"Polygon","coordinates":[[[40.7126,-2.2287],[40.7141,-2.2204],[40.7253,-2.235],[40.7276,-2.2492],[40.7126,-2.2287]]]},"properties":{"key":"213","name":"LAMU MANGROVES","class":"gazetted_forest","areaHa":204,"observed":true}},{"type":"Feature","geometry":{"type":"Polygon","coordinates":[[[40.7191,-2.2212],[40.7183,-2.2204],[40.7193,-2.2207],[40.7191,-2.2212]]]},"properties":{"key":"214","name":"LAMU MANGROVES","class":"gazetted_forest","areaHa":1,"observed":true}},{"type":"Feature","geometry":{"type":"Polygon","coordinates":[[[40.7267,-2.2314],[40.7218,-2.2232],[40.729,-2.2304],[40.7267,-2.2314]]]},"properties":{"key":"215","name":"LAMU MANGROVES","class":"gazetted_forest","areaHa":19,"observed":true}},{"type":"Feature","geometry":{"type":"Polygon","coordinates":[[[40.878,-2.2239],[40.8784,-2.2239],[40.8788,-2.2257],[40.878,-2.2239]]]},"properties":{"key":"216","name":"LAMU MANGROVES","class":"gazetted_forest","areaHa":2,"observed":true}},{"type":"Feature","geometry":{"type":"Polygon","coordinates":[[[40.9121,-2.2276],[40.9034,-2.2286],[40.9047,-2.2263],[40.9121,-2.2276]]]},"properties":{"key":"217","name":"LAMU MANGROVES","class":"gazetted_forest","areaHa":13,"observed":true}},{"type":"Feature","geometry":{"type":"Polygon","coordinates":[[[40.8772,-2.229],[40.8776,-2.2294],[40.877,-2.23],[40.8772,-2.229]]]},"properties":{"key":"218","name":"LAMU MANGROVES","class":"gazetted_forest","areaHa":0,"observed":true}},{"type":"Feature","geometry":{"type":"Polygon","coordinates":[[[40.7328,-2.2403],[40.7307,-2.232],[40.7464,-2.2477],[40.7328,-2.2403]]]},"properties":{"key":"219","name":"LAMU MANGROVES","class":"gazetted_forest","areaHa":64,"observed":true}},{"type":"Feature","geometry":{"type":"Polygon","coordinates":[[[40.876,-2.2358],[40.8761,-2.2352],[40.8764,-2.2362],[40.876,-2.2358]]]},"properties":{"key":"220","name":"LAMU MANGROVES","class":"gazetted_forest","areaHa":1,"observed":true}},{"type":"Feature","geometry":{"type":"Polygon","coordinates":[[[37.9528,2.3134],[37.9712,2.3245],[38.0124,2.3228],[38.0368,2.3046],[38.04,2.2026],[37.9258,2.2234],[37.9017,2.2631],[37.9416,2.3266],[37.9528,2.3134]]]},"properties":{"key":"221","name":"MARSABIT","class":"gazetted_forest","areaHa":15708,"observed":true}},{"type":"Feature","geometry":{"type":"Polygon","coordinates":[[[35.565,0.9445],[35.5528,0.9264],[35.5599,0.9177],[35.5488,0.9142],[35.5557,0.9004],[35.5085,0.8888],[35.5163,0.9478],[35.5489,0.9794],[35.565,0.9445]]]},"properties":{"key":"222","name":"SOGOTIO","class":"gazetted_forest","areaHa":3540,"observed":true}},{"type":"Feature","geometry":{"type":"Polygon","coordinates":[[[40.986,-2.264],[40.9758,-2.2745],[40.9674,-2.2546],[40.9765,-2.2391],[40.986,-2.264]]]},"properties":{"key":"223","name":"LAMU MANGROVES","class":"gazetted_forest","areaHa":385,"observed":true}},{"type":"Feature","geometry":{"type":"Polygon","coordinates":[[[40.9505,-2.2784],[40.9471,-2.2785],[40.9437,-2.2569],[40.963,-2.2428],[40.9505,-2.2784]]]},"properties":{"key":"224","name":"LAMU MANGROVES","class":"gazetted_forest","areaHa":415,"observed":true}},{"type":"Feature","geometry":{"type":"Polygon","coordinates":[[[40.8829,-2.2675],[40.8513,-2.2756],[40.8153,-2.3131],[40.8217,-2.2827],[40.845,-2.2814],[40.8356,-2.2677],[40.8919,-2.2533],[40.8829,-2.2675]]]},"properties":{"key":"225","name":"LAMU MANGROVES","class":"gazetted_forest","areaHa":1372,"observed":true}},{"type":"Feature","geometry":{"type":"Polygon","coordinates":[[[40.7802,-2.2622],[40.7803,-2.2567],[40.7814,-2.2578],[40.7802,-2.2622]]]},"properties":{"key":"226","name":"LAMU MANGROVES","class":"gazetted_forest","areaHa":5,"observed":true}},{"type":"Feature","geometry":{"type":"Polygon","coordinates":[[[40.7162,-2.2797],[40.7143,-2.2747],[40.737,-2.2637],[40.7509,-2.276],[40.7162,-2.2797]]]},"properties":{"key":"227","name":"LAMU MANGROVES","class":"gazetted_forest","areaHa":408,"observed":true}},{"type":"Feature","geometry":{"type":"Polygon","coordinates":[[[40.7499,-2.2965],[40.7509,-2.2955],[40.7511,-2.2958],[40.7499,-2.2965]]]},"properties":{"key":"228","name":"LAMU MANGROVES","class":"gazetted_forest","areaHa":3,"observed":true}},{"type":"Feature","geometry":{"type":"Polygon","coordinates":[[[40.9461,-2.3102],[40.9224,-2.3194],[40.926,-2.2969],[40.9639,-2.2965],[40.9461,-2.3102]]]},"properties":{"key":"229","name":"LAMU MANGROVES","class":"gazetted_forest","areaHa":664,"observed":true}},{"type":"Feature","geometry":{"type":"Polygon","coordinates":[[[40.7161,-2.3227],[40.7084,-2.3126],[40.7536,-2.3168],[40.7601,-2.3323],[40.7161,-2.3227]]]},"properties":{"key":"230","name":"LAMU MANGROVES","class":"gazetted_forest","areaHa":623,"observed":true}},{"type":"Feature","geometry":{"type":"Polygon","coordinates":[[[40.7592,-2.3088],[40.7592,-2.3107],[40.7583,-2.3104],[40.7592,-2.3088]]]},"properties":{"key":"231","name":"LAMU MANGROVES","class":"gazetted_forest","areaHa":1,"observed":true}},{"type":"Feature","geometry":{"type":"Polygon","coordinates":[[[40.7636,-2.3403],[40.764,-2.3417],[40.7641,-2.3428],[40.7636,-2.3403]]]},"properties":{"key":"232","name":"LAMU MANGROVES","class":"gazetted_forest","areaHa":0,"observed":true}},{"type":"Feature","geometry":{"type":"Polygon","coordinates":[[[35.5655,0.8526],[35.5387,0.7944],[35.5489,0.7652],[35.5332,0.7066],[35.5122,0.685],[35.5247,0.7319],[35.5198,0.7623],[35.5027,0.7581],[35.4999,0.8182],[35.5188,0.8331],[35.5047,0.8334],[35.5101,0.8509],[35.5004,0.8593],[35.5126,0.8658],[35.5033,0.8716],[35.519,0.8786],[35.5063,0.8866],[35.5594,0.8967],[35.5655,0.8526]]]},"properties":{"key":"233","name":"KAPCHEMUTWA","class":"gazetted_forest","areaHa":8835,"observed":true}},{"type":"Feature","geometry":{"type":"Polygon","coordinates":[[[40.5372,-2.4012],[40.5008,-2.4003],[40.4773,-2.3994],[40.4644,-2.3748],[40.5063,-2.3412],[40.5374,-2.3559],[40.5372,-2.4012]]]},"properties":{"key":"234","name":"WITU","class":"gazetted_forest","areaHa":3984,"observed":true}},{"type":"Feature","geometry":{"type":"Polygon","coordinates":[[[40.7642,-2.3433],[40.7663,-2.347],[40.7652,-2.349],[40.7642,-2.3433]]]},"properties":{"key":"235","name":"LAMU MANGROVES","class":"gazetted_forest","areaHa":6,"observed":true}},{"type":"Feature","geometry":{"type":"Polygon","coordinates":[[[40.7839,-2.3994],[40.767,-2.4075],[40.7876,-2.3748],[40.7885,-2.3498],[40.8097,-2.3584],[40.7839,-2.3994]]]},"properties":{"key":"236","name":"LAMU MANGROVES","class":"gazetted_forest","areaHa":1030,"observed":true}},{"type":"Feature","geometry":{"type":"Polygon","coordinates":[[[40.7676,-2.3545],[40.7687,-2.3526],[40.774,-2.3557],[40.7676,-2.3545]]]},"properties":{"key":"237","name":"LAMU MANGROVES","class":"gazetted_forest","areaHa":33,"observed":true}},{"type":"Feature","geometry":{"type":"Polygon","coordinates":[[[40.7749,-2.3644],[40.7757,-2.3621],[40.7791,-2.3669],[40.7749,-2.3644]]]},"properties":{"key":"238","name":"LAMU MANGROVES","class":"gazetted_forest","areaHa":18,"observed":true}},{"type":"Feature","geometry":{"type":"Polygon","coordinates":[[[36.7648,-2.5352],[36.7257,-2.5024],[36.7639,-2.4131],[36.7887,-2.3954],[36.7978,-2.396],[36.8356,-2.5025],[36.8032,-2.5321],[36.7648,-2.5352]]]},"properties":{"key":"239","name":"NAMANGA HILL","class":"gazetted_forest","areaHa":11851,"observed":true}},{"type":"Feature","geometry":{"type":"Polygon","coordinates":[[[40.6077,-2.5612],[40.5803,-2.553],[40.5823,-2.5218],[40.5665,-2.5332],[40.5338,-2.496],[40.4751,-2.4724],[40.4367,-2.4318],[40.4547,-2.4238],[40.5236,-2.4801],[40.5405,-2.4755],[40.5586,-2.5026],[40.58,-2.5014],[40.6004,-2.5432],[40.6342,-2.5158],[40.6454,-2.4739],[40.677,-2.4805],[40.722,-2.4531],[40.7413,-2.456],[40.6077,-2.5612]]]},"properties":{"key":"240","name":"NORTH COAST MANGROVES","class":"gazetted_forest","areaHa":9207,"observed":true}},{"type":"Feature","geometry":{"type":"Polygon","coordinates":[[[40.5204,-2.5189],[40.5197,-2.5144],[40.5203,-2.5153],[40.5204,-2.5189]]]},"properties":{"key":"241","name":"NORTH COAST MANGROVES","class":"gazetted_forest","areaHa":2,"observed":true}},{"type":"Feature","geometry":{"type":"Polygon","coordinates":[[[40.4957,-2.5212],[40.5201,-2.5309],[40.49,-2.5346],[40.4566,-2.5424],[40.4957,-2.5212]]]},"properties":{"key":"242","name":"NORTH COAST MANGROVES","class":"gazetted_forest","areaHa":498,"observed":true}},{"type":"Feature","geometry":{"type":"Polygon","coordinates":[[[40.4492,-2.5389],[40.4637,-2.5362],[40.3956,-2.5664],[40.4301,-2.526],[40.4473,-2.5258],[40.4492,-2.5389]]]},"properties":{"key":"243","name":"NORTH COAST MANGROVES","class":"gazetted_forest","areaHa":1066,"observed":true}},{"type":"Feature","geometry":{"type":"Polygon","coordinates":[[[34.835,0.8462],[34.827,0.8782],[34.845,0.8845],[34.8554,0.8732],[34.8396,0.865],[34.8555,0.8565],[34.835,0.8462]]]},"properties":{"key":"244","name":"SEKHENDU","class":"gazetted_forest","areaHa":801,"observed":true}},{"type":"Feature","geometry":{"type":"Polygon","coordinates":[[[40.2005,-2.702],[40.2021,-2.7001],[40.2026,-2.7005],[40.2005,-2.702]]]},"properties":{"key":"245","name":"NORTH COAST MANGROVES","class":"gazetted_forest","areaHa":6,"observed":true}},{"type":"Feature","geometry":{"type":"Polygon","coordinates":[[[40.1811,-2.7081],[40.1867,-2.7038],[40.1915,-2.7096],[40.1818,-2.7163],[40.1811,-2.7081]]]},"properties":{"key":"246","name":"NORTH COAST MANGROVES","class":"gazetted_forest","areaHa":77,"observed":true}},{"type":"Feature","geometry":{"type":"Polygon","coordinates":[[[40.1921,-2.7155],[40.2021,-2.7054],[40.2026,-2.7164],[40.2002,-2.7318],[40.1921,-2.7155]]]},"properties":{"key":"247","name":"NORTH COAST MANGROVES","class":"gazetted_forest","areaHa":142,"observed":true}},{"type":"Feature","geometry":{"type":"Polygon","coordinates":[[[40.18,-2.7347],[40.1819,-2.7322],[40.1774,-2.7405],[40.18,-2.7347]]]},"properties":{"key":"248","name":"NORTH COAST MANGROVES","class":"gazetted_forest","areaHa":32,"observed":true}},{"type":"Feature","geometry":{"type":"Polygon","coordinates":[[[40.1679,-2.7466],[40.1726,-2.7445],[40.1723,-2.7543],[40.1679,-2.7466]]]},"properties":{"key":"249","name":"NORTH COAST MANGROVES","class":"gazetted_forest","areaHa":55,"observed":true}},{"type":"Feature","geometry":{"type":"Polygon","coordinates":[[[40.1554,-2.8902],[40.1542,-2.8933],[40.1517,-2.8932],[40.1554,-2.8902]]]},"properties":{"key":"250","name":"NORTH COAST MANGROVES","class":"gazetted_forest","areaHa":6,"observed":true}},{"type":"Feature","geometry":{"type":"Polygon","coordinates":[[[40.1442,-2.9106],[40.1452,-2.9037],[40.1506,-2.9199],[40.1603,-2.9181],[40.1522,-2.9414],[40.1442,-2.9106]]]},"properties":{"key":"251","name":"NORTH COAST MANGROVES","class":"gazetted_forest","areaHa":317,"observed":true}},{"type":"Feature","geometry":{"type":"Polygon","coordinates":[[[37.4692,-2.9309],[37.4678,-2.9177],[37.506,-2.9377],[37.5201,-2.96],[37.4692,-2.9309]]]},"properties":{"key":"252","name":"LOITOKITOK","class":"gazetted_forest","areaHa":687,"observed":true}},{"type":"Feature","geometry":{"type":"Polygon","coordinates":[[[37.5021,-2.9488],[37.5042,-2.9457],[37.5128,-2.9503],[37.5021,-2.9488]]]},"properties":{"key":"253","name":"PROPOSED EXCISION","class":"gazetted_forest","areaHa":49,"observed":true}},{"type":"Feature","geometry":{"type":"Polygon","coordinates":[[[40.1594,-3.0019],[40.1532,-3.0023],[40.1579,-2.9921],[40.1594,-3.0019]]]},"properties":{"key":"254","name":"NORTH COAST MANGROVES","class":"gazetted_forest","areaHa":51,"observed":true}},{"type":"Feature","geometry":{"type":"Polygon","coordinates":[[[35.0373,0.6984],[35.012,0.7246],[35.0128,0.7522],[35.0248,0.7416],[35.0628,0.7605],[35.0534,0.705],[35.0922,0.7028],[35.0922,0.6926],[35.1023,0.701],[35.1149,0.6843],[35.0692,0.6728],[35.0748,0.6289],[35.097,0.6354],[35.1098,0.6095],[35.0651,0.6085],[35.0357,0.6559],[35.0015,0.6562],[35.0015,0.6847],[35.0373,0.6984]],[[35.0448,0.6467],[35.0442,0.6436],[35.0476,0.6459],[35.0448,0.6467]],[[35.056,0.6339],[35.0555,0.6322],[35.0578,0.6317],[35.056,0.6339]]]},"properties":{"key":"255","name":"TURBO","class":"gazetted_forest","areaHa":9195,"observed":true}},{"type":"Feature","geometry":{"type":"Polygon","coordinates":[[[40.1681,-3.0233],[40.1724,-3.0197],[40.167,-3.0295],[40.1681,-3.0233]]]},"properties":{"key":"256","name":"NORTH COAST MANGROVES","class":"gazetted_forest","areaHa":17,"observed":true}},{"type":"Feature","geometry":{"type":"Polygon","coordinates":[[[40.1546,-3.0522],[40.1456,-3.0613],[40.1411,-3.0546],[40.1461,-3.029],[40.147,-3.0476],[40.1631,-3.0367],[40.1546,-3.0522]]]},"properties":{"key":"257","name":"NORTH COAST MANGROVES","class":"gazetted_forest","areaHa":263,"observed":true}},{"type":"Feature","geometry":{"type":"Polygon","coordinates":[[[39.9716,-3.3221],[39.9559,-3.2941],[39.9632,-3.3192],[39.9413,-3.3407],[39.9171,-3.3405],[39.8943,-3.3715],[39.8917,-3.3837],[39.9155,-3.3968],[39.8925,-3.4494],[39.8783,-3.4505],[39.8749,-3.5002],[39.8081,-3.5002],[39.8115,-3.3786],[39.7997,-3.3311],[39.8104,-3.2952],[39.8266,-3.2829],[39.8268,-3.2493],[39.8963,-3.2032],[39.9871,-3.2164],[39.9769,-3.2647],[40.0028,-3.2898],[39.9894,-3.3165],[39.9716,-3.3221]]]},"properties":{"key":"258","name":"ARABUKO SOKOKE","class":"gazetted_forest","areaHa":41494,"observed":true}},{"type":"Feature","geometry":{"type":"Polygon","coordinates":[[[38.3429,-3.3332],[38.3432,-3.3322],[38.3437,-3.3323],[38.3429,-3.3332]]]},"properties":{"key":"259","name":"FIGI","class":"gazetted_forest","areaHa":1,"observed":true}},{"type":"Feature","geometry":{"type":"Polygon","coordinates":[[[38.4015,-3.3408],[38.3994,-3.3542],[38.3913,-3.3483],[38.4015,-3.3408]]]},"properties":{"key":"260","name":"MNJONYI","class":"gazetted_forest","areaHa":130,"observed":true}},{"type":"Feature","geometry":{"type":"Polygon","coordinates":[[[38.3542,-3.3412],[38.3537,-3.3408],[38.3545,-3.3404],[38.3542,-3.3412]]]},"properties":{"key":"261","name":"NGOMENI","class":"gazetted_forest","areaHa":0,"observed":true}},{"type":"Feature","geometry":{"type":"Polygon","coordinates":[[[38.4297,-3.364],[38.4189,-3.3516],[38.4234,-3.3437],[38.4394,-3.3518],[38.4297,-3.364]]]},"properties":{"key":"262","name":"RONGE","class":"gazetted_forest","areaHa":314,"observed":true}},{"type":"Feature","geometry":{"type":"Polygon","coordinates":[[[38.378,-3.3556],[38.385,-3.3509],[38.3805,-3.3624],[38.378,-3.3556]]]},"properties":{"key":"263","name":"KINYESHA MVUA","class":"gazetted_forest","areaHa":57,"observed":true}},{"type":"Feature","geometry":{"type":"Polygon","coordinates":[[[38.3392,-3.3718],[38.3405,-3.3507],[38.3505,-3.3563],[38.3392,-3.3718]]]},"properties":{"key":"264","name":"NGANGAO","class":"gazetted_forest","areaHa":148,"observed":true}},{"type":"Feature","geometry":{"type":"Polygon","coordinates":[[[39.9848,-3.3785],[39.9757,-3.3876],[39.9728,-3.3756],[39.9848,-3.3785]]]},"properties":{"key":"265","name":"NORTH COAST MANGROVES","class":"gazetted_forest","areaHa":173,"observed":true}},{"type":"Feature","geometry":{"type":"Polygon","coordinates":[[[35.8195,0.7234],[35.814,0.7269],[35.8259,0.7298],[35.8195,0.7234]]]},"properties":{"key":"266","name":"KETNWAN","class":"gazetted_forest","areaHa":44,"observed":true}},{"type":"Feature","geometry":{"type":"Polygon","coordinates":[[[38.4186,-3.401],[38.3934,-3.4079],[38.4015,-3.3707],[38.4186,-3.401]]]},"properties":{"key":"267","name":"MWANDONGO","class":"gazetted_forest","areaHa":702,"observed":true}},{"type":"Feature","geometry":{"type":"Polygon","coordinates":[[[38.3437,-3.3715],[38.3443,-3.3724],[38.3416,-3.3737],[38.3437,-3.3715]]]},"properties":{"key":"268","name":"WENI MWANA","class":"gazetted_forest","areaHa":6,"observed":true}},{"type":"Feature","geometry":{"type":"Polygon","coordinates":[[[39.9369,-3.3759],[39.9428,-3.3745],[39.9437,-3.379],[39.9368,-3.3867],[39.9369,-3.3759]]]},"properties":{"key":"269","name":"NORTH COAST MANGROVES","class":"gazetted_forest","areaHa":72,"observed":true}},{"type":"Feature","geometry":{"type":"Polygon","coordinates":[[[39.9566,-3.4115],[39.9374,-3.3946],[39.946,-3.3796],[39.9602,-3.3891],[39.9566,-3.4115]]]},"properties":{"key":"270","name":"NORTH COAST MANGROVES","class":"gazetted_forest","areaHa":550,"observed":true}},{"type":"Feature","geometry":{"type":"Polygon","coordinates":[[[38.2818,-3.3913],[38.2828,-3.3898],[38.2882,-3.3907],[38.2818,-3.3913]]]},"properties":{"key":"271","name":"MWAGANINI","class":"gazetted_forest","areaHa":35,"observed":true}},{"type":"Feature","geometry":{"type":"Polygon","coordinates":[[[38.3407,-3.3924],[38.3401,-3.3923],[38.3414,-3.3912],[38.3407,-3.3924]]]},"properties":{"key":"272","name":"MTEGE","class":"gazetted_forest","areaHa":1,"observed":true}},{"type":"Feature","geometry":{"type":"Polygon","coordinates":[[[38.3736,-3.396],[38.3729,-3.3984],[38.3712,-3.3962],[38.3736,-3.396]]]},"properties":{"key":"273","name":"MODAGACHE","class":"gazetted_forest","areaHa":4,"observed":true}},{"type":"Feature","geometry":{"type":"Polygon","coordinates":[[[38.3307,-3.4046],[38.3279,-3.4028],[38.3298,-3.3984],[38.3307,-3.4046]]]},"properties":{"key":"274","name":"YALE","class":"gazetted_forest","areaHa":22,"observed":true}},{"type":"Feature","geometry":{"type":"Polygon","coordinates":[[[38.332,-3.4036],[38.3318,-3.4031],[38.3325,-3.4024],[38.332,-3.4036]]]},"properties":{"key":"275","name":"MWAKAMU A","class":"gazetted_forest","areaHa":1,"observed":true}},{"type":"Feature","geometry":{"type":"Polygon","coordinates":[[[38.3338,-3.4035],[38.334,-3.4029],[38.3349,-3.4033],[38.3338,-3.4035]]]},"properties":{"key":"276","name":"MWAKAMU B","class":"gazetted_forest","areaHa":1,"observed":true}},{"type":"Feature","geometry":{"type":"Polygon","coordinates":[[[35.8329,0.6505],[35.8347,0.7243],[35.8468,0.6695],[35.8329,0.6505]]]},"properties":{"key":"277","name":"SAIMO","class":"gazetted_forest","areaHa":724,"observed":true}},{"type":"Feature","geometry":{"type":"Polygon","coordinates":[[[38.3465,-3.4132],[38.3441,-3.4124],[38.3466,-3.4088],[38.3465,-3.4132]]]},"properties":{"key":"278","name":"MBILI","class":"gazetted_forest","areaHa":12,"observed":true}},{"type":"Feature","geometry":{"type":"Polygon","coordinates":[[[38.3724,-3.4123],[38.3716,-3.4123],[38.3726,-3.4099],[38.3724,-3.4123]]]},"properties":{"key":"279","name":"WENI MBOGO","class":"gazetted_forest","areaHa":3,"observed":true}},{"type":"Feature","geometry":{"type":"Polygon","coordinates":[[[38.3698,-3.4204],[38.3671,-3.4197],[38.3684,-3.4185],[38.3698,-3.4204]]]},"properties":{"key":"280","name":"MWACHORA","class":"gazetted_forest","areaHa":6,"observed":true}},{"type":"Feature","geometry":{"type":"Polygon","coordinates":[[[38.3713,-3.4197],[38.3715,-3.419],[38.3719,-3.4191],[38.3713,-3.4197]]]},"properties":{"key":"281","name":"MDENGU","class":"gazetted_forest","areaHa":1,"observed":true}},{"type":"Feature","geometry":{"type":"Polygon","coordinates":[[[38.3591,-3.4223],[38.3564,-3.424],[38.3578,-3.4201],[38.3591,-3.4223]]]},"properties":{"key":"282","name":"GOYE","class":"gazetted_forest","areaHa":10,"observed":true}},{"type":"Feature","geometry":{"type":"Polygon","coordinates":[[[38.3591,-3.4223],[38.3646,-3.4209],[38.3614,-3.4236],[38.3494,-3.4259],[38.3591,-3.4223]]]},"properties":{"key":"283","name":"MACHA","class":"gazetted_forest","areaHa":18,"observed":true}},{"type":"Feature","geometry":{"type":"Polygon","coordinates":[[[38.373,-3.4251],[38.3729,-3.4245],[38.3733,-3.4245],[38.373,-3.4251]]]},"properties":{"key":"284","name":"KULUNDU","class":"gazetted_forest","areaHa":0,"observed":true}},{"type":"Feature","geometry":{"type":"Polygon","coordinates":[[[38.3393,-3.4329],[38.3367,-3.4349],[38.3317,-3.4262],[38.3393,-3.4329]]]},"properties":{"key":"285","name":"FURURU","class":"gazetted_forest","areaHa":17,"observed":true}},{"type":"Feature","geometry":{"type":"Polygon","coordinates":[[[38.3171,-3.4341],[38.315,-3.4329],[38.3173,-3.43],[38.3171,-3.4341]]]},"properties":{"key":"286","name":"MCHUNGUNYI","class":"gazetted_forest","areaHa":8,"observed":true}},{"type":"Feature","geometry":{"type":"Polygon","coordinates":[[[38.3414,-3.4414],[38.3423,-3.4389],[38.3435,-3.4396],[38.3414,-3.4414]]]},"properties":{"key":"287","name":"NDIWENYI","class":"gazetted_forest","areaHa":5,"observed":true}},{"type":"Feature","geometry":{"type":"Polygon","coordinates":[[[34.9684,0.6637],[34.9624,0.686],[34.978,0.6895],[34.9746,0.7191],[35.0016,0.7111],[35.0015,0.6847],[34.9684,0.6637]]]},"properties":{"key":"288","name":"TURBO","class":"gazetted_forest","areaHa":1571,"observed":true}},{"type":"Feature","geometry":{"type":"Polygon","coordinates":[[[38.385,-3.4404],[38.3842,-3.4393],[38.3852,-3.4393],[38.385,-3.4404]]]},"properties":{"key":"289","name":"KILULUNYI","class":"gazetted_forest","areaHa":1,"observed":true}},{"type":"Feature","geometry":{"type":"Polygon","coordinates":[[[38.3342,-3.4478],[38.3342,-3.4448],[38.335,-3.4455],[38.3342,-3.4478]]]},"properties":{"key":"290","name":"SUSU","class":"gazetted_forest","areaHa":2,"observed":true}},{"type":"Feature","geometry":{"type":"Polygon","coordinates":[[[39.6085,-3.9767],[39.6092,-3.9767],[39.6089,-3.979],[39.6085,-3.9767]]]},"properties":{"key":"291","name":"SOUTH COAST MANGROVES","class":"gazetted_forest","areaHa":5,"observed":true}},{"type":"Feature","geometry":{"type":"Polygon","coordinates":[[[39.539,-4.0127],[39.529,-4.0171],[39.5259,-4.0049],[39.5435,-3.9841],[39.539,-4.0127]]]},"properties":{"key":"292","name":"MWACHI","class":"gazetted_forest","areaHa":379,"observed":true}},{"type":"Feature","geometry":{"type":"Polygon","coordinates":[[[39.6364,-4.0006],[39.6425,-4.028],[39.5939,-4.0096],[39.6022,-3.9878],[39.6364,-4.0006]]]},"properties":{"key":"293","name":"SOUTH COAST MANGROVES","class":"gazetted_forest","areaHa":1353,"observed":true}},{"type":"Feature","geometry":{"type":"Polygon","coordinates":[[[39.6612,-4.015],[39.6673,-4.0118],[39.6673,-4.0127],[39.6655,-4.0229],[39.6612,-4.015]]]},"properties":{"key":"294","name":"SOUTH COAST MANGROVES","class":"gazetted_forest","areaHa":49,"observed":true}},{"type":"Feature","geometry":{"type":"Polygon","coordinates":[[[39.5366,-4.0492],[39.5705,-4.0566],[39.5606,-4.0692],[39.5397,-4.0643],[39.5306,-4.0382],[39.5366,-4.0492]]]},"properties":{"key":"295","name":"SOUTH COAST MANGROVES","class":"gazetted_forest","areaHa":669,"observed":true}},{"type":"Feature","geometry":{"type":"Polygon","coordinates":[[[39.485,-4.1181],[39.4499,-4.1264],[39.4427,-4.0958],[39.4637,-4.0967],[39.484,-4.0745],[39.485,-4.1181]]]},"properties":{"key":"296","name":"MALUGANJI","class":"gazetted_forest","areaHa":1677,"observed":true}},{"type":"Feature","geometry":{"type":"Polygon","coordinates":[[[39.2757,-4.2861],[39.3538,-4.2958],[39.3539,-4.2713],[39.4092,-4.2016],[39.3902,-4.1955],[39.3895,-4.1766],[39.4083,-4.1569],[39.5049,-4.2163],[39.4828,-4.2435],[39.441,-4.2576],[39.4338,-4.3037],[39.373,-4.3138],[39.2927,-4.3498],[39.2757,-4.2861]],[[39.4277,-4.2352],[39.4152,-4.2355],[39.4181,-4.2431],[39.4277,-4.2352]],[[39.4273,-4.1798],[39.4202,-4.1879],[39.4246,-4.1842],[39.4273,-4.1798]]]},"properties":{"key":"297","name":"SHIMBA HILLS","class":"gazetted_forest","areaHa":18885,"observed":true}},{"type":"Feature","geometry":{"type":"Polygon","coordinates":[[[39.4246,-4.1842],[39.4202,-4.1879],[39.4273,-4.1798],[39.4246,-4.1842]]]},"properties":{"key":"298","name":"SHIMBA LEASE","class":"gazetted_forest","areaHa":27,"observed":true}},{"type":"Feature","geometry":{"type":"Polygon","coordinates":[[[35.8225,0.7052],[35.8206,0.7023],[35.8168,0.7053],[35.8225,0.7052]]]},"properties":{"key":"299","name":"TUTWOIN","class":"gazetted_forest","areaHa":11,"observed":true}},{"type":"Feature","geometry":{"type":"Polygon","coordinates":[[[39.4181,-4.2431],[39.4152,-4.2355],[39.4277,-4.2352],[39.4181,-4.2431]]]},"properties":{"key":"300","name":"SHIMBA NATIONAL RESERVE","class":"gazetted_forest","areaHa":125,"observed":true}},{"type":"Feature","geometry":{"type":"Polygon","coordinates":[[[39.3538,-4.2958],[39.2757,-4.2861],[39.3447,-4.2722],[39.3583,-4.2808],[39.3538,-4.2958]]]},"properties":{"key":"301","name":"MKONGANI NORTH","class":"gazetted_forest","areaHa":1160,"observed":true}},{"type":"Feature","geometry":{"type":"Polygon","coordinates":[[[39.278,-4.3569],[39.2638,-4.3399],[39.2757,-4.2861],[39.2927,-4.3498],[39.278,-4.3569]]]},"properties":{"key":"302","name":"MKONGANI WEST","class":"gazetted_forest","areaHa":1402,"observed":true}},{"type":"Feature","geometry":{"type":"Polygon","coordinates":[[[39.4894,-4.458],[39.4724,-4.4581],[39.4543,-4.4468],[39.452,-4.4241],[39.4916,-4.4407],[39.4894,-4.458]]]},"properties":{"key":"303","name":"SOUTH COAST MANGROVES","class":"gazetted_forest","areaHa":1270,"observed":true}},{"type":"Feature","geometry":{"type":"Polygon","coordinates":[[[39.2279,-4.4272],[39.2266,-4.4538],[39.2018,-4.4379],[39.2133,-4.4221],[39.2279,-4.4272]]]},"properties":{"key":"304","name":"JOMBO","class":"gazetted_forest","areaHa":883,"observed":true}},{"type":"Feature","geometry":{"type":"Polygon","coordinates":[[[39.5007,-4.4307],[39.5123,-4.4275],[39.5093,-4.4383],[39.5007,-4.4307]]]},"properties":{"key":"305","name":"SOUTH COAST MANGROVES","class":"gazetted_forest","areaHa":130,"observed":true}},{"type":"Feature","geometry":{"type":"Polygon","coordinates":[[[39.3992,-4.4682],[39.3865,-4.465],[39.3952,-4.4451],[39.4189,-4.4409],[39.3992,-4.4682]]]},"properties":{"key":"306","name":"BUDA","class":"gazetted_forest","areaHa":667,"observed":true}},{"type":"Feature","geometry":{"type":"Polygon","coordinates":[[[39.2548,-4.4936],[39.2504,-4.471],[39.2684,-4.4794],[39.2661,-4.4937],[39.2548,-4.4936]]]},"properties":{"key":"307","name":"MRIMA","class":"gazetted_forest","areaHa":388,"observed":true}},{"type":"Feature","geometry":{"type":"Polygon","coordinates":[[[39.2494,-4.5291],[39.2343,-4.548],[39.2144,-4.5423],[39.1976,-4.5171],[39.2207,-4.4959],[39.2305,-4.5202],[39.2494,-4.5291]]]},"properties":{"key":"308","name":"MARENJI","class":"gazetted_forest","areaHa":1512,"observed":true}},{"type":"Feature","geometry":{"type":"Polygon","coordinates":[[[39.1442,-4.5683],[39.1431,-4.5901],[39.1193,-4.5982],[39.1156,-4.579],[39.1442,-4.5683]]]},"properties":{"key":"309","name":"GONJA","class":"gazetted_forest","areaHa":858,"observed":true}},{"type":"Feature","geometry":{"type":"Polygon","coordinates":[[[34.9426,0.6759],[34.9466,0.6608],[34.9204,0.6544],[34.9084,0.6635],[34.8759,0.651],[34.8903,0.6876],[34.9426,0.6759]]]},"properties":{"key":"310","name":"LUGARI","class":"gazetted_forest","areaHa":2183,"observed":true}},{"type":"Feature","geometry":{"type":"Polygon","coordinates":[[[39.3971,-4.6149],[39.3901,-4.6251],[39.3697,-4.573],[39.3902,-4.575],[39.3971,-4.6149]]]},"properties":{"key":"311","name":"SOUTH COAST MANGROVES","class":"gazetted_forest","areaHa":851,"observed":true}},{"type":"Feature","geometry":{"type":"Polygon","coordinates":[[[39.3183,-4.593],[39.3189,-4.5839],[39.3301,-4.5891],[39.3183,-4.593]]]},"properties":{"key":"312","name":"SOUTH COAST MANGROVES","class":"gazetted_forest","areaHa":134,"observed":true}},{"type":"Feature","geometry":{"type":"Polygon","coordinates":[[[39.2512,-4.6123],[39.2351,-4.6005],[39.2433,-4.5972],[39.2512,-4.6123]]]},"properties":{"key":"313","name":"SOUTH COAST MANGROVES","class":"gazetted_forest","areaHa":175,"observed":true}},{"type":"Feature","geometry":{"type":"Polygon","coordinates":[[[39.309,-4.6094],[39.3141,-4.604],[39.3137,-4.6091],[39.309,-4.6094]]]},"properties":{"key":"314","name":"SOUTH COAST MANGROVES","class":"gazetted_forest","areaHa":20,"observed":true}},{"type":"Feature","geometry":{"type":"Polygon","coordinates":[[[39.2573,-4.6049],[39.2571,-4.6047],[39.2575,-4.6048],[39.2573,-4.6049]]]},"properties":{"key":"315","name":"SOUTH COAST MANGROVES","class":"gazetted_forest","areaHa":0,"observed":true}},{"type":"Feature","geometry":{"type":"Polygon","coordinates":[[[39.31,-4.6278],[39.3126,-4.6213],[39.3121,-4.6266],[39.31,-4.6278]]]},"properties":{"key":"316","name":"SOUTH COAST MANGROVES","class":"gazetted_forest","areaHa":22,"observed":true}},{"type":"Feature","geometry":{"type":"Polygon","coordinates":[[[39.207,-4.6678],[39.2217,-4.6551],[39.2203,-4.6785],[39.207,-4.6678]]]},"properties":{"key":"317","name":"SOUTH COAST MANGROVES","class":"gazetted_forest","areaHa":249,"observed":true}},{"type":"Feature","geometry":{"type":"Polygon","coordinates":[[[35.0776,0.1362],[35.0821,0.1383],[35.0886,0.1303],[35.0855,0.1224],[35.0776,0.1362]]]},"properties":{"key":"318","name":"PROPOSED EXCISION","class":"gazetted_forest","areaHa":98,"observed":true}},{"type":"Feature","geometry":{"type":"Polygon","coordinates":[[[35.0776,0.1362],[35.0821,0.1383],[35.0886,0.1303],[35.0855,0.1224],[35.0776,0.1362]]]},"properties":{"key":"319","name":"PROPOSED EXCISION","class":"gazetted_forest","areaHa":98,"observed":true}},{"type":"Feature","geometry":{"type":"Polygon","coordinates":[[[35.8205,0.6678],[35.82,0.6704],[35.8234,0.6705],[35.8205,0.6678]]]},"properties":{"key":"320","name":"KABIOK","class":"gazetted_forest","areaHa":14,"observed":true}},{"type":"Feature","geometry":{"type":"Polygon","coordinates":[[[36.8811,2.0052],[36.7888,2.0077],[36.7505,2.1403],[36.7486,2.2576],[36.7809,2.2971],[36.8504,2.2697],[36.8969,2.1886],[36.9154,2.1237],[36.9047,2.0373],[36.8811,2.0052]]]},"properties":{"key":"321","name":"MOUNT NYIRO","class":"gazetted_forest","areaHa":45296,"observed":true}},{"type":"Feature","geometry":{"type":"Polygon","coordinates":[[[35.8172,0.6697],[35.8212,0.6641],[35.813,0.6622],[35.8172,0.6697]]]},"properties":{"key":"322","name":"CHERIAL","class":"gazetted_forest","areaHa":40,"observed":true}},{"type":"Feature","geometry":{"type":"Polygon","coordinates":[[[35.5098,0.5568],[35.5044,0.5404],[35.4927,0.54],[35.4949,0.624],[35.511,0.6459],[35.5098,0.5568]]]},"properties":{"key":"323","name":"KESSOP","class":"gazetted_forest","areaHa":1962,"observed":true}},{"type":"Feature","geometry":{"type":"Polygon","coordinates":[[[35.79,0.6163],[35.819,0.6069],[35.7916,0.575],[35.7849,0.5875],[35.7739,0.578],[35.7621,0.5851],[35.7809,0.632],[35.79,0.6163]]]},"properties":{"key":"324","name":"KATIMOK","class":"gazetted_forest","areaHa":2010,"observed":true}},{"type":"Feature","geometry":{"type":"Polygon","coordinates":[[[35.7811,0.6289],[35.7809,0.632],[35.7839,0.6321],[35.7811,0.6289]]]},"properties":{"key":"325","name":"PROPOSED EXCISION","class":"gazetted_forest","areaHa":13,"observed":true}},{"type":"Feature","geometry":{"type":"Polygon","coordinates":[[[35.7914,0.6163],[35.79,0.6163],[35.7904,0.6202],[35.7914,0.6163]]]},"properties":{"key":"326","name":"PROPOSED EXCISION","class":"gazetted_forest","areaHa":11,"observed":true}},{"type":"Feature","geometry":{"type":"Polygon","coordinates":[[[35.7666,0.5932],[35.7652,0.5931],[35.7668,0.6005],[35.7666,0.5932]]]},"properties":{"key":"327","name":"EXCISED ?","class":"gazetted_forest","areaHa":17,"observed":true}},{"type":"Feature","geometry":{"type":"Polygon","coordinates":[[[35.8032,0.5798],[35.8013,0.5796],[35.8029,0.5841],[35.8032,0.5798]]]},"properties":{"key":"328","name":"PROPOSED EXCISION","class":"gazetted_forest","areaHa":10,"observed":true}},{"type":"Feature","geometry":{"type":"Polygon","coordinates":[[[35.7754,0.5784],[35.7761,0.5813],[35.776,0.578],[35.7754,0.5784]]]},"properties":{"key":"329","name":"PROPOSED EXCISION","class":"gazetted_forest","areaHa":3,"observed":true}},{"type":"Feature","geometry":{"type":"Polygon","coordinates":[[[35.8264,0.5604],[35.8232,0.5533],[35.8135,0.5696],[35.8264,0.5604]]]},"properties":{"key":"330","name":"SOKTA","class":"gazetted_forest","areaHa":170,"observed":true}},{"type":"Feature","geometry":{"type":"Polygon","coordinates":[[[35.7956,0.5595],[35.7861,0.573],[35.8039,0.5636],[35.7933,0.5517],[35.7956,0.5595]]]},"properties":{"key":"331","name":"MOSEGEM","class":"gazetted_forest","areaHa":204,"observed":true}},{"type":"Feature","geometry":{"type":"Polygon","coordinates":[[[37.1962,1.7772],[37.2839,1.7803],[37.3369,1.6838],[37.3009,1.6613],[37.2987,1.6149],[37.2243,1.5766],[37.1845,1.5708],[37.179,1.5805],[37.1448,1.5812],[37.1133,1.6584],[37.0416,1.6522],[36.9892,1.7496],[36.9971,1.9488],[37.0921,1.9573],[37.1962,1.7772]]]},"properties":{"key":"332","name":"NDOTOS RANGE","class":"gazetted_forest","areaHa":92796,"observed":true}},{"type":"Feature","geometry":{"type":"Polygon","coordinates":[[[35.762,0.5674],[35.7759,0.5715],[35.7752,0.5626],[35.762,0.5674]]]},"properties":{"key":"333","name":"PEMWAI","class":"gazetted_forest","areaHa":132,"observed":true}},{"type":"Feature","geometry":{"type":"Polygon","coordinates":[[[35.2854,0.5502],[35.2811,0.5655],[35.2942,0.5494],[35.2854,0.5502]]]},"properties":{"key":"334","name":"ELDORET","class":"gazetted_forest","areaHa":112,"observed":true}},{"type":"Feature","geometry":{"type":"Polygon","coordinates":[[[35.7665,0.5571],[35.7693,0.5572],[35.7668,0.5523],[35.7665,0.5571]]]},"properties":{"key":"335","name":"PROPOSED EXCISION","class":"gazetted_forest","areaHa":17,"observed":true}},{"type":"Feature","geometry":{"type":"Polygon","coordinates":[[[35.7918,0.5527],[35.792,0.553],[35.7937,0.552],[35.7918,0.5527]]]},"properties":{"key":"336","name":"PROPOSED EXCISION","class":"gazetted_forest","areaHa":1,"observed":true}},{"type":"Feature","geometry":{"type":"Polygon","coordinates":[[[35.5168,0.5046],[35.533,0.4627],[35.5684,0.4387],[35.5748,0.4138],[35.5187,0.3813],[35.5223,0.3605],[35.5007,0.36],[35.5003,0.3756],[35.4801,0.3866],[35.4881,0.4027],[35.4621,0.4531],[35.473,0.5402],[35.5168,0.5046]]]},"properties":{"key":"337","name":"KAPTAGAT","class":"gazetted_forest","areaHa":12928,"observed":true}},{"type":"Feature","geometry":{"type":"Polygon","coordinates":[[[35.7547,0.5263],[35.7571,0.5326],[35.7629,0.5301],[35.7593,0.5171],[35.7547,0.5263]]]},"properties":{"key":"338","name":"CHEBARTIGON","class":"gazetted_forest","areaHa":101,"observed":true}},{"type":"Feature","geometry":{"type":"Polygon","coordinates":[[[35.2846,0.532],[35.2892,0.5297],[35.2842,0.5249],[35.2846,0.532]]]},"properties":{"key":"339","name":"ELDORET","class":"gazetted_forest","areaHa":39,"observed":true}},{"type":"Feature","geometry":{"type":"Polygon","coordinates":[[[35.279,0.5299],[35.284,0.5316],[35.2828,0.5286],[35.279,0.5299]]]},"properties":{"key":"340","name":"ELDORET PROPOSED EXCISION","class":"gazetted_forest","areaHa":9,"observed":true}},{"type":"Feature","geometry":{"type":"Polygon","coordinates":[[[37.3234,0.2904],[37.2415,0.28],[37.1874,0.388],[37.1871,0.4696],[37.259,0.5224],[37.2922,0.4895],[37.3312,0.3064],[37.3234,0.2904]]]},"properties":{"key":"341","name":"MUKOGODO","class":"gazetted_forest","areaHa":29799,"observed":true}},{"type":"Feature","geometry":{"type":"Polygon","coordinates":[[[35.7965,0.503],[35.7987,0.5176],[35.8113,0.5136],[35.7965,0.503]]]},"properties":{"key":"342","name":"MAROP","class":"gazetted_forest","areaHa":210,"observed":true}},{"type":"Feature","geometry":{"type":"Polygon","coordinates":[[[35.3548,1.6631],[35.3678,1.7188],[35.4002,1.7465],[35.4337,1.6959],[35.4087,1.6742],[35.411,1.6456],[35.3889,1.5948],[35.3548,1.6631]]]},"properties":{"key":"343","name":"SEKERR","class":"gazetted_forest","areaHa":7856,"observed":true}},{"type":"Feature","geometry":{"type":"Polygon","coordinates":[[[34.9289,0.4973],[34.9431,0.5095],[34.948,0.5071],[34.9441,0.4869],[34.9289,0.4973]]]},"properties":{"key":"344","name":"TARESSIA","class":"gazetted_forest","areaHa":373,"observed":true}},{"type":"Feature","geometry":{"type":"Polygon","coordinates":[[[35.8017,0.4772],[35.7796,0.494],[35.7814,0.4995],[35.8093,0.4952],[35.8017,0.4772]]]},"properties":{"key":"345","name":"TARAMBAS","class":"gazetted_forest","areaHa":473,"observed":true}},{"type":"Feature","geometry":{"type":"Polygon","coordinates":[[[34.8673,0.4515],[34.8411,0.4502],[34.8485,0.4676],[34.8635,0.4649],[34.8577,0.4902],[34.8673,0.4515]]]},"properties":{"key":"346","name":"MLABA","class":"gazetted_forest","areaHa":718,"observed":true}},{"type":"Feature","geometry":{"type":"Polygon","coordinates":[[[37.5136,0.475],[37.5188,0.4854],[37.5366,0.4818],[37.5456,0.4378],[37.4955,0.4327],[37.4773,0.4879],[37.5136,0.475]]]},"properties":{"key":"347","name":"KOTIM RANGE","class":"gazetted_forest","areaHa":3317,"observed":true}},{"type":"Feature","geometry":{"type":"Polygon","coordinates":[[[35.7872,0.4598],[35.7892,0.4439],[35.7884,0.4375],[35.785,0.4358],[35.7726,0.4603],[35.778,0.4773],[35.7872,0.4598]]]},"properties":{"key":"348","name":"KINYO","class":"gazetted_forest","areaHa":337,"observed":true}},{"type":"Feature","geometry":{"type":"Polygon","coordinates":[[[35.0259,0.2411],[34.9876,0.2053],[34.9617,0.3007],[34.9591,0.3687],[34.9745,0.3882],[34.9373,0.4747],[34.9728,0.4469],[34.9741,0.4242],[34.9864,0.4195],[34.9762,0.4062],[34.9839,0.4125],[34.9965,0.4007],[34.9877,0.3824],[35.0106,0.3773],[35.0026,0.3605],[35.0131,0.3458],[34.9923,0.3329],[34.9951,0.3159],[35.0204,0.306],[35.0097,0.2452],[35.0259,0.2411]]]},"properties":{"key":"349","name":"NORTH NANDI","class":"gazetted_forest","areaHa":11100,"observed":true}},{"type":"Feature","geometry":{"type":"Polygon","coordinates":[[[35.2049,0.4349],[35.1939,0.4355],[35.1751,0.4576],[35.1935,0.476],[35.2049,0.4349]]]},"properties":{"key":"350","name":"KAPASRET","class":"gazetted_forest","areaHa":1004,"observed":true}},{"type":"Feature","geometry":{"type":"Polygon","coordinates":[[[35.8308,0.3603],[35.8145,0.368],[35.8102,0.3987],[35.8306,0.4291],[35.8403,0.3745],[35.8308,0.3603]]]},"properties":{"key":"351","name":"KABARAK","class":"gazetted_forest","areaHa":1389,"observed":true}},{"type":"Feature","geometry":{"type":"Polygon","coordinates":[[[37.5296,0.3969],[37.5505,0.4027],[37.5431,0.3692],[37.552,0.3644],[37.5494,0.3507],[37.526,0.3412],[37.5111,0.3523],[37.4983,0.3997],[37.4728,0.3925],[37.4648,0.4042],[37.4772,0.4288],[37.5267,0.4139],[37.5296,0.3969]]]},"properties":{"key":"352","name":"OL LENGISHU","class":"gazetted_forest","areaHa":4654,"observed":true}},{"type":"Feature","geometry":{"type":"Polygon","coordinates":[[[36.226,0.2567],[36.2175,0.2493],[36.1868,0.3141],[36.2307,0.4196],[36.2298,0.3956],[36.2607,0.3729],[36.2622,0.3401],[36.2491,0.3246],[36.2449,0.3373],[36.2325,0.3318],[36.226,0.3188],[36.2803,0.2713],[36.2799,0.2539],[36.2959,0.2399],[36.226,0.2567]]]},"properties":{"key":"353","name":"OL ARABEL","class":"gazetted_forest","areaHa":9695,"observed":true}},{"type":"Feature","geometry":{"type":"Polygon","coordinates":[[[37.2975,1.444],[37.3013,1.3422],[37.3226,1.3402],[37.3446,1.2904],[37.369,1.307],[37.425,1.2773],[37.4173,1.2566],[37.3902,1.245],[37.4076,1.2024],[37.4353,1.2004],[37.4829,1.1248],[37.4664,1.1025],[37.4075,1.1239],[37.4131,1.0947],[37.4032,1.0729],[37.3583,1.0563],[37.3606,1.0323],[37.4015,1.0007],[37.4381,0.9911],[37.4529,0.9423],[37.4438,0.9204],[37.3739,0.8871],[37.3292,0.9313],[37.3371,1.0113],[37.2888,1.1094],[37.2843,1.1848],[37.2255,1.2095],[37.2045,1.2727],[37.1741,1.5352],[37.1812,1.5183],[37.2533,1.5358],[37.2975,1.444]]]},"properties":{"key":"354","name":"MATHEWS RANGE","class":"gazetted_forest","areaHa":96963,"observed":true}},{"type":"Feature","geometry":{"type":"Polygon","coordinates":[[[34.6981,0.377],[34.6776,0.3807],[34.7006,0.3864],[34.7096,0.413],[34.7244,0.3981],[34.6981,0.377]]]},"properties":{"key":"355","name":"BUNYALA","class":"gazetted_forest","areaHa":804,"observed":true}},{"type":"Feature","geometry":{"type":"Polygon","coordinates":[[[35.8026,0.3703],[35.7957,0.3624],[35.7809,0.3855],[35.8047,0.4115],[35.8026,0.3703]]]},"properties":{"key":"356","name":"KIMOJOCH","class":"gazetted_forest","areaHa":759,"observed":true}},{"type":"Feature","geometry":{"type":"Polygon","coordinates":[[[34.8958,0.3806],[34.8811,0.3867],[34.8983,0.406],[34.8958,0.3806]]]},"properties":{"key":"357","name":"KISERE","class":"gazetted_forest","areaHa":455,"observed":true}},{"type":"Feature","geometry":{"type":"Polygon","coordinates":[[[38.0517,0.319],[38.0026,0.3097],[38.0007,0.3235],[38.0191,0.329],[38.013,0.3495],[38.0012,0.3437],[38.0111,0.3841],[38.0355,0.4061],[38.0517,0.319]]]},"properties":{"key":"358","name":"NGAIA","class":"gazetted_forest","areaHa":4295,"observed":true}},{"type":"Feature","geometry":{"type":"Polygon","coordinates":[[[35.0094,0.3825],[34.9936,0.3865],[34.9964,0.3991],[35.0094,0.3825]]]},"properties":{"key":"359","name":"NORTH NANDI","class":"gazetted_forest","areaHa":195,"observed":true}},{"type":"Feature","geometry":{"type":"Polygon","coordinates":[[[36.3106,0.318],[36.3204,0.3332],[36.3151,0.3614],[36.338,0.3665],[36.3248,0.3762],[36.3824,0.3937],[36.3817,0.3515],[36.3625,0.3478],[36.3258,0.2798],[36.3106,0.318]]]},"properties":{"key":"360","name":"LARIAK","class":"gazetted_forest","areaHa":4966,"observed":true}},{"type":"Feature","geometry":{"type":"Polygon","coordinates":[[[35.849,0.3821],[35.8597,0.3694],[35.8435,0.3294],[35.849,0.3821]]]},"properties":{"key":"361","name":"MUKOBE","class":"gazetted_forest","areaHa":744,"observed":true}},{"type":"Feature","geometry":{"type":"Polygon","coordinates":[[[34.8987,0.3552],[34.8815,0.3186],[34.8211,0.2898],[34.826,0.3264],[34.8586,0.3656],[34.8756,0.3529],[34.9008,0.3691],[34.9101,0.3561],[34.8987,0.3552]]]},"properties":{"key":"362","name":"BUYANGU","class":"gazetted_forest","areaHa":3840,"observed":true}},{"type":"Feature","geometry":{"type":"Polygon","coordinates":[[[34.8815,0.3186],[34.8987,0.3552],[34.9101,0.3561],[34.9182,0.3234],[34.9545,0.2756],[34.9573,0.2593],[34.9188,0.2633],[34.9572,0.2386],[34.9435,0.2059],[34.9203,0.2052],[34.9196,0.1636],[34.8947,0.1723],[34.8936,0.1505],[34.8743,0.1417],[34.8379,0.1856],[34.8638,0.2339],[34.8432,0.2564],[34.8477,0.2823],[34.8342,0.2897],[34.8815,0.3186]]]},"properties":{"key":"363","name":"KAKAMEGA","class":"gazetted_forest","areaHa":17759,"observed":true}},{"type":"Feature","geometry":{"type":"Polygon","coordinates":[[[35.8085,0.3229],[35.8152,0.3496],[35.8371,0.323],[35.8136,0.3051],[35.8085,0.3229]]]},"properties":{"key":"364","name":"SEKENWO","class":"gazetted_forest","areaHa":859,"observed":true}},{"type":"Feature","geometry":{"type":"Polygon","coordinates":[[[35.5447,1.2841],[35.474,1.2278],[35.4269,1.2743],[35.4304,1.3243],[35.4866,1.3187],[35.5102,1.3567],[35.5784,1.3003],[35.573,1.289],[35.5447,1.2841]]]},"properties":{"key":"365","name":"LELAN","class":"gazetted_forest","areaHa":12125,"observed":true}},{"type":"Feature","geometry":{"type":"Polygon","coordinates":[[[35.8484,0.3144],[35.8607,0.3309],[35.8626,0.3165],[35.8569,0.3031],[35.8484,0.3144]]]},"properties":{"key":"366","name":"CHEPKUCHUMO","class":"gazetted_forest","areaHa":326,"observed":true}},{"type":"Feature","geometry":{"type":"Polygon","coordinates":[[[37.4748,0.2788],[37.4867,0.3277],[37.5047,0.286],[37.5295,0.2735],[37.4748,0.2788]]]},"properties":{"key":"367","name":"MOTUNYI HILL","class":"gazetted_forest","areaHa":1964,"observed":true}},{"type":"Feature","geometry":{"type":"Polygon","coordinates":[[[34.7804,0.2831],[34.7696,0.2939],[34.826,0.3264],[34.8211,0.2898],[34.7804,0.2831]]]},"properties":{"key":"368","name":"KAKAMEGA","class":"gazetted_forest","areaHa":1912,"observed":true}},{"type":"Feature","geometry":{"type":"Polygon","coordinates":[[[35.8072,0.3208],[35.806,0.3211],[35.8067,0.3234],[35.8072,0.3208]]]},"properties":{"key":"369","name":"PROPOSED EXCISION","class":"gazetted_forest","areaHa":5,"observed":true}},{"type":"Feature","geometry":{"type":"Polygon","coordinates":[[[35.813,0.3098],[35.8028,0.307],[35.805,0.3204],[35.813,0.3098]]]},"properties":{"key":"370","name":"MTARAKWA","class":"gazetted_forest","areaHa":110,"observed":true}},{"type":"Feature","geometry":{"type":"Polygon","coordinates":[[[35.8244,0.2705],[35.8171,0.2495],[35.8315,0.2461],[35.8085,0.2286],[35.8226,0.2147],[35.8197,0.194],[35.8015,0.1916],[35.8082,0.1639],[35.764,0.146],[35.7537,0.1575],[35.779,0.163],[35.7704,0.1763],[35.7845,0.1731],[35.7899,0.1869],[35.7766,0.2065],[35.7959,0.2186],[35.7831,0.2287],[35.7945,0.2397],[35.7939,0.2762],[35.8016,0.2441],[35.8119,0.246],[35.8043,0.2626],[35.8151,0.2705],[35.8136,0.3051],[35.8244,0.2705]]]},"properties":{"key":"371","name":"PERKERRA CATCHMENT","class":"gazetted_forest","areaHa":4394,"observed":true}},{"type":"Feature","geometry":{"type":"Polygon","coordinates":[[[35.8078,0.2901],[35.8075,0.2742],[35.7912,0.2848],[35.8078,0.2901]]]},"properties":{"key":"372","name":"SANAO","class":"gazetted_forest","areaHa":290,"observed":true}},{"type":"Feature","geometry":{"type":"Polygon","coordinates":[[[35.5674,0.2818],[35.5981,0.2703],[35.5937,0.243],[35.5828,0.26],[35.5612,0.2567],[35.5674,0.2818]]]},"properties":{"key":"373","name":"TINGWA HILL","class":"gazetted_forest","areaHa":901,"observed":true}},{"type":"Feature","geometry":{"type":"Polygon","coordinates":[[[36.3015,0.2381],[36.3177,0.2762],[36.3299,0.2751],[36.337,0.2459],[36.3014,0.2121],[36.3298,0.1769],[36.3492,0.1993],[36.3856,0.1793],[36.365,0.1698],[36.3545,0.1448],[36.3782,0.146],[36.3886,0.1679],[36.3873,0.1016],[36.4006,0.1021],[36.3644,0.0564],[36.3589,0.0652],[36.3083,0.0647],[36.2962,0.0779],[36.2857,0.0638],[36.2919,0.1057],[36.2783,0.147],[36.2373,0.208],[36.2037,0.233],[36.2161,0.2473],[36.3015,0.2381]]]},"properties":{"key":"374","name":"MARMANET","class":"gazetted_forest","areaHa":22548,"observed":true}},{"type":"Feature","geometry":{"type":"Polygon","coordinates":[[[36.9605,0.9346],[36.8843,0.8768],[36.8619,0.8772],[36.8352,0.9039],[36.8403,0.9631],[36.8249,0.9749],[36.8167,1.027],[36.7826,1.0336],[36.776,1.0131],[36.7309,1.1024],[36.7138,1.115],[36.6728,1.1033],[36.6416,1.1505],[36.6375,1.1853],[36.606,1.2217],[36.6891,1.3323],[36.7565,1.3331],[36.7912,1.2697],[36.8544,1.2146],[36.8984,1.1432],[36.9605,0.9346]]]},"properties":{"key":"375","name":"LEROGHI","class":"gazetted_forest","areaHa":91389,"observed":true}},{"type":"Feature","geometry":{"type":"Polygon","coordinates":[[[37.8419,0.2345],[37.8811,0.2507],[37.9137,0.2304],[37.9017,0.1935],[37.9169,0.1825],[37.9013,0.1638],[37.8882,0.1652],[37.8756,0.192],[37.8875,0.1979],[37.8766,0.1959],[37.8674,0.1856],[37.8419,0.2345]]]},"properties":{"key":"376","name":"NYAMBENI","class":"gazetted_forest","areaHa":4722,"observed":true}},{"type":"Feature","geometry":{"type":"Polygon","coordinates":[[[35.0097,0.2452],[35.0163,0.2471],[35.0198,0.2433],[35.0097,0.2452]]]},"properties":{"key":"377","name":"PROPOSED EXCISION","class":"gazetted_forest","areaHa":25,"observed":true}},{"type":"Feature","geometry":{"type":"Polygon","coordinates":[[[35.7774,0.2266],[35.7838,0.242],[35.7847,0.2413],[35.7774,0.2266]]]},"properties":{"key":"378","name":"KAPTIMOM","class":"gazetted_forest","areaHa":96,"observed":true}},{"type":"Feature","geometry":{"type":"Polygon","coordinates":[[[36.3985,0.1996],[36.4101,0.2383],[36.4527,0.2046],[36.4332,0.1752],[36.4539,0.1799],[36.4664,0.2012],[36.4686,0.1541],[36.4537,0.1088],[36.4245,0.1143],[36.3985,0.1996]]]},"properties":{"key":"379","name":"RUMURUTI","class":"gazetted_forest","areaHa":6522,"observed":true}},{"type":"Feature","geometry":{"type":"Polygon","coordinates":[[[35.0443,0.2321],[35.0458,0.2167],[35.023,0.2279],[35.0443,0.2321]]]},"properties":{"key":"380","name":"KAPTAROI","class":"gazetted_forest","areaHa":316,"observed":true}},{"type":"Feature","geometry":{"type":"Polygon","coordinates":[[[35.5268,0.2118],[35.5174,0.2266],[35.562,0.2324],[35.5551,0.2157],[35.5268,0.2118]]]},"properties":{"key":"381","name":"TUMEYA","class":"gazetted_forest","areaHa":575,"observed":true}},{"type":"Feature","geometry":{"type":"Polygon","coordinates":[[[35.5608,0.2079],[35.5492,0.2042],[35.5454,0.2128],[35.5608,0.2079]]]},"properties":{"key":"382","name":"KACHORUA BLOCK IV","class":"gazetted_forest","areaHa":141,"observed":true}},{"type":"Feature","geometry":{"type":"Polygon","coordinates":[[[35.0795,0.1011],[35.005,0.0617],[34.9598,0.0542],[34.9415,0.0656],[34.9127,0.0626],[34.8773,0.0993],[34.8836,0.1184],[34.9209,0.1243],[34.9322,0.1],[34.9596,0.0921],[34.9895,0.1279],[34.9313,0.1691],[34.9388,0.1783],[34.9779,0.1727],[34.9801,0.1615],[35.0214,0.1695],[35.0296,0.1775],[35.0143,0.1813],[35.0237,0.2168],[35.036,0.1946],[35.0677,0.203],[35.0611,0.1578],[35.0776,0.1362],[35.0795,0.1011]]]},"properties":{"key":"383","name":"SOUTH NANDI","class":"gazetted_forest","areaHa":19482,"observed":true}},{"type":"Feature","geometry":{"type":"Polygon","coordinates":[[[37.8503,0.2061],[37.8419,0.1878],[37.8328,0.1951],[37.8299,0.2093],[37.8414,0.2001],[37.8503,0.2061]]]},"properties":{"key":"384","name":"KIBITHEWA","class":"gazetted_forest","areaHa":238,"observed":true}},{"type":"Feature","geometry":{"type":"Polygon","coordinates":[[[35.672,0.1688],[35.654,0.1936],[35.6409,0.1796],[35.6282,0.1933],[35.6191,0.1786],[35.6022,0.1917],[35.6315,0.2062],[35.6952,0.19],[35.6962,0.1761],[35.672,0.1688]]]},"properties":{"key":"385","name":"METKEI","class":"gazetted_forest","areaHa":1949,"observed":true}}]}