{"type":"FeatureCollection","features":[{"type":"Feature","geometry":{"type":"Polygon","coordinates":[[[31.5355,-1.0],[31.5141,-1.0299],[31.5143,-1.0582],[31.5304,-1.0582],[31.5614,-1.0234],[31.5616,-1.0],[31.6741,-1.0],[31.6436,-1.0127],[31.6453,-1.0218],[31.6253,-1.0213],[31.6153,-1.038],[31.5972,-1.0339],[31.612,-1.0546],[31.6098,-1.0772],[31.5937,-1.079],[31.5867,-1.0951],[31.5793,-1.0884],[31.5747,-1.1024],[31.59,-1.117],[31.576,-1.119],[31.5715,-1.1378],[31.513,-1.1369],[31.5,-1.1649],[31.4474,-1.1601],[31.4237,-1.1501],[31.4131,-1.1288],[31.4127,-1.0739],[31.4475,-1.0],[31.5355,-1.0]]]},"properties":{"key":"0","name":"Minziro","class":"forest_candidate","areaHa":30935,"observed":true}},{"type":"Feature","geometry":{"type":"Polygon","coordinates":[[[31.7198,-1.3411],[31.7223,-1.3483],[31.7185,-1.3495],[31.7198,-1.3411]]]},"properties":{"key":"1","name":"Kiamawe","class":"forest_candidate","areaHa":49,"observed":true}},{"type":"Feature","geometry":{"type":"Polygon","coordinates":[[[37.4664,-3.5059],[37.4699,-3.4924],[37.4755,-3.5198],[37.4806,-3.5062],[37.4928,-3.5226],[37.4756,-3.534],[37.4664,-3.5059]]]},"properties":{"key":"2","name":"Kahe 1","class":"forest_candidate","areaHa":593,"observed":true}},{"type":"Feature","geometry":{"type":"Polygon","coordinates":[[[32.2232,-3.6717],[32.3907,-3.508],[32.4067,-3.5201],[32.3848,-3.5508],[32.4225,-3.6357],[32.4096,-3.7513],[32.3092,-3.7222],[32.2232,-3.6717]]]},"properties":{"key":"3","name":"Ngongwa Busangi","class":"forest_candidate","areaHa":30987,"observed":true}},{"type":"Feature","geometry":{"type":"Polygon","coordinates":[[[37.6106,-3.5284],[37.6067,-3.5306],[37.6032,-3.522],[37.6106,-3.5284]]]},"properties":{"key":"4","name":"Minja","class":"forest_candidate","areaHa":70,"observed":true}},{"type":"Feature","geometry":{"type":"Polygon","coordinates":[[[37.6113,-3.517],[37.6139,-3.5148],[37.6116,-3.5228],[37.6113,-3.517]]]},"properties":{"key":"5","name":"Minja","class":"forest_candidate","areaHa":27,"observed":true}},{"type":"Feature","geometry":{"type":"Polygon","coordinates":[[[37.6161,-3.6103],[37.6155,-3.6327],[37.5931,-3.6543],[37.597,-3.6309],[37.5719,-3.5931],[37.5855,-3.5238],[37.6161,-3.6103]]]},"properties":{"key":"6","name":"Mramba","class":"forest_candidate","areaHa":3669,"observed":true}},{"type":"Feature","geometry":{"type":"Polygon","coordinates":[[[35.7506,-3.6456],[35.7261,-3.6644],[35.7312,-3.7002],[35.696,-3.7534],[35.6385,-3.7919],[35.5924,-3.7936],[35.5771,-3.7116],[35.5604,-3.6924],[35.5791,-3.6766],[35.5958,-3.685],[35.6178,-3.6524],[35.6268,-3.6763],[35.6407,-3.6711],[35.661,-3.6347],[35.6554,-3.6048],[35.683,-3.5983],[35.6846,-3.567],[35.7369,-3.5357],[35.7287,-3.5592],[35.7506,-3.6456]]]},"properties":{"key":"7","name":"Marang","class":"forest_candidate","areaHa":28686,"observed":true}},{"type":"Feature","geometry":{"type":"Polygon","coordinates":[[[33.0768,-3.5434],[33.0964,-3.5657],[33.1098,-3.6195],[33.1033,-3.6473],[33.0312,-3.6478],[33.013,-3.6756],[32.9757,-3.6874],[32.8329,-3.6165],[32.8581,-3.5541],[32.8792,-3.5452],[32.9795,-3.6159],[33.0768,-3.5434]]]},"properties":{"key":"8","name":"Nindo","class":"forest_candidate","areaHa":27141,"observed":true}},{"type":"Feature","geometry":{"type":"Polygon","coordinates":[[[33.4287,-3.6086],[33.4309,-3.6298],[33.4115,-3.6259],[33.4113,-3.6062],[33.4287,-3.6086]]]},"properties":{"key":"9","name":"Lubaga","class":"forest_candidate","areaHa":439,"observed":true}},{"type":"Feature","geometry":{"type":"Polygon","coordinates":[[[33.3141,-3.7001],[33.2748,-3.6833],[33.3113,-3.6199],[33.325,-3.6151],[33.3471,-3.6463],[33.3141,-3.7001]]]},"properties":{"key":"10","name":"Mwantini Hill","class":"forest_candidate","areaHa":4001,"observed":true}},{"type":"Feature","geometry":{"type":"Polygon","coordinates":[[[33.2455,-3.6352],[33.2599,-3.6433],[33.2612,-3.6577],[33.2356,-3.6574],[33.2455,-3.6352]]]},"properties":{"key":"11","name":"Buyange","class":"forest_candidate","areaHa":459,"observed":true}},{"type":"Feature","geometry":{"type":"Polygon","coordinates":[[[31.7732,-1.3714],[31.7947,-1.3797],[31.7916,-1.3753],[31.8028,-1.3654],[31.8111,-1.3912],[31.7732,-1.3714]]]},"properties":{"key":"12","name":"Rubale","class":"forest_candidate","areaHa":509,"observed":true}},{"type":"Feature","geometry":{"type":"Polygon","coordinates":[[[33.2699,-3.6728],[33.2682,-3.6933],[33.2499,-3.6866],[33.2529,-3.6722],[33.2699,-3.6728]]]},"properties":{"key":"13","name":"Manongho","class":"forest_candidate","areaHa":380,"observed":true}},{"type":"Feature","geometry":{"type":"Polygon","coordinates":[[[30.899,-3.7555],[30.9154,-3.7903],[30.9453,-3.7995],[30.997,-3.7305],[31.056,-3.7378],[31.0934,-3.6878],[31.1351,-3.6806],[31.1946,-3.6921],[31.2211,-3.7225],[31.2547,-3.7277],[31.2932,-3.758],[31.3148,-3.8174],[31.3443,-3.8366],[31.3786,-3.9651],[31.3741,-4.0271],[31.3279,-4.1326],[31.356,-4.2477],[30.7426,-4.2503],[30.721,-4.2414],[30.7366,-4.1955],[30.7212,-4.17],[30.6931,-4.1627],[30.6757,-4.1055],[30.6036,-4.0413],[30.5708,-4.044],[30.5485,-4.0081],[30.5794,-3.9811],[30.6301,-3.9759],[30.6553,-3.9497],[30.66,-3.9177],[30.6787,-3.9049],[30.7058,-3.9142],[30.7495,-3.8881],[30.808,-3.8042],[30.8267,-3.745],[30.899,-3.7555]]]},"properties":{"key":"14","name":"Mwalye","class":"forest_candidate","areaHa":407528,"observed":true}},{"type":"Feature","geometry":{"type":"Polygon","coordinates":[[[32.3092,-3.7222],[32.4273,-3.7585],[32.4023,-3.8359],[32.2083,-3.7292],[32.2301,-3.6826],[32.3092,-3.7222]]]},"properties":{"key":"15","name":"Mkweni Hill","class":"forest_candidate","areaHa":16522,"observed":true}},{"type":"Feature","geometry":{"type":"Polygon","coordinates":[[[37.6583,-3.7286],[37.6476,-3.7658],[37.6375,-3.7624],[37.6455,-3.7267],[37.6583,-3.7286]]]},"properties":{"key":"16","name":"Kindoroko","class":"forest_candidate","areaHa":636,"observed":true}},{"type":"Feature","geometry":{"type":"Polygon","coordinates":[[[31.8799,-3.8309],[31.8695,-3.7922],[31.8808,-3.7788],[31.9882,-3.7417],[32.0824,-3.7847],[32.0042,-3.9651],[31.9275,-3.9203],[31.8698,-3.9141],[31.8349,-3.9286],[31.8799,-3.8309]]]},"properties":{"key":"17","name":"Usumbwa","class":"forest_candidate","areaHa":39159,"observed":true}},{"type":"Feature","geometry":{"type":"Polygon","coordinates":[[[32.8067,-3.806],[32.8661,-3.8117],[32.8636,-3.8465],[32.804,-3.8384],[32.8067,-3.806]]]},"properties":{"key":"18","name":"Mwalugulu","class":"forest_candidate","areaHa":2447,"observed":true}},{"type":"Feature","geometry":{"type":"Polygon","coordinates":[[[33.1915,-3.8219],[33.1944,-3.8305],[33.1882,-3.8332],[33.1915,-3.8219]]]},"properties":{"key":"19","name":"Nyamilanga Hill","class":"forest_candidate","areaHa":89,"observed":true}},{"type":"Feature","geometry":{"type":"Polygon","coordinates":[[[32.5916,-3.8466],[32.5841,-3.8507],[32.5802,-3.8466],[32.5851,-3.8362],[32.5916,-3.8466]]]},"properties":{"key":"20","name":"Kahama Dam","class":"forest_candidate","areaHa":142,"observed":true}},{"type":"Feature","geometry":{"type":"Polygon","coordinates":[[[33.1679,-3.8444],[33.1653,-3.8457],[33.1666,-3.8391],[33.1727,-3.8407],[33.1679,-3.8444]]]},"properties":{"key":"21","name":"Buyoga","class":"forest_candidate","areaHa":40,"observed":true}},{"type":"Feature","geometry":{"type":"Polygon","coordinates":[[[33.1788,-3.8532],[33.1661,-3.8613],[33.1692,-3.8523],[33.1788,-3.8532]]]},"properties":{"key":"22","name":"Mwatunge","class":"forest_candidate","areaHa":85,"observed":true}},{"type":"Feature","geometry":{"type":"Polygon","coordinates":[[[34.4173,-1.3688],[34.4216,-1.3677],[34.42,-1.3724],[34.4173,-1.3688]]]},"properties":{"key":"23","name":"Mugaberi","class":"forest_candidate","areaHa":19,"observed":true}},{"type":"Feature","geometry":{"type":"Polygon","coordinates":[[[32.2552,-3.899],[32.2614,-3.8658],[32.3331,-3.9123],[32.276,-3.9501],[32.2552,-3.899]]]},"properties":{"key":"24","name":"Muhunze","class":"forest_candidate","areaHa":3471,"observed":true}},{"type":"Feature","geometry":{"type":"Polygon","coordinates":[[[35.6919,-3.8712],[35.6989,-3.8925],[35.6392,-3.9658],[35.6287,-3.9501],[35.64,-3.921],[35.631,-3.8888],[35.6581,-3.8672],[35.6919,-3.8712]]]},"properties":{"key":"25","name":"Hassama Hill","class":"forest_candidate","areaHa":4869,"observed":true}},{"type":"Feature","geometry":{"type":"Polygon","coordinates":[[[33.1749,-3.8873],[33.1717,-3.8782],[33.177,-3.8764],[33.1749,-3.8873]]]},"properties":{"key":"26","name":"Mwangilye Hill","class":"forest_candidate","areaHa":87,"observed":true}},{"type":"Feature","geometry":{"type":"Polygon","coordinates":[[[35.4445,-3.9478],[35.4825,-3.9283],[35.493,-3.9041],[35.5345,-3.8928],[35.5295,-3.9539],[35.5063,-3.9684],[35.5135,-3.9909],[35.5721,-4.0419],[35.5751,-4.0838],[35.5622,-4.1018],[35.5838,-4.1245],[35.5609,-4.1688],[35.5225,-4.2001],[35.5024,-4.1923],[35.4798,-4.1407],[35.4538,-4.1409],[35.4474,-4.0751],[35.4644,-4.0566],[35.4691,-4.0003],[35.4445,-3.9478]]]},"properties":{"key":"27","name":"Nou","class":"forest_candidate","areaHa":30318,"observed":true}},{"type":"Feature","geometry":{"type":"Polygon","coordinates":[[[32.8374,-4.0245],[32.8563,-4.0513],[32.7266,-4.0592],[32.6998,-4.0458],[32.7042,-4.0003],[32.7155,-3.994],[32.7996,-4.0138],[32.8074,-3.9919],[32.8556,-3.9583],[32.8531,-4.0],[32.8374,-4.0245]]]},"properties":{"key":"28","name":"Mwakarundi","class":"forest_candidate","areaHa":11459,"observed":true}},{"type":"Feature","geometry":{"type":"Polygon","coordinates":[[[32.7072,-4.0003],[32.6969,-4.0637],[32.6744,-4.0646],[32.6553,-4.0001],[32.7072,-4.0003]]]},"properties":{"key":"29","name":"Mkamba","class":"forest_candidate","areaHa":3015,"observed":true}},{"type":"Feature","geometry":{"type":"Polygon","coordinates":[[[37.7184,-4.0118],[37.7333,-4.0285],[37.749,-4.0189],[37.755,-4.0489],[37.7237,-4.0542],[37.7035,-4.0168],[37.7184,-4.0118]]]},"properties":{"key":"30","name":"Vumari","class":"forest_candidate","areaHa":1841,"observed":true}},{"type":"Feature","geometry":{"type":"Polygon","coordinates":[[[30.5708,-4.044],[30.6036,-4.0413],[30.6109,-4.0567],[30.6524,-4.0752],[30.6494,-4.0904],[30.6764,-4.1067],[30.6931,-4.1627],[30.7212,-4.17],[30.7366,-4.1955],[30.7207,-4.2411],[30.7422,-4.2466],[30.7456,-4.278],[30.7256,-4.2903],[30.7277,-4.315],[30.6839,-4.3471],[30.6826,-4.3821],[30.6654,-4.3648],[30.6287,-4.3762],[30.5676,-4.3493],[30.5451,-4.3566],[30.5416,-4.3399],[30.4968,-4.3144],[30.4535,-4.3077],[30.476,-4.2493],[30.4647,-4.2316],[30.4939,-4.1973],[30.513,-4.1239],[30.5452,-4.0614],[30.5495,-4.0215],[30.5708,-4.044]]]},"properties":{"key":"31","name":"North Makere","class":"forest_candidate","areaHa":77985,"observed":true}},{"type":"Feature","geometry":{"type":"Polygon","coordinates":[[[32.4107,-4.0946],[32.3622,-4.1582],[32.2897,-4.1204],[32.266,-4.0932],[32.3307,-4.0372],[32.4107,-4.0946]]]},"properties":{"key":"32","name":"Ukune","class":"forest_candidate","areaHa":11086,"observed":true}},{"type":"Feature","geometry":{"type":"Polygon","coordinates":[[[37.7676,-4.1023],[37.7554,-4.0601],[37.8097,-4.0605],[37.8466,-4.0833],[37.8484,-4.1215],[37.8017,-4.1314],[37.7676,-4.1023]],[[37.8097,-4.1084],[37.7991,-4.1056],[37.803,-4.1168],[37.8097,-4.1084]],[[37.7982,-4.0929],[37.7935,-4.091],[37.7896,-4.0939],[37.7982,-4.0929]]]},"properties":{"key":"33","name":"Chambogo","class":"forest_candidate","areaHa":5350,"observed":true}},{"type":"Feature","geometry":{"type":"Polygon","coordinates":[[[34.4903,-1.369],[34.4953,-1.3702],[34.4948,-1.3726],[34.4903,-1.369]]]},"properties":{"key":"34","name":"Nyabasi","class":"forest_candidate","areaHa":30,"observed":true}},{"type":"Feature","geometry":{"type":"Polygon","coordinates":[[[37.7166,-4.0814],[37.7218,-4.0721],[37.7265,-4.0792],[37.7166,-4.0814]]]},"properties":{"key":"35","name":"Koko Hill","class":"forest_candidate","areaHa":99,"observed":true}},{"type":"Feature","geometry":{"type":"Polygon","coordinates":[[[37.8466,-4.0833],[37.8895,-4.0781],[37.9008,-4.1188],[37.8687,-4.1334],[37.8482,-4.1216],[37.8466,-4.0833]]]},"properties":{"key":"36","name":"Kwizu","class":"forest_candidate","areaHa":2982,"observed":true}},{"type":"Feature","geometry":{"type":"Polygon","coordinates":[[[37.7982,-4.0929],[37.7938,-4.0977],[37.7896,-4.0939],[37.7982,-4.0929]]]},"properties":{"key":"37","name":"Land","class":"forest_candidate","areaHa":42,"observed":true}},{"type":"Feature","geometry":{"type":"Polygon","coordinates":[[[37.8097,-4.1084],[37.8141,-4.1136],[37.803,-4.1168],[37.7991,-4.1056],[37.8097,-4.1084]]]},"properties":{"key":"38","name":"Land","class":"forest_candidate","areaHa":144,"observed":true}},{"type":"Feature","geometry":{"type":"Polygon","coordinates":[[[37.9542,-4.1424],[37.9495,-4.1535],[37.9433,-4.1498],[37.9542,-4.1424]]]},"properties":{"key":"39","name":"Kisiwani","class":"forest_candidate","areaHa":110,"observed":true}},{"type":"Feature","geometry":{"type":"Polygon","coordinates":[[[33.0372,-4.1776],[33.0213,-4.1741],[33.027,-4.1684],[33.0372,-4.1776]]]},"properties":{"key":"40","name":"Itobo Dam","class":"forest_candidate","areaHa":129,"observed":true}},{"type":"Feature","geometry":{"type":"Polygon","coordinates":[[[32.1737,-4.3176],[32.1678,-4.3593],[32.133,-4.3322],[32.0882,-4.3338],[32.0691,-4.3231],[32.0408,-4.3656],[31.995,-4.3529],[31.9645,-4.2878],[31.9943,-4.1863],[32.0043,-4.1836],[32.0903,-4.2406],[32.2203,-4.2617],[32.1737,-4.3176]]]},"properties":{"key":"41","name":"Ushetu Ubagwe","class":"forest_candidate","areaHa":30881,"observed":true}},{"type":"Feature","geometry":{"type":"Polygon","coordinates":[[[32.9034,-4.187],[32.9026,-4.1923],[32.8909,-4.1932],[32.9034,-4.187]]]},"properties":{"key":"42","name":"Uduka","class":"forest_candidate","areaHa":86,"observed":true}},{"type":"Feature","geometry":{"type":"Polygon","coordinates":[[[35.8294,-4.2051],[35.8438,-4.196],[35.8537,-4.2072],[35.8593,-4.2439],[35.8468,-4.2599],[35.8121,-4.2606],[35.7796,-4.2397],[35.7772,-4.2135],[35.8068,-4.1976],[35.8294,-4.2051]]]},"properties":{"key":"43","name":"Ufiome","class":"forest_candidate","areaHa":5399,"observed":true}},{"type":"Feature","geometry":{"type":"Polygon","coordinates":[[[38.0018,-4.3345],[37.9962,-4.3554],[37.9759,-4.3662],[37.9305,-4.345],[37.9129,-4.3886],[37.8991,-4.3043],[37.9143,-4.2772],[37.9021,-4.2223],[37.9091,-4.2056],[37.9213,-4.1992],[37.9679,-4.2254],[37.9941,-4.3011],[37.9873,-4.3191],[38.0018,-4.3345]]]},"properties":{"key":"44","name":"Chomme","class":"forest_candidate","areaHa":14030,"observed":true}},{"type":"Feature","geometry":{"type":"Polygon","coordinates":[[[34.6511,-1.3954],[34.6465,-1.3928],[34.6489,-1.3868],[34.6511,-1.3954]]]},"properties":{"key":"45","name":"Bwiregi","class":"forest_candidate","areaHa":81,"observed":true}},{"type":"Feature","geometry":{"type":"Polygon","coordinates":[[[33.4191,-4.2338],[33.4156,-4.2344],[33.4136,-4.2289],[33.4191,-4.2338]]]},"properties":{"key":"46","name":"Ziba","class":"forest_candidate","areaHa":21,"observed":true}},{"type":"Feature","geometry":{"type":"Polygon","coordinates":[[[38.0045,-4.2455],[38.0067,-4.2502],[37.9916,-4.2453],[38.0045,-4.2455]]]},"properties":{"key":"47","name":"Chongwani","class":"forest_candidate","areaHa":102,"observed":true}},{"type":"Feature","geometry":{"type":"Polygon","coordinates":[[[33.2491,-4.2631],[33.2465,-4.2572],[33.2504,-4.2601],[33.2491,-4.2631]]]},"properties":{"key":"48","name":"Mwakulu","class":"forest_candidate","areaHa":15,"observed":true}},{"type":"Feature","geometry":{"type":"Polygon","coordinates":[[[32.1737,-4.3176],[32.2203,-4.2617],[32.3657,-4.3053],[32.4326,-4.3451],[32.4993,-4.3246],[32.5365,-4.3319],[32.5067,-4.3523],[32.5495,-4.4495],[32.5924,-4.452],[32.6082,-4.5052],[32.5995,-4.5155],[32.6059,-4.6192],[32.7023,-4.5979],[32.7809,-4.6856],[32.828,-4.5436],[32.883,-4.4829],[32.8589,-4.7021],[32.8253,-4.7832],[32.7781,-4.7955],[32.7417,-4.7853],[32.5326,-4.8042],[32.4834,-4.7633],[32.4446,-4.7531],[32.4128,-4.7621],[32.4123,-4.6561],[32.3013,-4.6638],[32.241,-4.6399],[32.2121,-4.6071],[32.2077,-4.582],[32.1059,-4.493],[32.1184,-4.4721],[32.1868,-4.4458],[32.1678,-4.3593],[32.1737,-4.3176]]]},"properties":{"key":"49","name":"Igombe River","class":"forest_candidate","areaHa":259189,"observed":true}},{"type":"Feature","geometry":{"type":"Polygon","coordinates":[[[32.672,-4.2621],[32.8463,-4.2946],[32.8164,-4.3499],[32.7993,-4.3651],[32.7823,-4.3535],[32.7202,-4.4425],[32.7433,-4.4593],[32.7121,-4.5152],[32.6829,-4.5158],[32.6835,-4.4046],[32.6613,-4.2756],[32.672,-4.2621]]]},"properties":{"key":"50","name":"Kantu","class":"forest_candidate","areaHa":28061,"observed":true}},{"type":"Feature","geometry":{"type":"Polygon","coordinates":[[[38.0385,-4.2858],[38.0235,-4.2737],[38.0307,-4.2716],[38.0385,-4.2858]]]},"properties":{"key":"51","name":"Gonja","class":"forest_candidate","areaHa":94,"observed":true}},{"type":"Feature","geometry":{"type":"Polygon","coordinates":[[[35.7727,-4.2789],[35.7844,-4.2789],[35.7661,-4.3243],[35.76,-4.2967],[35.7727,-4.2789]]]},"properties":{"key":"52","name":"Haraa","class":"forest_candidate","areaHa":670,"observed":true}},{"type":"Feature","geometry":{"type":"Polygon","coordinates":[[[33.3737,-4.3654],[33.3547,-4.4041],[33.3313,-4.4175],[33.3368,-4.3238],[33.3538,-4.2912],[33.3737,-4.3654]]]},"properties":{"key":"53","name":"Kaghongho","class":"forest_candidate","areaHa":4073,"observed":true}},{"type":"Feature","geometry":{"type":"Polygon","coordinates":[[[30.4968,-4.3144],[30.5416,-4.3399],[30.5451,-4.3566],[30.5676,-4.3493],[30.6426,-4.3761],[30.6676,-4.4028],[30.6603,-4.4335],[30.6407,-4.4353],[30.6357,-4.4246],[30.628,-4.4356],[30.6395,-4.4409],[30.6298,-4.4515],[30.6364,-4.4608],[30.6528,-4.4577],[30.6353,-4.4831],[30.6531,-4.5062],[30.637,-4.5107],[30.6715,-4.5324],[30.642,-4.5354],[30.6201,-4.5598],[30.6248,-4.6003],[30.5864,-4.5905],[30.5663,-4.5479],[30.4815,-4.519],[30.4132,-4.5128],[30.3648,-4.458],[30.406,-4.4201],[30.4535,-4.3077],[30.4968,-4.3144]]]},"properties":{"key":"54","name":"Sourth Makere","class":"forest_candidate","areaHa":59464,"observed":true}},{"type":"Feature","geometry":{"type":"Polygon","coordinates":[[[37.997,-4.3188],[37.9991,-4.3224],[37.9964,-4.3246],[37.9873,-4.3191],[37.997,-4.3188]]]},"properties":{"key":"55","name":"Maganda","class":"forest_candidate","areaHa":43,"observed":true}},{"type":"Feature","geometry":{"type":"Polygon","coordinates":[[[33.9792,-1.7905],[33.9887,-1.7961],[33.99,-1.8014],[33.9761,-1.8059],[33.9792,-1.7905]]]},"properties":{"key":"56","name":"Karano","class":"forest_candidate","areaHa":185,"observed":true}},{"type":"Feature","geometry":{"type":"Polygon","coordinates":[[[35.8128,-4.3465],[35.7923,-4.3558],[35.807,-4.3623],[35.7929,-4.3848],[35.7754,-4.3982],[35.7497,-4.3802],[35.743,-4.4118],[35.7248,-4.4172],[35.7137,-4.3854],[35.7745,-4.3227],[35.8128,-4.3465]]]},"properties":{"key":"57","name":"Bereku","class":"forest_candidate","areaHa":5255,"observed":true}},{"type":"Feature","geometry":{"type":"Polygon","coordinates":[[[38.004,-4.3468],[38.009,-4.3799],[37.9909,-4.3675],[37.9759,-4.3662],[38.004,-4.3468]]]},"properties":{"key":"58","name":"Kilanga Hengae","class":"forest_candidate","areaHa":485,"observed":true}},{"type":"Feature","geometry":{"type":"Polygon","coordinates":[[[37.9541,-4.3799],[37.9569,-4.3725],[37.9636,-4.3759],[37.9541,-4.3799]]]},"properties":{"key":"59","name":"Kankoma","class":"forest_candidate","areaHa":71,"observed":true}},{"type":"Feature","geometry":{"type":"Polygon","coordinates":[[[35.3668,-4.4317],[35.399,-4.3977],[35.4501,-4.4385],[35.4331,-4.4784],[35.3976,-4.4852],[35.365,-4.4496],[35.3668,-4.4317]]]},"properties":{"key":"60","name":"Hanang","class":"forest_candidate","areaHa":5890,"observed":true}},{"type":"Feature","geometry":{"type":"Polygon","coordinates":[[[35.7858,-4.634],[35.7739,-4.6232],[35.7397,-4.5592],[35.7563,-4.5055],[35.7486,-4.4752],[35.7734,-4.4695],[35.7808,-4.4849],[35.7864,-4.4672],[35.7963,-4.4722],[35.8112,-4.4541],[35.8217,-4.4766],[35.7608,-4.5614],[35.776,-4.5887],[35.803,-4.6033],[35.8029,-4.6215],[35.7858,-4.634]]]},"properties":{"key":"61","name":"Salanga","class":"forest_candidate","areaHa":7387,"observed":true}},{"type":"Feature","geometry":{"type":"Polygon","coordinates":[[[38.3205,-4.5593],[38.2771,-4.5502],[38.2703,-4.5378],[38.2519,-4.5538],[38.2427,-4.5502],[38.2378,-4.4986],[38.2812,-4.4886],[38.3074,-4.4663],[38.3347,-4.4723],[38.3205,-4.5593]]]},"properties":{"key":"62","name":"Shagayu","class":"forest_candidate","areaHa":7995,"observed":true}},{"type":"Feature","geometry":{"type":"Polygon","coordinates":[[[32.923,-4.4706],[32.9726,-4.4902],[32.9736,-4.5333],[32.9445,-4.5662],[32.9498,-4.7427],[32.8396,-4.7526],[32.868,-4.6543],[32.883,-4.4829],[32.923,-4.4706]]]},"properties":{"key":"63","name":"Ilomero Hill","class":"forest_candidate","areaHa":28106,"observed":true}},{"type":"Feature","geometry":{"type":"Polygon","coordinates":[[[33.1691,-4.4952],[33.0894,-4.4994],[33.0891,-4.487],[33.1677,-4.483],[33.1691,-4.4952]]]},"properties":{"key":"64","name":"Ngukumo","class":"forest_candidate","areaHa":1197,"observed":true}},{"type":"Feature","geometry":{"type":"Polygon","coordinates":[[[33.6012,-4.5407],[33.6757,-4.5055],[33.7092,-4.5113],[33.6916,-4.6325],[33.5945,-4.6011],[33.6012,-4.5407]]]},"properties":{"key":"65","name":"Unyambiu Hill","class":"forest_candidate","areaHa":12488,"observed":true}},{"type":"Feature","geometry":{"type":"Polygon","coordinates":[[[33.2197,-4.5731],[33.1855,-4.5696],[33.1647,-4.5539],[33.1699,-4.5191],[33.222,-4.5234],[33.2197,-4.5731]]]},"properties":{"key":"66","name":"Mwanhala","class":"forest_candidate","areaHa":3079,"observed":true}},{"type":"Feature","geometry":{"type":"Polygon","coordinates":[[[33.863,-1.8085],[33.8845,-1.828],[33.8981,-1.8251],[33.928,-1.87],[33.8972,-1.8857],[33.8842,-1.8677],[33.8886,-1.8532],[33.8498,-1.8194],[33.863,-1.8085]]]},"properties":{"key":"67","name":"Kyanyari","class":"forest_candidate","areaHa":2885,"observed":true}},{"type":"Feature","geometry":{"type":"Polygon","coordinates":[[[38.3463,-4.5306],[38.3296,-4.5528],[38.3283,-4.5338],[38.333,-4.5224],[38.3463,-4.5306]]]},"properties":{"key":"68","name":"Bagai","class":"forest_candidate","areaHa":316,"observed":true}},{"type":"Feature","geometry":{"type":"Polygon","coordinates":[[[31.7338,-4.9374],[31.7426,-4.8785],[31.7037,-4.8366],[31.6892,-4.7344],[31.6723,-4.7063],[31.6212,-4.6721],[31.6403,-4.6377],[31.7482,-4.5746],[31.8535,-4.5505],[31.8922,-4.5637],[31.9127,-4.6],[31.9761,-4.5952],[32.0248,-4.5255],[32.0608,-4.5384],[32.0973,-4.5861],[32.182,-4.6461],[32.2757,-4.6749],[32.2904,-4.8376],[32.2371,-4.8763],[32.1744,-4.8838],[32.1743,-4.842],[32.0241,-4.8431],[32.0261,-5.0467],[31.7338,-4.9374]]]},"properties":{"key":"69","name":"Ulyankulu","class":"forest_candidate","areaHa":244713,"observed":true}},{"type":"Feature","geometry":{"type":"Polygon","coordinates":[[[38.3723,-4.5546],[38.3675,-4.5547],[38.366,-4.5468],[38.375,-4.5442],[38.3723,-4.5546]]]},"properties":{"key":"70","name":"Kitulio","class":"forest_candidate","areaHa":86,"observed":true}},{"type":"Feature","geometry":{"type":"Polygon","coordinates":[[[38.4308,-4.5548],[38.4545,-4.5832],[38.4219,-4.5943],[38.4189,-4.5565],[38.4308,-4.5548]]]},"properties":{"key":"71","name":"Ndasha","class":"forest_candidate","areaHa":1209,"observed":true}},{"type":"Feature","geometry":{"type":"Polygon","coordinates":[[[33.1643,-4.6081],[33.1056,-4.6119],[33.1038,-4.5674],[33.1605,-4.5635],[33.1643,-4.6081]]]},"properties":{"key":"72","name":"Puge North","class":"forest_candidate","areaHa":2999,"observed":true}},{"type":"Feature","geometry":{"type":"Polygon","coordinates":[[[38.2594,-4.5718],[38.2862,-4.5683],[38.2757,-4.5699],[38.2594,-4.5718]]]},"properties":{"key":"73","name":"Mzogoti","class":"forest_candidate","areaHa":147,"observed":true}},{"type":"Feature","geometry":{"type":"Polygon","coordinates":[[[33.6916,-4.6325],[33.6704,-4.7794],[33.579,-4.7314],[33.5945,-4.6011],[33.6916,-4.6325]]]},"properties":{"key":"74","name":"Unyumbui South","class":"forest_candidate","areaHa":16624,"observed":true}},{"type":"Feature","geometry":{"type":"Polygon","coordinates":[[[38.4176,-4.6108],[38.4085,-4.6103],[38.4119,-4.6049],[38.4176,-4.6108]]]},"properties":{"key":"75","name":"Mazashai","class":"forest_candidate","areaHa":52,"observed":true}},{"type":"Feature","geometry":{"type":"Polygon","coordinates":[[[38.2787,-4.6242],[38.2556,-4.6323],[38.2672,-4.6508],[38.2786,-4.6493],[38.2738,-4.6575],[38.2348,-4.625],[38.2386,-4.6091],[38.2471,-4.6269],[38.2787,-4.6242]]]},"properties":{"key":"76","name":"Chambogo","class":"forest_candidate","areaHa":743,"observed":true}},{"type":"Feature","geometry":{"type":"Polygon","coordinates":[[[38.3749,-4.6376],[38.3714,-4.6429],[38.3573,-4.6221],[38.3686,-4.6135],[38.3749,-4.6376]]]},"properties":{"key":"77","name":"Bombo Makole","class":"forest_candidate","areaHa":340,"observed":true}},{"type":"Feature","geometry":{"type":"Polygon","coordinates":[[[32.8636,-1.9415],[32.8646,-1.9482],[32.8545,-1.9374],[32.8636,-1.9415]]]},"properties":{"key":"78","name":"Mkigagi","class":"forest_candidate","areaHa":72,"observed":true}},{"type":"Feature","geometry":{"type":"Polygon","coordinates":[[[38.1841,-4.6249],[38.1966,-4.615],[38.2035,-4.6156],[38.1841,-4.6249]]]},"properties":{"key":"79","name":"Kwekanda","class":"forest_candidate","areaHa":123,"observed":true}},{"type":"Feature","geometry":{"type":"Polygon","coordinates":[[[38.2004,-4.7433],[38.2059,-4.7219],[38.1915,-4.6999],[38.2017,-4.6936],[38.2023,-4.6623],[38.1898,-4.6425],[38.2181,-4.6159],[38.2152,-4.6392],[38.2364,-4.6752],[38.2166,-4.7022],[38.2361,-4.6814],[38.2375,-4.6767],[38.2366,-4.6671],[38.2719,-4.6661],[38.2771,-4.6833],[38.3073,-4.6824],[38.3024,-4.699],[38.3283,-4.7176],[38.319,-4.7404],[38.2958,-4.7169],[38.28,-4.7243],[38.292,-4.7565],[38.2578,-4.7843],[38.2004,-4.7433]],[[38.2259,-4.6975],[38.2246,-4.6966],[38.2236,-4.6981],[38.2259,-4.6975]]]},"properties":{"key":"80","name":"Shume Magamba","class":"forest_candidate","areaHa":13175,"observed":true}},{"type":"Feature","geometry":{"type":"Polygon","coordinates":[[[38.3428,-4.6318],[38.3298,-4.6413],[38.3219,-4.6278],[38.3292,-4.6193],[38.3428,-4.6318]]]},"properties":{"key":"81","name":"Mtumbi","class":"forest_candidate","areaHa":310,"observed":true}},{"type":"Feature","geometry":{"type":"Polygon","coordinates":[[[35.8029,-4.6215],[35.8279,-4.6324],[35.8367,-4.6675],[35.8171,-4.7173],[35.7858,-4.634],[35.8029,-4.6215]]]},"properties":{"key":"82","name":"Isabe","class":"forest_candidate","areaHa":3102,"observed":true}},{"type":"Feature","geometry":{"type":"Polygon","coordinates":[[[38.2001,-4.6307],[38.1898,-4.6425],[38.2021,-4.661],[38.2002,-4.6957],[38.2003,-4.6637],[38.1876,-4.6542],[38.1917,-4.6288],[38.2001,-4.6307]]]},"properties":{"key":"83","name":"Shume Lands","class":"forest_candidate","areaHa":363,"observed":true}},{"type":"Feature","geometry":{"type":"Polygon","coordinates":[[[38.1893,-4.6573],[38.1824,-4.6639],[38.1794,-4.6545],[38.1885,-4.6416],[38.1893,-4.6573]]]},"properties":{"key":"84","name":"Manka","class":"forest_candidate","areaHa":145,"observed":true}},{"type":"Feature","geometry":{"type":"Polygon","coordinates":[[[38.2012,-4.6753],[38.1929,-4.6937],[38.195,-4.6772],[38.1911,-4.6576],[38.2012,-4.6753]]]},"properties":{"key":"85","name":"Kikongoloi","class":"forest_candidate","areaHa":268,"observed":true}},{"type":"Feature","geometry":{"type":"Polygon","coordinates":[[[30.0081,-4.8376],[30.0311,-4.8052],[30.0622,-4.8158],[30.0372,-4.7734],[30.0417,-4.7551],[30.0664,-4.7512],[30.0452,-4.7287],[30.0612,-4.6973],[30.1003,-4.6899],[30.1027,-4.6985],[30.1122,-4.686],[30.1597,-4.6761],[30.2098,-4.7682],[30.2011,-4.7708],[30.2156,-4.8093],[30.2488,-4.8262],[30.2731,-4.9307],[30.1762,-4.967],[30.1783,-5.0236],[30.1374,-5.0323],[30.0882,-5.0052],[30.0197,-4.9948],[30.0207,-4.9761],[29.985,-4.9758],[29.9457,-5.011],[29.9196,-4.9999],[29.8936,-4.9619],[29.8434,-4.9696],[29.8639,-4.942],[29.8365,-4.9012],[29.8334,-4.8687],[29.8936,-4.8861],[29.9079,-4.8809],[29.9022,-4.8565],[30.0081,-4.8376]]]},"properties":{"key":"86","name":"Mkuti","class":"forest_candidate","areaHa":102078,"observed":true}},{"type":"Feature","geometry":{"type":"Polygon","coordinates":[[[38.2253,-4.6948],[38.2175,-4.7029],[38.2175,-4.6996],[38.2253,-4.6948]]]},"properties":{"key":"87","name":"Gologolo West","class":"forest_candidate","areaHa":61,"observed":true}},{"type":"Feature","geometry":{"type":"Polygon","coordinates":[[[38.4094,-4.7309],[38.419,-4.7296],[38.4049,-4.7057],[38.4185,-4.694],[38.4268,-4.7222],[38.4136,-4.7529],[38.4094,-4.7309]]]},"properties":{"key":"88","name":"Kitara Ridge","class":"forest_candidate","areaHa":781,"observed":true}},{"type":"Feature","geometry":{"type":"Polygon","coordinates":[[[32.8567,-1.9466],[32.8523,-1.9394],[32.8572,-1.939],[32.8646,-1.9482],[32.8567,-1.9466]]]},"properties":{"key":"89","name":"Mkigagi","class":"forest_candidate","areaHa":81,"observed":true}},{"type":"Feature","geometry":{"type":"Polygon","coordinates":[[[38.2246,-4.6966],[38.2259,-4.6975],[38.225,-4.699],[38.2246,-4.6966]]]},"properties":{"key":"90","name":"Gologolo East","class":"forest_candidate","areaHa":4,"observed":true}},{"type":"Feature","geometry":{"type":"Polygon","coordinates":[[[35.857,-4.7436],[35.87,-4.708],[35.9361,-4.7212],[35.9151,-4.7513],[35.9063,-4.7454],[35.8835,-4.766],[35.857,-4.7436]]]},"properties":{"key":"91","name":"Kome","class":"forest_candidate","areaHa":3221,"observed":true}},{"type":"Feature","geometry":{"type":"Polygon","coordinates":[[[38.2962,-4.7549],[38.3202,-4.7443],[38.3326,-4.766],[38.3379,-4.7496],[38.3738,-4.7521],[38.3708,-4.7297],[38.3823,-4.7157],[38.3962,-4.7183],[38.3811,-4.7294],[38.3946,-4.7606],[38.4136,-4.7529],[38.4069,-4.7781],[38.3695,-4.7792],[38.3598,-4.7672],[38.3172,-4.7781],[38.3119,-4.7927],[38.2962,-4.7549]]]},"properties":{"key":"92","name":"Mkusu","class":"forest_candidate","areaHa":4264,"observed":true}},{"type":"Feature","geometry":{"type":"Polygon","coordinates":[[[38.6902,-4.7652],[38.7043,-4.7343],[38.7272,-4.7554],[38.6895,-4.8087],[38.6435,-4.7827],[38.661,-4.7595],[38.6902,-4.7652]]]},"properties":{"key":"93","name":"Bombo West","class":"forest_candidate","areaHa":3649,"observed":true}},{"type":"Feature","geometry":{"type":"Polygon","coordinates":[[[29.7888,-4.8501],[29.7593,-4.8567],[29.758,-4.8791],[29.7371,-4.8428],[29.7555,-4.812],[29.7451,-4.7992],[29.7927,-4.7774],[29.8122,-4.7421],[29.8309,-4.736],[29.836,-4.7524],[29.7874,-4.7948],[29.7888,-4.8501]]]},"properties":{"key":"94","name":"Luiche","class":"forest_candidate","areaHa":5348,"observed":true}},{"type":"Feature","geometry":{"type":"Polygon","coordinates":[[[38.822,-4.7549],[38.8085,-4.7945],[38.8064,-4.762],[38.7892,-4.7782],[38.7928,-4.7488],[38.8034,-4.7531],[38.8105,-4.7405],[38.822,-4.7549]]]},"properties":{"key":"95","name":"Mgambo","class":"forest_candidate","areaHa":1098,"observed":true}},{"type":"Feature","geometry":{"type":"Polygon","coordinates":[[[38.4217,-4.7721],[38.4501,-4.7587],[38.4562,-4.7746],[38.4217,-4.7721]]]},"properties":{"key":"96","name":"Baga 1","class":"forest_candidate","areaHa":385,"observed":true}},{"type":"Feature","geometry":{"type":"Polygon","coordinates":[[[38.4697,-4.7599],[38.4766,-4.7839],[38.4878,-4.7745],[38.4938,-4.8173],[38.5187,-4.8245],[38.498,-4.8301],[38.4885,-4.847],[38.482,-4.8284],[38.4616,-4.8217],[38.472,-4.8096],[38.4568,-4.7997],[38.4412,-4.8147],[38.4407,-4.7988],[38.414,-4.8011],[38.4186,-4.7862],[38.4457,-4.7947],[38.4697,-4.7599]]]},"properties":{"key":"97","name":"Baga 11","class":"forest_candidate","areaHa":3186,"observed":true}},{"type":"Feature","geometry":{"type":"Polygon","coordinates":[[[36.0,-4.9999],[35.984,-4.9987],[35.9945,-4.9764],[36.004,-5.0006],[36.0151,-4.9999],[36.0437,-4.9551],[36.051,-4.9282],[36.0354,-4.8793],[36.0111,-4.8765],[36.0087,-4.8625],[35.9739,-4.8407],[35.9537,-4.8553],[35.9188,-4.8366],[35.9104,-4.8663],[35.8845,-4.8522],[35.8728,-4.8261],[35.8842,-4.8093],[35.8665,-4.7857],[35.8771,-4.7633],[35.9272,-4.8163],[35.9632,-4.8195],[36.0023,-4.8422],[36.0277,-4.8283],[36.0441,-4.8429],[36.0327,-4.851],[36.0955,-4.8696],[36.1054,-4.9074],[36.0618,-4.9324],[36.0538,-4.9856],[36.0194,-5.0129],[36.0406,-5.0224],[36.0386,-5.038],[36.0024,-5.0601],[36.0,-4.9999]],[[36.0241,-4.8548],[36.0185,-4.8421],[36.0063,-4.8516],[36.016,-4.862],[36.0241,-4.8548]],[[35.9537,-4.8351],[35.9439,-4.833],[35.9444,-4.8387],[35.9537,-4.8351]],[[35.9275,-4.8277],[35.9238,-4.8166],[35.9112,-4.8285],[35.9275,-4.8277]]]},"properties":{"key":"98","name":"Irangi Escarpment","class":"forest_candidate","areaHa":15773,"observed":true}},{"type":"Feature","geometry":{"type":"Polygon","coordinates":[[[38.5342,-4.7745],[38.5513,-4.7834],[38.5586,-4.7689],[38.5741,-4.7983],[38.564,-4.7916],[38.5231,-4.8253],[38.5342,-4.7745]]]},"properties":{"key":"99","name":"Kisima Gonja","class":"forest_candidate","areaHa":1572,"observed":true}},{"type":"Feature","geometry":{"type":"Polygon","coordinates":[[[35.6449,-2.0458],[35.6413,-2.0314],[35.6256,-2.0472],[35.6048,-2.0365],[35.6192,-2.0259],[35.6262,-2.0341],[35.6219,-2.0086],[35.6459,-2.0131],[35.6271,-1.9899],[35.6345,-1.9746],[35.6752,-1.9965],[35.6916,-1.9753],[35.7214,-1.9695],[35.7502,-1.9902],[35.7151,-2.011],[35.7014,-2.0465],[35.668,-2.0546],[35.6649,-2.0334],[35.6751,-2.0261],[35.6653,-2.0216],[35.6599,-2.0477],[35.6449,-2.0458]]]},"properties":{"key":"100","name":"Itira","class":"forest_candidate","areaHa":7428,"observed":true}},{"type":"Feature","geometry":{"type":"Polygon","coordinates":[[[38.3035,-4.7877],[38.2963,-4.7947],[38.2953,-4.7853],[38.3035,-4.7877]]]},"properties":{"key":"101","name":"Kitivo North","class":"forest_candidate","areaHa":69,"observed":true}},{"type":"Feature","geometry":{"type":"Polygon","coordinates":[[[38.3243,-4.7861],[38.3229,-4.7902],[38.322,-4.7896],[38.3243,-4.7861]]]},"properties":{"key":"102","name":"Zinge","class":"forest_candidate","areaHa":9,"observed":true}},{"type":"Feature","geometry":{"type":"Polygon","coordinates":[[[38.2809,-4.79],[38.2796,-4.7914],[38.2788,-4.791],[38.2809,-4.79]]]},"properties":{"key":"103","name":"Kwembogo","class":"forest_candidate","areaHa":5,"observed":true}},{"type":"Feature","geometry":{"type":"Polygon","coordinates":[[[33.0658,-4.8191],[33.0687,-4.79],[33.1413,-4.7979],[33.1362,-4.8288],[33.0658,-4.8191]]]},"properties":{"key":"104","name":"Puge South","class":"forest_candidate","areaHa":2598,"observed":true}},{"type":"Feature","geometry":{"type":"Polygon","coordinates":[[[32.7406,-4.7928],[32.7608,-4.8909],[32.7354,-4.9268],[32.7234,-4.9071],[32.708,-4.9087],[32.6977,-4.7951],[32.7406,-4.7928]]]},"properties":{"key":"105","name":"Igombe Dam","class":"forest_candidate","areaHa":6768,"observed":true}},{"type":"Feature","geometry":{"type":"Polygon","coordinates":[[[38.2825,-4.7932],[38.2832,-4.7985],[38.2807,-4.7956],[38.2825,-4.7932]]]},"properties":{"key":"106","name":"Lushoto","class":"forest_candidate","areaHa":11,"observed":true}},{"type":"Feature","geometry":{"type":"Polygon","coordinates":[[[38.303,-4.8007],[38.2985,-4.8031],[38.2972,-4.796],[38.303,-4.8007]]]},"properties":{"key":"107","name":"Kitivo South","class":"forest_candidate","areaHa":38,"observed":true}},{"type":"Feature","geometry":{"type":"Polygon","coordinates":[[[38.7836,-4.8501],[38.757,-4.8836],[38.7445,-4.8718],[38.747,-4.849],[38.729,-4.8547],[38.7267,-4.8451],[38.7433,-4.82],[38.7319,-4.8057],[38.7654,-4.7955],[38.7836,-4.8501]]]},"properties":{"key":"108","name":"Mtai","class":"forest_candidate","areaHa":3229,"observed":true}},{"type":"Feature","geometry":{"type":"Polygon","coordinates":[[[38.7256,-4.8092],[38.7058,-4.8578],[38.7081,-4.8414],[38.689,-4.8338],[38.7008,-4.7996],[38.7256,-4.8092]]]},"properties":{"key":"109","name":"Bombo East 1","class":"forest_candidate","areaHa":1271,"observed":true}},{"type":"Feature","geometry":{"type":"Polygon","coordinates":[[[38.6822,-4.8174],[38.6642,-4.8216],[38.6491,-4.8039],[38.6754,-4.8025],[38.6822,-4.8174]]]},"properties":{"key":"110","name":"Bombo","class":"forest_candidate","areaHa":492,"observed":true}},{"type":"Feature","geometry":{"type":"Polygon","coordinates":[[[31.5799,-1.0879],[31.5867,-1.0951],[31.5937,-1.079],[31.6098,-1.0772],[31.612,-1.0546],[31.5972,-1.0339],[31.6153,-1.038],[31.6253,-1.0213],[31.6706,-1.0047],[31.6908,-1.0331],[31.649,-1.0687],[31.6563,-1.1247],[31.6294,-1.1275],[31.6473,-1.1136],[31.6215,-1.095],[31.5767,-1.1011],[31.5799,-1.0879]]]},"properties":{"key":"111","name":"Kikuru","class":"forest_candidate","areaHa":6548,"observed":true}},{"type":"Feature","geometry":{"type":"Polygon","coordinates":[[[32.9302,-2.0162],[32.9072,-2.0099],[32.9144,-1.9937],[32.9302,-2.0162]]]},"properties":{"key":"112","name":"Loliondo 11","class":"forest_candidate","areaHa":434,"observed":true}},{"type":"Feature","geometry":{"type":"Polygon","coordinates":[[[38.3062,-4.8103],[38.3022,-4.8115],[38.3018,-4.8091],[38.3062,-4.8103]]]},"properties":{"key":"113","name":"Shambalai","class":"forest_candidate","areaHa":22,"observed":true}},{"type":"Feature","geometry":{"type":"Polygon","coordinates":[[[35.9112,-4.8285],[35.9238,-4.8166],[35.9265,-4.8297],[35.9112,-4.8285]]]},"properties":{"key":"114","name":"Land","class":"forest_candidate","areaHa":149,"observed":true}},{"type":"Feature","geometry":{"type":"Polygon","coordinates":[[[35.9439,-4.833],[35.9537,-4.8351],[35.9525,-4.8396],[35.9439,-4.833]]]},"properties":{"key":"115","name":"Land","class":"forest_candidate","areaHa":71,"observed":true}},{"type":"Feature","geometry":{"type":"Polygon","coordinates":[[[29.8348,-4.8698],[29.8365,-4.9012],[29.848,-4.9115],[29.7751,-4.9004],[29.7593,-4.8567],[29.7888,-4.8501],[29.7908,-4.8385],[29.8348,-4.8698]]]},"properties":{"key":"116","name":"Mlela","class":"forest_candidate","areaHa":4537,"observed":true}},{"type":"Feature","geometry":{"type":"Polygon","coordinates":[[[36.0241,-4.8548],[36.0098,-4.8604],[36.0074,-4.8492],[36.0185,-4.8421],[36.0241,-4.8548]]]},"properties":{"key":"117","name":"Land","class":"forest_candidate","areaHa":279,"observed":true}},{"type":"Feature","geometry":{"type":"Polygon","coordinates":[[[38.6229,-4.9672],[38.6426,-4.9207],[38.6343,-4.8976],[38.6177,-4.8916],[38.6313,-4.8585],[38.6535,-4.843],[38.6582,-4.8585],[38.6414,-4.8812],[38.6616,-4.8977],[38.6907,-4.8776],[38.7026,-4.8886],[38.6906,-4.8941],[38.6993,-4.9224],[38.6724,-4.9228],[38.6302,-4.9931],[38.6229,-4.9672]]]},"properties":{"key":"118","name":"Nilo","class":"forest_candidate","areaHa":5320,"observed":true}},{"type":"Feature","geometry":{"type":"Polygon","coordinates":[[[33.4974,-5.0604],[33.4087,-5.2927],[33.365,-5.238],[33.2181,-5.1341],[33.1561,-5.1139],[33.1284,-5.12],[33.1013,-5.1054],[33.0584,-5.1068],[33.0327,-5.0926],[33.0763,-5.068],[33.0972,-4.9879],[33.0842,-4.9246],[33.1653,-4.852],[33.2006,-4.8505],[33.262,-4.8768],[33.2617,-4.9118],[33.3432,-4.9037],[33.4538,-4.8591],[33.4694,-4.8819],[33.4792,-5.0002],[33.4974,-5.0604]]]},"properties":{"key":"119","name":"Uyui Kigwa Rubuga","class":"forest_candidate","areaHa":142468,"observed":true}},{"type":"Feature","geometry":{"type":"Polygon","coordinates":[[[38.378,-4.8509],[38.3796,-4.8524],[38.3784,-4.8563],[38.378,-4.8509]]]},"properties":{"key":"120","name":"Kiguha","class":"forest_candidate","areaHa":36,"observed":true}},{"type":"Feature","geometry":{"type":"Polygon","coordinates":[[[38.4285,-4.8683],[38.4233,-4.8918],[38.4048,-4.8887],[38.388,-4.9039],[38.3816,-4.8911],[38.3962,-4.8743],[38.3941,-4.8527],[38.4285,-4.8683]]]},"properties":{"key":"121","name":"Ndelemai","class":"forest_candidate","areaHa":1504,"observed":true}},{"type":"Feature","geometry":{"type":"Polygon","coordinates":[[[38.2802,-4.875],[38.2833,-4.8812],[38.2801,-4.8805],[38.2802,-4.875]]]},"properties":{"key":"122","name":"Mombo","class":"forest_candidate","areaHa":19,"observed":true}},{"type":"Feature","geometry":{"type":"Polygon","coordinates":[[[32.9051,-2.0142],[32.9029,-2.0255],[32.8849,-2.0218],[32.8893,-2.0051],[32.9051,-2.0142]]]},"properties":{"key":"123","name":"Kabingo","class":"forest_candidate","areaHa":421,"observed":true}},{"type":"Feature","geometry":{"type":"Polygon","coordinates":[[[38.1029,-4.901],[38.1359,-4.8837],[38.173,-4.9],[38.1686,-4.9248],[38.1474,-4.9465],[38.0865,-4.93],[38.1029,-4.901]]]},"properties":{"key":"124","name":"Mafi Hill","class":"forest_candidate","areaHa":4416,"observed":true}},{"type":"Feature","geometry":{"type":"Polygon","coordinates":[[[35.7956,-4.8935],[35.7925,-4.8948],[35.7911,-4.889],[35.7956,-4.8935]]]},"properties":{"key":"125","name":"Chemichemi","class":"forest_candidate","areaHa":26,"observed":true}},{"type":"Feature","geometry":{"type":"Polygon","coordinates":[[[38.4505,-4.918],[38.452,-4.9372],[38.438,-4.9499],[38.4281,-4.9498],[38.4228,-4.9112],[38.4505,-4.918]]]},"properties":{"key":"126","name":"Balangai West","class":"forest_candidate","areaHa":1068,"observed":true}},{"type":"Feature","geometry":{"type":"Polygon","coordinates":[[[38.7302,-4.9224],[38.77,-4.931],[38.7808,-4.922],[38.7804,-4.9439],[38.8009,-4.942],[38.7719,-4.9936],[38.7605,-4.9779],[38.7755,-4.9655],[38.7722,-4.9485],[38.727,-4.9386],[38.7302,-4.9224]]]},"properties":{"key":"127","name":"Kwamgumi","class":"forest_candidate","areaHa":2248,"observed":true}},{"type":"Feature","geometry":{"type":"Polygon","coordinates":[[[30.281,-4.9955],[30.2581,-5.0221],[30.2374,-5.0395],[30.1783,-5.0236],[30.1762,-4.967],[30.2731,-4.9307],[30.281,-4.9955]]]},"properties":{"key":"128","name":"Lugufu","class":"forest_candidate","areaHa":9294,"observed":true}},{"type":"Feature","geometry":{"type":"Polygon","coordinates":[[[38.369,-4.935],[38.3726,-4.9319],[38.3706,-4.9384],[38.369,-4.935]]]},"properties":{"key":"129","name":"Hebangwe","class":"forest_candidate","areaHa":38,"observed":true}},{"type":"Feature","geometry":{"type":"Polygon","coordinates":[[[38.4718,-4.932],[38.4762,-4.9377],[38.4689,-4.9441],[38.461,-4.9335],[38.4718,-4.932]]]},"properties":{"key":"130","name":"Mpalalu","class":"forest_candidate","areaHa":135,"observed":true}},{"type":"Feature","geometry":{"type":"Polygon","coordinates":[[[38.5195,-4.9341],[38.5128,-4.9535],[38.5017,-4.9391],[38.5195,-4.9341]]]},"properties":{"key":"131","name":"Mahezangulu","class":"forest_candidate","areaHa":289,"observed":true}},{"type":"Feature","geometry":{"type":"Polygon","coordinates":[[[32.9822,-4.9724],[32.9875,-4.9463],[33.015,-4.9384],[33.0281,-4.9476],[32.9822,-4.9724]]]},"properties":{"key":"132","name":"Simbo","class":"forest_candidate","areaHa":1221,"observed":true}},{"type":"Feature","geometry":{"type":"Polygon","coordinates":[[[38.7403,-4.9486],[38.7726,-4.9512],[38.7197,-4.9742],[38.727,-4.9386],[38.7403,-4.9486]]]},"properties":{"key":"133","name":"Segoma","class":"forest_candidate","areaHa":1220,"observed":true}},{"type":"Feature","geometry":{"type":"Polygon","coordinates":[[[32.8619,-2.0113],[32.8888,-2.041],[32.8674,-2.0516],[32.8434,-2.0268],[32.8619,-2.0113]]]},"properties":{"key":"134","name":"Land","class":"forest_candidate","areaHa":1296,"observed":true}},{"type":"Feature","geometry":{"type":"Polygon","coordinates":[[[38.6769,-4.9717],[38.6889,-4.967],[38.6828,-5.0016],[38.6942,-4.9971],[38.6951,-5.0207],[38.6672,-5.0185],[38.6769,-4.9717]]]},"properties":{"key":"135","name":"Kwambai","class":"forest_candidate","areaHa":1234,"observed":true}},{"type":"Feature","geometry":{"type":"Polygon","coordinates":[[[38.1433,-4.9823],[38.184,-4.9901],[38.1992,-4.9682],[38.2145,-4.9844],[38.2159,-5.0553],[38.1938,-5.0519],[38.1917,-5.065],[38.1637,-5.0543],[38.1309,-5.0279],[38.1433,-4.9823]]]},"properties":{"key":"136","name":"Changandu","class":"forest_candidate","areaHa":6674,"observed":true}},{"type":"Feature","geometry":{"type":"Polygon","coordinates":[[[35.6556,-5.015],[35.6708,-5.0425],[35.6536,-5.0468],[35.6404,-5.1069],[35.6655,-5.1202],[35.6506,-5.1673],[35.681,-5.1811],[35.6888,-5.2123],[35.6786,-5.239],[35.6455,-5.2206],[35.6132,-5.26],[35.5727,-5.2378],[35.5741,-5.175],[35.4878,-5.184],[35.4593,-5.1552],[35.4823,-5.1185],[35.6207,-4.9933],[35.6577,-4.9771],[35.6744,-5.0006],[35.6556,-5.015]]]},"properties":{"key":"137","name":"Masanza","class":"forest_candidate","areaHa":38292,"observed":true}},{"type":"Feature","geometry":{"type":"Polygon","coordinates":[[[30.2967,-4.9883],[30.3527,-5.0296],[30.3931,-5.1012],[30.3568,-5.0896],[30.352,-5.0628],[30.3079,-5.0692],[30.2374,-5.0395],[30.2967,-4.9883]]]},"properties":{"key":"138","name":"Songa","class":"forest_candidate","areaHa":7425,"observed":true}},{"type":"Feature","geometry":{"type":"Polygon","coordinates":[[[38.7852,-5.0084],[38.7785,-5.0388],[38.7548,-5.0304],[38.7656,-5.0032],[38.7852,-5.0084]]]},"properties":{"key":"139","name":"Manga","class":"forest_candidate","areaHa":855,"observed":true}},{"type":"Feature","geometry":{"type":"Polygon","coordinates":[[[38.7118,-5.0098],[38.7304,-5.0081],[38.7313,-5.0367],[38.7046,-5.0456],[38.7118,-5.0098]]]},"properties":{"key":"140","name":"Kwamarimba","class":"forest_candidate","areaHa":968,"observed":true}},{"type":"Feature","geometry":{"type":"Polygon","coordinates":[[[38.7072,-5.0551],[38.6895,-5.1141],[38.6708,-5.0922],[38.6846,-5.0853],[38.6908,-5.0332],[38.7048,-5.033],[38.7072,-5.0551]]]},"properties":{"key":"141","name":"Longuza","class":"forest_candidate","areaHa":1524,"observed":true}},{"type":"Feature","geometry":{"type":"Polygon","coordinates":[[[38.2397,-5.0567],[38.2384,-5.0985],[38.2167,-5.0891],[38.2265,-5.0497],[38.2397,-5.0567]]]},"properties":{"key":"142","name":"Ndolwa","class":"forest_candidate","areaHa":1103,"observed":true}},{"type":"Feature","geometry":{"type":"Polygon","coordinates":[[[30.4297,-5.0606],[30.5626,-5.0795],[30.4996,-5.1004],[30.4821,-5.1198],[30.4216,-5.1104],[30.4297,-5.0606]]]},"properties":{"key":"143","name":"Ilunde","class":"forest_candidate","areaHa":6249,"observed":true}},{"type":"Feature","geometry":{"type":"Polygon","coordinates":[[[38.2937,-5.0929],[38.2754,-5.1178],[38.2598,-5.0867],[38.269,-5.0708],[38.2937,-5.0929]]]},"properties":{"key":"144","name":"Mwenga","class":"forest_candidate","areaHa":995,"observed":true}},{"type":"Feature","geometry":{"type":"Polygon","coordinates":[[[32.8605,-2.0553],[32.8542,-2.0454],[32.858,-2.0468],[32.8605,-2.0553]]]},"properties":{"key":"145","name":"Land","class":"forest_candidate","areaHa":44,"observed":true}},{"type":"Feature","geometry":{"type":"Polygon","coordinates":[[[38.4452,-5.0751],[38.4578,-5.0768],[38.4512,-5.0886],[38.422,-5.0943],[38.4452,-5.0751]]]},"properties":{"key":"146","name":"Vugiri","class":"forest_candidate","areaHa":338,"observed":true}},{"type":"Feature","geometry":{"type":"Polygon","coordinates":[[[30.392,-5.1252],[30.4027,-5.2],[30.2536,-5.2054],[30.2394,-5.1958],[30.236,-5.1816],[30.2599,-5.1699],[30.2622,-5.145],[30.3401,-5.0792],[30.392,-5.1252]]]},"properties":{"key":"147","name":"Uvinza","class":"forest_candidate","areaHa":16445,"observed":true}},{"type":"Feature","geometry":{"type":"Polygon","coordinates":[[[38.5522,-5.1103],[38.5762,-5.1233],[38.5733,-5.1094],[38.5852,-5.0963],[38.5987,-5.0967],[38.6004,-5.0831],[38.6256,-5.0951],[38.6264,-5.0807],[38.6433,-5.0806],[38.6469,-5.0999],[38.6646,-5.0964],[38.6551,-5.1055],[38.6709,-5.1345],[38.6564,-5.1448],[38.6536,-5.1867],[38.6307,-5.1989],[38.6232,-5.1857],[38.6029,-5.1905],[38.6025,-5.2384],[38.5522,-5.1103]],[[38.6035,-5.149],[38.5888,-5.1306],[38.5858,-5.1405],[38.5828,-5.1249],[38.5784,-5.1532],[38.6035,-5.149]],[[38.6309,-5.1185],[38.6468,-5.1122],[38.6411,-5.0902],[38.5993,-5.1104],[38.5811,-5.1055],[38.6132,-5.1529],[38.6309,-5.1185]]]},"properties":{"key":"148","name":"Amani Nature","class":"forest_candidate","areaHa":8505,"observed":true}},{"type":"Feature","geometry":{"type":"Polygon","coordinates":[[[38.6306,-5.1024],[38.6402,-5.09],[38.6478,-5.105],[38.612,-5.1528],[38.5811,-5.1055],[38.5993,-5.1104],[38.6179,-5.0975],[38.6306,-5.1024]]]},"properties":{"key":"149","name":"Land","class":"forest_candidate","areaHa":2122,"observed":true}},{"type":"Feature","geometry":{"type":"Polygon","coordinates":[[[38.6919,-5.1144],[38.6817,-5.152],[38.6728,-5.1418],[38.6722,-5.0959],[38.6919,-5.1144]]]},"properties":{"key":"150","name":"Kihuhwi Sigi","class":"forest_candidate","areaHa":906,"observed":true}},{"type":"Feature","geometry":{"type":"Polygon","coordinates":[[[38.4669,-5.1234],[38.4561,-5.1249],[38.4635,-5.1018],[38.4706,-5.098],[38.4669,-5.1234]]]},"properties":{"key":"151","name":"Lukoka","class":"forest_candidate","areaHa":261,"observed":true}},{"type":"Feature","geometry":{"type":"Polygon","coordinates":[[[32.7593,-5.1552],[32.7456,-5.1326],[32.7633,-5.1158],[32.7752,-5.1326],[32.7593,-5.1552]]]},"properties":{"key":"152","name":"Talikwa","class":"forest_candidate","areaHa":691,"observed":true}},{"type":"Feature","geometry":{"type":"Polygon","coordinates":[[[32.7752,-5.1326],[32.8174,-5.1247],[32.8306,-5.2065],[32.805,-5.2734],[32.7251,-5.2516],[32.7512,-5.2055],[32.7593,-5.1552],[32.7752,-5.1326]]]},"properties":{"key":"153","name":"Uruma","class":"forest_candidate","areaHa":12429,"observed":true}},{"type":"Feature","geometry":{"type":"Polygon","coordinates":[[[38.5888,-5.1306],[38.6022,-5.1443],[38.5974,-5.157],[38.5789,-5.1552],[38.5828,-5.1249],[38.5858,-5.1405],[38.5888,-5.1306]]]},"properties":{"key":"154","name":"Land","class":"forest_candidate","areaHa":513,"observed":true}},{"type":"Feature","geometry":{"type":"Polygon","coordinates":[[[38.9551,-5.138],[38.9547,-5.142],[38.9489,-5.1413],[38.9551,-5.138]]]},"properties":{"key":"155","name":"Bassi","class":"forest_candidate","areaHa":25,"observed":true}},{"type":"Feature","geometry":{"type":"Polygon","coordinates":[[[32.8509,-2.035],[32.8542,-2.0454],[32.8325,-2.042],[32.8434,-2.0268],[32.8509,-2.035]]]},"properties":{"key":"156","name":"Rubya","class":"forest_candidate","areaHa":312,"observed":true}},{"type":"Feature","geometry":{"type":"Polygon","coordinates":[[[33.365,-5.238],[33.4096,-5.2933],[33.4904,-5.3135],[33.3962,-5.3954],[33.3174,-5.371],[33.2714,-5.3712],[33.2233,-5.3161],[33.2295,-5.2716],[33.2097,-5.2354],[33.2037,-5.1852],[33.262,-5.1703],[33.365,-5.238]]]},"properties":{"key":"157","name":"Goweko","class":"forest_candidate","areaHa":41629,"observed":true}},{"type":"Feature","geometry":{"type":"Polygon","coordinates":[[[38.2682,-5.3181],[38.232,-5.2324],[38.2165,-5.2388],[38.1945,-5.2142],[38.2553,-5.1785],[38.293,-5.2013],[38.2987,-5.2122],[38.285,-5.2232],[38.3157,-5.2756],[38.2955,-5.2861],[38.3124,-5.3151],[38.2682,-5.3181]]]},"properties":{"key":"158","name":"Korogwe Fuel","class":"forest_candidate","areaHa":10261,"observed":true}},{"type":"Feature","geometry":{"type":"Polygon","coordinates":[[[38.6542,-5.1825],[38.6606,-5.1849],[38.6569,-5.2027],[38.6307,-5.1989],[38.6542,-5.1825]]]},"properties":{"key":"159","name":"Kihuhwi","class":"forest_candidate","areaHa":484,"observed":true}},{"type":"Feature","geometry":{"type":"Polygon","coordinates":[[[38.9794,-5.2079],[38.9656,-5.2068],[38.9684,-5.1958],[38.9805,-5.1857],[38.9794,-5.2079]]]},"properties":{"key":"160","name":"Kolekole","class":"forest_candidate","areaHa":284,"observed":true}},{"type":"Feature","geometry":{"type":"Polygon","coordinates":[[[31.6948,-5.2383],[31.5808,-5.415],[31.8249,-5.7116],[31.7738,-5.7265],[31.7658,-5.7593],[31.7319,-5.7577],[31.7172,-5.7874],[31.6965,-5.7859],[31.7032,-5.7941],[31.6866,-5.8183],[31.6767,-5.8114],[31.6573,-5.8275],[31.6363,-5.8191],[31.6225,-5.8357],[31.6114,-5.8199],[31.5846,-5.833],[31.5549,-5.8034],[31.5192,-5.8244],[31.4939,-5.8195],[31.4878,-5.8331],[31.4192,-5.8266],[31.3769,-5.7924],[31.3566,-5.7999],[31.3125,-5.7831],[31.2786,-5.8069],[31.2529,-5.7851],[31.2432,-5.7501],[31.2211,-5.7577],[31.1994,-5.74],[31.1452,-5.7682],[31.1555,-5.7259],[31.1407,-5.6975],[31.16,-5.681],[31.1379,-5.6677],[31.1513,-5.6426],[31.1172,-5.6375],[31.1069,-5.6156],[31.0558,-5.5877],[31.0366,-5.5569],[31.0704,-5.5114],[31.0463,-5.4578],[31.0523,-5.4334],[30.9953,-5.3821],[31.0143,-5.3504],[30.9766,-5.3542],[30.9223,-5.3039],[30.9986,-5.2418],[31.04,-5.229],[31.0744,-5.2422],[31.1072,-5.2365],[31.1235,-5.2194],[31.1065,-5.2096],[31.1144,-5.2029],[31.2194,-5.2252],[31.286,-5.2912],[31.3001,-5.2825],[31.3048,-5.2537],[31.3521,-5.252],[31.4147,-5.2111],[31.4398,-5.2084],[31.5,-5.2316],[31.6948,-5.2383]]]},"properties":{"key":"161","name":"Mpanda Line","class":"forest_candidate","areaHa":438408,"observed":true}},{"type":"Feature","geometry":{"type":"Polygon","coordinates":[[[38.6533,-5.2093],[38.6516,-5.2131],[38.6471,-5.2112],[38.6533,-5.2093]]]},"properties":{"key":"162","name":"Kihuhwi Teak","class":"forest_candidate","areaHa":34,"observed":true}},{"type":"Feature","geometry":{"type":"Polygon","coordinates":[[[31.5808,-5.415],[31.645,-5.3238],[32.3018,-5.2187],[32.2548,-5.3166],[32.2453,-5.3809],[32.181,-5.4863],[32.1624,-5.5801],[32.0781,-5.6464],[32.0653,-5.6922],[32.0326,-5.7052],[32.0212,-5.7556],[31.9863,-5.7612],[31.984,-5.75],[31.9349,-5.7422],[31.9219,-5.7497],[31.8837,-5.7291],[31.8341,-5.7269],[31.5808,-5.415]]]},"properties":{"key":"163","name":"Ugalla North","class":"forest_candidate","areaHa":278278,"observed":true}},{"type":"Feature","geometry":{"type":"Polygon","coordinates":[[[31.0694,-5.5187],[31.0368,-5.5533],[31.0198,-5.5241],[31.0184,-5.6008],[31.0508,-5.598],[31.0842,-5.6476],[31.0661,-5.7286],[30.9699,-5.7507],[30.9226,-5.7995],[30.8902,-5.7707],[30.866,-5.7796],[30.8445,-5.734],[30.8156,-5.716],[30.7928,-5.6401],[30.7488,-5.5662],[30.6943,-5.5396],[30.6666,-5.4911],[30.6109,-5.3172],[30.6235,-5.2582],[30.641,-5.2672],[30.6581,-5.2556],[30.8953,-5.3593],[31.0595,-5.4906],[31.0694,-5.5187]]]},"properties":{"key":"164","name":"Tongwe East","class":"forest_candidate","areaHa":168624,"observed":true}},{"type":"Feature","geometry":{"type":"Polygon","coordinates":[[[38.5288,-5.2789],[38.5171,-5.2896],[38.5102,-5.2697],[38.5288,-5.2789]]]},"properties":{"key":"165","name":"Kwamarukanga","class":"forest_candidate","areaHa":240,"observed":true}},{"type":"Feature","geometry":{"type":"Polygon","coordinates":[[[33.0144,-5.4016],[33.0482,-5.4539],[33.0424,-5.688],[33,-5.6581],[32.8618,-5.5005],[32.8384,-5.3386],[32.9229,-5.2783],[32.9585,-5.2922],[33,-5.3335],[33.0144,-5.4016]]]},"properties":{"key":"166","name":"Sikonge","class":"forest_candidate","areaHa":63795,"observed":true}},{"type":"Feature","geometry":{"type":"Polygon","coordinates":[[[32.8605,-2.0553],[32.849,-2.0607],[32.8325,-2.0421],[32.8605,-2.0553]]]},"properties":{"key":"167","name":"Rubya","class":"forest_candidate","areaHa":274,"observed":true}},{"type":"Feature","geometry":{"type":"Polygon","coordinates":[[[38.7368,-5.279],[38.7539,-5.2953],[38.7419,-5.3129],[38.7112,-5.3207],[38.7101,-5.3003],[38.7368,-5.279]]]},"properties":{"key":"168","name":"Tongwe","class":"forest_candidate","areaHa":1357,"observed":true}},{"type":"Feature","geometry":{"type":"Polygon","coordinates":[[[38.6929,-5.3525],[38.6952,-5.3774],[38.669,-5.3599],[38.6762,-5.3543],[38.6639,-5.3361],[38.684,-5.2963],[38.7101,-5.3003],[38.6929,-5.3525]]]},"properties":{"key":"169","name":"Kwani","class":"forest_candidate","areaHa":2644,"observed":true}},{"type":"Feature","geometry":{"type":"Polygon","coordinates":[[[38.925,-5.384],[38.9242,-5.3694],[38.9348,-5.3762],[38.925,-5.384]]]},"properties":{"key":"170","name":"Jasini","class":"forest_candidate","areaHa":111,"observed":true}},{"type":"Feature","geometry":{"type":"Polygon","coordinates":[[[33.4889,-5.4199],[33.6317,-5.437],[33.7399,-5.5319],[33.7901,-5.5439],[33.8597,-5.5841],[34.0013,-5.6165],[34.0311,-5.6793],[34.0581,-5.7056],[34.0429,-5.8782],[33.9365,-5.9276],[33.8711,-5.9732],[33.8535,-6.0811],[33.8462,-6.0694],[33.7631,-6.0432],[33.7291,-6.0066],[33.6653,-5.9707],[33.6069,-5.9802],[33.4372,-6.0947],[33.4063,-6.1298],[33.3748,-6.1356],[33.3344,-6.1105],[33.2614,-6.1424],[33.2355,-6.1769],[33.2238,-6.1497],[33.1399,-6.1091],[33.1158,-6.0316],[33.0652,-5.9844],[33.0168,-5.8175],[33.0465,-5.6577],[33.0482,-5.4539],[33.067,-5.4718],[33.0635,-5.44],[33.2809,-5.5483],[33.2861,-5.516],[33.3441,-5.4483],[33.3551,-5.3852],[33.4889,-5.4199]]]},"properties":{"key":"171","name":"Nyahua Mbuga","class":"forest_candidate","areaHa":667503,"observed":true}},{"type":"Feature","geometry":{"type":"Polygon","coordinates":[[[37.5369,-5.4404],[37.5415,-5.4839],[37.5214,-5.4974],[37.5219,-5.5188],[37.4934,-5.5346],[37.4887,-5.5614],[37.5051,-5.5675],[37.4939,-5.6031],[37.47,-5.6127],[37.4707,-5.6286],[37.4455,-5.6573],[37.4275,-5.6438],[37.4573,-5.626],[37.437,-5.5799],[37.4578,-5.5531],[37.4399,-5.5511],[37.4734,-5.4901],[37.4642,-5.4695],[37.4825,-5.3978],[37.5,-5.4279],[37.5369,-5.4404]]]},"properties":{"key":"172","name":"Nguru North","class":"forest_candidate","areaHa":14006,"observed":true}},{"type":"Feature","geometry":{"type":"Polygon","coordinates":[[[38.0652,-5.4342],[38.0694,-5.4577],[38.0477,-5.4491],[38.0496,-5.4282],[38.0652,-5.4342]]]},"properties":{"key":"173","name":"Handeni Hill","class":"forest_candidate","areaHa":559,"observed":true}},{"type":"Feature","geometry":{"type":"Polygon","coordinates":[[[37.5523,-5.435],[37.5688,-5.4348],[37.5633,-5.4485],[37.5489,-5.4499],[37.5523,-5.435]]]},"properties":{"key":"174","name":"Kwediboma","class":"forest_candidate","areaHa":313,"observed":true}},{"type":"Feature","geometry":{"type":"Polygon","coordinates":[[[37.5534,-5.4558],[37.5669,-5.4562],[37.5579,-5.4676],[37.5712,-5.4873],[37.5415,-5.4839],[37.5534,-5.4558]]]},"properties":{"key":"175","name":"Mkongo","class":"forest_candidate","areaHa":554,"observed":true}},{"type":"Feature","geometry":{"type":"Polygon","coordinates":[[[38.6506,-5.5218],[38.6412,-5.5191],[38.6213,-5.4906],[38.6253,-5.4779],[38.6666,-5.4669],[38.6506,-5.5218]]]},"properties":{"key":"176","name":"Gendagenda North","class":"forest_candidate","areaHa":1729,"observed":true}},{"type":"Feature","geometry":{"type":"Polygon","coordinates":[[[38.7677,-5.5308],[38.7529,-5.5581],[38.7262,-5.5241],[38.7328,-5.4827],[38.7677,-5.5308]]]},"properties":{"key":"177","name":"Msumbugwe","class":"forest_candidate","areaHa":2543,"observed":true}},{"type":"Feature","geometry":{"type":"Polygon","coordinates":[[[32.9234,-2.0554],[32.9218,-2.074],[32.8962,-2.0594],[32.9012,-2.0451],[32.9234,-2.0554]]]},"properties":{"key":"178","name":"Nengoma","class":"forest_candidate","areaHa":630,"observed":true}},{"type":"Feature","geometry":{"type":"Polygon","coordinates":[[[32.0766,-5.7267],[32.086,-5.7353],[32.1021,-5.7153],[32.2013,-5.6781],[32.221,-5.6519],[32.2619,-5.6497],[32.2857,-5.6099],[32.3175,-5.6015],[32.3526,-5.564],[32.4091,-5.5584],[32.4215,-5.5319],[32.4137,-5.5182],[32.4331,-5.5045],[32.4532,-5.504],[32.5675,-5.6727],[32.4884,-5.7452],[32.3941,-5.8003],[32.3088,-5.8932],[32.2792,-5.9538],[32.2509,-5.9833],[32.2051,-6.0238],[32.155,-6.0461],[32.1378,-6.0385],[32.1477,-6.0289],[32.1301,-6.0251],[32.1256,-5.9984],[32.11,-5.9946],[32.1192,-5.9874],[32.1115,-5.9551],[32.0897,-5.9506],[32.0854,-5.8527],[32.0421,-5.8213],[32.0278,-5.7766],[32.0766,-5.7267]]]},"properties":{"key":"179","name":"Walla River","class":"forest_candidate","areaHa":159175,"observed":true}},{"type":"Feature","geometry":{"type":"Polygon","coordinates":[[[35.8018,-5.6653],[35.8285,-5.6778],[35.8317,-5.707],[35.8,-5.7651],[35.7866,-5.7429],[35.7538,-5.7443],[35.7171,-5.7113],[35.7292,-5.6476],[35.7077,-5.6323],[35.7011,-5.584],[35.7057,-5.5568],[35.7258,-5.5352],[35.7177,-5.5282],[35.7265,-5.5054],[35.7354,-5.5159],[35.781,-5.5079],[35.8027,-5.5239],[35.8087,-5.5074],[35.8386,-5.5372],[35.8027,-5.5633],[35.8311,-5.5883],[35.8316,-5.6225],[35.8018,-5.6653]]]},"properties":{"key":"180","name":"West Chenene","class":"forest_candidate","areaHa":29127,"observed":true}},{"type":"Feature","geometry":{"type":"Polygon","coordinates":[[[37.6118,-5.5968],[37.5867,-5.6597],[37.5715,-5.6668],[37.5589,-5.629],[37.5638,-5.5912],[37.5795,-5.5753],[37.5809,-5.5369],[37.5989,-5.5206],[37.6118,-5.5968]]]},"properties":{"key":"181","name":"Kilindi","class":"forest_candidate","areaHa":5359,"observed":true}},{"type":"Feature","geometry":{"type":"Polygon","coordinates":[[[38.6498,-5.5742],[38.6263,-5.5884],[38.6121,-5.5622],[38.6436,-5.5229],[38.6498,-5.5742]]]},"properties":{"key":"182","name":"Gendagenda Sourth","class":"forest_candidate","areaHa":2210,"observed":true}},{"type":"Feature","geometry":{"type":"Polygon","coordinates":[[[31.0558,-5.5877],[31.1273,-5.6383],[31.0789,-5.6418],[31.048,-5.596],[31.0184,-5.6008],[31.0198,-5.5241],[31.0558,-5.5877]]]},"properties":{"key":"183","name":"Land","class":"forest_candidate","areaHa":4137,"observed":true}},{"type":"Feature","geometry":{"type":"Polygon","coordinates":[[[29.8539,-5.5753],[29.8396,-5.5691],[29.8502,-5.5526],[29.9259,-5.6573],[29.9327,-5.699],[29.911,-5.7092],[29.8539,-5.5753]]]},"properties":{"key":"184","name":"Kungwe Bay","class":"forest_candidate","areaHa":4452,"observed":true}},{"type":"Feature","geometry":{"type":"MultiPolygon","coordinates":[[[[29.9111,-5.7138],[29.9095,-5.7088],[29.911,-5.7092],[29.9111,-5.7138]]],[[[29.9098,-5.7066],[29.9088,-5.7027],[29.9101,-5.7065],[29.9098,-5.7066]]],[[[29.8714,-5.6194],[29.8398,-5.5695],[29.8539,-5.5753],[29.9086,-5.7021],[29.8714,-5.6194]]]]},"properties":{"key":"185","name":"Kungwe Bay","class":"forest_candidate","areaHa":1160,"observed":true}},{"type":"Feature","geometry":{"type":"Polygon","coordinates":[[[38.7463,-5.5762],[38.7449,-5.5852],[38.7347,-5.584],[38.725,-5.5711],[38.7463,-5.5762]]]},"properties":{"key":"186","name":"Garafuno","class":"forest_candidate","areaHa":287,"observed":true}},{"type":"Feature","geometry":{"type":"Polygon","coordinates":[[[38.1208,-5.6213],[38.1004,-5.6306],[38.0612,-5.6209],[38.0747,-5.5832],[38.1082,-5.5885],[38.1105,-5.58],[38.1208,-5.6213]]]},"properties":{"key":"187","name":"Mtunguru","class":"forest_candidate","areaHa":2547,"observed":true}},{"type":"Feature","geometry":{"type":"Polygon","coordinates":[[[37.8815,-5.6206],[37.9348,-5.5987],[37.9666,-5.6206],[37.9168,-5.6397],[37.8815,-5.6206]]]},"properties":{"key":"188","name":"Bondo","class":"forest_candidate","areaHa":2855,"observed":true}},{"type":"Feature","geometry":{"type":"Polygon","coordinates":[[[35.6634,-2.0511],[35.6533,-2.0594],[35.6695,-2.0653],[35.6752,-2.085],[35.6479,-2.0836],[35.6383,-2.0963],[35.6267,-2.0877],[35.608,-2.1046],[35.5672,-2.0853],[35.6088,-2.0553],[35.6227,-2.0622],[35.6464,-2.0463],[35.6634,-2.0511]]]},"properties":{"key":"189","name":"Loliondo","class":"forest_candidate","areaHa":3834,"observed":true}},{"type":"Feature","geometry":{"type":"Polygon","coordinates":[[[37.5265,-5.6157],[37.5267,-5.648],[37.5031,-5.6424],[37.4875,-5.6929],[37.4511,-5.7057],[37.4705,-5.6339],[37.4791,-5.6326],[37.4769,-5.6438],[37.487,-5.6259],[37.4898,-5.637],[37.5,-5.6147],[37.5265,-5.6157]]]},"properties":{"key":"190","name":"Derema","class":"forest_candidate","areaHa":3995,"observed":true}},{"type":"Feature","geometry":{"type":"Polygon","coordinates":[[[35.8285,-5.6778],[35.8018,-5.6653],[35.8419,-5.6172],[35.9268,-5.673],[35.9423,-5.6697],[35.9993,-5.6987],[35.9912,-5.7446],[35.9451,-5.8184],[35.9245,-5.8028],[35.9314,-5.7842],[35.891,-5.7685],[35.8317,-5.707],[35.8285,-5.6778]]]},"properties":{"key":"191","name":"East Chenene","class":"forest_candidate","areaHa":22704,"observed":true}},{"type":"Feature","geometry":{"type":"Polygon","coordinates":[[[38.0828,-5.6771],[38.0602,-5.6966],[38.0178,-5.6828],[38.0203,-5.6462],[38.0381,-5.623],[38.0828,-5.6771]]]},"properties":{"key":"192","name":"Kwasumba","class":"forest_candidate","areaHa":3034,"observed":true}},{"type":"Feature","geometry":{"type":"Polygon","coordinates":[[[31.1494,-5.6376],[31.1379,-5.6697],[31.16,-5.681],[31.1407,-5.6975],[31.1555,-5.7259],[31.1452,-5.7682],[31.1994,-5.74],[31.2211,-5.7577],[31.2432,-5.7501],[31.2529,-5.7851],[31.2786,-5.8069],[31.3125,-5.7831],[31.3566,-5.7999],[31.3769,-5.7924],[31.4192,-5.8266],[31.4652,-5.8255],[31.4566,-5.8565],[31.5643,-5.9238],[31.5863,-5.9626],[31.6792,-6.0517],[31.6917,-6.1327],[31.7089,-6.1632],[31.7359,-6.2042],[31.8112,-6.2432],[31.8207,-6.3069],[31.8361,-6.3265],[31.8166,-6.3879],[31.8326,-6.4663],[31.7954,-6.5267],[31.6984,-6.4767],[31.5841,-6.44],[31.4465,-6.4365],[31.3987,-6.4465],[31.3652,-6.3809],[31.2379,-6.2658],[31.1197,-6.228],[30.9661,-6.1447],[30.927,-6.0499],[30.9293,-6.0226],[30.9654,-5.963],[30.9635,-5.9431],[30.9792,-5.9388],[31.0488,-5.8594],[31.0324,-5.8334],[31.0651,-5.7883],[31.0513,-5.739],[31.0816,-5.6925],[31.0784,-5.6412],[31.1494,-5.6376]]]},"properties":{"key":"193","name":"Mpanda North East","class":"forest_candidate","areaHa":496727,"observed":true}},{"type":"Feature","geometry":{"type":"Polygon","coordinates":[[[37.5179,-5.6598],[37.5244,-5.6697],[37.4976,-5.713],[37.4863,-5.7024],[37.5179,-5.6598]]]},"properties":{"key":"194","name":"Pumula","class":"forest_candidate","areaHa":1153,"observed":true}},{"type":"Feature","geometry":{"type":"Polygon","coordinates":[[[32.6514,-5.7909],[32.6321,-5.8044],[32.7532,-6.0348],[32.4475,-6.0524],[32.3659,-6.0303],[32.288,-6.0819],[32.2775,-6.1728],[32.2483,-6.1662],[32.1821,-6.1218],[32.1647,-6.1049],[32.1675,-6.0661],[32.1471,-6.0456],[32.2051,-6.0238],[32.2509,-5.9833],[32.2792,-5.9538],[32.3088,-5.8932],[32.3941,-5.8003],[32.4884,-5.7452],[32.5675,-5.6727],[32.6514,-5.7909]]]},"properties":{"key":"195","name":"Ugunda","class":"forest_candidate","areaHa":154201,"observed":true}},{"type":"Feature","geometry":{"type":"Polygon","coordinates":[[[37.5101,-5.7207],[37.4925,-5.7345],[37.4863,-5.7172],[37.5101,-5.7207]]]},"properties":{"key":"196","name":"Mbwegere","class":"forest_candidate","areaHa":468,"observed":true}},{"type":"Feature","geometry":{"type":"Polygon","coordinates":[[[31.8341,-5.7269],[31.8837,-5.7291],[31.9219,-5.7497],[31.9349,-5.7422],[31.984,-5.75],[31.9863,-5.7612],[32.0174,-5.7554],[32.0421,-5.8213],[32.0854,-5.8527],[32.0897,-5.9506],[32.1115,-5.9551],[32.1192,-5.9874],[32.11,-5.9946],[32.1315,-6.0053],[32.1301,-6.0251],[32.1477,-6.0289],[32.1378,-6.0385],[32.1675,-6.0661],[32.1647,-6.1049],[32.186,-6.1249],[32.1766,-6.1425],[32.1987,-6.1628],[32.1774,-6.2849],[32.1132,-6.367],[32.0546,-6.509],[32.0391,-6.5177],[31.8098,-6.4935],[31.8326,-6.4663],[31.8166,-6.3879],[31.8361,-6.3265],[31.8189,-6.3006],[31.815,-6.2483],[31.7295,-6.1973],[31.6917,-6.1327],[31.6815,-6.0564],[31.6441,-6.0105],[31.5863,-5.9626],[31.5643,-5.9238],[31.4951,-5.8882],[31.4524,-5.8475],[31.4665,-5.8271],[31.492,-5.8326],[31.4939,-5.8195],[31.5192,-5.8244],[31.5536,-5.8034],[31.5876,-5.8337],[31.5969,-5.8196],[31.6127,-5.8202],[31.6225,-5.8357],[31.6363,-5.8191],[31.6573,-5.8275],[31.6767,-5.8114],[31.6852,-5.819],[31.7032,-5.7941],[31.6965,-5.7859],[31.7172,-5.7874],[31.7319,-5.7577],[31.7658,-5.7593],[31.7738,-5.7265],[31.8249,-5.7116],[31.8341,-5.7269]]]},"properties":{"key":"197","name":"Ugalla River","class":"forest_candidate","areaHa":389066,"observed":true}},{"type":"Feature","geometry":{"type":"Polygon","coordinates":[[[38.0333,-5.7194],[38.0361,-5.7339],[38.0246,-5.7533],[38.0103,-5.7478],[38.0191,-5.7173],[38.0333,-5.7194]]]},"properties":{"key":"198","name":"Magambazi","class":"forest_candidate","areaHa":705,"observed":true}},{"type":"Feature","geometry":{"type":"Polygon","coordinates":[[[37.5104,-5.7447],[37.4982,-5.7675],[37.4706,-5.7885],[37.4506,-5.7851],[37.4452,-5.7447],[37.4632,-5.7258],[37.4788,-5.7267],[37.4782,-5.7421],[37.5104,-5.7447]]]},"properties":{"key":"199","name":"Mkuli","class":"forest_candidate","areaHa":3144,"observed":true}},{"type":"Feature","geometry":{"type":"Polygon","coordinates":[[[33.3748,-2.082],[33.3868,-2.1264],[33.3635,-2.1451],[33.352,-2.1021],[33.3579,-2.0674],[33.3748,-2.082]]]},"properties":{"key":"200","name":"Kurwirwi","class":"forest_candidate","areaHa":1818,"observed":true}},{"type":"Feature","geometry":{"type":"Polygon","coordinates":[[[35.6015,-5.7637],[35.6153,-5.7743],[35.5731,-5.8592],[35.5356,-5.8272],[35.5333,-5.8139],[35.5686,-5.7914],[35.5481,-5.7742],[35.5503,-5.7534],[35.5328,-5.7443],[35.5434,-5.7328],[35.6002,-5.738],[35.6015,-5.7637]]]},"properties":{"key":"201","name":"Mbuga ya Goima","class":"forest_candidate","areaHa":6782,"observed":true}},{"type":"Feature","geometry":{"type":"Polygon","coordinates":[[[37.7575,-5.7421],[37.7467,-5.7478],[37.744,-5.7407],[37.7575,-5.7421]]]},"properties":{"key":"202","name":"Mkoro","class":"forest_candidate","areaHa":118,"observed":true}},{"type":"Feature","geometry":{"type":"Polygon","coordinates":[[[37.7694,-5.7633],[37.7946,-5.7714],[37.7673,-5.7701],[37.7694,-5.7633]]]},"properties":{"key":"203","name":"Kiriguru","class":"forest_candidate","areaHa":293,"observed":true}},{"type":"Feature","geometry":{"type":"Polygon","coordinates":[[[37.567,-5.7633],[37.5622,-5.7694],[37.5555,-5.7659],[37.567,-5.7633]]]},"properties":{"key":"204","name":"Msinko","class":"forest_candidate","areaHa":84,"observed":true}},{"type":"Feature","geometry":{"type":"Polygon","coordinates":[[[37.6399,-5.7654],[37.6439,-5.7716],[37.622,-5.7852],[37.616,-5.7644],[37.6399,-5.7654]]]},"properties":{"key":"205","name":"Rudewa","class":"forest_candidate","areaHa":577,"observed":true}},{"type":"Feature","geometry":{"type":"Polygon","coordinates":[[[33.0169,-5.7989],[33.0345,-5.9064],[33.0628,-5.9494],[33.0652,-5.9844],[33.1158,-6.0316],[33.1399,-6.1091],[33.2327,-6.161],[33.2355,-6.1769],[33.208,-6.2147],[33.0921,-6.2799],[33.0173,-6.2784],[32.9502,-6.1616],[32.8704,-6.1078],[32.842,-6.024],[32.7742,-5.9383],[32.9489,-5.7847],[32.9765,-5.7741],[33.0169,-5.7989]]]},"properties":{"key":"206","name":"Mpembapazi","class":"forest_candidate","areaHa":134323,"observed":true}},{"type":"Feature","geometry":{"type":"Polygon","coordinates":[[[38.2232,-5.9707],[38.1729,-5.9876],[38.1433,-5.9812],[38.1462,-6.0063],[38.1307,-6.0254],[38.0835,-6.0043],[38.04,-6.0072],[37.9774,-5.9642],[37.9644,-5.9305],[37.9351,-5.9162],[37.9285,-5.8731],[37.8875,-5.9104],[37.8891,-5.9239],[37.8605,-5.9191],[37.865,-5.9063],[37.8322,-5.8623],[37.8494,-5.8284],[37.9269,-5.8144],[37.9389,-5.8623],[37.9535,-5.8736],[37.9726,-5.8633],[38.0004,-5.8853],[38.0021,-5.9097],[38.0311,-5.9223],[38.036,-5.9909],[38.0465,-5.9994],[38.0632,-6.0015],[38.0691,-5.9839],[38.1091,-5.9957],[38.1144,-5.9609],[38.1378,-5.9504],[38.1392,-5.9653],[38.1784,-5.9733],[38.2067,-5.9601],[38.2512,-5.9622],[38.2807,-5.9978],[38.2737,-6.0215],[38.2322,-6.0003],[38.2232,-5.9707]]]},"properties":{"key":"207","name":"Uzigua","class":"forest_candidate","areaHa":25130,"observed":true}},{"type":"Feature","geometry":{"type":"Polygon","coordinates":[[[32.7783,-5.8652],[32.7967,-5.8953],[32.7942,-5.9193],[32.747,-5.9246],[32.7332,-5.9047],[32.7396,-5.8643],[32.7783,-5.8652]]]},"properties":{"key":"208","name":"Ngogwa","class":"forest_candidate","areaHa":3745,"observed":true}},{"type":"Feature","geometry":{"type":"Polygon","coordinates":[[[37.6847,-5.9222],[37.703,-5.8966],[37.7232,-5.8943],[37.7601,-5.972],[37.7344,-6.0047],[37.7079,-6.0106],[37.6967,-6.0001],[37.6847,-5.9222]]]},"properties":{"key":"209","name":"Kanga","class":"forest_candidate","areaHa":7137,"observed":true}},{"type":"Feature","geometry":{"type":"Polygon","coordinates":[[[36.7293,-5.9446],[36.7129,-5.9642],[36.7006,-5.9507],[36.7005,-5.9339],[36.7293,-5.9446]]]},"properties":{"key":"210","name":"Njogi","class":"forest_candidate","areaHa":603,"observed":true}},{"type":"Feature","geometry":{"type":"Polygon","coordinates":[[[31.513,-2.0725],[31.5681,-2.0943],[31.6337,-2.1415],[31.6092,-2.2724],[31.5809,-2.3232],[31.5854,-2.3324],[31.6281,-2.3303],[31.6206,-2.3654],[31.6599,-2.454],[31.6362,-2.4452],[31.607,-2.5],[31.6062,-2.555],[31.556,-2.6086],[31.4707,-2.6238],[31.403,-2.6137],[31.3822,-2.6348],[31.3732,-2.6166],[31.389,-2.5738],[31.3602,-2.548],[31.3552,-2.5181],[31.3938,-2.4151],[31.4724,-2.2701],[31.513,-2.0725]]]},"properties":{"key":"211","name":"Ruiga","class":"forest_candidate","areaHa":119898,"observed":true}},{"type":"Feature","geometry":{"type":"Polygon","coordinates":[[[33.6161,-5.9767],[33.6878,-5.9766],[33.7631,-6.0432],[33.8462,-6.0694],[33.8925,-6.1057],[33.7484,-6.3402],[33.7865,-6.4275],[33.6835,-6.4625],[33.5309,-6.606],[33.4558,-6.6436],[33.3577,-6.631],[33.3046,-6.5906],[33.1346,-6.5363],[33.1224,-6.4679],[33.0173,-6.2784],[33.0921,-6.2799],[33.1251,-6.2636],[33.208,-6.2147],[33.2614,-6.1424],[33.3344,-6.1105],[33.3748,-6.1356],[33.4063,-6.1298],[33.4372,-6.0947],[33.6161,-5.9767]]]},"properties":{"key":"212","name":"Itulu Hill","class":"forest_candidate","areaHa":405434,"observed":true}},{"type":"Feature","geometry":{"type":"Polygon","coordinates":[[[32.842,-6.024],[32.8704,-6.1078],[32.9502,-6.1616],[32.9932,-6.2252],[33.1224,-6.4679],[33.1346,-6.5363],[33.084,-6.5511],[33,-6.5216],[32.9326,-6.517],[32.7807,-6.4067],[32.6975,-6.3878],[32.6435,-6.3315],[32.5864,-6.3336],[32.5474,-6.3119],[32.4402,-6.3022],[32.3988,-6.2591],[32.3549,-6.2345],[32.3327,-6.2264],[32.2899,-6.2392],[32.266,-6.2161],[32.255,-6.2206],[32.2431,-6.2007],[32.208,-6.1886],[32.1766,-6.1425],[32.1859,-6.1246],[32.2775,-6.1728],[32.288,-6.0819],[32.3659,-6.0303],[32.4475,-6.0524],[32.7532,-6.0348],[32.8053,-5.9828],[32.842,-6.024]]]},"properties":{"key":"213","name":"Swangala","class":"forest_candidate","areaHa":299873,"observed":true}},{"type":"Feature","geometry":{"type":"Polygon","coordinates":[[[35.5296,-6.0162],[35.5275,-6.0425],[35.4718,-6.0736],[35.4593,-6.0456],[35.4714,-6.0084],[35.5158,-5.9855],[35.5296,-6.0162]]]},"properties":{"key":"214","name":"Kingongkwe","class":"forest_candidate","areaHa":4506,"observed":true}},{"type":"Feature","geometry":{"type":"Polygon","coordinates":[[[37.1556,-5.9902],[37.1769,-6.0065],[37.1571,-6.0276],[37.1422,-6.0096],[37.1556,-5.9902]]]},"properties":{"key":"215","name":"Nguru Sourth","class":"forest_candidate","areaHa":1074,"observed":true}},{"type":"Feature","geometry":{"type":"Polygon","coordinates":[[[37.6127,-6.0182],[37.6114,-6.0386],[37.585,-6.0314],[37.5716,-6.0479],[37.5759,-6.0683],[37.5433,-6.0791],[37.5513,-6.1788],[37.5438,-6.1908],[37.5194,-6.1869],[37.5067,-6.1666],[37.4757,-6.1621],[37.4733,-6.2027],[37.4523,-6.2164],[37.4372,-6.1895],[37.4638,-6.1581],[37.4583,-6.1282],[37.4692,-6.091],[37.4875,-6.0807],[37.4856,-6.0543],[37.4589,-6.0125],[37.5054,-6.0328],[37.5378,-6.0118],[37.5454,-6.0297],[37.5702,-5.9999],[37.6127,-6.0182]]]},"properties":{"key":"216","name":"Talagwe","class":"forest_candidate","areaHa":19647,"observed":true}},{"type":"Feature","geometry":{"type":"Polygon","coordinates":[[[37.6695,-6.0538],[37.6498,-6.0677],[37.6435,-6.0578],[37.6583,-6.0449],[37.6549,-6.0185],[37.6695,-6.0538]]]},"properties":{"key":"217","name":"Magotwe","class":"forest_candidate","areaHa":735,"observed":true}},{"type":"Feature","geometry":{"type":"Polygon","coordinates":[[[37.6271,-6.055],[37.625,-6.0568],[37.6211,-6.0507],[37.6271,-6.055]]]},"properties":{"key":"218","name":"Kwangola","class":"forest_candidate","areaHa":35,"observed":true}},{"type":"Feature","geometry":{"type":"Polygon","coordinates":[[[38.6863,-6.2177],[38.6646,-6.2187],[38.6739,-6.1892],[38.6556,-6.1938],[38.6172,-6.1571],[38.5691,-6.157],[38.5808,-6.1343],[38.5714,-6.118],[38.59,-6.1235],[38.6039,-6.1047],[38.6277,-6.0991],[38.623,-6.0861],[38.641,-6.0685],[38.717,-6.0547],[38.7109,-6.1943],[38.6863,-6.2177]]]},"properties":{"key":"219","name":"Zoraninge","class":"forest_candidate","areaHa":16966,"observed":true}},{"type":"Feature","geometry":{"type":"Polygon","coordinates":[[[37.6758,-6.0612],[37.7126,-6.0792],[37.6866,-6.0942],[37.6931,-6.1123],[37.6438,-6.0866],[37.6758,-6.0612]]]},"properties":{"key":"220","name":"Lusunguru","class":"forest_candidate","areaHa":2222,"observed":true}},{"type":"Feature","geometry":{"type":"Polygon","coordinates":[[[37.58,-6.0696],[37.5772,-6.0707],[37.5776,-6.0655],[37.58,-6.0696]]]},"properties":{"key":"221","name":"Milonge","class":"forest_candidate","areaHa":16,"observed":true}},{"type":"Feature","geometry":{"type":"Polygon","coordinates":[[[31.7352,-1.0097],[31.7276,-1.0315],[31.7255,-1.0216],[31.7352,-1.0097]]]},"properties":{"key":"222","name":"Ruchezi","class":"forest_candidate","areaHa":168,"observed":true}},{"type":"Feature","geometry":{"type":"MultiPolygon","coordinates":[[[[31.8141,-2.2434],[31.7874,-2.2581],[31.7739,-2.2398],[31.7759,-2.2085],[31.7952,-2.199],[31.8296,-2.2361],[31.8419,-2.3016],[31.8799,-2.3278],[31.8739,-2.3587],[31.8879,-2.4111],[31.8369,-2.4514],[31.8328,-2.4276],[31.8502,-2.3854],[31.8156,-2.3422],[31.834,-2.3092],[31.7994,-2.3225],[31.7732,-2.2923],[31.7876,-2.2969],[31.8141,-2.2434]]],[[[31.9223,-2.3916],[31.9019,-2.4021],[31.8974,-2.3879],[31.9139,-2.3789],[31.9223,-2.3916]]]]},"properties":{"key":"223","name":"Luwondo","class":"forest_candidate","areaHa":13239,"observed":true}},{"type":"Feature","geometry":{"type":"Polygon","coordinates":[[[37.5785,-6.0807],[37.5776,-6.0839],[37.5699,-6.0813],[37.5785,-6.0807]]]},"properties":{"key":"224","name":"Diwale","class":"forest_candidate","areaHa":50,"observed":true}},{"type":"Feature","geometry":{"type":"Polygon","coordinates":[[[35.992,-6.09],[35.9801,-6.0917],[35.9822,-6.0774],[35.9984,-6.0764],[35.992,-6.09]]]},"properties":{"key":"225","name":"Vikonje","class":"forest_candidate","areaHa":250,"observed":true}},{"type":"Feature","geometry":{"type":"Polygon","coordinates":[[[37.5859,-6.096],[37.5973,-6.0937],[37.5948,-6.0986],[37.5859,-6.096]]]},"properties":{"key":"226","name":"Ngalonga","class":"forest_candidate","areaHa":66,"observed":true}},{"type":"Feature","geometry":{"type":"Polygon","coordinates":[[[37.6536,-6.1035],[37.6695,-6.1226],[37.6431,-6.1405],[37.6363,-6.1186],[37.6536,-6.1035]]]},"properties":{"key":"227","name":"Mtibwa","class":"forest_candidate","areaHa":813,"observed":true}},{"type":"Feature","geometry":{"type":"Polygon","coordinates":[[[37.868,-6.2513],[37.8656,-6.2638],[37.8235,-6.2411],[37.82,-6.2261],[37.8472,-6.2313],[37.8703,-6.2203],[37.8881,-6.1952],[37.88,-6.174],[37.926,-6.1045],[37.9624,-6.1242],[37.9608,-6.1482],[37.9735,-6.1566],[37.9611,-6.1632],[37.9793,-6.1703],[37.9987,-6.2196],[37.9664,-6.2318],[37.9745,-6.2638],[37.868,-6.2513]]]},"properties":{"key":"228","name":"Pagale","class":"forest_candidate","areaHa":17811,"observed":true}},{"type":"Feature","geometry":{"type":"Polygon","coordinates":[[[37.5732,-6.1268],[37.5692,-6.1297],[37.5625,-6.1167],[37.5732,-6.1268]]]},"properties":{"key":"229","name":"Mabundi Mtwange","class":"forest_candidate","areaHa":138,"observed":true}},{"type":"Feature","geometry":{"type":"Polygon","coordinates":[[[38.0488,-6.1712],[38.0361,-6.1514],[38.0206,-6.1633],[37.9756,-6.1612],[37.9762,-6.1252],[37.9902,-6.1186],[38.0148,-6.1304],[38.068,-6.1134],[38.11,-6.1352],[38.0488,-6.1712]]]},"properties":{"key":"230","name":"Gwami","class":"forest_candidate","areaHa":5811,"observed":true}},{"type":"Feature","geometry":{"type":"Polygon","coordinates":[[[37.5888,-6.1271],[37.5864,-6.1303],[37.585,-6.1294],[37.5888,-6.1271]]]},"properties":{"key":"231","name":"Mkangadala","class":"forest_candidate","areaHa":15,"observed":true}},{"type":"Feature","geometry":{"type":"Polygon","coordinates":[[[37.5733,-6.1307],[37.5778,-6.1403],[37.5712,-6.1376],[37.5733,-6.1307]]]},"properties":{"key":"232","name":"Disalasala","class":"forest_candidate","areaHa":43,"observed":true}},{"type":"Feature","geometry":{"type":"Polygon","coordinates":[[[37.8425,-6.1372],[37.8353,-6.1587],[37.8263,-6.1512],[37.8267,-6.1397],[37.8425,-6.1372]]]},"properties":{"key":"233","name":"Mafleta","class":"forest_candidate","areaHa":357,"observed":true}},{"type":"Feature","geometry":{"type":"MultiPolygon","coordinates":[[[[31.8135,-2.1842],[31.8132,-2.2201],[31.8439,-2.2116],[31.8527,-2.2377],[31.8427,-2.267],[31.8588,-2.3147],[31.8351,-2.2892],[31.8279,-2.2325],[31.8112,-2.2203],[31.7952,-2.199],[31.8135,-2.1842]]],[[[31.876,-2.3152],[31.8943,-2.3255],[31.9192,-2.3008],[31.9099,-2.3425],[31.8942,-2.3456],[31.887,-2.3626],[31.914,-2.3775],[31.8978,-2.3943],[31.9223,-2.4147],[31.8681,-2.4604],[31.8437,-2.4633],[31.8369,-2.4514],[31.8879,-2.4111],[31.8739,-2.3587],[31.8799,-2.3278],[31.876,-2.3152]]],[[[31.792,-2.3257],[31.7737,-2.308],[31.7881,-2.308],[31.7994,-2.3225],[31.792,-2.3257]]]]},"properties":{"key":"234","name":"Luwondo","class":"forest_candidate","areaHa":6992,"observed":true}},{"type":"Feature","geometry":{"type":"Polygon","coordinates":[[[32.208,-6.1886],[32.2431,-6.2007],[32.2887,-6.2388],[32.3327,-6.2264],[32.3549,-6.2345],[32.3988,-6.2591],[32.4402,-6.3022],[32.5474,-6.3119],[32.5864,-6.3336],[32.6435,-6.3315],[32.6975,-6.3878],[32.7807,-6.4067],[32.9326,-6.517],[33,-6.5216],[33.084,-6.5511],[33.1346,-6.5363],[33.131,-6.6477],[33.1697,-6.7388],[33.1073,-6.7942],[33.1227,-6.8388],[33.1059,-6.8538],[33.0681,-6.8467],[33.0218,-6.8625],[32.9412,-6.8409],[32.7337,-6.8706],[32.5595,-6.8352],[32.495,-6.8367],[32.54,-6.7722],[32.4825,-6.7264],[32.4137,-6.7346],[32.4207,-6.8075],[32.4001,-6.8415],[32.3749,-6.8529],[32.198,-6.8204],[32.1819,-6.6334],[32.0415,-6.6457],[32.0486,-6.5342],[32.0695,-6.4613],[32.1132,-6.367],[32.1774,-6.2849],[32.199,-6.171],[32.208,-6.1886]]]},"properties":{"key":"235","name":"Nyonga","class":"forest_candidate","areaHa":580100,"observed":true}},{"type":"Feature","geometry":{"type":"Polygon","coordinates":[[[37.5438,-6.1908],[37.5513,-6.1788],[37.5672,-6.1961],[37.5652,-6.2162],[37.535,-6.2373],[37.5325,-6.253],[37.4684,-6.252],[37.4711,-6.2253],[37.4914,-6.2296],[37.5191,-6.1868],[37.5438,-6.1908]]]},"properties":{"key":"236","name":"Mkindu","class":"forest_candidate","areaHa":4892,"observed":true}},{"type":"Feature","geometry":{"type":"Polygon","coordinates":[[[37.5902,-6.2043],[37.5899,-6.2151],[37.5812,-6.2137],[37.5902,-6.2043]]]},"properties":{"key":"237","name":"Mbogo","class":"forest_candidate","areaHa":119,"observed":true}},{"type":"Feature","geometry":{"type":"Polygon","coordinates":[[[35.7951,-6.2581],[35.7896,-6.2474],[35.8036,-6.2348],[35.828,-6.2362],[35.7951,-6.2581]]]},"properties":{"key":"238","name":"Dodoma Reservoir","class":"forest_candidate","areaHa":545,"observed":true}},{"type":"Feature","geometry":{"type":"Polygon","coordinates":[[[37.1107,-6.2489],[37.1011,-6.2562],[37.0905,-6.2409],[37.1076,-6.2349],[37.1107,-6.2489]]]},"properties":{"key":"239","name":"Mamboya","class":"forest_candidate","areaHa":233,"observed":true}},{"type":"Feature","geometry":{"type":"Polygon","coordinates":[[[39.4265,-6.2456],[39.4271,-6.2724],[39.4054,-6.2723],[39.4051,-6.2455],[39.4265,-6.2456]]]},"properties":{"key":"240","name":"Jozani","class":"forest_candidate","areaHa":707,"observed":true}},{"type":"Feature","geometry":{"type":"Polygon","coordinates":[[[38.2408,-6.2933],[38.2384,-6.3138],[38.2202,-6.3043],[38.2267,-6.2885],[38.2408,-6.2933]]]},"properties":{"key":"241","name":"Pongwe","class":"forest_candidate","areaHa":524,"observed":true}},{"type":"Feature","geometry":{"type":"Polygon","coordinates":[[[36.753,-6.3107],[36.7487,-6.3392],[36.7827,-6.3263],[36.8209,-6.3455],[36.7763,-6.3542],[36.7451,-6.3834],[36.7332,-6.356],[36.7203,-6.3587],[36.7182,-6.3796],[36.7084,-6.3766],[36.6917,-6.3193],[36.7036,-6.3006],[36.753,-6.3107]]]},"properties":{"key":"242","name":"Mlali","class":"forest_candidate","areaHa":6449,"observed":true}},{"type":"Feature","geometry":{"type":"Polygon","coordinates":[[[30.9997,-6.3067],[31.0049,-6.3055],[30.9952,-6.3139],[30.9854,-6.303],[30.9997,-6.3067]]]},"properties":{"key":"243","name":"Kubungu","class":"forest_candidate","areaHa":201,"observed":true}},{"type":"Feature","geometry":{"type":"Polygon","coordinates":[[[36.9904,-6.3211],[36.9936,-6.3129],[37.0127,-6.3241],[36.9962,-6.3309],[36.9904,-6.3211]]]},"properties":{"key":"244","name":"Uponera","class":"forest_candidate","areaHa":342,"observed":true}},{"type":"Feature","geometry":{"type":"MultiPolygon","coordinates":[[[[31.9317,-2.2922],[31.9492,-2.2794],[31.9415,-2.273],[31.98,-2.2652],[31.972,-2.249],[31.9946,-2.2579],[32.0128,-2.2367],[32.0189,-2.2578],[32.0413,-2.2543],[32.0387,-2.2801],[31.9939,-2.337],[31.9494,-2.3467],[31.9613,-2.3257],[31.9705,-2.3319],[31.9928,-2.3175],[31.9783,-2.3161],[31.9867,-2.301],[31.9712,-2.2885],[31.9317,-2.2922]]],[[[32.0117,-2.2316],[32.0146,-2.2302],[32.0141,-2.2321],[32.0117,-2.2316]]]]},"properties":{"key":"245","name":"Maisome","class":"forest_candidate","areaHa":6028,"observed":true}},{"type":"Feature","geometry":{"type":"Polygon","coordinates":[[[37.028,-6.326],[37.0258,-6.3373],[37.0218,-6.3381],[37.0144,-6.323],[37.028,-6.326]]]},"properties":{"key":"246","name":"Mamboto","class":"forest_candidate","areaHa":177,"observed":true}},{"type":"Feature","geometry":{"type":"Polygon","coordinates":[[[37.0218,-6.3381],[36.984,-6.3512],[37.0177,-6.3774],[37.0427,-6.4286],[36.952,-6.3565],[37.0127,-6.3241],[37.0218,-6.3381]]]},"properties":{"key":"247","name":"Milindo","class":"forest_candidate","areaHa":3067,"observed":true}},{"type":"Feature","geometry":{"type":"Polygon","coordinates":[[[36.9465,-6.3623],[36.9419,-6.36],[36.9543,-6.3277],[36.974,-6.332],[36.9767,-6.3441],[36.9465,-6.3623]]]},"properties":{"key":"248","name":"Ikwamba","class":"forest_candidate","areaHa":869,"observed":true}},{"type":"Feature","geometry":{"type":"Polygon","coordinates":[[[36.952,-6.3565],[36.9835,-6.397],[37.0256,-6.4119],[37.0485,-6.4604],[37.0361,-6.4635],[36.9954,-6.4351],[36.9729,-6.4606],[36.9795,-6.4762],[36.9482,-6.4592],[36.9632,-6.4163],[36.8776,-6.3524],[36.8965,-6.3434],[36.9344,-6.3668],[36.952,-6.3565]]]},"properties":{"key":"249","name":"North Mamiwa Kisara","class":"forest_candidate","areaHa":8594,"observed":true}},{"type":"Feature","geometry":{"type":"Polygon","coordinates":[[[31.3919,-6.6282],[31.3695,-6.6514],[31.3649,-6.6911],[31.3767,-6.733],[31.3967,-6.7544],[31.3751,-6.7929],[31.2725,-6.6972],[31.2518,-6.653],[31.1648,-6.6321],[31.1411,-6.6106],[31.1125,-6.5361],[31.1256,-6.4466],[31.0824,-6.3996],[31.1591,-6.4012],[31.1575,-6.3704],[31.2454,-6.3631],[31.3465,-6.5123],[31.3716,-6.4962],[31.3887,-6.5272],[31.3919,-6.6282]]]},"properties":{"key":"250","name":"Msaginia","class":"forest_candidate","areaHa":85634,"observed":true}},{"type":"Feature","geometry":{"type":"Polygon","coordinates":[[[36.9849,-6.3866],[37.0256,-6.4119],[36.9835,-6.397],[36.9615,-6.365],[36.9849,-6.3866]]]},"properties":{"key":"251","name":"Milindo Extension","class":"forest_candidate","areaHa":568,"observed":true}},{"type":"Feature","geometry":{"type":"Polygon","coordinates":[[[36.8572,-6.3785],[36.8443,-6.3903],[36.8378,-6.383],[36.8437,-6.3667],[36.8572,-6.3785]]]},"properties":{"key":"252","name":"Ijogo","class":"forest_candidate","areaHa":354,"observed":true}},{"type":"Feature","geometry":{"type":"Polygon","coordinates":[[[34.6233,-6.7503],[34.768,-6.8765],[34.8104,-6.8895],[34.8702,-6.8671],[34.9125,-6.8926],[34.8922,-6.9164],[34.7795,-6.9777],[34.7211,-7.0344],[34.677,-7.0548],[34.5937,-7.184],[34.5605,-7.2103],[34.5355,-7.2108],[34.5052,-7.2513],[34.4817,-7.2592],[34.4809,-7.2751],[34.4486,-7.2834],[34.4324,-7.3161],[34.3137,-7.3341],[34.2437,-7.3276],[34.1828,-7.379],[34.0675,-7.4],[33.9537,-7.3571],[33.9433,-7.3413],[33.945,-7.2966],[33.9006,-7.2491],[33.8501,-7.224],[33.776,-7.2367],[33.775,-6.9113],[33.7362,-6.9262],[33.6446,-7.0202],[33.6004,-7.011],[33.5218,-6.9546],[33.5239,-6.9421],[33.5851,-6.9077],[33.6456,-6.8174],[33.6863,-6.6944],[33.6836,-6.6529],[33.7184,-6.543],[33.7586,-6.5035],[33.9308,-6.3928],[34.0055,-6.4795],[34.0855,-6.5369],[34.1027,-6.5338],[34.1492,-6.576],[34.154,-6.6111],[34.179,-6.6513],[34.3544,-6.782],[34.411,-6.9329],[34.6233,-6.7503]]]},"properties":{"key":"253","name":"Rungwe","class":"forest_candidate","areaHa":807100,"observed":true}},{"type":"Feature","geometry":{"type":"Polygon","coordinates":[[[38.5582,-6.3981],[38.569,-6.4321],[38.5378,-6.4179],[38.5282,-6.4046],[38.5582,-6.3981]]]},"properties":{"key":"254","name":"Simbo","class":"forest_candidate","areaHa":952,"observed":true}},{"type":"Feature","geometry":{"type":"Polygon","coordinates":[[[31.5841,-6.44],[31.6984,-6.4767],[31.8554,-6.559],[31.9932,-6.6483],[32.0361,-6.6964],[32.021,-6.7225],[32.0437,-6.8238],[31.9666,-6.9316],[31.9562,-7.0233],[31.9217,-7.1239],[31.8482,-7.22],[31.7877,-7.2459],[31.7465,-7.2937],[31.7153,-7.2864],[31.6793,-7.2437],[31.6376,-7.2519],[31.6116,-7.2314],[31.5894,-7.2299],[31.596,-7.2021],[31.5845,-7.186],[31.5208,-7.1784],[31.4952,-7.1577],[31.4831,-7.1188],[31.4626,-7.0988],[31.4243,-7.0989],[31.4051,-7.1117],[31.3844,-7.0876],[31.3509,-7.0959],[31.3298,-7.0477],[31.2724,-7.0328],[31.3328,-6.9956],[31.3113,-6.9853],[31.3396,-6.9514],[31.3313,-6.889],[31.3965,-6.7575],[31.3649,-6.6911],[31.3695,-6.6514],[31.3919,-6.6282],[31.3887,-6.5272],[31.4199,-6.5127],[31.3935,-6.4468],[31.5841,-6.44]]]},"properties":{"key":"255","name":"Mulele Hills","class":"forest_candidate","areaHa":525911,"observed":true}},{"type":"Feature","geometry":{"type":"MultiPolygon","coordinates":[[[[32.0312,-2.2142],[32.0467,-2.2226],[32.0428,-2.2422],[32.0571,-2.2391],[32.0189,-2.2578],[32.0128,-2.2367],[32.0312,-2.2142]]],[[[32.0776,-2.2634],[32.0556,-2.2966],[32.0645,-2.3051],[32.0526,-2.3303],[31.9786,-2.3703],[31.9737,-2.3448],[31.9997,-2.3333],[32.0425,-2.273],[32.0776,-2.2634]]],[[[31.9572,-2.3536],[31.9503,-2.3574],[31.9523,-2.3482],[31.9617,-2.3465],[31.9572,-2.3536]]],[[[31.947,-2.3446],[31.9471,-2.3391],[31.9475,-2.3425],[31.947,-2.3446]]]]},"properties":{"key":"256","name":"Maisome","class":"forest_candidate","areaHa":6387,"observed":true}},{"type":"Feature","geometry":{"type":"Polygon","coordinates":[[[38.7576,-6.4589],[38.7527,-6.4799],[38.704,-6.4697],[38.7093,-6.4486],[38.7576,-6.4589]]]},"properties":{"key":"257","name":"Kikoka","class":"forest_candidate","areaHa":1591,"observed":true}},{"type":"Feature","geometry":{"type":"Polygon","coordinates":[[[36.9823,-6.4758],[36.9855,-6.4901],[36.9577,-6.5451],[36.9213,-6.5425],[36.945,-6.574],[36.9325,-6.6313],[36.9243,-6.605],[36.8936,-6.5927],[36.8936,-6.5793],[36.9044,-6.5349],[36.9174,-6.5302],[36.9175,-6.5021],[36.9512,-6.4898],[36.9495,-6.4597],[36.9823,-6.4758]]]},"properties":{"key":"258","name":"Sourth Mamiwa Kisara","class":"forest_candidate","areaHa":7051,"observed":true}},{"type":"Feature","geometry":{"type":"Polygon","coordinates":[[[32.0364,-6.5175],[32.0546,-6.509],[32.0415,-6.6457],[32.1819,-6.6334],[32.1981,-6.821],[32.0437,-6.8233],[32.021,-6.7225],[32.0374,-6.7016],[32.0321,-6.6884],[31.9932,-6.6483],[31.7954,-6.5267],[31.8098,-6.4935],[32.0364,-6.5175]]]},"properties":{"key":"259","name":"Land","class":"forest_candidate","areaHa":63561,"observed":true}},{"type":"Feature","geometry":{"type":"Polygon","coordinates":[[[39.0493,-6.6296],[39.0254,-6.7055],[38.9557,-6.7189],[38.97,-6.673],[38.8985,-6.679],[38.8844,-6.7118],[38.8363,-6.6872],[38.8285,-6.702],[38.7991,-6.7024],[38.8129,-6.5969],[38.8403,-6.5987],[38.8413,-6.6179],[38.8699,-6.618],[38.8713,-6.6013],[38.9315,-6.5679],[38.9405,-6.5425],[38.9996,-6.5595],[39.0493,-6.6296]]]},"properties":{"key":"260","name":"Ruvu North","class":"forest_candidate","areaHa":32599,"observed":true}},{"type":"Feature","geometry":{"type":"Polygon","coordinates":[[[37.6429,-6.5581],[37.7076,-6.68],[37.6308,-6.6887],[37.5772,-6.5605],[37.6429,-6.5581]]]},"properties":{"key":"261","name":"Morogoro  Fuel","class":"forest_candidate","areaHa":11364,"observed":true}},{"type":"Feature","geometry":{"type":"Polygon","coordinates":[[[30.6517,-6.9116],[30.6312,-6.8944],[30.6115,-6.8979],[30.5779,-6.8631],[30.5554,-6.7307],[30.5681,-6.7128],[30.5949,-6.7101],[30.6494,-6.6432],[30.7637,-6.6302],[30.7906,-6.7692],[30.7803,-6.8157],[30.8742,-6.9316],[30.875,-6.9642],[30.848,-7.0332],[30.6931,-6.9652],[30.6517,-6.9116]]]},"properties":{"key":"262","name":"Mkamba","class":"forest_candidate","areaHa":89421,"observed":true}},{"type":"Feature","geometry":{"type":"Polygon","coordinates":[[[36.3297,-6.6665],[36.3128,-6.6968],[36.3144,-6.6788],[36.2968,-6.6662],[36.3169,-6.6339],[36.3297,-6.6665]]]},"properties":{"key":"263","name":"Wotta","class":"forest_candidate","areaHa":1153,"observed":true}},{"type":"Feature","geometry":{"type":"Polygon","coordinates":[[[37.9482,-6.6638],[38.0144,-6.6509],[38.0132,-6.6926],[37.9645,-6.7327],[37.95,-6.718],[38.0041,-6.6725],[38.0014,-6.6662],[37.926,-6.7123],[37.9482,-6.6638]]]},"properties":{"key":"264","name":"Kitulanghalo","class":"forest_candidate","areaHa":4492,"observed":true}},{"type":"Feature","geometry":{"type":"Polygon","coordinates":[[[37.5842,-6.6839],[37.6128,-6.6658],[37.6114,-6.6923],[37.624,-6.7079],[37.6012,-6.7307],[37.5722,-6.7357],[37.5842,-6.6839]]]},"properties":{"key":"265","name":"Nguru ya Ndege","class":"forest_candidate","areaHa":2476,"observed":true}},{"type":"Feature","geometry":{"type":"Polygon","coordinates":[[[37.8819,-6.6872],[37.8861,-6.7135],[37.8743,-6.7413],[37.8573,-6.7288],[37.8819,-6.6872]]]},"properties":{"key":"266","name":"Dindili","class":"forest_candidate","areaHa":1041,"observed":true}},{"type":"Feature","geometry":{"type":"Polygon","coordinates":[[[31.3492,-2.5713],[31.268,-2.5336],[31.2209,-2.3819],[31.2496,-2.3594],[31.281,-2.2771],[31.4288,-2.2255],[31.4296,-2.2667],[31.3552,-2.5069],[31.3492,-2.5713]]]},"properties":{"key":"267","name":"Kasongoye","class":"forest_candidate","areaHa":49312,"observed":true}},{"type":"Feature","geometry":{"type":"Polygon","coordinates":[[[35.9542,-6.7069],[35.9415,-6.7291],[35.9355,-6.7223],[35.9182,-6.7342],[35.9167,-6.7158],[35.9363,-6.6892],[35.9542,-6.7069]]]},"properties":{"key":"268","name":"Sasajila","class":"forest_candidate","areaHa":1258,"observed":true}},{"type":"Feature","geometry":{"type":"Polygon","coordinates":[[[32.4137,-6.7346],[32.4825,-6.7264],[32.54,-6.7722],[32.4908,-6.83],[32.4679,-6.7923],[32.4207,-6.8075],[32.4137,-6.7346]]]},"properties":{"key":"269","name":"Land","class":"forest_candidate","areaHa":9735,"observed":true}},{"type":"Feature","geometry":{"type":"Polygon","coordinates":[[[32.1708,-6.8168],[32.3749,-6.8529],[32.4001,-6.8415],[32.4193,-6.8074],[32.4679,-6.7923],[32.495,-6.8367],[32.5595,-6.8352],[32.7381,-6.8696],[32.7243,-7.0012],[32.6559,-6.9934],[32.5797,-7.0022],[32.5769,-7.0491],[32.5395,-7.111],[32.4777,-7.1488],[32.4518,-7.1337],[32.4447,-7.1543],[32.3367,-7.1781],[32.2682,-7.2191],[32.1808,-7.2291],[32.1012,-7.2603],[32.055,-7.218],[32.0514,-7.2302],[32.011,-7.2362],[31.9926,-7.2617],[31.9454,-7.2822],[31.8911,-7.2469],[31.8063,-7.2959],[31.7505,-7.2964],[31.748,-7.285],[31.7877,-7.2459],[31.857,-7.2111],[31.9217,-7.1239],[31.9562,-7.0233],[31.9666,-6.9316],[32.0437,-6.8233],[32.1708,-6.8168]]]},"properties":{"key":"270","name":"Rungwa River","class":"forest_candidate","areaHa":321421,"observed":true}},{"type":"Feature","geometry":{"type":"Polygon","coordinates":[[[37.8111,-6.7992],[37.8323,-6.8168],[37.824,-6.8278],[37.7941,-6.8113],[37.8111,-6.7992]]]},"properties":{"key":"271","name":"Pangawe East","class":"forest_candidate","areaHa":742,"observed":true}},{"type":"Feature","geometry":{"type":"Polygon","coordinates":[[[36.9603,-6.8294],[36.9428,-6.8109],[36.954,-6.8062],[36.9678,-6.8228],[36.9603,-6.8294]]]},"properties":{"key":"272","name":"Kihiliri","class":"forest_candidate","areaHa":295,"observed":true}},{"type":"Feature","geometry":{"type":"Polygon","coordinates":[[[37.7763,-6.8204],[37.7881,-6.8158],[37.7798,-6.8285],[37.7708,-6.8189],[37.7783,-6.8107],[37.7763,-6.8204]]]},"properties":{"key":"273","name":"Pangawe West","class":"forest_candidate","areaHa":197,"observed":true}},{"type":"Feature","geometry":{"type":"Polygon","coordinates":[[[37.5901,-6.8129],[37.5975,-6.8108],[37.6058,-6.8521],[37.5697,-6.862],[37.5901,-6.8129]]]},"properties":{"key":"274","name":"Mindu","class":"forest_candidate","areaHa":1373,"observed":true}},{"type":"Feature","geometry":{"type":"Polygon","coordinates":[[[37.7084,-6.8208],[37.7278,-6.836],[37.7252,-6.8415],[37.6959,-6.8317],[37.7084,-6.8208]]]},"properties":{"key":"275","name":"Tongeni River","class":"forest_candidate","areaHa":300,"observed":true}},{"type":"Feature","geometry":{"type":"Polygon","coordinates":[[[37.7134,-6.8311],[37.7373,-6.8577],[37.7373,-6.8741],[37.7052,-6.905],[37.716,-6.9432],[37.6649,-6.9444],[37.6313,-6.9828],[37.6353,-7.0081],[37.6158,-7.0027],[37.6089,-6.983],[37.6302,-6.9607],[37.6331,-6.9338],[37.6604,-6.9147],[37.6633,-6.8884],[37.6824,-6.8873],[37.6935,-6.8724],[37.6831,-6.8578],[37.6959,-6.8317],[37.7134,-6.8311]]]},"properties":{"key":"276","name":"Uluguru","class":"forest_candidate","areaHa":8368,"observed":true}},{"type":"Feature","geometry":{"type":"Polygon","coordinates":[[[37.9601,-6.8491],[37.9649,-6.8749],[37.9378,-6.9158],[37.8925,-6.9368],[37.8822,-6.9113],[37.8889,-6.8917],[37.934,-6.8353],[37.9601,-6.8491]]]},"properties":{"key":"277","name":"Mkungwe","class":"forest_candidate","areaHa":5534,"observed":true}},{"type":"Feature","geometry":{"type":"Polygon","coordinates":[[[32.5289,-2.2477],[32.5297,-2.2351],[32.5371,-2.2398],[32.5289,-2.2477]]]},"properties":{"key":"278","name":"Ito","class":"forest_candidate","areaHa":120,"observed":true}},{"type":"Feature","geometry":{"type":"Polygon","coordinates":[[[37.6672,-6.8388],[37.6721,-6.8484],[37.664,-6.8502],[37.6672,-6.8388]]]},"properties":{"key":"279","name":"Nyandira","class":"forest_candidate","areaHa":86,"observed":true}},{"type":"Feature","geometry":{"type":"Polygon","coordinates":[[[36.5879,-6.8719],[36.5757,-6.8808],[36.5751,-6.9164],[36.5925,-6.941],[36.5789,-6.9656],[36.5565,-6.9536],[36.5603,-6.9338],[36.5447,-6.9115],[36.5603,-6.8945],[36.5561,-6.8537],[36.5879,-6.8719]]]},"properties":{"key":"280","name":"Mafwomero","class":"forest_candidate","areaHa":3308,"observed":true}},{"type":"Feature","geometry":{"type":"Polygon","coordinates":[[[39.0406,-6.8739],[38.976,-6.9829],[38.9658,-6.9392],[38.9208,-6.9392],[38.9388,-7.0066],[38.9305,-7.027],[38.8902,-7.0476],[38.8101,-7.0165],[38.7586,-6.9456],[38.7806,-6.876],[38.7841,-6.8851],[38.813,-6.8821],[38.8769,-6.921],[38.9214,-6.9251],[38.9236,-6.8836],[38.9116,-6.8807],[38.9124,-6.867],[39.0406,-6.8739]]]},"properties":{"key":"281","name":"Ruvu Sourth","class":"forest_candidate","areaHa":32545,"observed":true}},{"type":"Feature","geometry":{"type":"Polygon","coordinates":[[[39.1047,-6.9133],[39.0804,-6.9212],[39.0618,-6.8732],[39.1128,-6.866],[39.1047,-6.9133]],[[39.073,-6.8797],[39.0868,-6.8736],[39.0812,-6.8709],[39.073,-6.8797]]]},"properties":{"key":"282","name":"Pugu","class":"forest_candidate","areaHa":2301,"observed":true}},{"type":"Feature","geometry":{"type":"Polygon","coordinates":[[[39.0855,-6.8753],[39.073,-6.8797],[39.0754,-6.8761],[39.0855,-6.8753]]]},"properties":{"key":"283","name":"Land","class":"forest_candidate","areaHa":78,"observed":true}},{"type":"Feature","geometry":{"type":"Polygon","coordinates":[[[37.63,-6.8746],[37.6285,-6.8788],[37.6253,-6.8791],[37.63,-6.8746]]]},"properties":{"key":"284","name":"Magadu","class":"forest_candidate","areaHa":19,"observed":true}},{"type":"Feature","geometry":{"type":"Polygon","coordinates":[[[39.0829,-6.9419],[39.064,-6.9608],[39.0828,-6.9705],[39.0614,-7.016],[39.0399,-7.0215],[39.0264,-6.9442],[39.0404,-6.922],[39.0506,-6.9298],[39.0761,-6.9163],[39.0829,-6.9419]]]},"properties":{"key":"285","name":"Kazimzumbwi","class":"forest_candidate","areaHa":4985,"observed":true}},{"type":"Feature","geometry":{"type":"Polygon","coordinates":[[[38.0072,-6.9461],[38.0376,-6.9223],[38.0727,-6.9504],[38.1445,-6.9525],[38.1333,-6.9909],[38.1492,-7.0111],[38.1569,-7.0727],[38.1763,-7.1115],[38.1777,-7.2282],[38.1987,-7.2401],[38.2162,-7.276],[38.1632,-7.2863],[38.1396,-7.2691],[38.1085,-7.2822],[38.0408,-7.1919],[37.9963,-7.1823],[37.9797,-7.2005],[37.9603,-7.119],[37.9779,-7.0599],[37.9988,-7.0614],[38.0055,-7.0434],[37.9959,-7.0002],[38.0072,-6.9461]]]},"properties":{"key":"286","name":"Mkulazi","class":"forest_candidate","areaHa":65751,"observed":true}},{"type":"Feature","geometry":{"type":"Polygon","coordinates":[[[39.2786,-7.0046],[39.2559,-6.9863],[39.2684,-6.9665],[39.2556,-6.9584],[39.2639,-6.9482],[39.2765,-6.9479],[39.2907,-6.9829],[39.3051,-6.9861],[39.2786,-7.0046]]]},"properties":{"key":"287","name":"Vikindu","class":"forest_candidate","areaHa":1803,"observed":true}},{"type":"Feature","geometry":{"type":"Polygon","coordinates":[[[32.5475,-2.2446],[32.5706,-2.265],[32.5444,-2.2603],[32.5475,-2.2446]]]},"properties":{"key":"288","name":"Ikuru","class":"forest_candidate","areaHa":374,"observed":true}},{"type":"Feature","geometry":{"type":"Polygon","coordinates":[[[36.7553,-6.9574],[36.7893,-6.9531],[36.8253,-6.9615],[36.8473,-7.0115],[36.8109,-7.0405],[36.8158,-7.0482],[36.7639,-7.1072],[36.7883,-7.1499],[36.7735,-7.1585],[36.7343,-7.1326],[36.7103,-7.1319],[36.6718,-7.1545],[36.6568,-7.1909],[36.6129,-7.1717],[36.5994,-7.1531],[36.6295,-7.1059],[36.6145,-7.0723],[36.7553,-6.9574]]]},"properties":{"key":"289","name":"Ruvu","class":"forest_candidate","areaHa":35606,"observed":true}},{"type":"Feature","geometry":{"type":"Polygon","coordinates":[[[37.8731,-6.9592],[37.8947,-6.9544],[37.9024,-7.022],[37.8723,-7.0183],[37.831,-7.0364],[37.8311,-7.0174],[37.8731,-6.9592]]]},"properties":{"key":"290","name":"Kisi","class":"forest_candidate","areaHa":3843,"observed":true}},{"type":"Feature","geometry":{"type":"Polygon","coordinates":[[[30.8753,-7.0462],[30.8985,-7.0862],[30.9239,-7.0895],[30.9579,-7.121],[30.9146,-7.1713],[30.8924,-7.1528],[30.8239,-7.1467],[30.7529,-7.0276],[30.6974,-6.9937],[30.6931,-6.9652],[30.8753,-7.0462]]]},"properties":{"key":"291","name":"Mhangalla","class":"forest_candidate","areaHa":22926,"observed":true}},{"type":"Feature","geometry":{"type":"Polygon","coordinates":[[[37.7616,-6.9817],[37.7629,-6.9861],[37.7542,-6.9823],[37.7616,-6.9817]]]},"properties":{"key":"292","name":"Mlarivira","class":"forest_candidate","areaHa":44,"observed":true}},{"type":"Feature","geometry":{"type":"Polygon","coordinates":[[[37.7495,-6.9798],[37.7509,-6.9857],[37.7476,-6.9857],[37.7495,-6.9798]]]},"properties":{"key":"293","name":"Kimboza","class":"forest_candidate","areaHa":19,"observed":true}},{"type":"Feature","geometry":{"type":"Polygon","coordinates":[[[37.8227,-7.0041],[37.8177,-7.0276],[37.8041,-7.0298],[37.8122,-7.0002],[37.8227,-7.0041]]]},"properties":{"key":"294","name":"Ukwiva","class":"forest_candidate","areaHa":540,"observed":true}},{"type":"Feature","geometry":{"type":"Polygon","coordinates":[[[37.6307,-7.0235],[37.6367,-7.0125],[37.6395,-7.0157],[37.6307,-7.0235]]]},"properties":{"key":"295","name":"Bunduki 1 & 11","class":"forest_candidate","areaHa":113,"observed":true}},{"type":"Feature","geometry":{"type":"Polygon","coordinates":[[[37.6598,-7.1447],[37.6779,-7.1301],[37.695,-7.087],[37.7032,-7.1122],[37.7254,-7.1095],[37.731,-7.1213],[37.7005,-7.1306],[37.701,-7.1435],[37.723,-7.1437],[37.728,-7.1632],[37.6913,-7.1754],[37.7093,-7.2013],[37.7005,-7.2368],[37.683,-7.1952],[37.6551,-7.2079],[37.6482,-7.1682],[37.6178,-7.194],[37.6214,-7.1787],[37.5901,-7.1655],[37.5974,-7.0562],[37.6186,-7.0461],[37.6397,-7.0619],[37.6567,-7.0184],[37.6846,-7.0614],[37.6673,-7.0631],[37.6648,-7.0977],[37.6476,-7.1118],[37.6598,-7.1447]]]},"properties":{"key":"296","name":"Uluguru Sourth","class":"forest_candidate","areaHa":17475,"observed":true}},{"type":"Feature","geometry":{"type":"Polygon","coordinates":[[[37.622,-7.0269],[37.6243,-7.027],[37.6239,-7.0284],[37.622,-7.0269]]]},"properties":{"key":"297","name":"Bunduki 111","class":"forest_candidate","areaHa":4,"observed":true}},{"type":"Feature","geometry":{"type":"Polygon","coordinates":[[[37.5863,-7.0534],[37.5888,-7.0557],[37.5836,-7.0587],[37.5863,-7.0534]]]},"properties":{"key":"298","name":"Vigoza","class":"forest_candidate","areaHa":48,"observed":true}},{"type":"Feature","geometry":{"type":"Polygon","coordinates":[[[32.4241,-2.2704],[32.4313,-2.2666],[32.4394,-2.2787],[32.4351,-2.2904],[32.4241,-2.2704]]]},"properties":{"key":"299","name":"Land","class":"forest_candidate","areaHa":214,"observed":true}},{"type":"Feature","geometry":{"type":"Polygon","coordinates":[[[37.5608,-7.0974],[37.5533,-7.1097],[37.5563,-7.0986],[37.5608,-7.0974]]]},"properties":{"key":"300","name":"Nyandiduma","class":"forest_candidate","areaHa":101,"observed":true}},{"type":"Feature","geometry":{"type":"Polygon","coordinates":[[[32.386,-7.162],[32.4023,-7.1678],[32.415,-7.1543],[32.4463,-7.1536],[32.4518,-7.1337],[32.4777,-7.1488],[32.5121,-7.1212],[32.5506,-7.1116],[32.5935,-7.1501],[32.6477,-7.1701],[32.668,-7.2064],[32.7792,-7.2335],[32.8379,-7.2749],[32.8991,-7.2925],[32.8133,-7.3359],[32.7404,-7.3407],[32.7002,-7.4663],[32.6048,-7.5493],[32.5727,-7.6365],[32.5413,-7.5965],[32.5369,-7.567],[32.5562,-7.4951],[32.55,-7.4648],[32.461,-7.3949],[32.4456,-7.3434],[32.4258,-7.3318],[32.3814,-7.2545],[32.318,-7.1933],[32.386,-7.162]]]},"properties":{"key":"301","name":"Muipa","class":"forest_candidate","areaHa":142807,"observed":true}},{"type":"Feature","geometry":{"type":"Polygon","coordinates":[[[36.4556,-7.1198],[36.4609,-7.1364],[36.4363,-7.1507],[36.4636,-7.1819],[36.4535,-7.2012],[36.3996,-7.2219],[36.3907,-7.2058],[36.405,-7.1759],[36.3991,-7.1443],[36.4302,-7.1127],[36.4556,-7.1198]]]},"properties":{"key":"302","name":"Mangalissa","class":"forest_candidate","areaHa":5859,"observed":true}},{"type":"Feature","geometry":{"type":"Polygon","coordinates":[[[37.5202,-7.161],[37.5152,-7.1819],[37.5074,-7.1709],[37.5089,-7.152],[37.5202,-7.161]]]},"properties":{"key":"303","name":"Shikurufumi","class":"forest_candidate","areaHa":302,"observed":true}},{"type":"Feature","geometry":{"type":"Polygon","coordinates":[[[37.8305,-7.1587],[37.8561,-7.1545],[37.8485,-7.1854],[37.8329,-7.1794],[37.8305,-7.1587]]]},"properties":{"key":"304","name":"Chamanyani","class":"forest_candidate","areaHa":806,"observed":true}},{"type":"Feature","geometry":{"type":"Polygon","coordinates":[[[36.8345,-7.3293],[36.8241,-7.3471],[36.7921,-7.3538],[36.7755,-7.318],[36.7966,-7.2843],[36.7868,-7.2813],[36.7909,-7.2297],[36.8307,-7.1651],[36.8489,-7.1655],[36.8565,-7.1919],[36.8294,-7.1886],[36.8184,-7.2141],[36.8568,-7.2282],[36.8345,-7.3293]]]},"properties":{"key":"305","name":"Pala Mountan","class":"forest_candidate","areaHa":10764,"observed":true}},{"type":"Feature","geometry":{"type":"Polygon","coordinates":[[[37.8493,-7.1983],[37.8205,-7.2063],[37.8246,-7.1715],[37.8493,-7.1983]]]},"properties":{"key":"306","name":"Mvuha","class":"forest_candidate","areaHa":759,"observed":true}},{"type":"Feature","geometry":{"type":"Polygon","coordinates":[[[37.7543,-7.1898],[37.7739,-7.1861],[37.766,-7.2028],[37.7478,-7.2056],[37.7543,-7.1898]]]},"properties":{"key":"307","name":"Kasanga","class":"forest_candidate","areaHa":429,"observed":true}},{"type":"Feature","geometry":{"type":"Polygon","coordinates":[[[32.318,-7.1933],[32.3336,-7.2054],[32.3814,-7.2545],[32.4258,-7.3318],[32.4456,-7.3434],[32.461,-7.3949],[32.5435,-7.4537],[32.5566,-7.4793],[32.5374,-7.5557],[32.5438,-7.59],[32.5276,-7.585],[32.4722,-7.7207],[32.4105,-7.797],[32.3947,-7.7893],[32.3671,-7.8013],[32.3605,-7.8229],[32.311,-7.8535],[32.1881,-7.743],[32.1718,-7.7415],[32.0421,-7.6048],[32.0863,-7.5518],[32.0805,-7.5294],[32.0907,-7.5063],[32.1477,-7.4815],[32.283,-7.3517],[32.2917,-7.3155],[32.3118,-7.2923],[32.2731,-7.2444],[32.267,-7.2189],[32.318,-7.1933]]]},"properties":{"key":"308","name":"Lukwati","class":"forest_candidate","areaHa":215578,"observed":true}},{"type":"Feature","geometry":{"type":"Polygon","coordinates":[[[39.0224,-7.2553],[38.9864,-7.2926],[38.97,-7.2541],[39,-7.2325],[39.0224,-7.2553]]]},"properties":{"key":"309","name":"Masangania","class":"forest_candidate","areaHa":2344,"observed":true}},{"type":"Feature","geometry":{"type":"MultiPolygon","coordinates":[[[[32.4362,-2.2619],[32.4393,-2.2651],[32.4357,-2.2696],[32.4362,-2.2619]]],[[[32.4394,-2.2786],[32.4394,-2.2787],[32.4392,-2.2783],[32.4394,-2.2786]]]]},"properties":{"key":"310","name":"Land","class":"forest_candidate","areaHa":29,"observed":true}},{"type":"Feature","geometry":{"type":"Polygon","coordinates":[[[37.8554,-7.315],[37.8713,-7.3177],[37.8573,-7.3381],[37.837,-7.3189],[37.8554,-7.315]]]},"properties":{"key":"311","name":"Vigoregore","class":"forest_candidate","areaHa":543,"observed":true}},{"type":"Feature","geometry":{"type":"Polygon","coordinates":[[[36.1847,-7.5137],[36.1742,-7.5553],[36.1607,-7.56],[36.1358,-7.493],[36.1472,-7.4182],[36.1781,-7.3712],[36.1977,-7.3797],[36.1847,-7.5137]]]},"properties":{"key":"312","name":"Image","class":"forest_candidate","areaHa":9011,"observed":true}},{"type":"Feature","geometry":{"type":"Polygon","coordinates":[[[39.1387,-7.4747],[39.1351,-7.4885],[39.1227,-7.4737],[39.1387,-7.4747]]]},"properties":{"key":"313","name":"Marenda","class":"forest_candidate","areaHa":212,"observed":true}},{"type":"Feature","geometry":{"type":"Polygon","coordinates":[[[37.5475,-7.5212],[37.534,-7.5057],[37.5565,-7.5074],[37.567,-7.4901],[37.5988,-7.4798],[37.5988,-7.4917],[37.5766,-7.493],[37.5475,-7.5212]]]},"properties":{"key":"314","name":"Kilengwe","class":"forest_candidate","areaHa":974,"observed":true}},{"type":"Feature","geometry":{"type":"Polygon","coordinates":[[[38.9056,-7.4971],[38.9326,-7.4878],[38.979,-7.4926],[39,-7.5177],[38.9788,-7.5262],[38.9604,-7.498],[38.9471,-7.4978],[38.9516,-7.5589],[38.9056,-7.4971]]]},"properties":{"key":"315","name":"Mtita","class":"forest_candidate","areaHa":3542,"observed":true}},{"type":"Feature","geometry":{"type":"Polygon","coordinates":[[[35.7236,-7.5873],[35.7156,-7.6032],[35.6827,-7.577],[35.6463,-7.6007],[35.6431,-7.647],[35.5867,-7.6748],[35.6548,-7.534],[35.7236,-7.5873]]]},"properties":{"key":"316","name":"Kitapilimwa","class":"forest_candidate","areaHa":5841,"observed":true}},{"type":"Feature","geometry":{"type":"Polygon","coordinates":[[[33.4088,-7.5899],[33.4057,-7.5807],[33.4352,-7.5402],[33.4732,-7.5538],[33.451,-7.5928],[33.4088,-7.5899]]]},"properties":{"key":"317","name":"Kipembawe","class":"forest_candidate","areaHa":2991,"observed":true}},{"type":"Feature","geometry":{"type":"Polygon","coordinates":[[[31.3487,-7.6239],[31.3307,-7.6322],[31.2964,-7.6207],[31.2839,-7.5916],[31.2876,-7.5683],[31.3207,-7.5713],[31.3487,-7.6239]]]},"properties":{"key":"318","name":"Chala Hills","class":"forest_candidate","areaHa":3158,"observed":true}},{"type":"Feature","geometry":{"type":"Polygon","coordinates":[[[39.1547,-7.5973],[39.1501,-7.6316],[39.1343,-7.6333],[39.1191,-7.5949],[39.1309,-7.5775],[39.1547,-7.5973]]]},"properties":{"key":"319","name":"Kingoma","class":"forest_candidate","areaHa":1389,"observed":true}},{"type":"Feature","geometry":{"type":"Polygon","coordinates":[[[38.5103,-7.5818],[38.6296,-7.5799],[38.6152,-7.6486],[38.6471,-7.6906],[38.6863,-7.6994],[38.7047,-7.7348],[38.8071,-7.783],[38.8651,-7.8366],[38.9588,-7.8537],[38.9631,-7.8837],[38.944,-7.9106],[38.9227,-7.9074],[38.905,-7.92],[38.8698,-7.8984],[38.8327,-7.8975],[38.8253,-7.8846],[38.8235,-7.8995],[38.8011,-7.8979],[38.7286,-7.8525],[38.6945,-7.8467],[38.6802,-7.8631],[38.615,-7.8515],[38.5835,-7.8309],[38.5347,-7.7562],[38.4979,-7.726],[38.4745,-7.6747],[38.4489,-7.6621],[38.5103,-7.5818]]]},"properties":{"key":"320","name":"Ruhoi","class":"forest_candidate","areaHa":79434,"observed":true}},{"type":"Feature","geometry":{"type":"Polygon","coordinates":[[[32.4982,-2.2863],[32.5022,-2.2815],[32.5112,-2.2926],[32.5043,-2.2998],[32.4982,-2.2863]]]},"properties":{"key":"321","name":"Land","class":"forest_candidate","areaHa":144,"observed":true}},{"type":"Feature","geometry":{"type":"Polygon","coordinates":[[[36.8997,-7.7141],[36.7603,-7.9298],[36.6779,-7.9042],[36.5319,-7.9027],[36.4615,-7.9622],[36.2375,-8.0146],[36.2432,-8.0527],[36.231,-8.073],[36.1646,-8.0809],[36.1396,-8.0594],[36.1191,-8.0727],[36.1236,-8.0142],[36.1122,-7.9904],[36.1287,-7.9811],[36.1379,-7.9898],[36.1676,-7.966],[36.182,-7.9211],[36.2237,-7.8743],[36.2687,-7.8768],[36.2804,-7.8638],[36.2719,-7.8475],[36.3125,-7.8357],[36.3033,-7.8053],[36.3445,-7.7742],[36.4105,-7.7708],[36.4483,-7.7165],[36.5078,-7.6971],[36.5748,-7.6466],[36.6793,-7.6614],[36.6943,-7.6719],[36.6984,-7.7341],[36.7275,-7.7467],[36.7828,-7.7152],[36.7728,-7.6972],[36.746,-7.6917],[36.7763,-7.6396],[36.8896,-7.6311],[36.9309,-7.6363],[36.9731,-7.6592],[36.8997,-7.7141]]]},"properties":{"key":"322","name":"West Kilombero Scarp","class":"forest_candidate","areaHa":191080,"observed":true}},{"type":"Feature","geometry":{"type":"Polygon","coordinates":[[[39.2583,-7.6799],[39.2756,-7.6526],[39.2861,-7.6884],[39.2794,-7.6826],[39.2625,-7.7196],[39.2583,-7.6799]]]},"properties":{"key":"323","name":"Mchungu","class":"forest_candidate","areaHa":1210,"observed":true}},{"type":"Feature","geometry":{"type":"Polygon","coordinates":[[[36.9731,-7.6592],[36.9638,-7.6775],[36.9579,-7.6728],[36.9731,-7.6592]]]},"properties":{"key":"324","name":"Land","class":"forest_candidate","areaHa":100,"observed":true}},{"type":"Feature","geometry":{"type":"Polygon","coordinates":[[[36.7603,-7.9298],[36.8997,-7.7141],[36.9579,-7.6728],[36.9638,-7.6775],[36.9541,-7.6969],[36.9228,-7.7356],[36.9116,-7.7339],[36.9155,-7.7648],[36.895,-7.7904],[36.8782,-7.852],[36.885,-7.8655],[36.8583,-7.9019],[36.8575,-7.9418],[36.7957,-7.9514],[36.7603,-7.9298]],[[36.9587,-7.6815],[36.9572,-7.6794],[36.9495,-7.6852],[36.9587,-7.6815]]]},"properties":{"key":"325","name":"Mwanihana","class":"forest_candidate","areaHa":18532,"observed":true}},{"type":"Feature","geometry":{"type":"Polygon","coordinates":[[[36.9542,-7.6889],[36.9501,-7.6883],[36.9495,-7.6852],[36.9572,-7.6794],[36.9542,-7.6889]]]},"properties":{"key":"326","name":"Land","class":"forest_candidate","areaHa":59,"observed":true}},{"type":"Feature","geometry":{"type":"Polygon","coordinates":[[[35.7293,-7.7074],[35.728,-7.7012],[35.7465,-7.7195],[35.7125,-7.7451],[35.7293,-7.7074]]]},"properties":{"key":"327","name":"Iringa","class":"forest_candidate","areaHa":592,"observed":true}},{"type":"Feature","geometry":{"type":"Polygon","coordinates":[[[31.7868,-7.9118],[31.7765,-7.9319],[31.7601,-7.9298],[31.7373,-7.901],[31.7002,-7.8863],[31.6743,-7.899],[31.6791,-7.936],[31.6474,-7.9258],[31.6317,-7.8752],[31.6489,-7.8707],[31.6417,-7.8335],[31.5921,-7.8103],[31.5722,-7.8131],[31.568,-7.7967],[31.5661,-7.7736],[31.6005,-7.7245],[31.713,-7.8216],[31.7965,-7.8734],[31.7985,-7.9116],[31.7868,-7.9118]]]},"properties":{"key":"328","name":"Lyambo Hills","class":"forest_candidate","areaHa":23445,"observed":true}},{"type":"Feature","geometry":{"type":"Polygon","coordinates":[[[39.2619,-7.7352],[39.2593,-7.7513],[39.2366,-7.7412],[39.2466,-7.7287],[39.2619,-7.7352]]]},"properties":{"key":"329","name":"Kikale","class":"forest_candidate","areaHa":457,"observed":true}},{"type":"Feature","geometry":{"type":"Polygon","coordinates":[[[35.9916,-7.85],[35.9275,-7.8707],[35.9038,-7.8667],[35.896,-7.8251],[35.9394,-7.7557],[36.014,-7.7433],[36.0094,-7.7623],[36.0233,-7.7698],[36.0272,-7.7921],[36.0569,-7.8131],[36.0583,-7.8414],[36.0346,-7.8747],[36.0185,-7.8822],[35.9916,-7.85]]]},"properties":{"key":"330","name":"Kisinga Rugaro","class":"forest_candidate","areaHa":17758,"observed":true}},{"type":"Feature","geometry":{"type":"Polygon","coordinates":[[[38.4008,-7.7802],[38.4325,-7.8063],[38.4284,-7.8495],[38.4009,-7.849],[38.3567,-7.8151],[38.4008,-7.7802]]]},"properties":{"key":"331","name":"Mtanza","class":"forest_candidate","areaHa":4028,"observed":true}},{"type":"Feature","geometry":{"type":"Polygon","coordinates":[[[31.809,-1.0267],[31.8023,-1.0295],[31.8022,-1.0281],[31.809,-1.0267]]]},"properties":{"key":"332","name":"Kiau Island","class":"forest_candidate","areaHa":41,"observed":true}},{"type":"Feature","geometry":{"type":"Polygon","coordinates":[[[32.5125,-2.271],[32.5417,-2.2694],[32.5407,-2.3179],[32.5155,-2.3236],[32.5035,-2.3031],[32.5125,-2.271]]]},"properties":{"key":"333","name":"Land","class":"forest_candidate","areaHa":1768,"observed":true}},{"type":"Feature","geometry":{"type":"Polygon","coordinates":[[[38.8531,-7.7856],[38.903,-7.7992],[38.88,-7.838],[38.8491,-7.8182],[38.8531,-7.7856]]]},"properties":{"key":"334","name":"Ngulakula","class":"forest_candidate","areaHa":2271,"observed":true}},{"type":"Feature","geometry":{"type":"Polygon","coordinates":[[[38.0536,-7.814],[38.0542,-7.8332],[38.0197,-7.8446],[38.0198,-7.8239],[38.0536,-7.814]]]},"properties":{"key":"335","name":"Mpanga","class":"forest_candidate","areaHa":834,"observed":true}},{"type":"Feature","geometry":{"type":"Polygon","coordinates":[[[38.5767,-7.8527],[38.5772,-7.8675],[38.5504,-7.8798],[38.5312,-7.8519],[38.5767,-7.8527]]]},"properties":{"key":"336","name":"Kipo","class":"forest_candidate","areaHa":1197,"observed":true}},{"type":"Feature","geometry":{"type":"Polygon","coordinates":[[[36.9209,-7.8644],[36.9332,-7.8813],[36.902,-7.8814],[36.8937,-7.8726],[36.903,-7.8603],[36.9209,-7.8644]]]},"properties":{"key":"337","name":"Kalunga","class":"forest_candidate","areaHa":698,"observed":true}},{"type":"Feature","geometry":{"type":"Polygon","coordinates":[[[38.9831,-7.9162],[38.9896,-7.8615],[39.0787,-7.8864],[39.0546,-7.9134],[38.9831,-7.9162]]]},"properties":{"key":"338","name":"Nyumburuni","class":"forest_candidate","areaHa":4549,"observed":true}},{"type":"Feature","geometry":{"type":"Polygon","coordinates":[[[31.5902,-7.8816],[31.5933,-7.8879],[31.5823,-7.896],[31.5902,-7.8816]]]},"properties":{"key":"339","name":"Sumbawanga","class":"forest_candidate","areaHa":121,"observed":true}},{"type":"Feature","geometry":{"type":"Polygon","coordinates":[[[36.5305,-7.9525],[36.5494,-7.9584],[36.5539,-7.9779],[36.4686,-8.0778],[36.3874,-8.1532],[36.3416,-8.1493],[36.3286,-8.1105],[36.3145,-8.107],[36.325,-8.0997],[36.3099,-8.088],[36.3753,-7.9888],[36.4615,-7.9622],[36.5319,-7.9027],[36.5792,-7.9032],[36.5305,-7.9525]]]},"properties":{"key":"340","name":"Matundu","class":"forest_candidate","areaHa":34728,"observed":true}},{"type":"Feature","geometry":{"type":"Polygon","coordinates":[[[36.6838,-7.9061],[36.6831,-7.9538],[36.6645,-7.9652],[36.6565,-8.0115],[36.6012,-8.0068],[36.6051,-7.9759],[36.5829,-7.9463],[36.5299,-7.9551],[36.5792,-7.9032],[36.6838,-7.9061]]]},"properties":{"key":"341","name":"Iwonde","class":"forest_candidate","areaHa":12395,"observed":true}},{"type":"Feature","geometry":{"type":"Polygon","coordinates":[[[36.7784,-7.9368],[36.7559,-7.9393],[36.7576,-7.9626],[36.7929,-7.9771],[36.825,-8.0369],[36.7982,-8.0651],[36.7222,-8.0379],[36.6849,-8.0462],[36.6565,-8.0115],[36.6645,-7.9652],[36.6831,-7.9538],[36.6838,-7.9061],[36.7784,-7.9368]]]},"properties":{"key":"342","name":"Nyanganje","class":"forest_candidate","areaHa":18964,"observed":true}},{"type":"Feature","geometry":{"type":"Polygon","coordinates":[[[33.3317,-7.9553],[33.3704,-7.9544],[33.3679,-8.0084],[33.3341,-8.0003],[33.3317,-7.9553]]]},"properties":{"key":"343","name":"Kalangali","class":"forest_candidate","areaHa":2365,"observed":true}},{"type":"Feature","geometry":{"type":"Polygon","coordinates":[[[32.1469,-2.4634],[32.2211,-2.3785],[32.2428,-2.3367],[32.269,-2.322],[32.303,-2.3419],[32.287,-2.4011],[32.3167,-2.4537],[32.2912,-2.5037],[32.2635,-2.5144],[32.2272,-2.51],[32.1469,-2.4634]]]},"properties":{"key":"344","name":"Buhindi","class":"forest_candidate","areaHa":22664,"observed":true}},{"type":"Feature","geometry":{"type":"Polygon","coordinates":[[[38.5233,-8.0182],[38.5216,-7.9912],[38.5934,-7.9643],[38.5953,-7.9906],[38.5233,-8.0182]]]},"properties":{"key":"345","name":"Iyondo","class":"forest_candidate","areaHa":2412,"observed":true}},{"type":"Feature","geometry":{"type":"Polygon","coordinates":[[[36.388,-7.9778],[36.3166,-8.0655],[36.3099,-8.088],[36.321,-8.1006],[36.2883,-8.1084],[36.2742,-8.0951],[36.251,-8.0981],[36.2395,-8.1069],[36.2364,-8.1392],[36.1957,-8.1772],[36.1803,-8.1769],[36.1712,-8.2569],[36.1537,-8.2519],[36.1221,-8.2713],[36.1127,-8.2546],[36.1001,-8.2567],[36.1191,-8.0727],[36.1396,-8.0594],[36.1646,-8.0809],[36.231,-8.073],[36.2432,-8.0527],[36.2375,-8.0146],[36.388,-7.9778]]]},"properties":{"key":"346","name":"Rupiage","class":"forest_candidate","areaHa":34085,"observed":true}},{"type":"Feature","geometry":{"type":"Polygon","coordinates":[[[38.7541,-8.0115],[38.8022,-8.0052],[38.7922,-8.0946],[38.7557,-8.0953],[38.7541,-8.0115]]]},"properties":{"key":"347","name":"Katundu","class":"forest_candidate","areaHa":4599,"observed":true}},{"type":"Feature","geometry":{"type":"Polygon","coordinates":[[[35.9088,-8.0266],[35.9247,-8.0133],[35.9156,-8.009],[35.951,-8.0121],[35.9499,-8.0369],[35.9322,-8.0584],[35.9125,-8.0572],[35.9088,-8.0266]]]},"properties":{"key":"348","name":"Ulangambi","class":"forest_candidate","areaHa":1989,"observed":true}},{"type":"Feature","geometry":{"type":"Polygon","coordinates":[[[38.7548,-8.0427],[38.6983,-8.0321],[38.7218,-8.0128],[38.7541,-8.0115],[38.7548,-8.0427]]]},"properties":{"key":"349","name":"Utete","class":"forest_candidate","areaHa":1497,"observed":true}},{"type":"Feature","geometry":{"type":"Polygon","coordinates":[[[36.6453,-8.0444],[36.6424,-8.0694],[36.5858,-8.0658],[36.5745,-8.0336],[36.625,-8.0169],[36.6453,-8.0444]]]},"properties":{"key":"350","name":"Ihanga","class":"forest_candidate","areaHa":3573,"observed":true}},{"type":"Feature","geometry":{"type":"Polygon","coordinates":[[[33.24,-8.051],[33.2576,-8.0432],[33.2952,-8.0684],[33.241,-8.0921],[33.24,-8.051]],[[33.2741,-8.0717],[33.2703,-8.0694],[33.2687,-8.0736],[33.2741,-8.0717]]]},"properties":{"key":"351","name":"Lupa North","class":"forest_candidate","areaHa":2031,"observed":true}},{"type":"Feature","geometry":{"type":"Polygon","coordinates":[[[35.9531,-8.0935],[35.9445,-8.1143],[35.9162,-8.1066],[35.9125,-8.0572],[35.9531,-8.0935]]]},"properties":{"key":"352","name":"New Dabaga","class":"forest_candidate","areaHa":1753,"observed":true}},{"type":"Feature","geometry":{"type":"Polygon","coordinates":[[[33.2741,-8.0717],[33.2714,-8.0745],[33.2687,-8.0736],[33.2741,-8.0717]]]},"properties":{"key":"353","name":"Land","class":"forest_candidate","areaHa":19,"observed":true}},{"type":"Feature","geometry":{"type":"Polygon","coordinates":[[[31.1346,-8.1908],[31.1342,-8.2025],[31.0933,-8.2297],[31.0697,-8.2334],[31.0663,-8.3042],[31.0398,-8.3125],[30.9758,-8.2016],[30.9896,-8.0991],[31.0322,-8.083],[31.1025,-8.1072],[31.1529,-8.0757],[31.1877,-8.1815],[31.1882,-8.2208],[31.1346,-8.1908]]]},"properties":{"key":"354","name":"Loasi Falls","class":"forest_candidate","areaHa":35256,"observed":true}},{"type":"Feature","geometry":{"type":"Polygon","coordinates":[[[31.7997,-2.3353],[31.7987,-2.3376],[31.7986,-2.3376],[31.7997,-2.3353]]]},"properties":{"key":"355","name":"Misso","class":"forest_candidate","areaHa":4,"observed":true}},{"type":"Feature","geometry":{"type":"Polygon","coordinates":[[[36.0496,-8.1232],[36.0563,-8.0995],[36.0741,-8.1066],[36.0788,-8.1368],[36.0626,-8.1455],[36.0496,-8.1232]]]},"properties":{"key":"356","name":"Kiranzi Kitunguru","class":"forest_candidate","areaHa":1151,"observed":true}},{"type":"Feature","geometry":{"type":"Polygon","coordinates":[[[39.1397,-8.1526],[39.1626,-8.1648],[39.152,-8.1823],[39.11,-8.1905],[39.1095,-8.1477],[39.1397,-8.1526]]]},"properties":{"key":"357","name":"Mohoro","class":"forest_candidate","areaHa":1893,"observed":true}},{"type":"Feature","geometry":{"type":"Polygon","coordinates":[[[35.3038,-8.3396],[35.3405,-8.311],[35.3453,-8.2623],[35.3771,-8.212],[35.4565,-8.1635],[35.5167,-8.1925],[35.5375,-8.2212],[35.5077,-8.2633],[35.5446,-8.2901],[35.5086,-8.3271],[35.448,-8.3202],[35.4486,-8.2898],[35.4936,-8.2887],[35.4137,-8.2445],[35.3872,-8.3136],[35.3663,-8.3161],[35.3258,-8.3671],[35.3038,-8.3396]],[[35.4959,-8.2042],[35.4792,-8.1774],[35.4479,-8.195],[35.4405,-8.2128],[35.4467,-8.2404],[35.4874,-8.2432],[35.4959,-8.2042]]]},"properties":{"key":"358","name":"Sao Hill Extension","class":"forest_candidate","areaHa":21886,"observed":true}},{"type":"Feature","geometry":{"type":"Polygon","coordinates":[[[39.1848,-8.1869],[39.1844,-8.1997],[39.1637,-8.1813],[39.1707,-8.1741],[39.1848,-8.1869]]]},"properties":{"key":"359","name":"Mohoro River","class":"forest_candidate","areaHa":258,"observed":true}},{"type":"Feature","geometry":{"type":"Polygon","coordinates":[[[35.4467,-8.2404],[35.4405,-8.2128],[35.4479,-8.195],[35.4792,-8.1774],[35.4959,-8.2042],[35.4874,-8.2432],[35.4467,-8.2404]]]},"properties":{"key":"360","name":"Land","class":"forest_candidate","areaHa":3076,"observed":true}},{"type":"Feature","geometry":{"type":"Polygon","coordinates":[[[35.4536,-8.441],[35.4888,-8.4226],[35.4503,-8.4111],[35.4484,-8.3904],[35.4915,-8.3523],[35.5227,-8.4055],[35.5557,-8.4125],[35.5365,-8.3437],[35.5998,-8.3193],[35.6018,-8.3064],[35.6461,-8.313],[35.6639,-8.2626],[35.6384,-8.2301],[35.6668,-8.2112],[35.7209,-8.2844],[35.7509,-8.2821],[35.7426,-8.396],[35.5817,-8.4474],[35.5833,-8.439],[35.5456,-8.4267],[35.5015,-8.4364],[35.4943,-8.4509],[35.4536,-8.441]],[[35.6229,-8.4114],[35.6243,-8.391],[35.6468,-8.3657],[35.6382,-8.3508],[35.5858,-8.3469],[35.5955,-8.4164],[35.6229,-8.4114]]]},"properties":{"key":"361","name":"Mbalwe Mfukulembwe","class":"forest_candidate","areaHa":35630,"observed":true}},{"type":"Feature","geometry":{"type":"Polygon","coordinates":[[[39.1521,-8.2254],[39.1472,-8.2461],[39.1718,-8.2252],[39.1908,-8.2498],[39.1827,-8.2859],[39.1299,-8.2954],[39.1319,-8.2643],[39.1056,-8.2557],[39.1084,-8.2237],[39.1521,-8.2254]]]},"properties":{"key":"362","name":"Tambulu","class":"forest_candidate","areaHa":5232,"observed":true}},{"type":"Feature","geometry":{"type":"Polygon","coordinates":[[[31.2784,-8.6028],[31.2218,-8.5633],[31.2185,-8.5459],[31.1962,-8.5568],[31.1852,-8.4939],[31.2234,-8.4844],[31.2506,-8.4416],[31.174,-8.3882],[31.1997,-8.3599],[31.2063,-8.3187],[31.1882,-8.2208],[31.1978,-8.24],[31.2821,-8.2927],[31.3114,-8.2896],[31.2896,-8.3623],[31.3117,-8.413],[31.3312,-8.4235],[31.3157,-8.4621],[31.3758,-8.5124],[31.3894,-8.569],[31.3628,-8.5811],[31.3483,-8.6139],[31.2784,-8.6028]],[[31.3037,-8.4868],[31.2765,-8.4582],[31.2587,-8.4711],[31.2693,-8.4965],[31.2813,-8.514],[31.3057,-8.5209],[31.3037,-8.4868]]]},"properties":{"key":"363","name":"Kalambo River","class":"forest_candidate","areaHa":47241,"observed":true}},{"type":"Feature","geometry":{"type":"Polygon","coordinates":[[[39.0214,-8.2222],[39.0386,-8.2566],[38.9523,-8.3033],[38.94,-8.2631],[39.0214,-8.2222]]]},"properties":{"key":"364","name":"Namakutwa","class":"forest_candidate","areaHa":4673,"observed":true}},{"type":"Feature","geometry":{"type":"Polygon","coordinates":[[[32.0925,-8.3111],[32.0659,-8.3048],[32.0521,-8.3459],[32.0353,-8.3244],[31.9914,-8.3141],[31.9869,-8.2856],[32.0116,-8.2814],[32.0246,-8.2652],[32.0925,-8.3111]]]},"properties":{"key":"365","name":"Ilemba","class":"forest_candidate","areaHa":4925,"observed":true}},{"type":"Feature","geometry":{"type":"Polygon","coordinates":[[[31.7904,-2.3454],[31.7836,-2.3401],[31.7897,-2.3313],[31.7987,-2.3376],[31.7904,-2.3454]]]},"properties":{"key":"366","name":"Misso","class":"forest_candidate","areaHa":136,"observed":true}},{"type":"Feature","geometry":{"type":"Polygon","coordinates":[[[39.0226,-8.2653],[39.0313,-8.2868],[38.9897,-8.3106],[38.9798,-8.2882],[39.0226,-8.2653]]]},"properties":{"key":"367","name":"Nyamyete","class":"forest_candidate","areaHa":1436,"observed":true}},{"type":"Feature","geometry":{"type":"Polygon","coordinates":[[[35.7884,-8.2819],[35.7814,-8.2683],[35.7932,-8.2672],[35.8022,-8.2733],[35.7884,-8.2819]]]},"properties":{"key":"368","name":"Idewa","class":"forest_candidate","areaHa":297,"observed":true}},{"type":"Feature","geometry":{"type":"Polygon","coordinates":[[[39.1857,-8.3197],[39.1842,-8.2949],[39.2092,-8.3079],[39.206,-8.3487],[39.19,-8.3622],[39.1468,-8.3621],[39.1326,-8.323],[39.1857,-8.3197]]]},"properties":{"key":"369","name":"Kitope Hill","class":"forest_candidate","areaHa":4097,"observed":true}},{"type":"Feature","geometry":{"type":"Polygon","coordinates":[[[35.1106,-8.4515],[35.0998,-8.3893],[35.1168,-8.3795],[35.1234,-8.4517],[35.1552,-8.4443],[35.1414,-8.3709],[35.174,-8.3726],[35.2009,-8.3189],[35.2529,-8.3707],[35.2957,-8.3577],[35.2989,-8.3734],[35.2684,-8.3797],[35.2438,-8.4121],[35.2486,-8.4367],[35.2778,-8.4253],[35.2694,-8.4437],[35.2978,-8.4985],[35.1974,-8.5106],[35.1471,-8.4823],[35.1206,-8.507],[35.0593,-8.4981],[35.0938,-8.4346],[35.1106,-8.4515]]]},"properties":{"key":"370","name":"Sao Hill","class":"forest_candidate","areaHa":28867,"observed":true}},{"type":"Feature","geometry":{"type":"Polygon","coordinates":[[[35.5942,-8.4158],[35.5858,-8.3469],[35.5972,-8.3411],[35.6464,-8.3619],[35.6229,-8.4114],[35.5942,-8.4158]]]},"properties":{"key":"371","name":"Land","class":"forest_candidate","areaHa":3293,"observed":true}},{"type":"Feature","geometry":{"type":"Polygon","coordinates":[[[36.0084,-8.409],[35.9273,-8.5138],[35.8601,-8.5224],[35.868,-8.4937],[35.9197,-8.4294],[35.9264,-8.3645],[35.9836,-8.3495],[35.9942,-8.363],[35.9858,-8.4067],[36.0084,-8.409]]]},"properties":{"key":"372","name":"Uzungwa Scarp","class":"forest_candidate","areaHa":14081,"observed":true}},{"type":"Feature","geometry":{"type":"Polygon","coordinates":[[[38.6867,-8.8981],[38.6432,-8.9049],[38.6378,-8.917],[38.607,-8.9094],[38.5308,-8.9713],[38.517,-8.9978],[38.492,-8.9907],[38.4706,-9.0065],[38.4505,-8.9907],[38.4095,-8.9963],[38.4066,-8.5833],[38.4677,-8.5555],[38.5409,-8.4906],[38.5335,-8.448],[38.5634,-8.4566],[38.6144,-8.4448],[38.6405,-8.4208],[38.6825,-8.4082],[38.6968,-8.3698],[38.7642,-8.3532],[38.8018,-8.3695],[38.6867,-8.8981]]]},"properties":{"key":"373","name":"Lungonya","class":"forest_candidate","areaHa":196863,"observed":true}},{"type":"Feature","geometry":{"type":"Polygon","coordinates":[[[35.3131,-8.3792],[35.3258,-8.3671],[35.3467,-8.3842],[35.3411,-8.4242],[35.3162,-8.4194],[35.3131,-8.3792]]]},"properties":{"key":"374","name":"Sao Hill Extension","class":"forest_candidate","areaHa":1519,"observed":true}},{"type":"Feature","geometry":{"type":"Polygon","coordinates":[[[38.9668,-8.4591],[38.9858,-8.4393],[38.9681,-8.4223],[38.9736,-8.4017],[38.994,-8.3858],[39.0247,-8.406],[39.0313,-8.4271],[39.0115,-8.4503],[38.9668,-8.4591]]]},"properties":{"key":"375","name":"Tongomba","class":"forest_candidate","areaHa":3901,"observed":true}},{"type":"Feature","geometry":{"type":"Polygon","coordinates":[[[37.0496,-8.5841],[37.0406,-8.5791],[37.0452,-8.5442],[37.0677,-8.5346],[37.049,-8.5186],[37.0835,-8.5227],[37.0752,-8.5101],[37.0864,-8.5098],[37.0788,-8.504],[37.1021,-8.4731],[37.1148,-8.4755],[37.1406,-8.4515],[37.1523,-8.4607],[37.1787,-8.4188],[37.1724,-8.4112],[37.1891,-8.3995],[37.1901,-8.5092],[37.2019,-8.5551],[37.2486,-8.5812],[37.2892,-8.5598],[37.3155,-8.5166],[37.3413,-8.5134],[37.3639,-8.5986],[37.378,-8.607],[37.314,-8.7934],[37.2921,-8.8087],[37.2985,-8.8234],[37.2842,-8.8378],[37.2987,-8.866],[37.2908,-8.8769],[37.3138,-8.8938],[37.3189,-8.9217],[37.3127,-8.9629],[37.287,-8.9973],[37.3015,-9.0195],[37.2745,-9.0396],[37.303,-9.0627],[37.3003,-9.0938],[37.2379,-9.1279],[37.2462,-9.149],[37.2347,-9.1701],[37.2122,-9.165],[37.1959,-9.1808],[37.1196,-9.1953],[37.0219,-9.2482],[37.0181,-9.2664],[37.0359,-9.2786],[37.001,-9.2848],[36.9535,-9.3645],[36.9615,-9.1918],[36.9331,-9.1322],[37.013,-8.5992],[37.0219,-8.5958],[37.0213,-8.6066],[37.0419,-8.5951],[37.0385,-8.586],[37.0496,-8.5841]]]},"properties":{"key":"376","name":"Luhombero Luwegu","class":"forest_candidate","areaHa":286241,"observed":true}},{"type":"Feature","geometry":{"type":"Polygon","coordinates":[[[33.4855,-2.5634],[33.5517,-2.5621],[33.6083,-2.5235],[33.6162,-2.5353],[33.6426,-2.5309],[33.6366,-2.5521],[33.6046,-2.5612],[33.6022,-2.5718],[33.53,-2.5767],[33.5145,-2.6026],[33.4573,-2.5774],[33.4855,-2.5634]]]},"properties":{"key":"377","name":"Sayaka","class":"forest_candidate","areaHa":5517,"observed":true}},{"type":"Feature","geometry":{"type":"Polygon","coordinates":[[[35.0781,-8.4259],[35.0583,-8.4088],[35.0842,-8.4051],[35.0938,-8.4346],[35.0781,-8.4259]]]},"properties":{"key":"378","name":"Mkewe","class":"forest_candidate","areaHa":625,"observed":true}},{"type":"Feature","geometry":{"type":"Polygon","coordinates":[[[35.3424,-8.4255],[35.3437,-8.482],[35.3374,-8.4945],[35.2978,-8.4985],[35.2924,-8.4775],[35.3196,-8.455],[35.299,-8.4237],[35.3424,-8.4255]]]},"properties":{"key":"379","name":"Gulosilo","class":"forest_candidate","areaHa":3647,"observed":true}},{"type":"Feature","geometry":{"type":"Polygon","coordinates":[[[32.416,-8.4656],[32.4163,-8.4292],[32.4397,-8.4262],[32.4451,-8.4767],[32.4974,-8.5074],[32.4819,-8.5465],[32.4291,-8.5185],[32.3849,-8.5366],[32.3906,-8.4992],[32.416,-8.4656]]]},"properties":{"key":"380","name":"Ivuna North","class":"forest_candidate","areaHa":7600,"observed":true}},{"type":"Feature","geometry":{"type":"Polygon","coordinates":[[[31.3037,-8.4868],[31.3057,-8.5209],[31.2813,-8.514],[31.2693,-8.4965],[31.2587,-8.4711],[31.2765,-8.4582],[31.3037,-8.4868]]]},"properties":{"key":"381","name":"Land","class":"forest_candidate","areaHa":2126,"observed":true}},{"type":"Feature","geometry":{"type":"Polygon","coordinates":[[[38.811,-8.4763],[38.8205,-8.4634],[38.8281,-8.4799],[38.8745,-8.5013],[38.8863,-8.532],[38.8524,-8.5093],[38.8191,-8.5084],[38.811,-8.4763]]]},"properties":{"key":"382","name":"Mbinga","class":"forest_candidate","areaHa":1946,"observed":true}},{"type":"Feature","geometry":{"type":"Polygon","coordinates":[[[35.1471,-8.4823],[35.154,-8.5138],[35.1444,-8.5172],[35.1534,-8.5193],[35.1444,-8.5402],[35.1255,-8.5447],[35.0992,-8.5248],[35.1471,-8.4823]]]},"properties":{"key":"383","name":"Ngwasi'","class":"forest_candidate","areaHa":2042,"observed":true}},{"type":"Feature","geometry":{"type":"Polygon","coordinates":[[[35.1974,-8.5106],[35.1853,-8.5327],[35.163,-8.4968],[35.1471,-8.4823],[35.1974,-8.5106]]]},"properties":{"key":"384","name":"Land","class":"forest_candidate","areaHa":733,"observed":true}},{"type":"Feature","geometry":{"type":"Polygon","coordinates":[[[35.258,-8.5031],[35.2582,-8.5043],[35.2507,-8.5095],[35.2417,-8.5049],[35.258,-8.5031]]]},"properties":{"key":"385","name":"Kihanga","class":"forest_candidate","areaHa":56,"observed":true}},{"type":"Feature","geometry":{"type":"Polygon","coordinates":[[[35.8876,-8.5299],[35.9121,-8.5826],[35.8701,-8.61],[35.8516,-8.5996],[35.8601,-8.5224],[35.8876,-8.5299]]]},"properties":{"key":"386","name":"Njerera","class":"forest_candidate","areaHa":4169,"observed":true}},{"type":"Feature","geometry":{"type":"Polygon","coordinates":[[[35.2258,-8.5483],[35.218,-8.5621],[35.2248,-8.539],[35.2412,-8.5254],[35.2258,-8.5483]]]},"properties":{"key":"387","name":"Irunda","class":"forest_candidate","areaHa":390,"observed":true}},{"type":"Feature","geometry":{"type":"Polygon","coordinates":[[[36.1312,-2.6038],[36.1036,-2.644],[36.0798,-2.6525],[36.0676,-2.6062],[36.1022,-2.5798],[36.1312,-2.6038]]]},"properties":{"key":"388","name":"Gelai","class":"forest_candidate","areaHa":3003,"observed":true}},{"type":"Feature","geometry":{"type":"Polygon","coordinates":[[[32.389,-8.5367],[32.457,-8.5612],[32.4023,-8.5891],[32.389,-8.5367]]]},"properties":{"key":"389","name":"Ivuna Sourth","class":"forest_candidate","areaHa":2239,"observed":true}},{"type":"Feature","geometry":{"type":"Polygon","coordinates":[[[36.5061,-8.559],[36.4819,-8.6069],[36.459,-8.5874],[36.4812,-8.5597],[36.5061,-8.559]]]},"properties":{"key":"390","name":"Nambiga","class":"forest_candidate","areaHa":1583,"observed":true}},{"type":"Feature","geometry":{"type":"Polygon","coordinates":[[[31.2061,-8.5852],[31.2045,-8.5614],[31.2317,-8.5759],[31.2411,-8.5941],[31.2061,-8.5852]]]},"properties":{"key":"391","name":"Kalambo Falls","class":"forest_candidate","areaHa":559,"observed":true}},{"type":"Feature","geometry":{"type":"Polygon","coordinates":[[[35.4193,-8.6234],[35.297,-8.6514],[35.2505,-8.6928],[35.2008,-8.7154],[35.1654,-8.7066],[35.1679,-8.6967],[35.1894,-8.7046],[35.2473,-8.6837],[35.2827,-8.6432],[35.3569,-8.6157],[35.3638,-8.5972],[35.3547,-8.5838],[35.4175,-8.5685],[35.4386,-8.5739],[35.4421,-8.5907],[35.4805,-8.59],[35.478,-8.6092],[35.5872,-8.6016],[35.6077,-8.6173],[35.5998,-8.6566],[35.4193,-8.6234]]]},"properties":{"key":"392","name":"Mufindi Scarp East","class":"forest_candidate","areaHa":15706,"observed":true}},{"type":"Feature","geometry":{"type":"Polygon","coordinates":[[[35.2878,-8.583],[35.2847,-8.5863],[35.288,-8.5781],[35.2988,-8.5715],[35.2878,-8.583]]]},"properties":{"key":"393","name":"Kibao","class":"forest_candidate","areaHa":116,"observed":true}},{"type":"Feature","geometry":{"type":"Polygon","coordinates":[[[35.2228,-8.5814],[35.2273,-8.5912],[35.2137,-8.6],[35.2228,-8.5814]]]},"properties":{"key":"394","name":"Mninga","class":"forest_candidate","areaHa":192,"observed":true}},{"type":"Feature","geometry":{"type":"Polygon","coordinates":[[[36.729,-8.6196],[36.7264,-8.637],[36.7142,-8.6387],[36.7119,-8.6172],[36.729,-8.6196]]]},"properties":{"key":"395","name":"Mahenge Scarp","class":"forest_candidate","areaHa":310,"observed":true}},{"type":"Feature","geometry":{"type":"Polygon","coordinates":[[[35.4488,-8.6231],[35.5998,-8.6566],[35.6338,-8.7384],[35.3547,-8.6798],[35.3892,-8.6296],[35.4488,-8.6231]]]},"properties":{"key":"396","name":"Mgololo","class":"forest_candidate","areaHa":21712,"observed":true}},{"type":"Feature","geometry":{"type":"Polygon","coordinates":[[[35.1942,-8.6708],[35.2187,-8.6308],[35.2201,-8.664],[35.2729,-8.648],[35.2496,-8.6822],[35.219,-8.6923],[35.1942,-8.6708]]]},"properties":{"key":"397","name":"Kigogo","class":"forest_candidate","areaHa":2620,"observed":true}},{"type":"Feature","geometry":{"type":"Polygon","coordinates":[[[36.5749,-8.661],[36.5713,-8.6706],[36.5633,-8.664],[36.5749,-8.661]]]},"properties":{"key":"398","name":"Myoe","class":"forest_candidate","areaHa":120,"observed":true}},{"type":"Feature","geometry":{"type":"Polygon","coordinates":[[[32.0652,-2.7284],[32.0252,-2.6532],[32.0276,-2.6223],[32.0506,-2.6043],[32.1888,-2.7144],[32.1866,-2.7425],[32.1048,-2.7449],[32.0652,-2.7284]]]},"properties":{"key":"399","name":"Ruande","class":"forest_candidate","areaHa":15401,"observed":true}},{"type":"Feature","geometry":{"type":"Polygon","coordinates":[[[36.7045,-8.7015],[36.6938,-8.7165],[36.6868,-8.6892],[36.7059,-8.6695],[36.7045,-8.7015]]]},"properties":{"key":"400","name":"Nawenge","class":"forest_candidate","areaHa":718,"observed":true}},{"type":"Feature","geometry":{"type":"Polygon","coordinates":[[[35.1818,-8.7174],[35.1163,-8.7302],[35.1103,-8.6988],[35.1261,-8.7131],[35.1451,-8.6865],[35.1818,-8.7174]]]},"properties":{"key":"401","name":"Mufindi Scarp West","class":"forest_candidate","areaHa":1763,"observed":true}},{"type":"Feature","geometry":{"type":"Polygon","coordinates":[[[33.235,-8.8096],[33.1886,-8.7412],[33.2133,-8.7324],[33.3052,-8.8056],[33.3172,-8.7849],[33.3743,-8.8123],[33.376,-8.8328],[33.4688,-8.8477],[33.447,-8.8688],[33.4487,-8.8828],[33.391,-8.8493],[33.3784,-8.8538],[33.3786,-8.8718],[33.3117,-8.8686],[33.235,-8.8096]]]},"properties":{"key":"402","name":"Mbeya Range","class":"forest_candidate","areaHa":14770,"observed":true}},{"type":"Feature","geometry":{"type":"Polygon","coordinates":[[[33.0721,-8.7551],[33.1456,-8.8404],[33.1545,-8.9015],[33.0794,-8.8853],[33.0716,-8.8492],[33.0462,-8.8364],[33.019,-8.7961],[33.0721,-8.7551]]]},"properties":{"key":"403","name":"Chumwa Range","class":"forest_candidate","areaHa":12267,"observed":true}},{"type":"Feature","geometry":{"type":"Polygon","coordinates":[[[32.6126,-8.8809],[32.6141,-8.7846],[32.6675,-8.8494],[32.6773,-8.9602],[32.7022,-8.9851],[32.7118,-9.0154],[32.6287,-8.9669],[32.6126,-8.8809]]]},"properties":{"key":"404","name":"Isalala","class":"forest_candidate","areaHa":11874,"observed":true}},{"type":"Feature","geometry":{"type":"Polygon","coordinates":[[[36.7361,-8.8305],[36.7291,-8.8365],[36.717,-8.8026],[36.7202,-8.8482],[36.7141,-8.8034],[36.7182,-8.7876],[36.7361,-8.8305]]]},"properties":{"key":"405","name":"Mselezi","class":"forest_candidate","areaHa":397,"observed":true}},{"type":"Feature","geometry":{"type":"Polygon","coordinates":[[[33.4871,-8.8386],[33.5098,-8.8413],[33.5271,-8.8021],[33.5412,-8.7972],[33.5548,-8.8212],[33.5401,-8.8399],[33.516,-8.8544],[33.4906,-8.853],[33.4871,-8.8386]]]},"properties":{"key":"406","name":"North Usafwa","class":"forest_candidate","areaHa":2141,"observed":true}},{"type":"Feature","geometry":{"type":"Polygon","coordinates":[[[39.0328,-8.9404],[39.0535,-8.844],[39.0915,-8.8372],[39.1558,-8.8731],[39.1427,-8.9258],[39.0749,-9.0623],[39.0349,-9.0998],[39.0163,-9.0806],[38.8095,-9.0098],[38.8514,-8.9263],[38.8482,-8.9098],[38.8838,-8.9122],[38.9386,-8.8658],[38.9266,-8.8357],[38.9323,-8.828],[38.97,-8.8531],[39.0,-8.932],[39.0328,-8.9404]]]},"properties":{"key":"407","name":"Mitarure","class":"forest_candidate","areaHa":61873,"observed":true}},{"type":"Feature","geometry":{"type":"Polygon","coordinates":[[[36.6653,-8.863],[36.6428,-8.8736],[36.6465,-8.8446],[36.6709,-8.8308],[36.6653,-8.863]]]},"properties":{"key":"408","name":"Muhulu","class":"forest_candidate","areaHa":803,"observed":true}},{"type":"Feature","geometry":{"type":"Polygon","coordinates":[[[33.7956,-8.934],[33.7749,-8.9167],[33.8201,-8.873],[33.8513,-8.8726],[33.8957,-8.8391],[33.9944,-8.8525],[34.0282,-8.877],[34.0733,-8.8613],[34.0529,-8.9053],[34.0209,-8.9043],[33.9933,-8.924],[33.9867,-8.8896],[33.9789,-8.8982],[33.9456,-8.8884],[33.9107,-8.901],[33.9005,-8.9193],[33.8798,-8.9192],[33.8687,-8.9462],[33.7956,-8.934]]]},"properties":{"key":"409","name":"Chimala Scarp","class":"forest_candidate","areaHa":18079,"observed":true}},{"type":"Feature","geometry":{"type":"Polygon","coordinates":[[[36.733,-2.6947],[36.7386,-2.7037],[36.6926,-2.712],[36.6803,-2.6868],[36.6943,-2.6653],[36.733,-2.6947]]]},"properties":{"key":"410","name":"Longido","class":"forest_candidate","areaHa":2062,"observed":true}},{"type":"Feature","geometry":{"type":"Polygon","coordinates":[[[33.4544,-8.9162],[33.4511,-8.9263],[33.4356,-8.9118],[33.449,-8.8927],[33.4544,-8.9162]]]},"properties":{"key":"411","name":"Mbeya Fuel Plant","class":"forest_candidate","areaHa":527,"observed":true}},{"type":"Feature","geometry":{"type":"Polygon","coordinates":[[[36.6744,-8.9401],[36.6522,-8.9518],[36.6346,-8.9261],[36.6515,-8.9132],[36.6744,-8.9401]]]},"properties":{"key":"412","name":"Sali","class":"forest_candidate","areaHa":1066,"observed":true}},{"type":"Feature","geometry":{"type":"Polygon","coordinates":[[[36.3941,-8.9235],[36.3889,-8.9254],[36.3943,-8.9161],[36.3941,-8.9235]]]},"properties":{"key":"413","name":"Ligamba","class":"forest_candidate","areaHa":32,"observed":true}},{"type":"Feature","geometry":{"type":"Polygon","coordinates":[[[33.7314,-8.9399],[33.7341,-8.9333],[33.74,-8.9457],[33.7314,-8.9399]]]},"properties":{"key":"414","name":"Ndugumia","class":"forest_candidate","areaHa":74,"observed":true}},{"type":"Feature","geometry":{"type":"Polygon","coordinates":[[[33.6314,-8.9476],[33.6109,-8.9498],[33.624,-8.9389],[33.6467,-8.9424],[33.6332,-8.9612],[33.6314,-8.9476]]]},"properties":{"key":"415","name":"Ihoho","class":"forest_candidate","areaHa":474,"observed":true}},{"type":"Feature","geometry":{"type":"Polygon","coordinates":[[[33.6955,-8.9688],[33.7039,-8.9543],[33.7131,-9.0006],[33.7019,-9.0005],[33.6955,-8.9688]]]},"properties":{"key":"416","name":"Irenga","class":"forest_candidate","areaHa":467,"observed":true}},{"type":"Feature","geometry":{"type":"Polygon","coordinates":[[[33.6734,-8.9717],[33.6715,-8.9828],[33.6437,-8.9729],[33.6506,-8.9564],[33.6734,-8.9717]]]},"properties":{"key":"417","name":"Chuvwi","class":"forest_candidate","areaHa":439,"observed":true}},{"type":"Feature","geometry":{"type":"Polygon","coordinates":[[[33.4497,-8.9956],[33.4762,-8.9845],[33.4956,-8.9985],[33.5179,-8.96],[33.5343,-8.9743],[33.5811,-8.9828],[33.6109,-9.03],[33.5954,-9.0382],[33.5801,-9.0281],[33.5768,-9.0403],[33.5503,-9.0494],[33.5165,-9.0241],[33.4867,-9.053],[33.4685,-9.0508],[33.4774,-9.0709],[33.4627,-9.0844],[33.4391,-9.0613],[33.4498,-9.0492],[33.4422,-9.0241],[33.4681,-9.0163],[33.4844,-9.0261],[33.4834,-9.0161],[33.4605,-9.0111],[33.4758,-9.0004],[33.4497,-8.9956]]]},"properties":{"key":"418","name":"Poroto Ridge","class":"forest_candidate","areaHa":11176,"observed":true}},{"type":"Feature","geometry":{"type":"Polygon","coordinates":[[[37.3275,-8.9629],[37.3536,-8.9946],[37.3332,-9.0151],[37.3503,-9.0364],[37.33,-9.0506],[37.3311,-9.0852],[37.375,-9.109],[37.382,-9.13],[37.3604,-9.1296],[37.3555,-9.1486],[37.3355,-9.1422],[37.314,-9.1582],[37.3022,-9.1464],[37.2956,-9.1873],[37.2797,-9.1864],[37.2809,-9.2034],[37.2519,-9.1961],[37.2736,-9.2138],[37.2742,-9.2402],[37.2534,-9.2499],[37.2587,-9.2672],[37.2313,-9.2837],[37.2409,-9.2903],[37.2299,-9.2926],[37.2352,-9.3068],[37.2211,-9.3064],[37.2212,-9.33],[37.2028,-9.3383],[37.208,-9.35],[37.1915,-9.3631],[37.1997,-9.3891],[37.1807,-9.4729],[37.15,-9.524],[37.1189,-9.6318],[36.5197,-9.9948],[36.4958,-9.9856],[36.446,-9.9014],[36.4434,-9.8754],[36.4615,-9.8643],[36.4787,-9.7935],[36.2824,-9.793],[36.3228,-9.7737],[36.3293,-9.758],[36.353,-9.7607],[36.3676,-9.7288],[36.3807,-9.7319],[36.3784,-9.7179],[36.4076,-9.6876],[36.4071,-9.6731],[36.4246,-9.6699],[36.463,-9.6092],[36.4512,-9.6037],[36.4631,-9.5853],[36.454,-9.566],[36.4718,-9.5784],[36.4652,-9.5572],[36.4806,-9.5595],[36.4878,-9.5407],[36.5035,-9.5454],[36.5056,-9.5128],[36.5471,-9.5091],[36.559,-9.4814],[36.6332,-9.4785],[36.6444,-9.4577],[36.6669,-9.4702],[36.691,-9.4359],[36.7207,-9.446],[36.7405,-9.4355],[36.7727,-9.4502],[36.7971,-9.4451],[36.8088,-9.4262],[36.8594,-9.4298],[36.9499,-9.369],[37.0017,-9.2841],[37.0333,-9.2819],[37.0187,-9.2516],[37.0461,-9.2432],[37.0555,-9.2247],[37.1712,-9.1787],[37.1959,-9.1808],[37.2122,-9.165],[37.2347,-9.1701],[37.2462,-9.149],[37.2379,-9.1279],[37.2575,-9.1227],[37.2616,-9.1079],[37.2822,-9.1104],[37.3059,-9.083],[37.2999,-9.0569],[37.2802,-9.0541],[37.2745,-9.0396],[37.3012,-9.0201],[37.287,-8.9973],[37.3127,-8.9629],[37.3275,-8.9629]]]},"properties":{"key":"419","name":"Ngindo","class":"forest_candidate","areaHa":409527,"observed":true}},{"type":"Feature","geometry":{"type":"Polygon","coordinates":[[[34.3227,-8.9648],[34.365,-9.0168],[34.3812,-9.0691],[34.4178,-9.0775],[34.4348,-9.1008],[34.4314,-9.1527],[34.4457,-9.1563],[34.4383,-9.1654],[34.3958,-9.1479],[34.3333,-9.2299],[34.2489,-9.1976],[34.228,-9.2069],[34.1838,-9.1756],[34.1634,-9.1791],[34.1384,-9.1553],[34.1493,-9.1354],[34.235,-9.1936],[34.2594,-9.1803],[34.2672,-9.0989],[34.3227,-8.9648]]]},"properties":{"key":"420","name":"Kipengere","class":"forest_candidate","areaHa":35115,"observed":true}},{"type":"Feature","geometry":{"type":"Polygon","coordinates":[[[32.4209,-2.6936],[32.4579,-2.705],[32.4749,-2.6869],[32.4675,-2.701],[32.4758,-2.7151],[32.4671,-2.7105],[32.4546,-2.7265],[32.4444,-2.7136],[32.4068,-2.7216],[32.4209,-2.6936]]]},"properties":{"key":"421","name":"Sima","class":"forest_candidate","areaHa":1557,"observed":true}},{"type":"Feature","geometry":{"type":"Polygon","coordinates":[[[33.5933,-8.9874],[33.6119,-8.9763],[33.6156,-8.9899],[33.6004,-8.9967],[33.5933,-8.9874]]]},"properties":{"key":"422","name":"Ngalijembe","class":"forest_candidate","areaHa":319,"observed":true}},{"type":"Feature","geometry":{"type":"Polygon","coordinates":[[[33.763,-8.9791],[33.773,-8.9856],[33.7624,-9.0147],[33.719,-8.9952],[33.7147,-9.0045],[33.7082,-8.9814],[33.763,-8.9791]]]},"properties":{"key":"423","name":"Irungu","class":"forest_candidate","areaHa":1664,"observed":true}},{"type":"Feature","geometry":{"type":"Polygon","coordinates":[[[33.7509,-9.0042],[33.7726,-9.0254],[33.7934,-9.0218],[33.8443,-9.0585],[33.8345,-9.0767],[33.8514,-9.0707],[33.8746,-9.1251],[33.8939,-9.1327],[33.8918,-9.1622],[33.9218,-9.2042],[33.9246,-9.2291],[33.8854,-9.2296],[33.876,-9.1984],[33.842,-9.1836],[33.8669,-9.1606],[33.8615,-9.1475],[33.8339,-9.1402],[33.8431,-9.1242],[33.829,-9.1089],[33.8096,-9.1184],[33.7946,-9.0935],[33.7754,-9.0947],[33.7879,-9.1199],[33.7713,-9.1257],[33.7658,-9.1493],[33.7273,-9.1313],[33.7106,-9.1042],[33.7155,-9.0622],[33.6967,-9.0547],[33.699,-9.0224],[33.6798,-9.0121],[33.7509,-9.0042]]]},"properties":{"key":"424","name":"Livingstone","class":"forest_candidate","areaHa":23881,"observed":true}},{"type":"Feature","geometry":{"type":"Polygon","coordinates":[[[33.6617,-9.0212],[33.6319,-9.0412],[33.6302,-9.0297],[33.6435,-9.0005],[33.6617,-9.0212]]]},"properties":{"key":"425","name":"Sawago","class":"forest_candidate","areaHa":841,"observed":true}},{"type":"Feature","geometry":{"type":"Polygon","coordinates":[[[38.968,-9.0664],[38.8785,-9.0698],[38.8688,-9.1694],[38.8373,-9.2055],[38.7511,-9.1915],[38.7342,-9.1674],[38.7424,-9.1171],[38.8095,-9.0098],[38.968,-9.0664]]]},"properties":{"key":"426","name":"Nampekeso","class":"forest_candidate","areaHa":25808,"observed":true}},{"type":"Feature","geometry":{"type":"Polygon","coordinates":[[[35.6522,-9.0608],[35.6835,-9.0119],[35.6877,-9.037],[35.6821,-9.0825],[35.6522,-9.0608]]]},"properties":{"key":"427","name":"Masagati","class":"forest_candidate","areaHa":1681,"observed":true}},{"type":"Feature","geometry":{"type":"Polygon","coordinates":[[[34.014,-9.0327],[34.0378,-9.0451],[34.0355,-9.0664],[33.9664,-9.078],[33.9547,-9.0638],[33.9615,-9.0473],[34.014,-9.0327]]]},"properties":{"key":"428","name":"Ndumbi Valley","class":"forest_candidate","areaHa":2773,"observed":true}},{"type":"Feature","geometry":{"type":"Polygon","coordinates":[[[33.6669,-9.0369],[33.6921,-9.0422],[33.7069,-9.1023],[33.6566,-9.0612],[33.6669,-9.0369]]]},"properties":{"key":"429","name":"Kiwira","class":"forest_candidate","areaHa":1770,"observed":true}},{"type":"Feature","geometry":{"type":"Polygon","coordinates":[[[33.7415,-9.1429],[33.7267,-9.1529],[33.7444,-9.1721],[33.7103,-9.1645],[33.6881,-9.188],[33.6549,-9.1823],[33.6325,-9.1984],[33.637,-9.1476],[33.5956,-9.1559],[33.582,-9.1325],[33.5862,-9.0872],[33.6171,-9.0616],[33.6566,-9.0612],[33.7415,-9.1429]]]},"properties":{"key":"430","name":"Rungwe","class":"forest_candidate","areaHa":15913,"observed":true}},{"type":"Feature","geometry":{"type":"Polygon","coordinates":[[[34.1384,-9.1553],[34.1213,-9.1342],[34.0376,-9.0938],[34.0252,-9.0749],[34.0362,-9.0691],[34.0795,-9.1051],[34.0933,-9.1003],[34.1493,-9.1354],[34.1384,-9.1553]]]},"properties":{"key":"431","name":"Ndukunduku","class":"forest_candidate","areaHa":2721,"observed":true}},{"type":"Feature","geometry":{"type":"Polygon","coordinates":[[[31.2601,-2.9984],[31.2454,-2.9291],[31.3314,-2.7292],[31.3551,-2.7613],[31.3814,-2.8385],[31.3655,-2.8939],[31.3751,-2.9304],[31.3638,-2.9912],[31.4114,-2.9543],[31.5705,-2.9577],[31.6494,-3.0021],[31.7093,-3.0115],[31.7196,-3.0171],[31.7149,-3.0398],[31.765,-3.0635],[31.7863,-3.0412],[31.7874,-3.0196],[31.8808,-3.0117],[31.9005,-3.0353],[31.9227,-3.1095],[31.8916,-3.1507],[31.811,-3.1662],[31.7823,-3.1932],[31.7144,-3.2076],[31.6862,-3.2536],[31.6584,-3.2186],[31.5642,-3.2283],[31.4928,-3.2172],[31.4342,-3.1698],[31.3661,-3.1852],[31.37,-3.018],[31.3319,-3.0388],[31.2601,-2.9984]]]},"properties":{"key":"432","name":"Biharamuro","class":"forest_candidate","areaHa":167070,"observed":true}},{"type":"Feature","geometry":{"type":"Polygon","coordinates":[[[33.0797,-9.0795],[33.0926,-9.0845],[33.085,-9.0888],[33.0797,-9.0795]]]},"properties":{"key":"433","name":"Fonera","class":"forest_candidate","areaHa":95,"observed":true}},{"type":"Feature","geometry":{"type":"Polygon","coordinates":[[[33.4039,-9.1336],[33.4409,-9.0985],[33.4575,-9.1158],[33.4494,-9.1373],[33.4201,-9.1462],[33.4039,-9.1336]]]},"properties":{"key":"434","name":"Mpara","class":"forest_candidate","areaHa":1793,"observed":true}},{"type":"Feature","geometry":{"type":"Polygon","coordinates":[[[39.2626,-9.1907],[39.2506,-9.1575],[39.2277,-9.1513],[39.2545,-9.1057],[39.2744,-9.1012],[39.3117,-9.1292],[39.3231,-9.191],[39.3039,-9.203],[39.2918,-9.2371],[39.2386,-9.2239],[39.2626,-9.1907]]]},"properties":{"key":"435","name":"Mitundumbea","class":"forest_candidate","areaHa":9234,"observed":true}},{"type":"Feature","geometry":{"type":"Polygon","coordinates":[[[33.5493,-9.1284],[33.5577,-9.115],[33.5654,-9.13],[33.5493,-9.1284]]]},"properties":{"key":"436","name":"Kitweli","class":"forest_candidate","areaHa":211,"observed":true}},{"type":"Feature","geometry":{"type":"Polygon","coordinates":[[[33.2343,-9.2171],[33.2245,-9.1945],[33.2451,-9.1678],[33.2362,-9.1498],[33.2701,-9.1635],[33.3351,-9.1554],[33.3038,-9.1713],[33.3154,-9.1778],[33.303,-9.1889],[33.2343,-9.2171]]]},"properties":{"key":"437","name":"Umalila","class":"forest_candidate","areaHa":4133,"observed":true}},{"type":"Feature","geometry":{"type":"Polygon","coordinates":[[[32.9774,-9.1693],[32.978,-9.1768],[32.9422,-9.1489],[32.9774,-9.1693]]]},"properties":{"key":"438","name":"Longisont","class":"forest_candidate","areaHa":305,"observed":true}},{"type":"Feature","geometry":{"type":"Polygon","coordinates":[[[32.8884,-9.174],[32.9108,-9.1688],[32.9095,-9.1873],[32.9254,-9.1946],[32.9005,-9.1971],[32.8884,-9.174]]]},"properties":{"key":"439","name":"Ntuzu","class":"forest_candidate","areaHa":668,"observed":true}},{"type":"Feature","geometry":{"type":"Polygon","coordinates":[[[33.7866,-9.2321],[33.8028,-9.2134],[33.8133,-9.2344],[33.7988,-9.2459],[33.7866,-9.2321]]]},"properties":{"key":"440","name":"Kyejo","class":"forest_candidate","areaHa":651,"observed":true}},{"type":"Feature","geometry":{"type":"Polygon","coordinates":[[[39.3323,-9.2424],[39.3742,-9.2657],[39.3742,-9.3079],[39.4082,-9.3936],[39.398,-9.436],[39.4383,-9.4875],[39.4387,-9.5154],[39.4021,-9.5171],[39.3746,-9.4868],[39.3321,-9.479],[39.3153,-9.4322],[39.2456,-9.3301],[39.2342,-9.2905],[39.2476,-9.2751],[39.229,-9.2581],[39.2386,-9.2239],[39.3323,-9.2424]]]},"properties":{"key":"441","name":"Ngarama North","class":"forest_candidate","areaHa":37942,"observed":true}},{"type":"Feature","geometry":{"type":"Polygon","coordinates":[[[33.473,-9.2606],[33.471,-9.2894],[33.4579,-9.2872],[33.46,-9.2616],[33.443,-9.2456],[33.4609,-9.2286],[33.473,-9.2606]]]},"properties":{"key":"442","name":"Kyosa","class":"forest_candidate","areaHa":998,"observed":true}},{"type":"Feature","geometry":{"type":"Polygon","coordinates":[[[31.6814,-1.1736],[31.6925,-1.1735],[31.6914,-1.1826],[31.6795,-1.1825],[31.6814,-1.1736]]]},"properties":{"key":"443","name":"Kantale","class":"forest_candidate","areaHa":151,"observed":true}},{"type":"Feature","geometry":{"type":"Polygon","coordinates":[[[32.1774,-2.8528],[32.1713,-2.8871],[32.1351,-2.8897],[32.1732,-2.9454],[32.1662,-2.9774],[32.057,-2.9665],[31.9954,-2.899],[32.0442,-2.8166],[32.1811,-2.7888],[32.1387,-2.7502],[32.2927,-2.7823],[32.3756,-2.8465],[32.3801,-2.8556],[32.3163,-2.8815],[32.1774,-2.8528]]]},"properties":{"key":"444","name":"Geita","class":"forest_candidate","areaHa":50593,"observed":true}},{"type":"Feature","geometry":{"type":"Polygon","coordinates":[[[35.1844,-9.2338],[35.1793,-9.245],[35.1703,-9.2399],[35.1844,-9.2338]]]},"properties":{"key":"445","name":"Matembwe","class":"forest_candidate","areaHa":175,"observed":true}},{"type":"Feature","geometry":{"type":"Polygon","coordinates":[[[39.0173,-9.2838],[39.0739,-9.3772],[39.0414,-9.4318],[38.9658,-9.4332],[38.8903,-9.3818],[38.8814,-9.3387],[38.9507,-9.3198],[39.0173,-9.2838]]]},"properties":{"key":"446","name":"Rungo","class":"forest_candidate","areaHa":22960,"observed":true}},{"type":"Feature","geometry":{"type":"Polygon","coordinates":[[[35.1362,-9.3089],[35.1337,-9.3145],[35.1239,-9.3127],[35.1362,-9.3089]]]},"properties":{"key":"447","name":"Lupembe","class":"forest_candidate","areaHa":99,"observed":true}},{"type":"Feature","geometry":{"type":"Polygon","coordinates":[[[34.028,-9.3588],[34.0304,-9.3433],[34.0415,-9.3464],[34.028,-9.3588]]]},"properties":{"key":"448","name":"Bulongwa Madehani","class":"forest_candidate","areaHa":202,"observed":true}},{"type":"Feature","geometry":{"type":"Polygon","coordinates":[[[33.4776,-9.4123],[33.465,-9.4156],[33.4733,-9.4303],[33.4633,-9.4386],[33.4588,-9.4069],[33.4468,-9.4021],[33.4776,-9.4123]]]},"properties":{"key":"449","name":"Mswima","class":"forest_candidate","areaHa":720,"observed":true}},{"type":"Feature","geometry":{"type":"Polygon","coordinates":[[[34.8502,-9.4112],[34.8437,-9.4068],[34.8511,-9.4006],[34.8502,-9.4112]]]},"properties":{"key":"450","name":"Mpala","class":"forest_candidate","areaHa":72,"observed":true}},{"type":"Feature","geometry":{"type":"Polygon","coordinates":[[[34.8416,-9.4227],[34.8366,-9.4108],[34.8423,-9.4111],[34.8416,-9.4227]]]},"properties":{"key":"451","name":"Litoni","class":"forest_candidate","areaHa":113,"observed":true}},{"type":"Feature","geometry":{"type":"Polygon","coordinates":[[[38.267,-9.9073],[38.2624,-9.8843],[38.242,-9.884],[38.2431,-9.8971],[38.2035,-9.8875],[38.1132,-9.8148],[38.137,-9.7608],[38.0955,-9.7143],[38.1568,-9.6716],[38.1181,-9.5734],[38.2091,-9.5203],[38.2644,-9.4659],[38.3306,-9.4445],[38.3539,-9.4213],[38.3652,-9.4323],[38.3706,-9.5789],[38.3845,-9.5944],[38.3069,-9.6954],[38.2958,-9.7261],[38.3116,-9.7418],[38.3114,-9.7862],[38.3799,-9.8279],[38.4017,-9.8269],[38.3487,-9.8675],[38.3612,-9.9269],[38.267,-9.9073]]]},"properties":{"key":"452","name":"Nyera Kiperere","class":"forest_candidate","areaHa":106464,"observed":true}},{"type":"Feature","geometry":{"type":"Polygon","coordinates":[[[34.8253,-9.4326],[34.8369,-9.4281],[34.8388,-9.4319],[34.8253,-9.4326]]]},"properties":{"key":"453","name":"Nguluka","class":"forest_candidate","areaHa":60,"observed":true}},{"type":"Feature","geometry":{"type":"Polygon","coordinates":[[[33.7995,-9.4326],[33.7943,-9.448],[33.8047,-9.4493],[33.7952,-9.4653],[33.7765,-9.4383],[33.7995,-9.4326]]]},"properties":{"key":"454","name":"Masukulu","class":"forest_candidate","areaHa":600,"observed":true}},{"type":"Feature","geometry":{"type":"Polygon","coordinates":[[[33.478,-2.7537],[33.4772,-2.7591],[33.4721,-2.7591],[33.478,-2.7537]]]},"properties":{"key":"455","name":"Ibindo","class":"forest_candidate","areaHa":34,"observed":true}},{"type":"Feature","geometry":{"type":"Polygon","coordinates":[[[33.5168,-9.4356],[33.5107,-9.4597],[33.4896,-9.4774],[33.4776,-9.4663],[33.5168,-9.4356]]]},"properties":{"key":"456","name":"Iyondo","class":"forest_candidate","areaHa":872,"observed":true}},{"type":"Feature","geometry":{"type":"Polygon","coordinates":[[[34.8325,-9.4467],[34.83,-9.4555],[34.8251,-9.4497],[34.829,-9.4352],[34.8325,-9.4467]]]},"properties":{"key":"457","name":"Idunda","class":"forest_candidate","areaHa":87,"observed":true}},{"type":"Feature","geometry":{"type":"Polygon","coordinates":[[[34.8484,-9.4456],[34.8427,-9.4452],[34.844,-9.4386],[34.8484,-9.4456]]]},"properties":{"key":"458","name":"Mafifi","class":"forest_candidate","areaHa":41,"observed":true}},{"type":"Feature","geometry":{"type":"Polygon","coordinates":[[[34.7906,-9.4468],[34.7853,-9.4483],[34.7856,-9.4445],[34.7906,-9.4468]]]},"properties":{"key":"459","name":"Hupanga","class":"forest_candidate","areaHa":27,"observed":true}},{"type":"Feature","geometry":{"type":"Polygon","coordinates":[[[35.3761,-9.4469],[35.4046,-9.4464],[35.3895,-9.4669],[35.3702,-9.4546],[35.3761,-9.4469]]]},"properties":{"key":"460","name":"Iditima","class":"forest_candidate","areaHa":563,"observed":true}},{"type":"Feature","geometry":{"type":"Polygon","coordinates":[[[39.2492,-9.473],[39.2742,-9.5194],[39.3024,-9.5409],[39.2997,-9.5594],[39.2822,-9.5658],[39.2503,-9.5625],[39.2255,-9.483],[39.2325,-9.4617],[39.2626,-9.4588],[39.2492,-9.473]]]},"properties":{"key":"461","name":"Pindiro","class":"forest_candidate","areaHa":4676,"observed":true}},{"type":"Feature","geometry":{"type":"Polygon","coordinates":[[[34.8133,-9.4748],[34.8247,-9.4735],[34.8248,-9.4749],[34.8133,-9.4748]]]},"properties":{"key":"462","name":"Ilonganjaula","class":"forest_candidate","areaHa":56,"observed":true}},{"type":"Feature","geometry":{"type":"Polygon","coordinates":[[[34.7924,-9.4778],[34.8,-9.4874],[34.7899,-9.4875],[34.7924,-9.4778]]]},"properties":{"key":"463","name":"Mayefiya","class":"forest_candidate","areaHa":114,"observed":true}},{"type":"Feature","geometry":{"type":"Polygon","coordinates":[[[34.7809,-9.4882],[34.773,-9.482],[34.782,-9.4786],[34.7809,-9.4882]]]},"properties":{"key":"464","name":"Isililo","class":"forest_candidate","areaHa":93,"observed":true}},{"type":"Feature","geometry":{"type":"Polygon","coordinates":[[[34.8046,-9.496],[34.8011,-9.5061],[34.7959,-9.5032],[34.7966,-9.4912],[34.8046,-9.496]]]},"properties":{"key":"465","name":"Igoma","class":"forest_candidate","areaHa":116,"observed":true}},{"type":"Feature","geometry":{"type":"Polygon","coordinates":[[[36.2389,-2.8834],[36.2772,-2.8942],[36.2731,-2.9119],[36.247,-2.8971],[36.2526,-2.9074],[36.2031,-2.9169],[36.1949,-2.9318],[36.1438,-2.9311],[36.1776,-2.9057],[36.182,-2.8939],[36.173,-2.8922],[36.2047,-2.8429],[36.2441,-2.8601],[36.2571,-2.8875],[36.2389,-2.8834]]]},"properties":{"key":"466","name":"Kitumbaine","class":"forest_candidate","areaHa":6515,"observed":true}},{"type":"Feature","geometry":{"type":"Polygon","coordinates":[[[34.8335,-9.5011],[34.8293,-9.494],[34.8333,-9.4916],[34.8335,-9.5011]]]},"properties":{"key":"467","name":"Mfulikilo","class":"forest_candidate","areaHa":64,"observed":true}},{"type":"Feature","geometry":{"type":"Polygon","coordinates":[[[33.65,-9.5578],[33.6589,-9.5587],[33.6382,-9.5072],[33.6428,-9.4924],[33.671,-9.5073],[33.6792,-9.5452],[33.6715,-9.5864],[33.6809,-9.6058],[33.6599,-9.6063],[33.65,-9.5578]]]},"properties":{"key":"468","name":"Kabulo","class":"forest_candidate","areaHa":3066,"observed":true}},{"type":"Feature","geometry":{"type":"Polygon","coordinates":[[[34.8532,-9.5035],[34.852,-9.5065],[34.8438,-9.502],[34.8532,-9.5035]]]},"properties":{"key":"469","name":"Ipongoro","class":"forest_candidate","areaHa":44,"observed":true}},{"type":"Feature","geometry":{"type":"Polygon","coordinates":[[[39.4387,-9.5154],[39.4463,-9.5646],[39.3985,-9.5581],[39.3887,-9.5118],[39.4387,-9.5154]]]},"properties":{"key":"470","name":"Ngarama Sourth","class":"forest_candidate","areaHa":2562,"observed":true}},{"type":"Feature","geometry":{"type":"Polygon","coordinates":[[[34.7135,-9.5152],[34.7114,-9.5201],[34.7078,-9.5175],[34.7135,-9.5152]]]},"properties":{"key":"471","name":"Idamba","class":"forest_candidate","areaHa":39,"observed":true}},{"type":"Feature","geometry":{"type":"Polygon","coordinates":[[[38.9757,-9.5683],[38.9584,-9.6686],[38.9207,-9.7033],[38.8491,-9.7047],[38.7705,-9.736],[38.7255,-9.6641],[38.7689,-9.5858],[38.8521,-9.5604],[38.9098,-9.5248],[38.9757,-9.5683]]]},"properties":{"key":"472","name":"Matehi","class":"forest_candidate","areaHa":39455,"observed":true}},{"type":"Feature","geometry":{"type":"Polygon","coordinates":[[[34.7551,-9.5383],[34.7571,-9.54],[34.7512,-9.5441],[34.7551,-9.5383]]]},"properties":{"key":"473","name":"Mahenye","class":"forest_candidate","areaHa":39,"observed":true}},{"type":"Feature","geometry":{"type":"Polygon","coordinates":[[[34.8057,-9.5475],[34.8149,-9.5596],[34.8058,-9.5691],[34.7721,-9.5459],[34.8057,-9.5475]]]},"properties":{"key":"474","name":"Silupati","class":"forest_candidate","areaHa":617,"observed":true}},{"type":"Feature","geometry":{"type":"Polygon","coordinates":[[[39.6555,-9.5853],[39.6737,-9.5808],[39.6816,-9.5983],[39.6293,-9.6269],[39.6132,-9.5932],[39.6307,-9.568],[39.6555,-9.5853]]]},"properties":{"key":"475","name":"Ndimbu","class":"forest_candidate","areaHa":2653,"observed":true}},{"type":"Feature","geometry":{"type":"Polygon","coordinates":[[[34.7827,-9.5814],[34.8018,-9.5814],[34.8222,-9.6015],[34.8182,-9.6106],[34.7827,-9.5814]]]},"properties":{"key":"476","name":"Nijilikwa","class":"forest_candidate","areaHa":800,"observed":true}},{"type":"Feature","geometry":{"type":"Polygon","coordinates":[[[37.4513,-3.275],[37.4512,-3.2895],[37.4294,-3.2829],[37.3962,-3.2345],[37.3689,-3.2359],[37.3312,-3.2142],[37.3244,-3.1825],[37.3136,-3.1781],[37.2728,-3.1882],[37.1932,-3.1561],[37.1819,-3.1832],[37.169,-3.1828],[37.1294,-3.1602],[37.1364,-3.1443],[37.1242,-3.1348],[37.1015,-3.1585],[37.0872,-3.1544],[37.081,-3.1809],[37.0724,-3.1772],[37.0524,-3.1409],[37.0763,-3.0817],[37.071,-3.0296],[37.0772,-2.994],[37.0882,-2.9887],[37.0732,-2.957],[37.0909,-2.9216],[37.1146,-2.9368],[37.116,-2.9045],[37.1375,-2.8834],[37.1601,-2.8872],[37.1767,-2.869],[37.1881,-2.8746],[37.2386,-2.8529],[37.2674,-2.8708],[37.2761,-2.8652],[37.2863,-2.8835],[37.3366,-2.8951],[37.3545,-2.8775],[37.4018,-2.8899],[37.5177,-2.9548],[37.554,-3.0139],[37.5446,-3.0388],[37.568,-3.0676],[37.5853,-3.2241],[37.5763,-3.2467],[37.5334,-3.2472],[37.5101,-3.2342],[37.4592,-3.2491],[37.468,-3.2976],[37.4513,-3.275]],[[37.4496,-3.1806],[37.5062,-3.1817],[37.5257,-3.1695],[37.5148,-3.1584],[37.5319,-3.1497],[37.5073,-3.0666],[37.48,-3.0581],[37.4888,-3.0401],[37.4596,-3.0016],[37.4556,-2.9862],[37.4653,-2.9812],[37.4554,-2.9648],[37.4234,-2.962],[37.4202,-2.9494],[37.4073,-2.9578],[37.3898,-2.9434],[37.3283,-2.9559],[37.292,-2.9368],[37.2519,-2.9434],[37.2137,-2.9224],[37.1645,-2.9689],[37.1565,-2.9645],[37.1774,-2.9834],[37.1925,-2.9795],[37.1951,-2.9963],[37.1682,-3.0208],[37.1756,-3.0882],[37.2261,-3.1003],[37.2416,-3.0883],[37.2657,-3.1017],[37.2934,-3.0934],[37.287,-3.1034],[37.298,-3.1012],[37.293,-3.113],[37.3015,-3.1032],[37.2977,-3.1169],[37.2997,-3.1244],[37.3111,-3.1057],[37.3239,-3.1384],[37.4179,-3.177],[37.4243,-3.1962],[37.4496,-3.1806]]]},"properties":{"key":"477","name":"Kilimanjaro","class":"forest_candidate","areaHa":110147,"observed":true}},{"type":"Feature","geometry":{"type":"Polygon","coordinates":[[[37.0845,-9.7249],[37.053,-9.7422],[37.0385,-9.7864],[37.0129,-9.7989],[37.0023,-9.8276],[36.9774,-9.8214],[36.9825,-9.8576],[36.9686,-9.8484],[36.9073,-9.8859],[36.9004,-9.9021],[36.8834,-9.9003],[36.8832,-9.929],[36.8689,-9.9377],[36.8784,-9.9475],[36.8618,-9.9664],[36.883,-9.9992],[36.8768,-10.0478],[36.8504,-10.1186],[36.7933,-10.185],[36.7153,-10.2205],[36.6605,-10.2151],[36.6131,-10.238],[36.4962,-10.2303],[36.3426,-10.2706],[36.2784,-10.2362],[36.2448,-10.177],[36.2197,-10.1824],[36.1885,-10.1559],[36.1829,-10.1429],[36.213,-10.1233],[36.209,-10.0959],[36.1941,-10.0879],[36.2081,-10.0365],[36.1968,-9.9712],[36.252,-9.899],[36.2467,-9.8897],[36.2631,-9.8817],[36.2621,-9.8387],[36.2822,-9.793],[36.4787,-9.7935],[36.4615,-9.8643],[36.4434,-9.8754],[36.446,-9.9014],[36.4958,-9.9856],[36.5197,-9.9948],[37.1189,-9.6318],[37.0845,-9.7249]]]},"properties":{"key":"478","name":"North East Undendeule","class":"forest_candidate","areaHa":312807,"observed":true}},{"type":"Feature","geometry":{"type":"Polygon","coordinates":[[[34.7047,-9.6721],[34.7091,-9.6801],[34.6962,-9.6747],[34.7047,-9.6721]]]},"properties":{"key":"479","name":"Ikonde","class":"forest_candidate","areaHa":105,"observed":true}},{"type":"Feature","geometry":{"type":"Polygon","coordinates":[[[39.5487,-9.6785],[39.5619,-9.7039],[39.5534,-9.7366],[39.5344,-9.7422],[39.5146,-9.73],[39.5193,-9.6775],[39.5487,-9.6785]]]},"properties":{"key":"480","name":"Ruawa","class":"forest_candidate","areaHa":3013,"observed":true}},{"type":"Feature","geometry":{"type":"Polygon","coordinates":[[[34.8784,-9.8129],[34.8699,-9.8269],[34.7734,-9.7971],[34.7777,-9.7841],[34.7531,-9.7488],[34.7608,-9.7364],[34.8784,-9.8129]]]},"properties":{"key":"481","name":"Mdando","class":"forest_candidate","areaHa":4358,"observed":true}},{"type":"Feature","geometry":{"type":"Polygon","coordinates":[[[39.4332,-9.7603],[39.4361,-9.7782],[39.4606,-9.7912],[39.4726,-9.8398],[39.4318,-9.8331],[39.4027,-9.8504],[39.3577,-9.9052],[39.3163,-9.8947],[39.3204,-9.8003],[39.3412,-9.7807],[39.3441,-9.7574],[39.4332,-9.7603]]]},"properties":{"key":"482","name":"Matapwa","class":"forest_candidate","areaHa":18078,"observed":true}},{"type":"Feature","geometry":{"type":"Polygon","coordinates":[[[35.3889,-9.7869],[35.3798,-9.8241],[35.3591,-9.8265],[35.337,-9.8098],[35.335,-9.787],[35.3889,-9.7869]]]},"properties":{"key":"483","name":"Wino","class":"forest_candidate","areaHa":2095,"observed":true}},{"type":"Feature","geometry":{"type":"Polygon","coordinates":[[[34.6535,-9.8432],[34.6989,-9.8519],[34.6659,-9.8682],[34.6471,-9.861],[34.6535,-9.8432]]]},"properties":{"key":"484","name":"Sakaranyumo","class":"forest_candidate","areaHa":923,"observed":true}},{"type":"Feature","geometry":{"type":"Polygon","coordinates":[[[34.6532,-9.8701],[34.6483,-9.896],[34.6429,-9.8933],[34.6399,-9.8729],[34.6532,-9.8701]]]},"properties":{"key":"485","name":"Musiora","class":"forest_candidate","areaHa":338,"observed":true}},{"type":"Feature","geometry":{"type":"Polygon","coordinates":[[[34.6701,-9.8816],[34.7015,-9.9069],[34.6737,-9.9135],[34.6544,-9.9021],[34.6701,-9.8816]]]},"properties":{"key":"486","name":"Madenge","class":"forest_candidate","areaHa":969,"observed":true}},{"type":"Feature","geometry":{"type":"Polygon","coordinates":[[[39.1142,-9.9372],[39.1135,-9.9637],[39.0832,-9.9686],[39.0939,-9.93],[39.1142,-9.9372]]]},"properties":{"key":"487","name":"Nandimbo","class":"forest_candidate","areaHa":1247,"observed":true}},{"type":"Feature","geometry":{"type":"Polygon","coordinates":[[[32.3163,-2.8815],[32.3204,-2.895],[32.3018,-2.899],[32.2946,-2.8777],[32.3163,-2.8815]]]},"properties":{"key":"488","name":"Ishindankwe","class":"forest_candidate","areaHa":428,"observed":true}},{"type":"Feature","geometry":{"type":"Polygon","coordinates":[[[39.3281,-9.9898],[39.3351,-9.9819],[39.3936,-9.9954],[39.4037,-10.0107],[39.3281,-9.9898]]]},"properties":{"key":"489","name":"Makangala","class":"forest_candidate","areaHa":1477,"observed":true}},{"type":"Feature","geometry":{"type":"Polygon","coordinates":[[[39.4482,-9.9908],[39.4606,-10.0004],[39.4534,-10.0254],[39.4227,-10.0274],[39.4218,-10.0063],[39.4482,-9.9908]]]},"properties":{"key":"490","name":"Chitoa","class":"forest_candidate","areaHa":1273,"observed":true}},{"type":"Feature","geometry":{"type":"Polygon","coordinates":[[[39.4793,-10.0213],[39.5053,-10.0228],[39.5067,-10.037],[39.4806,-10.0465],[39.4793,-10.0213]]]},"properties":{"key":"491","name":"Litipo","class":"forest_candidate","areaHa":731,"observed":true}},{"type":"Feature","geometry":{"type":"Polygon","coordinates":[[[39.1889,-10.0603],[39.2132,-10.0781],[39.2188,-10.0676],[39.2335,-10.0705],[39.2434,-10.123],[39.2145,-10.1498],[39.211,-10.2067],[39.1867,-10.2352],[39.161,-10.2379],[39.1376,-10.0737],[39.1889,-10.0603]]]},"properties":{"key":"492","name":"Rondo","class":"forest_candidate","areaHa":14687,"observed":true}},{"type":"Feature","geometry":{"type":"Polygon","coordinates":[[[38.4265,-10.2059],[38.4239,-10.2283],[38.4467,-10.2214],[38.4861,-10.239],[38.4916,-10.3427],[38.4777,-10.3438],[38.4658,-10.365],[38.3296,-10.3645],[38.3076,-10.299],[38.3266,-10.2679],[38.3529,-10.2729],[38.3938,-10.197],[38.4265,-10.2059]]]},"properties":{"key":"493","name":"Lionja","class":"forest_candidate","areaHa":26509,"observed":true}},{"type":"Feature","geometry":{"type":"Polygon","coordinates":[[[35.6103,-10.2848],[35.5923,-10.2831],[35.5974,-10.2701],[35.61,-10.2705],[35.6103,-10.2848]]]},"properties":{"key":"494","name":"Gumbiro","class":"forest_candidate","areaHa":282,"observed":true}},{"type":"Feature","geometry":{"type":"Polygon","coordinates":[[[39.2687,-10.2793],[39.2804,-10.2718],[39.2914,-10.3102],[39.2736,-10.3169],[39.2687,-10.2793]]]},"properties":{"key":"495","name":"Mtama","class":"forest_candidate","areaHa":630,"observed":true}},{"type":"Feature","geometry":{"type":"Polygon","coordinates":[[[35.6523,-10.3257],[35.6594,-10.3573],[35.5876,-10.3718],[35.5771,-10.314],[35.6639,-10.3016],[35.6523,-10.3257]]]},"properties":{"key":"496","name":"Songea Fuel","class":"forest_candidate","areaHa":5274,"observed":true}},{"type":"Feature","geometry":{"type":"Polygon","coordinates":[[[40.2743,-10.354],[40.2801,-10.3674],[40.2517,-10.3886],[40.2462,-10.3649],[40.2743,-10.354]]]},"properties":{"key":"497","name":"Ziwani","class":"forest_candidate","areaHa":642,"observed":true}},{"type":"Feature","geometry":{"type":"Polygon","coordinates":[[[40.1441,-10.4137],[40.1356,-10.4177],[40.1457,-10.3769],[40.1553,-10.3831],[40.1441,-10.4137]]]},"properties":{"key":"498","name":"Naliendele","class":"forest_candidate","areaHa":404,"observed":true}},{"type":"Feature","geometry":{"type":"Polygon","coordinates":[[[35.896,-2.9422],[35.8944,-2.9083],[35.9354,-2.9335],[35.9813,-2.9244],[35.9953,-2.9409],[35.9683,-3.1169],[35.9575,-3.1509],[35.9407,-3.1574],[35.9312,-3.2015],[35.8694,-3.2455],[35.812,-3.2506],[35.705,-3.3012],[35.5597,-3.2972],[35.5523,-3.3058],[35.562,-3.3137],[35.527,-3.3342],[35.5326,-3.3478],[35.5129,-3.3442],[35.5237,-3.3586],[35.5223,-3.3672],[35.5197,-3.3583],[35.5132,-3.3681],[35.4906,-3.3617],[35.4483,-3.378],[35.4138,-3.3626],[35.4067,-3.3293],[35.4426,-3.2489],[35.4855,-3.2377],[35.4972,-3.2509],[35.5474,-3.2522],[35.5614,-3.2637],[35.6075,-3.2518],[35.6527,-3.22],[35.718,-3.1477],[35.7503,-3.1438],[35.8329,-3.0464],[35.896,-2.9422]]]},"properties":{"key":"499","name":"Northern Highlands","class":"forest_candidate","areaHa":103324,"observed":true}},{"type":"Feature","geometry":{"type":"Polygon","coordinates":[[[37.4782,-10.8255],[37.473,-10.7916],[37.4476,-10.7747],[37.4421,-10.7562],[37.4151,-10.7575],[37.411,-10.7287],[37.375,-10.7124],[37.3737,-10.6983],[37.2833,-10.6752],[37.2736,-10.6366],[37.2934,-10.5612],[37.24,-10.5456],[37.1294,-10.5515],[37.098,-10.5323],[37.0643,-10.4651],[37.026,-10.4536],[37.0714,-10.3899],[37.4498,-10.4378],[37.4318,-10.473],[37.4547,-10.4948],[37.5992,-10.492],[37.6286,-10.5804],[37.6176,-10.6025],[37.6214,-10.6356],[37.6602,-10.6894],[37.6867,-10.7065],[37.7073,-10.7813],[37.681,-10.8223],[37.6834,-10.8445],[37.6561,-10.8239],[37.6488,-10.8328],[37.6219,-10.8054],[37.5865,-10.8126],[37.5604,-10.8393],[37.5291,-10.8345],[37.5154,-10.8443],[37.523,-10.8038],[37.4782,-10.8255]]]},"properties":{"key":"500","name":"Muhuwesi","class":"forest_candidate","areaHa":174677,"observed":true}},{"type":"Feature","geometry":{"type":"Polygon","coordinates":[[[39.5489,-10.5224],[39.5244,-10.5743],[39.5053,-10.545],[39.5489,-10.5224]]]},"properties":{"key":"501","name":"Liteho","class":"forest_candidate","areaHa":1321,"observed":true}},{"type":"Feature","geometry":{"type":"Polygon","coordinates":[[[35.3759,-10.5366],[35.4026,-10.523],[35.4241,-10.5317],[35.4523,-10.5706],[35.3987,-10.5778],[35.3759,-10.5366]]]},"properties":{"key":"502","name":"Maposeni","class":"forest_candidate","areaHa":3197,"observed":true}},{"type":"Feature","geometry":{"type":"Polygon","coordinates":[[[39.0427,-10.5251],[39.036,-10.5534],[39.0589,-10.5798],[39.0602,-10.6145],[39.0501,-10.6143],[39.0211,-10.5538],[39.0427,-10.5251]]]},"properties":{"key":"503","name":"Chilangala","class":"forest_candidate","areaHa":1812,"observed":true}},{"type":"Feature","geometry":{"type":"Polygon","coordinates":[[[39.0384,-10.6311],[39.0396,-10.6399],[39.0292,-10.6376],[39.0384,-10.6311]]]},"properties":{"key":"504","name":"Kambona","class":"forest_candidate","areaHa":111,"observed":true}},{"type":"Feature","geometry":{"type":"Polygon","coordinates":[[[39.0545,-10.6468],[39.0763,-10.6922],[39.1343,-10.6923],[39.1725,-10.7215],[39.1486,-10.7155],[39.1099,-10.7417],[39.1184,-10.7038],[39.0657,-10.7092],[39.0467,-10.6854],[39.0441,-10.6508],[39.0545,-10.6468]]]},"properties":{"key":"505","name":"Makonde Scarp 1","class":"forest_candidate","areaHa":3784,"observed":true}},{"type":"Feature","geometry":{"type":"Polygon","coordinates":[[[38.3595,-10.7817],[38.3469,-10.7628],[38.3283,-10.6477],[38.4063,-10.6827],[38.3629,-10.7169],[38.371,-10.7437],[38.3998,-10.767],[38.3963,-10.7885],[38.3595,-10.7817]]]},"properties":{"key":"506","name":"Mchonda","class":"forest_candidate","areaHa":7149,"observed":true}},{"type":"Feature","geometry":{"type":"Polygon","coordinates":[[[38.8507,-10.6611],[38.8138,-10.6895],[38.8053,-10.7175],[38.7985,-10.6854],[38.8449,-10.6509],[38.8507,-10.6611]]]},"properties":{"key":"507","name":"Masasi","class":"forest_candidate","areaHa":1512,"observed":true}},{"type":"Feature","geometry":{"type":"Polygon","coordinates":[[[35.7071,-10.7324],[35.6666,-10.8587],[35.642,-10.8636],[35.6414,-10.7758],[35.6855,-10.695],[35.7071,-10.7324]]]},"properties":{"key":"508","name":"Matogoro East","class":"forest_candidate","areaHa":8094,"observed":true}},{"type":"Feature","geometry":{"type":"Polygon","coordinates":[[[35.6353,-10.7196],[35.6665,-10.7059],[35.6528,-10.7404],[35.6339,-10.7519],[35.6353,-10.7196]]]},"properties":{"key":"509","name":"Matogoro","class":"forest_candidate","areaHa":1113,"observed":true}},{"type":"Feature","geometry":{"type":"Polygon","coordinates":[[[32.2909,-2.9258],[32.2828,-2.9267],[32.2859,-2.9206],[32.2909,-2.9258]]]},"properties":{"key":"510","name":"Sinde","class":"forest_candidate","areaHa":70,"observed":true}},{"type":"Feature","geometry":{"type":"Polygon","coordinates":[[[39.2756,-10.9263],[39.2708,-10.9394],[39.2611,-10.9425],[39.2033,-10.8695],[39.1563,-10.8511],[39.1722,-10.7907],[39.2203,-10.7518],[39.1959,-10.8014],[39.1947,-10.8384],[39.255,-10.918],[39.2756,-10.9263]]]},"properties":{"key":"511","name":"Makonde Scarp 11","class":"forest_candidate","areaHa":5033,"observed":true}},{"type":"Feature","geometry":{"type":"Polygon","coordinates":[[[39.5744,-10.8624],[39.6035,-10.8509],[39.6386,-10.8579],[39.5974,-10.8711],[39.6101,-10.8793],[39.6008,-10.8909],[39.5604,-10.8952],[39.5568,-10.8756],[39.5405,-10.8722],[39.5415,-10.8502],[39.5744,-10.8624]]]},"properties":{"key":"512","name":"Namikupa","class":"forest_candidate","areaHa":3014,"observed":true}},{"type":"Feature","geometry":{"type":"Polygon","coordinates":[[[37.2185,-10.9219],[37.2313,-10.8861],[37.214,-10.8608],[37.2733,-10.8563],[37.2802,-10.9099],[37.2305,-10.9303],[37.2185,-10.9219]]]},"properties":{"key":"513","name":"Nandembo","class":"forest_candidate","areaHa":4244,"observed":true}},{"type":"Feature","geometry":{"type":"Polygon","coordinates":[[[39.3816,-10.9059],[39.4016,-10.8936],[39.4215,-10.9483],[39.3816,-10.9059]]]},"properties":{"key":"514","name":"Makonde Scarp 111","class":"forest_candidate","areaHa":949,"observed":true}},{"type":"Feature","geometry":{"type":"Polygon","coordinates":[[[39.5373,-10.9154],[39.6394,-10.9107],[39.6057,-10.934],[39.5558,-10.9289],[39.5373,-10.9154]]]},"properties":{"key":"515","name":"Mahuta","class":"forest_candidate","areaHa":1417,"observed":true}},{"type":"Feature","geometry":{"type":"Polygon","coordinates":[[[39.055,-10.9627],[39.0394,-10.9332],[39.0662,-10.9167],[39.0807,-10.9207],[39.0898,-10.9355],[39.055,-10.9627]]]},"properties":{"key":"516","name":"Nagaga","class":"forest_candidate","areaHa":1634,"observed":true}},{"type":"Feature","geometry":{"type":"Polygon","coordinates":[[[38.878,-11.1797],[38.8157,-11.2307],[38.7407,-11.2797],[38.7006,-11.2727],[38.6891,-11.2598],[38.6827,-11.1714],[38.7157,-11.0787],[38.74,-11.0739],[38.7696,-11.1068],[38.7923,-11.0968],[38.7866,-11.0492],[38.8133,-11.0236],[38.8396,-11.0202],[38.8511,-11.1391],[38.878,-11.1797]]]},"properties":{"key":"517","name":"Mbangala","class":"forest_candidate","areaHa":36329,"observed":true}},{"type":"Feature","geometry":{"type":"MultiPolygon","coordinates":[[[[38.8701,-11.1897],[38.8615,-11.1926],[38.8663,-11.1894],[38.8701,-11.1897]]],[[[38.856,-11.1996],[38.8485,-11.2043],[38.8541,-11.198],[38.856,-11.1996]]],[[[38.8026,-11.2421],[38.7748,-11.2559],[38.7835,-11.2464],[38.8157,-11.2307],[38.8026,-11.2421]]],[[[38.7181,-11.2764],[38.7126,-11.2748],[38.7167,-11.2753],[38.7181,-11.2764]]]]},"properties":{"key":"518","name":"Mbangala","class":"forest_candidate","areaHa":237,"observed":true}},{"type":"Feature","geometry":{"type":"Polygon","coordinates":[[[38.2155,-11.0939],[38.2069,-11.081],[38.2141,-11.0638],[38.2021,-11.0857],[38.1589,-11.1024],[38.1255,-11.0402],[38.1645,-11.0551],[38.1745,-11.0456],[38.2164,-11.0476],[38.2423,-11.0651],[38.2258,-11.1205],[38.1926,-11.1472],[38.1805,-11.1305],[38.2155,-11.0939]]]},"properties":{"key":"519","name":"Ndechela","class":"forest_candidate","areaHa":6873,"observed":true}},{"type":"Feature","geometry":{"type":"Polygon","coordinates":[[[36.7671,-11.196],[36.7296,-11.1587],[36.7151,-11.1065],[36.8217,-11.1205],[36.8239,-11.1043],[36.8979,-11.0758],[36.9672,-11.1151],[37.0114,-11.1779],[37.0535,-11.2013],[37.101,-11.1803],[37.1125,-11.2443],[37.053,-11.2682],[36.9723,-11.223],[36.965,-11.1914],[36.946,-11.2],[36.879,-11.1643],[36.8678,-11.1969],[36.7699,-11.254],[36.7671,-11.196]]]},"properties":{"key":"520","name":"Sasawara","class":"forest_candidate","areaHa":41798,"observed":true}},{"type":"Feature","geometry":{"type":"Polygon","coordinates":[[[37.1925,-2.9795],[37.1774,-2.9834],[37.1558,-2.9659],[37.2137,-2.9224],[37.2519,-2.9434],[37.292,-2.9368],[37.3283,-2.9559],[37.3898,-2.9434],[37.4073,-2.9578],[37.4202,-2.9494],[37.4234,-2.962],[37.4554,-2.9648],[37.4653,-2.9812],[37.4556,-2.9862],[37.4596,-3.0016],[37.4888,-3.0401],[37.48,-3.0581],[37.5073,-3.0666],[37.5265,-3.116],[37.5317,-3.1507],[37.5136,-3.1607],[37.5257,-3.1695],[37.4883,-3.1889],[37.4827,-3.1779],[37.4496,-3.1806],[37.4243,-3.1962],[37.4179,-3.177],[37.3239,-3.1384],[37.3111,-3.1057],[37.2997,-3.1244],[37.3015,-3.1032],[37.293,-3.113],[37.298,-3.1012],[37.287,-3.1034],[37.2934,-3.0934],[37.2657,-3.1017],[37.2416,-3.0883],[37.2261,-3.1003],[37.1756,-3.0882],[37.1682,-3.0208],[37.1925,-2.9795]]]},"properties":{"key":"521","name":"Land","class":"forest_candidate","areaHa":74991,"observed":true}},{"type":"Feature","geometry":{"type":"Polygon","coordinates":[[[34.8699,-11.1199],[34.9026,-11.1389],[34.8873,-11.1782],[34.8699,-11.1199]]]},"properties":{"key":"522","name":"Liwiri Kiteza","class":"forest_candidate","areaHa":873,"observed":true}},{"type":"Feature","geometry":{"type":"Polygon","coordinates":[[[34.8963,-11.1671],[34.8945,-11.2237],[34.9043,-11.2391],[34.8698,-11.2746],[34.8463,-11.2444],[34.8963,-11.1671]]]},"properties":{"key":"523","name":"Luhekei","class":"forest_candidate","areaHa":3536,"observed":true}},{"type":"Feature","geometry":{"type":"Polygon","coordinates":[[[37.5661,-11.26],[37.6941,-11.2944],[37.7191,-11.3234],[37.7377,-11.3191],[37.7619,-11.3371],[37.7705,-11.3486],[37.7305,-11.4274],[37.7509,-11.4441],[37.7828,-11.4447],[37.7849,-11.5091],[37.7605,-11.5355],[37.7389,-11.5181],[37.6656,-11.5589],[37.6214,-11.6094],[37.5863,-11.6258],[37.5609,-11.5891],[37.527,-11.5723],[37.5064,-11.5227],[37.5,-11.4109],[37.4595,-11.3799],[37.4524,-11.3228],[37.4241,-11.3106],[37.4217,-11.2522],[37.4595,-11.2673],[37.5661,-11.26]]]},"properties":{"key":"524","name":"Mwambesi","class":"forest_candidate","areaHa":98630,"observed":true}},{"type":"Feature","geometry":{"type":"Polygon","coordinates":[[[33.4746,-2.9329],[33.4791,-2.9325],[33.481,-2.9412],[33.4746,-2.9329]]]},"properties":{"key":"525","name":"Talaga","class":"forest_candidate","areaHa":53,"observed":true}},{"type":"Feature","geometry":{"type":"Polygon","coordinates":[[[33.3509,-2.9464],[33.3456,-2.9517],[33.3437,-2.9481],[33.3484,-2.9376],[33.3509,-2.9464]]]},"properties":{"key":"526","name":"Mwamakelemu","class":"forest_candidate","areaHa":64,"observed":true}},{"type":"Feature","geometry":{"type":"Polygon","coordinates":[[[31.7128,-1.1787],[31.7098,-1.1835],[31.7038,-1.1789],[31.7128,-1.1787]]]},"properties":{"key":"527","name":"Kingongoro","class":"forest_candidate","areaHa":58,"observed":true}},{"type":"Feature","geometry":{"type":"Polygon","coordinates":[[[33.3127,-2.9508],[33.3165,-2.9516],[33.3154,-2.9581],[33.3127,-2.9508]]]},"properties":{"key":"528","name":"Bujingwa","class":"forest_candidate","areaHa":37,"observed":true}},{"type":"Feature","geometry":{"type":"Polygon","coordinates":[[[33.5213,-2.9528],[33.5264,-2.9624],[33.5183,-2.9624],[33.5213,-2.9528]]]},"properties":{"key":"529","name":"Igwata","class":"forest_candidate","areaHa":83,"observed":true}},{"type":"Feature","geometry":{"type":"Polygon","coordinates":[[[33.3178,-2.9559],[33.3209,-2.9569],[33.3205,-2.96],[33.3178,-2.9559]]]},"properties":{"key":"530","name":"Kakora","class":"forest_candidate","areaHa":13,"observed":true}},{"type":"Feature","geometry":{"type":"Polygon","coordinates":[[[33.3896,-2.959],[33.3921,-2.9619],[33.3893,-2.9653],[33.3896,-2.959]]]},"properties":{"key":"531","name":"Mwamayombo","class":"forest_candidate","areaHa":19,"observed":true}},{"type":"Feature","geometry":{"type":"Polygon","coordinates":[[[33.4888,-2.9649],[33.4881,-2.973],[33.4775,-2.9719],[33.4737,-2.9603],[33.4888,-2.9649]]]},"properties":{"key":"532","name":"Malya Stock Farm","class":"forest_candidate","areaHa":149,"observed":true}},{"type":"Feature","geometry":{"type":"Polygon","coordinates":[[[33.934,-2.9727],[33.9301,-2.9795],[33.9261,-2.9716],[33.934,-2.9727]]]},"properties":{"key":"533","name":"Mwamapalala","class":"forest_candidate","areaHa":63,"observed":true}},{"type":"Feature","geometry":{"type":"Polygon","coordinates":[[[33.9412,-2.9883],[33.932,-2.9887],[33.9337,-2.9839],[33.9412,-2.9883]]]},"properties":{"key":"534","name":"Mwamapuli","class":"forest_candidate","areaHa":43,"observed":true}},{"type":"Feature","geometry":{"type":"Polygon","coordinates":[[[33.9186,-2.9869],[33.9158,-2.9932],[33.9135,-2.9911],[33.9186,-2.9869]]]},"properties":{"key":"535","name":"Mwanzogisengi","class":"forest_candidate","areaHa":33,"observed":true}},{"type":"Feature","geometry":{"type":"Polygon","coordinates":[[[32.3997,-2.9894],[32.4439,-2.9897],[32.4645,-3.0217],[32.49,-3.0056],[32.5357,-3.043],[32.5429,-3.0726],[32.5167,-3.0846],[32.4979,-3.0501],[32.4862,-3.0858],[32.4242,-3.0558],[32.4003,-3.0282],[32.3997,-2.9894]]]},"properties":{"key":"536","name":"Mwienzi","class":"forest_candidate","areaHa":9320,"observed":true}},{"type":"Feature","geometry":{"type":"Polygon","coordinates":[[[33.9273,-2.9949],[33.9258,-2.9974],[33.9222,-2.9968],[33.9273,-2.9949]]]},"properties":{"key":"537","name":"Mwamapalala","class":"forest_candidate","areaHa":13,"observed":true}},{"type":"Feature","geometry":{"type":"Polygon","coordinates":[[[31.5642,-1.2687],[31.5303,-1.269],[31.5336,-1.2372],[31.5676,-1.2252],[31.5682,-1.2363],[31.6116,-1.2471],[31.6172,-1.2876],[31.6057,-1.3091],[31.5642,-1.2687]]]},"properties":{"key":"538","name":"Munene","class":"forest_candidate","areaHa":4818,"observed":true}},{"type":"Feature","geometry":{"type":"Polygon","coordinates":[[[33.0691,-3.058],[33.0734,-3.0766],[33.051,-3.0894],[33.0457,-3.0674],[33.0691,-3.058]]]},"properties":{"key":"539","name":"Mamani","class":"forest_candidate","areaHa":746,"observed":true}},{"type":"Feature","geometry":{"type":"Polygon","coordinates":[[[31.2772,-3.0821],[31.2806,-3.1385],[31.3331,-3.2024],[31.2715,-3.2741],[31.2328,-3.2907],[31.175,-3.2711],[31.1534,-3.2042],[31.1894,-3.1599],[31.2226,-3.0626],[31.2772,-3.0821]]]},"properties":{"key":"540","name":"Nyantakara","class":"forest_candidate","areaHa":29113,"observed":true}},{"type":"Feature","geometry":{"type":"Polygon","coordinates":[[[33.8487,-3.084],[33.8469,-3.098],[33.8362,-3.0938],[33.8487,-3.084]]]},"properties":{"key":"541","name":"Mwanzogisengi","class":"forest_candidate","areaHa":162,"observed":true}},{"type":"Feature","geometry":{"type":"Polygon","coordinates":[[[33.0023,-3.0938],[32.985,-3.1084],[32.9837,-3.1015],[33,-3.0863],[33.0023,-3.0938]]]},"properties":{"key":"542","name":"Malenge","class":"forest_candidate","areaHa":239,"observed":true}},{"type":"Feature","geometry":{"type":"Polygon","coordinates":[[[33.8845,-3.1116],[33.8862,-3.1228],[33.8766,-3.1243],[33.8741,-3.1059],[33.8845,-3.1116]]]},"properties":{"key":"543","name":"Mwamapalala","class":"forest_candidate","areaHa":181,"observed":true}},{"type":"Feature","geometry":{"type":"Polygon","coordinates":[[[32.0815,-3.1971],[31.9851,-3.1993],[31.9957,-3.136],[32.0285,-3.1373],[32.0367,-3.1227],[32.0642,-3.1165],[32.0933,-3.1322],[32.1192,-3.1194],[32.1783,-3.1391],[32.1992,-3.1584],[32.2637,-3.1733],[32.2615,-3.2204],[32.1795,-3.2708],[32.1383,-3.2552],[32.12,-3.2232],[32.0815,-3.1971]]]},"properties":{"key":"544","name":"Ruamagaza","class":"forest_candidate","areaHa":29532,"observed":true}},{"type":"Feature","geometry":{"type":"Polygon","coordinates":[[[31.7144,-3.2076],[31.7823,-3.1932],[31.811,-3.1662],[31.8916,-3.1507],[31.9093,-3.1299],[31.9565,-3.1981],[31.8405,-3.2189],[31.737,-3.281],[31.7185,-3.3073],[31.6862,-3.2536],[31.7144,-3.2076]]]},"properties":{"key":"545","name":"Uyovu","class":"forest_candidate","areaHa":19556,"observed":true}},{"type":"Feature","geometry":{"type":"Polygon","coordinates":[[[32.9031,-3.1762],[32.8661,-3.1873],[32.872,-3.1722],[32.9127,-3.1475],[32.9031,-3.1762]]]},"properties":{"key":"546","name":"Sisu","class":"forest_candidate","areaHa":995,"observed":true}},{"type":"Feature","geometry":{"type":"Polygon","coordinates":[[[36.8992,-3.2824],[36.8561,-3.2747],[36.8469,-3.2806],[36.8739,-3.3022],[36.8707,-3.3256],[36.8456,-3.3314],[36.8409,-3.3066],[36.82,-3.3028],[36.7173,-3.3254],[36.6837,-3.2805],[36.6499,-3.3058],[36.6535,-3.2974],[36.6359,-3.2861],[36.6732,-3.1998],[36.7135,-3.1685],[36.7521,-3.1618],[36.8531,-3.21],[36.8418,-3.2477],[36.962,-3.2629],[36.9715,-3.336],[36.9458,-3.3357],[36.9081,-3.3063],[36.8992,-3.2824]]]},"properties":{"key":"547","name":"Meru","class":"forest_candidate","areaHa":37978,"observed":true}},{"type":"Feature","geometry":{"type":"Polygon","coordinates":[[[33.0069,-3.2189],[32.951,-3.2171],[32.9565,-3.2102],[32.9394,-3.1967],[32.9504,-3.1694],[32.9833,-3.2142],[33.0069,-3.2189]]]},"properties":{"key":"548","name":"Ilongafipa","class":"forest_candidate","areaHa":1431,"observed":true}},{"type":"Feature","geometry":{"type":"Polygon","coordinates":[[[31.7559,-1.2763],[31.7569,-1.2881],[31.7279,-1.2934],[31.721,-1.3253],[31.6891,-1.3304],[31.6685,-1.2956],[31.682,-1.2753],[31.6819,-1.2922],[31.7093,-1.2963],[31.709,-1.2754],[31.693,-1.2741],[31.7559,-1.2763]]]},"properties":{"key":"549","name":"Ruasina","class":"forest_candidate","areaHa":3274,"observed":true}},{"type":"Feature","geometry":{"type":"Polygon","coordinates":[[[33.8297,-3.1983],[33.834,-3.2059],[33.8294,-3.2097],[33.8297,-3.1983]]]},"properties":{"key":"550","name":"Sola","class":"forest_candidate","areaHa":68,"observed":true}},{"type":"Feature","geometry":{"type":"Polygon","coordinates":[[[33.8027,-3.206],[33.8151,-3.2012],[33.8249,-3.206],[33.8027,-3.206]]]},"properties":{"key":"551","name":"Sola Dam","class":"forest_candidate","areaHa":99,"observed":true}},{"type":"Feature","geometry":{"type":"Polygon","coordinates":[[[33.0652,-3.2153],[33.0714,-3.2324],[33.0298,-3.2255],[33.0164,-3.2163],[33.0223,-3.2053],[33.0652,-3.2153]]]},"properties":{"key":"552","name":"Mhalo","class":"forest_candidate","areaHa":1007,"observed":true}},{"type":"Feature","geometry":{"type":"Polygon","coordinates":[[[31.1737,-3.4167],[31.1926,-3.4233],[31.2126,-3.4611],[31.2147,-3.4863],[31.1957,-3.5102],[31.2143,-3.555],[31.2054,-3.7019],[31.1672,-3.6827],[31.1043,-3.6825],[31.056,-3.7378],[30.997,-3.7305],[30.9435,-3.7997],[30.9154,-3.7903],[30.899,-3.7555],[30.8267,-3.745],[30.9218,-3.7043],[30.9456,-3.6348],[30.9132,-3.434],[31.0097,-3.2909],[31.1013,-3.2044],[31.115,-3.2209],[31.12,-3.3039],[31.1737,-3.4167]]]},"properties":{"key":"553","name":"Buyungu","class":"forest_candidate","areaHa":142388,"observed":true}},{"type":"Feature","geometry":{"type":"Polygon","coordinates":[[[36.5299,-3.2447],[36.5616,-3.2455],[36.5299,-3.2911],[36.498,-3.2909],[36.4755,-3.3048],[36.4321,-3.268],[36.4157,-3.283],[36.404,-3.2586],[36.4137,-3.2436],[36.4639,-3.2277],[36.5299,-3.2447]]]},"properties":{"key":"554","name":"Monduli","class":"forest_candidate","areaHa":8719,"observed":true}},{"type":"Feature","geometry":{"type":"Polygon","coordinates":[[[36.6874,-3.2943],[36.6899,-3.2964],[36.6852,-3.2984],[36.6874,-3.2943]]]},"properties":{"key":"555","name":"Sambasha","class":"forest_candidate","areaHa":18,"observed":true}},{"type":"Feature","geometry":{"type":"Polygon","coordinates":[[[36.2258,-3.3057],[36.1993,-3.3275],[36.1979,-3.306],[36.2173,-3.2974],[36.2258,-3.3057]]]},"properties":{"key":"556","name":"Burko","class":"forest_candidate","areaHa":540,"observed":true}},{"type":"Feature","geometry":{"type":"Polygon","coordinates":[[[31.3416,-3.3128],[31.3936,-3.3406],[31.4109,-3.3343],[31.4433,-3.3467],[31.4043,-3.3894],[31.3691,-3.4735],[31.1525,-3.3854],[31.3416,-3.3128]]]},"properties":{"key":"557","name":"Runzewe","class":"forest_candidate","areaHa":28017,"observed":true}},{"type":"Feature","geometry":{"type":"Polygon","coordinates":[[[36.797,-3.3385],[36.7958,-3.3394],[36.7997,-3.3335],[36.797,-3.3385]]]},"properties":{"key":"558","name":"Ngarusambu","class":"forest_candidate","areaHa":14,"observed":true}},{"type":"Feature","geometry":{"type":"Polygon","coordinates":[[[36.7345,-3.3447],[36.7286,-3.3435],[36.7322,-3.3389],[36.7345,-3.3447]]]},"properties":{"key":"559","name":"Kibwezi","class":"forest_candidate","areaHa":44,"observed":true}},{"type":"Feature","geometry":{"type":"Polygon","coordinates":[[[34.3623,-1.3397],[34.3704,-1.344],[34.3618,-1.3513],[34.3623,-1.3397]]]},"properties":{"key":"560","name":"Tarime","class":"forest_candidate","areaHa":84,"observed":true}},{"type":"Feature","geometry":{"type":"Polygon","coordinates":[[[36.9421,-3.3498],[36.9411,-3.345],[36.9469,-3.3414],[36.9421,-3.3498]]]},"properties":{"key":"561","name":"Sakila","class":"forest_candidate","areaHa":53,"observed":true}},{"type":"Feature","geometry":{"type":"Polygon","coordinates":[[[36.7137,-3.3462],[36.7136,-3.343],[36.7159,-3.343],[36.7137,-3.3462]]]},"properties":{"key":"562","name":"Kiutu","class":"forest_candidate","areaHa":10,"observed":true}},{"type":"Feature","geometry":{"type":"Polygon","coordinates":[[[37.384,-3.3714],[37.382,-3.3978],[37.3683,-3.4029],[37.3522,-3.3845],[37.3516,-3.3553],[37.363,-3.3495],[37.384,-3.3714]]]},"properties":{"key":"563","name":"Rau","class":"forest_candidate","areaHa":1527,"observed":true}},{"type":"Feature","geometry":{"type":"Polygon","coordinates":[[[36.7438,-3.381],[36.7418,-3.3763],[36.7434,-3.3752],[36.7438,-3.381]]]},"properties":{"key":"564","name":"Maasi","class":"forest_candidate","areaHa":24,"observed":true}},{"type":"Feature","geometry":{"type":"Polygon","coordinates":[[[36.7843,-3.3793],[36.7943,-3.3826],[36.7917,-3.3874],[36.7843,-3.3793]]]},"properties":{"key":"565","name":"Lake Duluti","class":"forest_candidate","areaHa":82,"observed":true}},{"type":"Feature","geometry":{"type":"Polygon","coordinates":[[[36.1111,-3.4011],[36.1187,-3.4267],[36.0983,-3.4618],[36.052,-3.4595],[36.0356,-3.4425],[36.0386,-3.4032],[36.0695,-3.3842],[36.1111,-3.4011]]]},"properties":{"key":"566","name":"Essimingor","class":"forest_candidate","areaHa":5956,"observed":true}},{"type":"Feature","geometry":{"type":"Polygon","coordinates":[[[31.4116,-3.4908],[31.4646,-3.473],[31.4945,-3.4824],[31.5953,-3.413],[31.6966,-3.404],[31.8084,-3.4262],[32.0001,-3.6981],[31.9995,-3.7402],[31.8725,-3.785],[31.8799,-3.8309],[31.8293,-3.9485],[31.7115,-3.9776],[31.6961,-4.0],[31.7095,-4.0001],[31.7007,-4.0206],[31.6621,-4.0551],[31.4561,-4.1389],[31.4148,-4.184],[31.3968,-4.2181],[31.3988,-4.2474],[31.3769,-4.2677],[31.3469,-4.2273],[31.3279,-4.1326],[31.3741,-4.0271],[31.3784,-3.9643],[31.3443,-3.8366],[31.3148,-3.8174],[31.2962,-3.7623],[31.2687,-3.7355],[31.2221,-3.723],[31.2074,-3.7078],[31.2143,-3.555],[31.1957,-3.5102],[31.2147,-3.4863],[31.2126,-3.4611],[31.1926,-3.4233],[31.1737,-3.4167],[31.1525,-3.3854],[31.4116,-3.4908]]]},"properties":{"key":"567","name":"Nikonga River","class":"forest_candidate","areaHa":479438,"observed":true}},{"type":"Feature","geometry":{"type":"Polygon","coordinates":[[[32.1597,-3.4145],[32.15,-3.4682],[32.158,-3.4906],[32.1056,-3.5748],[32.0651,-3.5017],[32.1501,-3.4023],[32.1597,-3.4145]]]},"properties":{"key":"568","name":"Mbogwe Bukombe","class":"forest_candidate","areaHa":9808,"observed":true}},{"type":"Feature","geometry":{"type":"Polygon","coordinates":[[[37.4575,-3.4666],[37.4461,-3.4821],[37.4338,-3.474],[37.4505,-3.4569],[37.4575,-3.4666]]]},"properties":{"key":"569","name":"Kahe 11","class":"forest_candidate","areaHa":312,"observed":true}},{"type":"Feature","geometry":{"type":"Polygon","coordinates":[[[37.6011,-3.4849],[37.5916,-3.4943],[37.5848,-3.4832],[37.6011,-3.4849]]]},"properties":{"key":"570","name":"Kileo East","class":"forest_candidate","areaHa":174,"observed":true}}]}