{"type":"FeatureCollection","features":[{"type":"Feature","geometry":{"type":"Polygon","coordinates":[[[33.2663,2.1174],[33.2665,2.1187],[33.2686,2.1174],[33.2663,2.1174]]]},"properties":{"key":"0","name":"Abako","class":"official_forest_reserve","areaHa":4,"observed":true}},{"type":"Feature","geometry":{"type":"Polygon","coordinates":[[[32.3441,2.2061],[32.3449,2.2062],[32.3442,2.2019],[32.3441,2.2061]]]},"properties":{"key":"1","name":"Aber","class":"official_forest_reserve","areaHa":10,"observed":true}},{"type":"Feature","geometry":{"type":"Polygon","coordinates":[[[32.3622,2.7991],[32.3611,2.8572],[32.3783,2.8573],[32.3783,2.7993],[32.3622,2.7991]]]},"properties":{"key":"2","name":"Abera","class":"official_forest_reserve","areaHa":1189,"observed":true}},{"type":"Feature","geometry":{"type":"Polygon","coordinates":[[[30.9997,2.4986],[31.0059,2.5086],[31.0135,2.5025],[31.0433,2.536],[31.06,2.529],[31.0737,2.541],[31.0561,2.498],[31.0404,2.5053],[31.0191,2.487],[30.9997,2.4986]]]},"properties":{"key":"3","name":"Abiba","class":"official_forest_reserve","areaHa":2009,"observed":true}},{"type":"Feature","geometry":{"type":"Polygon","coordinates":[[[32.3131,2.6986],[32.3135,2.6987],[32.3141,2.6926],[32.3131,2.6986]]]},"properties":{"key":"4","name":"Abili","class":"official_forest_reserve","areaHa":5,"observed":true}},{"type":"Feature","geometry":{"type":"Polygon","coordinates":[[[32.6821,2.3634],[32.6835,2.3635],[32.6814,2.3598],[32.6821,2.3634]]]},"properties":{"key":"5","name":"Aboke","class":"official_forest_reserve","areaHa":12,"observed":true}},{"type":"Feature","geometry":{"type":"Polygon","coordinates":[[[33.2378,2.0594],[33.2526,2.0637],[33.242,2.0453],[33.2378,2.0594]]]},"properties":{"key":"6","name":"Abuje","class":"official_forest_reserve","areaHa":250,"observed":true}},{"type":"Feature","geometry":{"type":"Polygon","coordinates":[[[33.3365,2.1166],[33.3234,2.1209],[33.3282,2.1347],[33.3397,2.1322],[33.3365,2.1166]]]},"properties":{"key":"7","name":"Abunga","class":"official_forest_reserve","areaHa":233,"observed":true}},{"type":"Feature","geometry":{"type":"Polygon","coordinates":[[[33.9556,1.463],[33.9591,1.4622],[33.9629,1.4458],[33.9556,1.463]]]},"properties":{"key":"8","name":"Aburiburi","class":"official_forest_reserve","areaHa":39,"observed":true}},{"type":"Feature","geometry":{"type":"Polygon","coordinates":[[[33.8096,1.4421],[33.8207,1.4523],[33.813,1.4412],[33.8058,1.421],[33.8096,1.4421]]]},"properties":{"key":"9","name":"Abuya","class":"official_forest_reserve","areaHa":110,"observed":true}},{"type":"Feature","geometry":{"type":"Polygon","coordinates":[[[32.4627,2.3783],[32.4627,2.3776],[32.4614,2.3766],[32.4627,2.3783]]]},"properties":{"key":"10","name":"Achaba","class":"official_forest_reserve","areaHa":1,"observed":true}},{"type":"Feature","geometry":{"type":"Polygon","coordinates":[[[34.1301,0.7197],[34.1307,0.7187],[34.123,0.7182],[34.1301,0.7197]]]},"properties":{"key":"11","name":"Achilet","class":"official_forest_reserve","areaHa":17,"observed":true}},{"type":"Feature","geometry":{"type":"Polygon","coordinates":[[[32.9121,3.1423],[32.9128,3.141],[32.9106,3.1411],[32.9121,3.1423]]]},"properties":{"key":"12","name":"Acholi - Bur","class":"official_forest_reserve","areaHa":3,"observed":true}},{"type":"Feature","geometry":{"type":"Polygon","coordinates":[[[33.479,2.0028],[33.4865,1.9963],[33.4681,1.9965],[33.479,2.0028]]]},"properties":{"key":"13","name":"Achuna","class":"official_forest_reserve","areaHa":165,"observed":true}},{"type":"Feature","geometry":{"type":"Polygon","coordinates":[[[32.3336,3.3266],[32.3137,3.321],[32.293,3.3395],[32.2709,3.3885],[32.3217,3.4285],[32.3442,3.4104],[32.3421,3.3849],[32.3725,3.3327],[32.3956,3.3294],[32.3517,3.3123],[32.3336,3.3266]]]},"properties":{"key":"14","name":"Achwa River","class":"official_forest_reserve","areaHa":8568,"observed":true}},{"type":"Feature","geometry":{"type":"Polygon","coordinates":[[[32.977,1.635],[32.9704,1.6556],[32.981,1.6619],[32.9922,1.6524],[32.977,1.635]]]},"properties":{"key":"15","name":"Achwali","class":"official_forest_reserve","areaHa":370,"observed":true}},{"type":"Feature","geometry":{"type":"Polygon","coordinates":[[[33.1724,2.483],[33.1595,2.4901],[33.1666,2.5025],[33.179,2.4949],[33.1724,2.483]]]},"properties":{"key":"16","name":"Acwao","class":"official_forest_reserve","areaHa":249,"observed":true}},{"type":"Feature","geometry":{"type":"Polygon","coordinates":[[[32.9193,2.2079],[32.9213,2.2087],[32.9208,2.2051],[32.9193,2.2079]]]},"properties":{"key":"17","name":"Adekokwok","class":"official_forest_reserve","areaHa":8,"observed":true}},{"type":"Feature","geometry":{"type":"Polygon","coordinates":[[[33.2016,2.1904],[33.2135,2.202],[33.2222,2.1929],[33.2099,2.1823],[33.2016,2.1904]]]},"properties":{"key":"18","name":"Adero","class":"official_forest_reserve","areaHa":252,"observed":true}},{"type":"Feature","geometry":{"type":"MultiPolygon","coordinates":[[[[33.4841,2.742],[33.4852,2.7422],[33.4843,2.741],[33.4841,2.742]]],[[[33.4756,2.7413],[33.4775,2.7417],[33.4757,2.7408],[33.4756,2.7413]]]]},"properties":{"key":"19","name":"Adilang","class":"official_forest_reserve","areaHa":3,"observed":true}},{"type":"Feature","geometry":{"type":"Polygon","coordinates":[[[31.7877,3.3852],[31.7877,3.3825],[31.7825,3.3812],[31.7877,3.3852]]]},"properties":{"key":"20","name":"Adjumani","class":"official_forest_reserve","areaHa":49,"observed":true}},{"type":"Feature","geometry":{"type":"MultiPolygon","coordinates":[[[[32.7419,2.0386],[32.7428,2.0379],[32.7385,2.0354],[32.7419,2.0386]]],[[[32.7205,1.9839],[32.7245,1.9863],[32.7219,1.9813],[32.7205,1.9839]]]]},"properties":{"key":"21","name":"Aduku","class":"official_forest_reserve","areaHa":28,"observed":true}},{"type":"Feature","geometry":{"type":"Polygon","coordinates":[[[33.1902,2.4724],[33.1925,2.4721],[33.19,2.4676],[33.1902,2.4724]]]},"properties":{"key":"22","name":"Adwari","class":"official_forest_reserve","areaHa":13,"observed":true}},{"type":"Feature","geometry":{"type":"Polygon","coordinates":[[[32.9354,3.6883],[32.9442,3.7003],[32.9243,3.7269],[32.874,3.7455],[32.8637,3.7327],[32.8763,3.7251],[32.8664,3.7218],[32.7874,3.7445],[32.775,3.7656],[32.7246,3.7395],[32.7174,3.7481],[32.7105,3.74],[32.696,3.7628],[32.9013,3.8121],[33.0286,3.8902],[33.0697,3.859],[33.0726,3.8426],[33.0587,3.8248],[33.063,3.8102],[33.043,3.8181],[33.0282,3.8093],[33.0409,3.8354],[32.9924,3.8575],[32.986,3.8393],[33.0034,3.8228],[32.9857,3.8204],[32.9878,3.8038],[32.9716,3.8059],[32.9663,3.7927],[32.9832,3.767],[32.9746,3.7476],[32.994,3.7181],[32.9583,3.7204],[32.9587,3.6975],[32.9787,3.6751],[32.968,3.6691],[32.9354,3.6883]]]},"properties":{"key":"23","name":"Agoro - Agu","class":"official_forest_reserve","areaHa":27912,"observed":true}},{"type":"Feature","geometry":{"type":"Polygon","coordinates":[[[33.001,1.9779],[33.0017,1.9722],[32.9986,1.9729],[33.001,1.9779]]]},"properties":{"key":"24","name":"Agwata","class":"official_forest_reserve","areaHa":12,"observed":true}},{"type":"Feature","geometry":{"type":"Polygon","coordinates":[[[32.6894,1.551],[32.675,1.5544],[32.6775,1.5678],[32.6921,1.5655],[32.6894,1.551]]]},"properties":{"key":"25","name":"Ajuka","class":"official_forest_reserve","areaHa":256,"observed":true}},{"type":"Feature","geometry":{"type":"Polygon","coordinates":[[[30.9556,2.7618],[30.9678,2.779],[30.9775,2.7675],[30.9756,2.7516],[30.9556,2.7618]]]},"properties":{"key":"26","name":"Ajupane","class":"official_forest_reserve","areaHa":471,"observed":true}},{"type":"Feature","geometry":{"type":"Polygon","coordinates":[[[33.5553,2.2901],[33.5693,2.287],[33.5649,2.2378],[33.5553,2.2901]]]},"properties":{"key":"27","name":"Akileng","class":"official_forest_reserve","areaHa":602,"observed":true}},{"type":"Feature","geometry":{"type":"Polygon","coordinates":[[[33.6891,2.6018],[33.6873,2.6384],[33.6662,2.6382],[33.6581,2.6615],[33.6583,2.6963],[33.6709,2.695],[33.6643,2.714],[33.6925,2.748],[33.7165,2.7255],[33.6987,2.663],[33.7035,2.6187],[33.721,2.5955],[33.7129,2.5878],[33.6891,2.6018]]]},"properties":{"key":"28","name":"Akur","class":"official_forest_reserve","areaHa":6295,"observed":true}},{"type":"Feature","geometry":{"type":"Polygon","coordinates":[[[33.2172,2.2617],[33.2216,2.2624],[33.2175,2.2596],[33.2172,2.2617]]]},"properties":{"key":"29","name":"Alebtong","class":"official_forest_reserve","areaHa":12,"observed":true}},{"type":"Feature","geometry":{"type":"Polygon","coordinates":[[[33.7308,2.7339],[33.7427,2.7772],[33.7364,2.7999],[33.7732,2.8234],[33.7544,2.8507],[33.7334,2.8503],[33.7316,2.8651],[33.749,2.8803],[33.7369,2.8993],[33.758,2.9093],[33.7727,2.8974],[33.7944,2.8107],[33.8111,2.7973],[33.8031,2.7819],[33.748,2.7796],[33.7606,2.7436],[33.7523,2.73],[33.7308,2.7339]]]},"properties":{"key":"30","name":"Alerek","class":"official_forest_reserve","areaHa":7429,"observed":true}},{"type":"Feature","geometry":{"type":"Polygon","coordinates":[[[32.6571,1.7909],[32.6586,1.7909],[32.6569,1.7893],[32.6571,1.7909]]]},"properties":{"key":"31","name":"Alido","class":"official_forest_reserve","areaHa":5,"observed":true}},{"type":"Feature","geometry":{"type":"Polygon","coordinates":[[[32.8472,2.1406],[32.8478,2.1419],[32.8505,2.1384],[32.8472,2.1406]]]},"properties":{"key":"32","name":"Alik","class":"official_forest_reserve","areaHa":8,"observed":true}},{"type":"Feature","geometry":{"type":"Polygon","coordinates":[[[33.0615,1.7851],[33.0759,1.8012],[33.0666,1.7799],[33.0615,1.7851]]]},"properties":{"key":"33","name":"Alit","class":"official_forest_reserve","areaHa":194,"observed":true}},{"type":"Feature","geometry":{"type":"Polygon","coordinates":[[[32.8372,2.4377],[32.8362,2.4381],[32.8331,2.4408],[32.8372,2.4377]]]},"properties":{"key":"34","name":"Alito","class":"official_forest_reserve","areaHa":18,"observed":true}},{"type":"Feature","geometry":{"type":"Polygon","coordinates":[[[33.1624,2.2723],[33.1693,2.2744],[33.1644,2.2698],[33.1624,2.2723]]]},"properties":{"key":"35","name":"Aloli","class":"official_forest_reserve","areaHa":22,"observed":true}},{"type":"Feature","geometry":{"type":"Polygon","coordinates":[[[32.8988,1.7042],[32.904,1.7107],[32.9108,1.6958],[32.8988,1.7042]]]},"properties":{"key":"36","name":"Along - Kongo","class":"official_forest_reserve","areaHa":154,"observed":true}},{"type":"Feature","geometry":{"type":"MultiPolygon","coordinates":[[[[32.5053,2.2659],[32.5007,2.2793],[32.5143,2.2842],[32.5189,2.2705],[32.5053,2.2659]]],[[[32.5409,2.2261],[32.5434,2.2231],[32.5408,2.2237],[32.5409,2.2261]]]]},"properties":{"key":"37","name":"Aloro","class":"official_forest_reserve","areaHa":260,"observed":true}},{"type":"Feature","geometry":{"type":"Polygon","coordinates":[[[33.7067,2.2798],[33.7408,2.2963],[33.7692,2.2603],[33.7914,2.2562],[33.7929,2.2296],[33.7101,2.2284],[33.7067,2.2798]]]},"properties":{"key":"38","name":"Alungamosimosi","class":"official_forest_reserve","areaHa":4773,"observed":true}},{"type":"Feature","geometry":{"type":"Polygon","coordinates":[[[32.9537,2.1221],[32.9559,2.1275],[32.9554,2.1215],[32.9537,2.1221]]]},"properties":{"key":"39","name":"Amaich (Ginnery)","class":"official_forest_reserve","areaHa":13,"observed":true}},{"type":"Feature","geometry":{"type":"Polygon","coordinates":[[[33.0041,2.1044],[33.0084,2.1027],[33.0045,2.1011],[33.0041,2.1044]]]},"properties":{"key":"40","name":"Amaich (H/Q)","class":"official_forest_reserve","areaHa":15,"observed":true}},{"type":"Feature","geometry":{"type":"Polygon","coordinates":[[[33.1613,1.7939],[33.1649,1.7953],[33.1652,1.7903],[33.1613,1.7939]]]},"properties":{"key":"41","name":"Amanamana","class":"official_forest_reserve","areaHa":12,"observed":true}},{"type":"Feature","geometry":{"type":"Polygon","coordinates":[[[32.764,1.9344],[32.7641,1.949],[32.7788,1.949],[32.7784,1.9344],[32.764,1.9344]]]},"properties":{"key":"42","name":"Aminakulu","class":"official_forest_reserve","areaHa":262,"observed":true}},{"type":"Feature","geometry":{"type":"Polygon","coordinates":[[[32.581,2.0941],[32.5785,2.1079],[32.593,2.11],[32.5949,2.0961],[32.581,2.0941]]]},"properties":{"key":"43","name":"Aminkec","class":"official_forest_reserve","areaHa":247,"observed":true}},{"type":"Feature","geometry":{"type":"Polygon","coordinates":[[[32.5332,1.9351],[32.5491,1.9319],[32.5363,1.9208],[32.5332,1.9351]]]},"properties":{"key":"44","name":"Aminteng","class":"official_forest_reserve","areaHa":229,"observed":true}},{"type":"Feature","geometry":{"type":"Polygon","coordinates":[[[33.5447,1.4414],[33.5414,1.4497],[33.5503,1.4408],[33.5447,1.4414]]]},"properties":{"key":"45","name":"Amorokin","class":"official_forest_reserve","areaHa":86,"observed":true}},{"type":"Feature","geometry":{"type":"Polygon","coordinates":[[[33.3457,2.1377],[33.3463,2.1425],[33.3473,2.1386],[33.3457,2.1377]]]},"properties":{"key":"46","name":"Amugo","class":"official_forest_reserve","areaHa":8,"observed":true}},{"type":"Feature","geometry":{"type":"Polygon","coordinates":[[[32.3655,2.8871],[32.3657,2.9284],[32.3874,2.9287],[32.3872,2.8872],[32.3655,2.8871]]]},"properties":{"key":"47","name":"Amuka","class":"official_forest_reserve","areaHa":1103,"observed":true}},{"type":"Feature","geometry":{"type":"Polygon","coordinates":[[[31.9435,2.6043],[31.9443,2.6048],[31.9449,2.6019],[31.9435,2.6043]]]},"properties":{"key":"48","name":"Anaka","class":"official_forest_reserve","areaHa":3,"observed":true}},{"type":"Feature","geometry":{"type":"Polygon","coordinates":[[[32.3396,2.3967],[32.3364,2.411],[32.3505,2.414],[32.3538,2.3999],[32.3396,2.3967]]]},"properties":{"key":"49","name":"Aneneng","class":"official_forest_reserve","areaHa":260,"observed":true}},{"type":"Feature","geometry":{"type":"Polygon","coordinates":[[[33.3101,1.9781],[33.3116,1.9855],[33.321,1.9767],[33.3101,1.9781]]]},"properties":{"key":"50","name":"Anyara","class":"official_forest_reserve","areaHa":124,"observed":true}},{"type":"Feature","geometry":{"type":"Polygon","coordinates":[[[32.4993,2.3841],[32.5015,2.3848],[32.4999,2.3824],[32.4993,2.3841]]]},"properties":{"key":"51","name":"Anyeke","class":"official_forest_reserve","areaHa":5,"observed":true}},{"type":"Feature","geometry":{"type":"Polygon","coordinates":[[[32.5287,1.9867],[32.5299,1.9869],[32.529,1.9848],[32.5287,1.9867]]]},"properties":{"key":"52","name":"Apac","class":"official_forest_reserve","areaHa":5,"observed":true}},{"type":"Feature","geometry":{"type":"Polygon","coordinates":[[[33.0433,2.3998],[33.0465,2.3977],[33.0424,2.3978],[33.0433,2.3998]]]},"properties":{"key":"53","name":"Apala","class":"official_forest_reserve","areaHa":10,"observed":true}},{"type":"Feature","geometry":{"type":"Polygon","coordinates":[[[32.9186,1.7566],[32.9192,1.7583],[32.9226,1.754],[32.9186,1.7566]]]},"properties":{"key":"54","name":"Aputi","class":"official_forest_reserve","areaHa":13,"observed":true}},{"type":"Feature","geometry":{"type":"Polygon","coordinates":[[[32.4644,2.2082],[32.4521,2.2269],[32.462,2.2296],[32.4723,2.2132],[32.4644,2.2082]]]},"properties":{"key":"55","name":"Apworocero","class":"official_forest_reserve","areaHa":238,"observed":true}},{"type":"Feature","geometry":{"type":"Polygon","coordinates":[[[32.7077,3.4415],[32.7242,3.4334],[32.7044,3.4297],[32.7077,3.4415]]]},"properties":{"key":"56","name":"Aram","class":"official_forest_reserve","areaHa":139,"observed":true}},{"type":"Feature","geometry":{"type":"Polygon","coordinates":[[[30.9215,3.0145],[30.9289,3.0028],[30.9098,3.0049],[30.9215,3.0145]]]},"properties":{"key":"57","name":"Arua","class":"official_forest_reserve","areaHa":237,"observed":true}},{"type":"Feature","geometry":{"type":"Polygon","coordinates":[[[32.6013,1.7657],[32.6178,1.7493],[32.595,1.7526],[32.6013,1.7657]]]},"properties":{"key":"58","name":"Arweny","class":"official_forest_reserve","areaHa":323,"observed":true}},{"type":"Feature","geometry":{"type":"Polygon","coordinates":[[[32.8569,2.4383],[32.8598,2.4383],[32.8579,2.435],[32.8569,2.4383]]]},"properties":{"key":"59","name":"Atan","class":"official_forest_reserve","areaHa":11,"observed":true}},{"type":"Feature","geometry":{"type":"Polygon","coordinates":[[[33.1977,1.8298],[33.1832,1.8442],[33.1906,1.8597],[33.1998,1.8441],[33.2188,1.8584],[33.2255,1.8413],[33.1977,1.8298]]]},"properties":{"key":"60","name":"Atigo","class":"official_forest_reserve","areaHa":964,"observed":true}},{"type":"Feature","geometry":{"type":"Polygon","coordinates":[[[33.6263,2.7267],[33.6241,2.7389],[33.6561,2.7502],[33.6729,2.7776],[33.6679,2.7395],[33.6555,2.717],[33.6263,2.7267]]]},"properties":{"key":"61","name":"Ating","class":"official_forest_reserve","areaHa":1258,"observed":true}},{"type":"Feature","geometry":{"type":"MultiPolygon","coordinates":[[[[31.7807,3.6677],[31.784,3.656],[31.7689,3.66],[31.7807,3.6677]]],[[[31.915,3.66],[31.8895,3.6479],[31.8953,3.6102],[31.8479,3.6025],[31.8261,3.6286],[31.7861,3.7021],[31.786,3.7326],[31.8046,3.7255],[31.8196,3.6707],[31.8393,3.6703],[31.8528,3.6501],[31.8713,3.6492],[31.8716,3.6927],[31.8859,3.7004],[31.8382,3.7295],[31.7955,3.8213],[31.8218,3.8184],[31.8637,3.7863],[31.9046,3.7357],[31.944,3.6673],[31.9449,3.5938],[31.915,3.66]],[[31.8418,3.6394],[31.8236,3.6506],[31.8229,3.648],[31.8418,3.6394]],[[31.8415,3.6528],[31.835,3.6586],[31.8345,3.6545],[31.8415,3.6528]]]]},"properties":{"key":"62","name":"Atiya","class":"official_forest_reserve","areaHa":18778,"observed":true}},{"type":"Feature","geometry":{"type":"Polygon","coordinates":[[[32.7129,1.6238],[32.7309,1.6346],[32.7164,1.6177],[32.7129,1.6238]]]},"properties":{"key":"63","name":"Atungulo","class":"official_forest_reserve","areaHa":185,"observed":true}},{"type":"Feature","geometry":{"type":"Polygon","coordinates":[[[32.3518,2.1202],[32.3549,2.122],[32.353,2.1183],[32.3518,2.1202]]]},"properties":{"key":"64","name":"Atura","class":"official_forest_reserve","areaHa":10,"observed":true}},{"type":"Feature","geometry":{"type":"Polygon","coordinates":[[[30.9112,2.8778],[30.9239,2.8773],[30.9254,2.8631],[30.9359,2.8765],[30.9436,2.8615],[30.916,2.8473],[30.9112,2.8778]]]},"properties":{"key":"65","name":"Ave","class":"official_forest_reserve","areaHa":783,"observed":true}},{"type":"Feature","geometry":{"type":"Polygon","coordinates":[[[30.7843,2.6319],[30.7915,2.6359],[30.7893,2.6218],[30.7772,2.6084],[30.7843,2.6319]]]},"properties":{"key":"66","name":"Awang","class":"official_forest_reserve","areaHa":165,"observed":true}},{"type":"Feature","geometry":{"type":"Polygon","coordinates":[[[32.7664,1.7094],[32.7666,1.7079],[32.7613,1.7052],[32.7664,1.7094]]]},"properties":{"key":"67","name":"Awelo","class":"official_forest_reserve","areaHa":13,"observed":true}},{"type":"Feature","geometry":{"type":"Polygon","coordinates":[[[33.0654,1.899],[33.0623,1.9098],[33.0746,1.9166],[33.079,1.9029],[33.0654,1.899]]]},"properties":{"key":"68","name":"Awer","class":"official_forest_reserve","areaHa":220,"observed":true}},{"type":"Feature","geometry":{"type":"Polygon","coordinates":[[[32.794,2.692],[32.7969,2.6938],[32.797,2.6926],[32.7943,2.6901],[32.794,2.692]]]},"properties":{"key":"69","name":"Awere","class":"official_forest_reserve","areaHa":6,"observed":true}},{"type":"Feature","geometry":{"type":"Polygon","coordinates":[[[32.9393,2.5322],[32.9377,2.5159],[32.9208,2.5327],[32.9393,2.5322]]]},"properties":{"key":"70","name":"Ayami","class":"official_forest_reserve","areaHa":332,"observed":true}},{"type":"Feature","geometry":{"type":"MultiPolygon","coordinates":[[[[32.7142,2.2903],[32.7141,2.2889],[32.7039,2.2878],[32.7142,2.2903]]],[[[32.6926,2.2847],[32.696,2.2856],[32.6927,2.2841],[32.6926,2.2847]]],[[[32.6811,2.2728],[32.684,2.2734],[32.6838,2.2692],[32.6811,2.2728]]]]},"properties":{"key":"71","name":"Ayer","class":"official_forest_reserve","areaHa":23,"observed":true}},{"type":"Feature","geometry":{"type":"Polygon","coordinates":[[[31.7473,3.6797],[31.7534,3.7027],[31.7777,3.6792],[31.7648,3.661],[31.7473,3.6797]]]},"properties":{"key":"72","name":"Ayipe","class":"official_forest_reserve","areaHa":945,"observed":true}},{"type":"Feature","geometry":{"type":"Polygon","coordinates":[[[33.269,2.4359],[33.2747,2.4528],[33.2792,2.4296],[33.269,2.4359]]]},"properties":{"key":"73","name":"Ayito","class":"official_forest_reserve","areaHa":231,"observed":true}},{"type":"Feature","geometry":{"type":"Polygon","coordinates":[[[32.8489,1.1492],[32.8317,1.186],[32.8457,1.1818],[32.8414,1.205],[32.8627,1.2024],[32.8709,1.1818],[32.8945,1.1929],[32.896,1.211],[32.8811,1.1998],[32.8834,1.2186],[32.9167,1.2107],[32.9091,1.1771],[32.8444,1.1305],[32.8489,1.1492]]]},"properties":{"key":"74","name":"Bajo","class":"official_forest_reserve","areaHa":3581,"observed":true}},{"type":"Feature","geometry":{"type":"MultiPolygon","coordinates":[[[[32.7471,2.1919],[32.7491,2.1919],[32.7475,2.1897],[32.7471,2.1919]]],[[[32.7437,2.1853],[32.7446,2.1873],[32.7464,2.1848],[32.7437,2.1853]]]]},"properties":{"key":"75","name":"Bala","class":"official_forest_reserve","areaHa":17,"observed":true}},{"type":"Feature","geometry":{"type":"Polygon","coordinates":[[[31.2827,0.7066],[31.2853,0.7307],[31.2962,0.7112],[31.2958,0.6942],[31.2827,0.7066]]]},"properties":{"key":"76","name":"Bamude - Nchwanga","class":"official_forest_reserve","areaHa":352,"observed":true}},{"type":"Feature","geometry":{"type":"Polygon","coordinates":[[[32.6348,0.3436],[32.6362,0.3442],[32.6354,0.3424],[32.6348,0.3436]]]},"properties":{"key":"77","name":"Banda Nursery","class":"official_forest_reserve","areaHa":2,"observed":true}},{"type":"Feature","geometry":{"type":"Polygon","coordinates":[[[32.1533,-0.5177],[32.166,-0.5224],[32.1715,-0.5322],[32.1629,-0.5422],[32.1533,-0.5177]]]},"properties":{"key":"78","name":"Banga","class":"official_forest_reserve","areaHa":177,"observed":true}},{"type":"Feature","geometry":{"type":"Polygon","coordinates":[[[31.0416,3.2157],[31.0566,3.2136],[31.0547,3.2062],[31.0423,3.2052],[31.0416,3.2157]]]},"properties":{"key":"79","name":"Barituku","class":"official_forest_reserve","areaHa":151,"observed":true}},{"type":"Feature","geometry":{"type":"MultiPolygon","coordinates":[[[[33.2138,2.0464],[33.2154,2.0478],[33.2166,2.0455],[33.2138,2.0464]]],[[[33.2185,2.0454],[33.2201,2.0456],[33.2199,2.0427],[33.2185,2.0454]]]]},"properties":{"key":"80","name":"Bata","class":"official_forest_reserve","areaHa":10,"observed":true}},{"type":"Feature","geometry":{"type":"Polygon","coordinates":[[[31.5679,-0.613],[31.5706,-0.6157],[31.5645,-0.6169],[31.5679,-0.613]]]},"properties":{"key":"81","name":"Bikira","class":"official_forest_reserve","areaHa":28,"observed":true}},{"type":"Feature","geometry":{"type":"Polygon","coordinates":[[[34.5364,1.4152],[34.5379,1.4152],[34.5364,1.4138],[34.5364,1.4152]]]},"properties":{"key":"82","name":"Binyiny","class":"official_forest_reserve","areaHa":3,"observed":true}},{"type":"Feature","geometry":{"type":"Polygon","coordinates":[[[33.2398,0.259],[33.2458,0.2389],[33.2257,0.2438],[33.2398,0.259]]]},"properties":{"key":"83","name":"Bira","class":"official_forest_reserve","areaHa":310,"observed":true}},{"type":"Feature","geometry":{"type":"Polygon","coordinates":[[[32.3535,2.5755],[32.3555,2.5751],[32.3547,2.5725],[32.3535,2.5755]]]},"properties":{"key":"84","name":"Bobi","class":"official_forest_reserve","areaHa":5,"observed":true}},{"type":"Feature","geometry":{"type":"Polygon","coordinates":[[[32.5326,0.6143],[32.5393,0.6077],[32.532,0.6039],[32.5326,0.6143]]]},"properties":{"key":"85","name":"Bombo","class":"official_forest_reserve","areaHa":65,"observed":true}},{"type":"Feature","geometry":{"type":"Polygon","coordinates":[[[32.4642,0.6587],[32.4656,0.6587],[32.4629,0.6562],[32.4642,0.6587]]]},"properties":{"key":"86","name":"Bowa","class":"official_forest_reserve","areaHa":10,"observed":true}},{"type":"Feature","geometry":{"type":"Polygon","coordinates":[[[34.2736,0.9413],[34.2762,0.9478],[34.2757,0.9409],[34.2736,0.9413]]]},"properties":{"key":"87","name":"Bubulo","class":"official_forest_reserve","areaHa":21,"observed":true}},{"type":"Feature","geometry":{"type":"Polygon","coordinates":[[[31.4216,1.8189],[31.4887,1.856],[31.5367,1.901],[31.5569,1.8702],[31.5772,1.8789],[31.5826,1.8705],[31.6119,1.8914],[31.6364,1.8835],[31.6516,1.9243],[31.6201,1.9604],[31.6803,2.0221],[31.7437,2.0488],[31.7666,1.984],[31.7522,1.9594],[31.7618,1.9473],[31.7593,1.8779],[31.7171,1.8497],[31.702,1.8542],[31.689,1.8087],[31.666,1.8087],[31.671,1.7871],[31.6513,1.786],[31.6619,1.7066],[31.6437,1.6953],[31.6346,1.7054],[31.6167,1.6762],[31.5783,1.6925],[31.5689,1.6794],[31.5571,1.691],[31.5463,1.6806],[31.5389,1.7002],[31.5261,1.6762],[31.5168,1.6936],[31.5145,1.6773],[31.5021,1.6973],[31.4786,1.6963],[31.4735,1.6857],[31.4585,1.6903],[31.4713,1.6776],[31.4818,1.6835],[31.4733,1.6685],[31.4648,1.6756],[31.4652,1.6373],[31.4542,1.6537],[31.4376,1.6232],[31.4237,1.6247],[31.418,1.6419],[31.4288,1.662],[31.462,1.6697],[31.4246,1.6738],[31.4045,1.6557],[31.4084,1.649],[31.4161,1.6538],[31.4082,1.6309],[31.387,1.6447],[31.373,1.6317],[31.3633,1.6384],[31.372,1.658],[31.3537,1.6678],[31.3697,1.6712],[31.3836,1.7028],[31.4428,1.7301],[31.4473,1.7157],[31.4684,1.715],[31.473,1.731],[31.439,1.7706],[31.4368,1.7975],[31.4249,1.8002],[31.4216,1.8189]]]},"properties":{"key":"88","name":"Budongo","class":"official_forest_reserve","areaHa":81788,"observed":true}},{"type":"Feature","geometry":{"type":"Polygon","coordinates":[[[32.0291,0.1828],[32.0345,0.1878],[32.0382,0.1765],[32.0291,0.1828]]]},"properties":{"key":"89","name":"Budugade","class":"official_forest_reserve","areaHa":61,"observed":true}},{"type":"Feature","geometry":{"type":"Polygon","coordinates":[[[33.2934,0.3107],[33.2991,0.312],[33.2964,0.3029],[33.2934,0.3107]]]},"properties":{"key":"90","name":"Buduli","class":"official_forest_reserve","areaHa":65,"observed":true}},{"type":"Feature","geometry":{"type":"Polygon","coordinates":[[[33.7807,0.81],[33.7835,0.7993],[33.7719,0.8045],[33.7807,0.81]]]},"properties":{"key":"91","name":"Budunda","class":"official_forest_reserve","areaHa":104,"observed":true}},{"type":"Feature","geometry":{"type":"Polygon","coordinates":[[[32.3587,-0.3696],[32.3592,-0.3551],[32.3655,-0.37],[32.3931,-0.3623],[32.3935,-0.3681],[32.3722,-0.3761],[32.3587,-0.3696]]]},"properties":{"key":"92","name":"Bufumira","class":"official_forest_reserve","areaHa":340,"observed":true}},{"type":"Feature","geometry":{"type":"Polygon","coordinates":[[[32.4594,-0.4826],[32.4713,-0.4916],[32.4933,-0.4769],[32.4919,-0.4908],[32.4701,-0.4941],[32.4594,-0.4826]]]},"properties":{"key":"93","name":"Buga","class":"official_forest_reserve","areaHa":268,"observed":true}},{"type":"Feature","geometry":{"type":"Polygon","coordinates":[[[33.7825,0.7913],[33.794,0.7843],[33.7844,0.7847],[33.7825,0.7913]]]},"properties":{"key":"94","name":"Bugaali","class":"official_forest_reserve","areaHa":116,"observed":true}},{"type":"Feature","geometry":{"type":"Polygon","coordinates":[[[30.541,-0.7534],[30.5358,-0.728],[30.5689,-0.7352],[30.5763,-0.7595],[30.5577,-0.7648],[30.541,-0.7534]]]},"properties":{"key":"95","name":"Bugamba","class":"official_forest_reserve","areaHa":1208,"observed":true}},{"type":"Feature","geometry":{"type":"Polygon","coordinates":[[[32.5452,-0.3685],[32.5577,-0.3628],[32.5623,-0.3658],[32.553,-0.3793],[32.5452,-0.3685]]]},"properties":{"key":"96","name":"Bugana","class":"official_forest_reserve","areaHa":154,"observed":true}},{"type":"Feature","geometry":{"type":"Polygon","coordinates":[[[33.2286,0.4618],[33.2304,0.4628],[33.2339,0.4573],[33.2286,0.4618]]]},"properties":{"key":"97","name":"Bugembe","class":"official_forest_reserve","areaHa":20,"observed":true}},{"type":"Feature","geometry":{"type":"Polygon","coordinates":[[[33.7476,0.5808],[33.7484,0.5802],[33.7455,0.5773],[33.7476,0.5808]]]},"properties":{"key":"98","name":"Bugiri","class":"official_forest_reserve","areaHa":16,"observed":true}},{"type":"Feature","geometry":{"type":"Polygon","coordinates":[[[30.7886,1.1176],[30.8212,1.1505],[30.7983,1.1867],[30.8074,1.2],[30.8309,1.2074],[30.8873,1.1734],[30.8841,1.1491],[30.9038,1.1646],[30.9144,1.154],[30.9536,1.1707],[30.9532,1.2477],[30.905,1.2271],[30.8891,1.2669],[30.9634,1.3433],[30.9814,1.3315],[31.0262,1.386],[31.0243,1.4002],[31.0803,1.3987],[31.0982,1.3847],[31.0979,1.2973],[31.0735,1.2909],[31.0932,1.2632],[31.0739,1.2752],[31.0537,1.2357],[31.0359,1.2299],[31.0143,1.2738],[31.0042,1.2759],[30.9964,1.2516],[30.9751,1.2592],[30.9876,1.2326],[30.9763,1.216],[30.9933,1.1279],[30.9668,1.1327],[30.9178,1.1169],[30.888,1.1442],[30.8641,1.1473],[30.812,1.1044],[30.7886,1.1176]]]},"properties":{"key":"99","name":"Bugoma","class":"official_forest_reserve","areaHa":39974,"observed":true}},{"type":"Feature","geometry":{"type":"Polygon","coordinates":[[[33.3714,0.2559],[33.3858,0.2696],[33.3957,0.2595],[33.3842,0.249],[33.3714,0.2559]]]},"properties":{"key":"100","name":"Bugomba","class":"official_forest_reserve","areaHa":270,"observed":true}},{"type":"Feature","geometry":{"type":"Polygon","coordinates":[[[33.2504,1.604],[33.3043,1.6101],[33.2911,1.5925],[33.2425,1.5876],[33.2504,1.604]]]},"properties":{"key":"101","name":"Bugondo Hill","class":"official_forest_reserve","areaHa":1003,"observed":true}},{"type":"Feature","geometry":{"type":"Polygon","coordinates":[[[31.8544,-0.2334],[31.8772,-0.2137],[31.8743,-0.2362],[31.8675,-0.2446],[31.8544,-0.2334]]]},"properties":{"key":"102","name":"Bugonzi","class":"official_forest_reserve","areaHa":385,"observed":true}},{"type":"Feature","geometry":{"type":"Polygon","coordinates":[[[33.3025,0.2682],[33.317,0.2658],[33.307,0.2504],[33.3025,0.2682]]]},"properties":{"key":"103","name":"Bugusa","class":"official_forest_reserve","areaHa":260,"observed":true}},{"type":"Feature","geometry":{"type":"Polygon","coordinates":[[[30.9093,0.4929],[30.9733,0.4892],[30.967,0.4774],[30.9541,0.4823],[30.946,0.4603],[30.9093,0.4929]]]},"properties":{"key":"104","name":"Buhungiro","class":"official_forest_reserve","areaHa":1046,"observed":true}},{"type":"Feature","geometry":{"type":"Polygon","coordinates":[[[31.1404,1.5106],[31.2276,1.5818],[31.2304,1.5205],[31.2182,1.4983],[31.2007,1.502],[31.188,1.4901],[31.1404,1.5106]]]},"properties":{"key":"105","name":"Bujawe","class":"official_forest_reserve","areaHa":4969,"observed":true}},{"type":"Feature","geometry":{"type":"Polygon","coordinates":[[[33.2694,0.2529],[33.2597,0.254],[33.2666,0.2622],[33.2423,0.2787],[33.2486,0.2924],[33.2308,0.2967],[33.264,0.3084],[33.2546,0.2833],[33.2694,0.2888],[33.2694,0.2529]]]},"properties":{"key":"106","name":"Bukaibale","class":"official_forest_reserve","areaHa":1165,"observed":true}},{"type":"Feature","geometry":{"type":"Polygon","coordinates":[[[32.0059,-0.2891],[32.013,-0.2857],[32.0074,-0.2909],[32.0059,-0.2891]]]},"properties":{"key":"107","name":"Bukakata","class":"official_forest_reserve","areaHa":13,"observed":true}},{"type":"Feature","geometry":{"type":"Polygon","coordinates":[[[33.381,0.3404],[33.3597,0.3278],[33.3732,0.3545],[33.3618,0.3689],[33.3196,0.3477],[33.3275,0.3706],[33.308,0.3621],[33.3199,0.3876],[33.3332,0.3721],[33.3384,0.3855],[33.3453,0.3746],[33.3468,0.3897],[33.3684,0.3812],[33.3444,0.4176],[33.352,0.4273],[33.3616,0.4194],[33.3788,0.4607],[33.4148,0.416],[33.4036,0.4056],[33.4125,0.393],[33.436,0.3818],[33.4223,0.3175],[33.381,0.3404]]]},"properties":{"key":"108","name":"Bukaleba","class":"official_forest_reserve","areaHa":9548,"observed":true}},{"type":"Feature","geometry":{"type":"Polygon","coordinates":[[[34.0236,1.3739],[34.0258,1.3678],[34.023,1.3609],[34.0236,1.3739]]]},"properties":{"key":"109","name":"Bukedea","class":"official_forest_reserve","areaHa":16,"observed":true}},{"type":"Feature","geometry":{"type":"Polygon","coordinates":[[[34.3452,1.0024],[34.3513,1.0009],[34.3451,1.0011],[34.3452,1.0024]]]},"properties":{"key":"110","name":"Bukigai","class":"official_forest_reserve","areaHa":19,"observed":true}},{"type":"Feature","geometry":{"type":"Polygon","coordinates":[[[32.3329,-0.228],[32.3415,-0.2281],[32.3438,-0.2338],[32.3366,-0.2425],[32.3329,-0.228]]]},"properties":{"key":"111","name":"Bukone","class":"official_forest_reserve","areaHa":138,"observed":true}},{"type":"Feature","geometry":{"type":"Polygon","coordinates":[[[32.777,0.4735],[32.7789,0.4665],[32.7573,0.4762],[32.777,0.4735]]]},"properties":{"key":"112","name":"Bulijjo","class":"official_forest_reserve","areaHa":114,"observed":true}},{"type":"Feature","geometry":{"type":"Polygon","coordinates":[[[33.2775,0.2113],[33.2945,0.2099],[33.2872,0.1983],[33.2764,0.1973],[33.2775,0.2113]]]},"properties":{"key":"113","name":"Buloba","class":"official_forest_reserve","areaHa":271,"observed":true}},{"type":"Feature","geometry":{"type":"Polygon","coordinates":[[[33.2286,0.9188],[33.2321,0.9186],[33.2294,0.9162],[33.2286,0.9188]]]},"properties":{"key":"114","name":"Bulogo","class":"official_forest_reserve","areaHa":8,"observed":true}},{"type":"Feature","geometry":{"type":"Polygon","coordinates":[[[32.0044,0.3538],[31.9987,0.3719],[32.0226,0.3825],[32.0093,0.3598],[32.0261,0.3566],[32.0044,0.3538]]]},"properties":{"key":"115","name":"Bulondo","class":"official_forest_reserve","areaHa":467,"observed":true}},{"type":"Feature","geometry":{"type":"Polygon","coordinates":[[[33.3343,0.2539],[33.3541,0.239],[33.3402,0.2282],[33.3343,0.2539]]]},"properties":{"key":"116","name":"Buluku","class":"official_forest_reserve","areaHa":295,"observed":true}},{"type":"Feature","geometry":{"type":"Polygon","coordinates":[[[33.2949,1.6535],[33.2731,1.6452],[33.2531,1.6451],[33.2949,1.6535]]]},"properties":{"key":"117","name":"Bululu Hill","class":"official_forest_reserve","areaHa":426,"observed":true}},{"type":"Feature","geometry":{"type":"Polygon","coordinates":[[[33.6926,0.7979],[33.693,0.799],[33.6954,0.7975],[33.6926,0.7979]]]},"properties":{"key":"118","name":"Bulyabwita","class":"official_forest_reserve","areaHa":5,"observed":true}},{"type":"Feature","geometry":{"type":"Polygon","coordinates":[[[33.3211,0.9336],[33.3246,0.9266],[33.3193,0.9223],[33.3211,0.9336]]]},"properties":{"key":"119","name":"Bunafu","class":"official_forest_reserve","areaHa":29,"observed":true}},{"type":"Feature","geometry":{"type":"Polygon","coordinates":[[[30.0691,0.741],[30.0826,0.7618],[30.0918,0.7509],[30.0891,0.7375],[30.0691,0.741]]]},"properties":{"key":"120","name":"Bundikeki","class":"official_forest_reserve","areaHa":400,"observed":true}},{"type":"Feature","geometry":{"type":"Polygon","coordinates":[[[32.5347,-0.3371],[32.532,-0.3427],[32.5218,-0.34],[32.5347,-0.3371]]]},"properties":{"key":"121","name":"Bunjazi","class":"official_forest_reserve","areaHa":80,"observed":true}},{"type":"Feature","geometry":{"type":"Polygon","coordinates":[[[33.2079,0.6285],[33.2109,0.6278],[33.2082,0.6187],[33.2079,0.6285]]]},"properties":{"key":"122","name":"Busegula","class":"official_forest_reserve","areaHa":48,"observed":true}},{"type":"Feature","geometry":{"type":"Polygon","coordinates":[[[33.6175,0.7659],[33.6197,0.7683],[33.6199,0.7624],[33.6175,0.7659]]]},"properties":{"key":"123","name":"Busembatya","class":"official_forest_reserve","areaHa":16,"observed":true}},{"type":"Feature","geometry":{"type":"MultiPolygon","coordinates":[[[[32.1329,-0.2621],[32.1361,-0.2552],[32.1516,-0.2648],[32.1489,-0.2745],[32.1329,-0.2621]]],[[[32.1167,-0.2963],[32.1021,-0.2683],[32.1142,-0.2352],[32.1144,-0.2632],[32.1449,-0.2776],[32.1089,-0.3184],[32.1167,-0.2963]]]]},"properties":{"key":"124","name":"Busowe","class":"official_forest_reserve","areaHa":1758,"observed":true}},{"type":"Feature","geometry":{"type":"Polygon","coordinates":[[[34.2768,0.845],[34.2772,0.8442],[34.2746,0.8418],[34.2768,0.845]]]},"properties":{"key":"125","name":"Busumbu","class":"official_forest_reserve","areaHa":8,"observed":true}},{"type":"Feature","geometry":{"type":"Polygon","coordinates":[[[30.2436,0.6496],[30.2462,0.6494],[30.2461,0.6458],[30.2436,0.6496]]]},"properties":{"key":"126","name":"Butebe","class":"official_forest_reserve","areaHa":7,"observed":true}},{"type":"Feature","geometry":{"type":"Polygon","coordinates":[[[30.5206,0.6318],[30.5219,0.6323],[30.5207,0.631],[30.5206,0.6318]]]},"properties":{"key":"127","name":"Butiti","class":"official_forest_reserve","areaHa":2,"observed":true}},{"type":"Feature","geometry":{"type":"Polygon","coordinates":[[[32.2166,-0.569],[32.2384,-0.5635],[32.2399,-0.5688],[32.2286,-0.578],[32.2166,-0.569]]]},"properties":{"key":"128","name":"Buturume","class":"official_forest_reserve","areaHa":189,"observed":true}},{"type":"Feature","geometry":{"type":"Polygon","coordinates":[[[32.8417,0.1477],[32.8237,0.1503],[32.86,0.1485],[32.8582,0.1316],[32.8417,0.1477]]]},"properties":{"key":"129","name":"Buuka","class":"official_forest_reserve","areaHa":321,"observed":true}},{"type":"Feature","geometry":{"type":"Polygon","coordinates":[[[32.3802,0.2976],[32.3943,0.3051],[32.3845,0.3167],[32.4036,0.3167],[32.3839,0.3245],[32.4114,0.3415],[32.397,0.3317],[32.4118,0.3168],[32.3856,0.265],[32.3802,0.2976]]]},"properties":{"key":"130","name":"Buvuma","class":"official_forest_reserve","areaHa":1103,"observed":true}},{"type":"Feature","geometry":{"type":"Polygon","coordinates":[[[32.1232,0.0562],[32.1397,0.0528],[32.1399,0.087],[32.1465,0.0722],[32.1383,0.0459],[32.1232,0.0562]]]},"properties":{"key":"131","name":"Buwa","class":"official_forest_reserve","areaHa":361,"observed":true}},{"type":"Feature","geometry":{"type":"Polygon","coordinates":[[[33.1332,0.8817],[33.1334,0.8813],[33.127,0.8822],[33.1332,0.8817]]]},"properties":{"key":"132","name":"Buwaiswa","class":"official_forest_reserve","areaHa":35,"observed":true}},{"type":"Feature","geometry":{"type":"Polygon","coordinates":[[[33.3593,0.2965],[33.3462,0.3029],[33.3743,0.3115],[33.3814,0.2919],[33.3593,0.2965]]]},"properties":{"key":"133","name":"Buwanzi","class":"official_forest_reserve","areaHa":473,"observed":true}},{"type":"Feature","geometry":{"type":"Polygon","coordinates":[[[33.7676,0.8343],[33.7681,0.8285],[33.7642,0.8338],[33.7676,0.8343]]]},"properties":{"key":"134","name":"Buwola","class":"official_forest_reserve","areaHa":27,"observed":true}},{"type":"Feature","geometry":{"type":"Polygon","coordinates":[[[31.2268,-0.3348],[31.2318,-0.2765],[31.248,-0.2537],[31.2579,-0.2437],[31.3518,-0.24],[31.3522,-0.3435],[31.2105,-0.3542],[31.2268,-0.3348]]]},"properties":{"key":"135","name":"Buyaga Dam","class":"official_forest_reserve","areaHa":15982,"observed":true}},{"type":"Feature","geometry":{"type":"Polygon","coordinates":[[[33.7661,0.9055],[33.7834,0.9185],[33.7867,0.8924],[33.7625,0.8798],[33.7661,0.9055]]]},"properties":{"key":"136","name":"Buyenvu","class":"official_forest_reserve","areaHa":633,"observed":true}},{"type":"Feature","geometry":{"type":"Polygon","coordinates":[[[32.1046,-0.2367],[32.0942,-0.2359],[32.0931,-0.2305],[32.1034,-0.227],[32.1046,-0.2367]]]},"properties":{"key":"137","name":"Buziga","class":"official_forest_reserve","areaHa":90,"observed":true}},{"type":"Feature","geometry":{"type":"Polygon","coordinates":[[[31.9064,0.1161],[31.9053,0.1241],[31.9108,0.1195],[31.9064,0.1161]]]},"properties":{"key":"138","name":"Buzimba","class":"official_forest_reserve","areaHa":24,"observed":true}},{"type":"Feature","geometry":{"type":"Polygon","coordinates":[[[29.8023,-0.5996],[29.8028,-0.6027],[29.7965,-0.601],[29.8023,-0.5996]]]},"properties":{"key":"139","name":"Bwambara","class":"official_forest_reserve","areaHa":37,"observed":true}},{"type":"Feature","geometry":{"type":"Polygon","coordinates":[[[31.8026,0.7466],[31.8006,0.7757],[31.7887,0.7796],[31.8124,0.8073],[31.8064,0.8249],[31.8479,0.8316],[31.8651,0.8162],[31.8729,0.7837],[31.8644,0.7648],[31.8217,0.7582],[31.8514,0.7343],[31.8366,0.7227],[31.8026,0.7466]]]},"properties":{"key":"140","name":"Bwezigolo - Gunga","class":"official_forest_reserve","areaHa":6195,"observed":true}},{"type":"Feature","geometry":{"type":"Polygon","coordinates":[[[30.5763,-0.4341],[30.578,-0.4345],[30.5733,-0.4397],[30.5763,-0.4341]]]},"properties":{"key":"141","name":"Bwizibwera","class":"official_forest_reserve","areaHa":28,"observed":true}},{"type":"Feature","geometry":{"type":"Polygon","coordinates":[[[32.5054,2.0907],[32.5076,2.0913],[32.5052,2.0897],[32.5054,2.0907]]]},"properties":{"key":"142","name":"Chegere","class":"official_forest_reserve","areaHa":7,"observed":true}},{"type":"Feature","geometry":{"type":"Polygon","coordinates":[[[32.5046,2.918],[32.5105,2.921],[32.5053,2.9169],[32.5046,2.918]]]},"properties":{"key":"143","name":"Cwero","class":"official_forest_reserve","areaHa":8,"observed":true}},{"type":"Feature","geometry":{"type":"Polygon","coordinates":[[[32.3287,0.1835],[32.3324,0.1785],[32.2985,0.1543],[32.3287,0.1835]]]},"properties":{"key":"144","name":"Degeya","class":"official_forest_reserve","areaHa":252,"observed":true}},{"type":"Feature","geometry":{"type":"Polygon","coordinates":[[[33.1795,1.917],[33.1821,1.9178],[33.1814,1.9148],[33.1795,1.917]]]},"properties":{"key":"145","name":"Dokolo","class":"official_forest_reserve","areaHa":10,"observed":true}},{"type":"Feature","geometry":{"type":"Polygon","coordinates":[[[29.843,-1.3236],[29.8197,-1.3171],[29.8061,-1.295],[29.7867,-1.2515],[29.7915,-1.2328],[29.8103,-1.2359],[29.8091,-1.2509],[29.8505,-1.2993],[29.847,-1.3356],[29.8569,-1.3367],[29.8635,-1.3535],[29.8415,-1.3356],[29.843,-1.3236]]]},"properties":{"key":"146","name":"Echuya","class":"official_forest_reserve","areaHa":3578,"observed":true}},{"type":"Feature","geometry":{"type":"Polygon","coordinates":[[[32.9886,1.8277],[32.9912,1.8297],[32.9888,1.8268],[32.9886,1.8277]]]},"properties":{"key":"147","name":"Ekwera","class":"official_forest_reserve","areaHa":8,"observed":true}},{"type":"Feature","geometry":{"type":"Polygon","coordinates":[[[30.9422,2.9112],[30.9425,2.9282],[30.9871,2.922],[30.9891,2.9066],[30.9422,2.9112]]]},"properties":{"key":"148","name":"Enjeva","class":"official_forest_reserve","areaHa":729,"observed":true}},{"type":"Feature","geometry":{"type":"Polygon","coordinates":[[[30.9488,3.1554],[30.95,3.1465],[30.9253,3.1194],[30.9488,3.1554]]]},"properties":{"key":"149","name":"Enyau","class":"official_forest_reserve","areaHa":381,"observed":true}},{"type":"Feature","geometry":{"type":"Polygon","coordinates":[[[33.0589,2.3944],[33.0474,2.4027],[33.0585,2.4127],[33.0675,2.4064],[33.0589,2.3944]]]},"properties":{"key":"150","name":"Epor","class":"official_forest_reserve","areaHa":223,"observed":true}},{"type":"Feature","geometry":{"type":"Polygon","coordinates":[[[31.6107,3.4877],[31.6416,3.5638],[31.7094,3.5737],[31.7214,3.5899],[31.7429,3.5766],[31.7552,3.5476],[31.7016,3.5364],[31.6107,3.4877]]]},"properties":{"key":"151","name":"Era","class":"official_forest_reserve","areaHa":7429,"observed":true}},{"type":"Feature","geometry":{"type":"Polygon","coordinates":[[[31.6296,3.625],[31.6431,3.6352],[31.6544,3.6179],[31.6345,3.6055],[31.6296,3.625]]]},"properties":{"key":"152","name":"Eria","class":"official_forest_reserve","areaHa":533,"observed":true}},{"type":"Feature","geometry":{"type":"Polygon","coordinates":[[[30.9099,2.9514],[30.9115,2.9537],[30.9118,2.9505],[30.9099,2.9514]]]},"properties":{"key":"153","name":"Eruba","class":"official_forest_reserve","areaHa":8,"observed":true}},{"type":"Feature","geometry":{"type":"Polygon","coordinates":[[[31.0916,2.3226],[31.095,2.3218],[31.0907,2.3193],[31.0916,2.3226]]]},"properties":{"key":"154","name":"Erusi","class":"official_forest_reserve","areaHa":21,"observed":true}},{"type":"Feature","geometry":{"type":"MultiPolygon","coordinates":[[[[30.8782,2.9052],[30.8796,2.9035],[30.8775,2.9039],[30.8782,2.9052]]],[[[30.8764,2.8988],[30.8774,2.8988],[30.8751,2.894],[30.8764,2.8988]]]]},"properties":{"key":"155","name":"Ezuku","class":"official_forest_reserve","areaHa":18,"observed":true}},{"type":"Feature","geometry":{"type":"MultiPolygon","coordinates":[[[[30.276,0.6672],[30.2763,0.6659],[30.2729,0.6641],[30.276,0.6672]]],[[[30.2816,0.6662],[30.2848,0.6625],[30.2792,0.6612],[30.2816,0.6662]]],[[[30.2766,0.6568],[30.2783,0.6567],[30.2764,0.6547],[30.2766,0.6568]]],[[[30.2822,0.653],[30.2828,0.6521],[30.2812,0.652],[30.2822,0.653]]]]},"properties":{"key":"156","name":"Fort Portal","class":"official_forest_reserve","areaHa":71,"observed":true}},{"type":"Feature","geometry":{"type":"Polygon","coordinates":[[[31.6426,1.6239],[31.6783,1.6332],[31.6675,1.6199],[31.6465,1.6132],[31.6426,1.6239]]]},"properties":{"key":"157","name":"Fumbya","class":"official_forest_reserve","areaHa":424,"observed":true}},{"type":"Feature","geometry":{"type":"Polygon","coordinates":[[[32.3038,-0.4882],[32.3026,-0.4856],[32.317,-0.477],[32.3165,-0.4892],[32.3038,-0.4882]]]},"properties":{"key":"158","name":"Funve","class":"official_forest_reserve","areaHa":165,"observed":true}},{"type":"Feature","geometry":{"type":"Polygon","coordinates":[[[32.2611,-0.4243],[32.247,-0.4159],[32.2501,-0.4082],[32.2605,-0.4168],[32.258,-0.402],[32.2688,-0.3881],[32.2878,-0.4142],[32.2642,-0.4029],[32.2735,-0.4234],[32.2553,-0.4336],[32.2611,-0.4243]]]},"properties":{"key":"159","name":"Gala","class":"official_forest_reserve","areaHa":870,"observed":true}},{"type":"Feature","geometry":{"type":"Polygon","coordinates":[[[32.1861,0.1393],[32.1992,0.1482],[32.1903,0.1726],[32.213,0.1662],[32.2175,0.1768],[32.2251,0.1457],[32.2094,0.155],[32.2019,0.1319],[32.2229,0.1354],[32.2159,0.119],[32.1861,0.1393]]]},"properties":{"key":"160","name":"Gangu","class":"official_forest_reserve","areaHa":1084,"observed":true}},{"type":"Feature","geometry":{"type":"Polygon","coordinates":[[[30.8791,3.0026],[30.8806,2.9983],[30.8759,2.9972],[30.8791,3.0026]]]},"properties":{"key":"161","name":"Giligili","class":"official_forest_reserve","areaHa":27,"observed":true}},{"type":"Feature","geometry":{"type":"Polygon","coordinates":[[[33.8315,1.1576],[33.8324,1.1565],[33.823,1.1471],[33.8315,1.1576]]]},"properties":{"key":"162","name":"Goligoli","class":"official_forest_reserve","areaHa":45,"observed":true}},{"type":"Feature","geometry":{"type":"Polygon","coordinates":[[[32.0138,2.9327],[32.0422,2.9439],[32.0617,2.8932],[32.0065,2.8883],[32.0138,2.9327]]]},"properties":{"key":"163","name":"Got - Gweno","class":"official_forest_reserve","areaHa":2257,"observed":true}},{"type":"Feature","geometry":{"type":"Polygon","coordinates":[[[31.7339,0.8671],[31.7062,0.8829],[31.7363,0.8984],[31.7343,0.8789],[31.756,0.881],[31.7656,0.8682],[31.7339,0.8671]]]},"properties":{"key":"164","name":"Goyera","class":"official_forest_reserve","areaHa":989,"observed":true}},{"type":"Feature","geometry":{"type":"Polygon","coordinates":[[[32.3114,2.7854],[32.3124,2.7789],[32.2989,2.7752],[32.3114,2.7854]]]},"properties":{"key":"165","name":"Gulu","class":"official_forest_reserve","areaHa":94,"observed":true}},{"type":"Feature","geometry":{"type":"Polygon","coordinates":[[[32.4934,0.1062],[32.4839,0.1043],[32.4828,0.1093],[32.4934,0.1062]]]},"properties":{"key":"166","name":"Gunda","class":"official_forest_reserve","areaHa":60,"observed":true}},{"type":"Feature","geometry":{"type":"Polygon","coordinates":[[[32.4659,2.4746],[32.4652,2.4852],[32.4875,2.4915],[32.4847,2.4756],[32.4659,2.4746]]]},"properties":{"key":"167","name":"Gung - Gung","class":"official_forest_reserve","areaHa":302,"observed":true}},{"type":"Feature","geometry":{"type":"Polygon","coordinates":[[[31.3264,0.9492],[31.3283,0.9839],[31.3505,0.9889],[31.3685,0.9606],[31.3633,0.9493],[31.3264,0.9492]]]},"properties":{"key":"168","name":"Guramwa","class":"official_forest_reserve","areaHa":1532,"observed":true}},{"type":"Feature","geometry":{"type":"Polygon","coordinates":[[[32.0681,2.7332],[32.0799,2.7417],[32.0746,2.7291],[32.0681,2.7332]]]},"properties":{"key":"169","name":"Gwengdiya","class":"official_forest_reserve","areaHa":170,"observed":true}},{"type":"Feature","geometry":{"type":"Polygon","coordinates":[[[32.6784,2.0448],[32.6859,2.0462],[32.681,2.0286],[32.6784,2.0448]]]},"properties":{"key":"170","name":"Gweri","class":"official_forest_reserve","areaHa":156,"observed":true}},{"type":"Feature","geometry":{"type":"Polygon","coordinates":[[[31.3361,1.4449],[31.3387,1.4442],[31.3414,1.4415],[31.3361,1.4449]]]},"properties":{"key":"171","name":"Hoima","class":"official_forest_reserve","areaHa":5,"observed":true}},{"type":"Feature","geometry":{"type":"MultiPolygon","coordinates":[[[[31.3917,1.4193],[31.4101,1.4318],[31.4144,1.4216],[31.4006,1.4062],[31.3917,1.4193]]],[[[33.3433,1.4073],[33.359,1.4183],[33.3593,1.4104],[33.353,1.396],[33.3433,1.4073]]]]},"properties":{"key":"172","name":"Ibamba","class":"official_forest_reserve","areaHa":594,"observed":true}},{"type":"Feature","geometry":{"type":"Polygon","coordinates":[[[30.8465,0.5323],[30.7886,0.4993],[30.7796,0.5749],[30.7919,0.5974],[30.8148,0.5889],[30.8293,0.6003],[30.8244,0.6339],[30.8695,0.6145],[30.9015,0.6248],[30.9016,0.5814],[30.877,0.5736],[30.8418,0.5844],[30.8465,0.5323]]]},"properties":{"key":"173","name":"Ibambaro","class":"official_forest_reserve","areaHa":9681,"observed":true}},{"type":"Feature","geometry":{"type":"Polygon","coordinates":[[[30.501,-0.127],[30.5027,-0.1266],[30.5008,-0.1322],[30.501,-0.127]]]},"properties":{"key":"174","name":"Ibanda","class":"official_forest_reserve","areaHa":14,"observed":true}},{"type":"Feature","geometry":{"type":"Polygon","coordinates":[[[32.6011,2.415],[32.6035,2.4165],[32.6046,2.4113],[32.6011,2.415]]]},"properties":{"key":"175","name":"Icheme","class":"official_forest_reserve","areaHa":16,"observed":true}},{"type":"Feature","geometry":{"type":"Polygon","coordinates":[[[33.8383,0.4643],[33.8241,0.4693],[33.8452,0.4741],[33.8534,0.5052],[33.865,0.4791],[33.8269,0.4507],[33.8383,0.4643]]]},"properties":{"key":"176","name":"Igwe","class":"official_forest_reserve","areaHa":1124,"observed":true}},{"type":"Feature","geometry":{"type":"Polygon","coordinates":[[[29.811,-0.6903],[29.8246,-0.664],[29.8368,-0.6675],[29.827,-0.6902],[29.811,-0.6903]]]},"properties":{"key":"177","name":"Ihimbo","class":"official_forest_reserve","areaHa":477,"observed":true}},{"type":"Feature","geometry":{"type":"Polygon","coordinates":[[[32.7798,2.2717],[32.7914,2.2755],[32.7941,2.2596],[32.7798,2.2717]]]},"properties":{"key":"178","name":"Ilera","class":"official_forest_reserve","areaHa":154,"observed":true}},{"type":"Feature","geometry":{"type":"Polygon","coordinates":[[[33.759,0.4655],[33.766,0.4527],[33.7512,0.4389],[33.759,0.4655]]]},"properties":{"key":"179","name":"Irimbi","class":"official_forest_reserve","areaHa":288,"observed":true}},{"type":"Feature","geometry":{"type":"Polygon","coordinates":[[[30.4181,0.7722],[30.4292,0.8154],[30.4758,0.8606],[30.4766,0.8422],[30.5185,0.8302],[30.5056,0.7551],[30.4859,0.7474],[30.4181,0.7722]]]},"properties":{"key":"180","name":"Itwara","class":"official_forest_reserve","areaHa":8680,"observed":true}},{"type":"Feature","geometry":{"type":"Polygon","coordinates":[[[30.9415,2.722],[30.9743,2.7372],[30.9798,2.7519],[30.9932,2.7353],[30.9912,2.6812],[30.9415,2.722]]]},"properties":{"key":"181","name":"Iyi","class":"official_forest_reserve","areaHa":2405,"observed":true}},{"type":"Feature","geometry":{"type":"Polygon","coordinates":[[[33.2644,0.0839],[33.2737,0.0808],[33.264,0.076],[33.2644,0.0839]]]},"properties":{"key":"182","name":"Izinga Island","class":"official_forest_reserve","areaHa":107,"observed":true}},{"type":"Feature","geometry":{"type":"Polygon","coordinates":[[[33.2351,0.584],[33.2086,0.6025],[33.2229,0.596],[33.2236,0.6102],[33.2404,0.6134],[33.2489,0.6309],[33.2476,0.5975],[33.2672,0.597],[33.2989,0.6532],[33.2955,0.6664],[33.2767,0.6541],[33.3028,0.6759],[33.2988,0.6474],[33.2658,0.5861],[33.2351,0.584]]]},"properties":{"key":"183","name":"Iziru","class":"official_forest_reserve","areaHa":1867,"observed":true}},{"type":"Feature","geometry":{"type":"Polygon","coordinates":[[[32.9294,3.0021],[32.942,3.0008],[32.942,3.0],[32.9251,2.9936],[32.9294,3.0021]]]},"properties":{"key":"184","name":"Jaka","class":"official_forest_reserve","areaHa":44,"observed":true}},{"type":"Feature","geometry":{"type":"Polygon","coordinates":[[[34.1145,1.0715],[34.1137,1.0692],[34.111,1.0716],[34.1145,1.0715]]]},"properties":{"key":"185","name":"Jami","class":"official_forest_reserve","areaHa":13,"observed":true}},{"type":"Feature","geometry":{"type":"Polygon","coordinates":[[[33.5274,1.5534],[33.5262,1.5495],[33.5162,1.5468],[33.5274,1.5534]]]},"properties":{"key":"186","name":"Jerere","class":"official_forest_reserve","areaHa":80,"observed":true}},{"type":"Feature","geometry":{"type":"Polygon","coordinates":[[[31.9571,-0.3107],[31.9477,-0.292],[31.9598,-0.2706],[31.9385,-0.2001],[31.9764,-0.1915],[31.9686,-0.1761],[31.9878,-0.1981],[31.9843,-0.2277],[31.9694,-0.2259],[31.9926,-0.2548],[31.9884,-0.2709],[31.9873,-0.2576],[31.9758,-0.262],[31.9859,-0.2829],[31.9985,-0.2828],[31.9856,-0.2927],[31.9913,-0.3062],[31.9571,-0.3107]]]},"properties":{"key":"187","name":"Jubiya","class":"official_forest_reserve","areaHa":5142,"observed":true}},{"type":"Feature","geometry":{"type":"Polygon","coordinates":[[[32.005,0.1818],[32.0173,0.2026],[32.0201,0.1757],[32.0309,0.1601],[32.005,0.1818]]]},"properties":{"key":"188","name":"Jumbi","class":"official_forest_reserve","areaHa":356,"observed":true}},{"type":"Feature","geometry":{"type":"Polygon","coordinates":[[[34.1267,3.508],[34.1364,3.5097],[34.128,3.5053],[34.1267,3.508]]]},"properties":{"key":"189","name":"Kaabong","class":"official_forest_reserve","areaHa":41,"observed":true}},{"type":"Feature","geometry":{"type":"Polygon","coordinates":[[[29.9931,-1.2461],[29.9875,-1.2519],[29.9864,-1.2519],[29.9931,-1.2461]]]},"properties":{"key":"190","name":"Kabale","class":"official_forest_reserve","areaHa":25,"observed":true}},{"type":"Feature","geometry":{"type":"Polygon","coordinates":[[[30.1195,0.7811],[30.1191,0.7946],[30.1395,0.7901],[30.1353,0.7751],[30.1195,0.7811]]]},"properties":{"key":"191","name":"Kabango - Muntandi","class":"official_forest_reserve","areaHa":361,"observed":true}},{"type":"Feature","geometry":{"type":"Polygon","coordinates":[[[31.7792,0.8668],[31.776,0.8793],[31.8162,0.8764],[31.8504,0.8552],[31.8564,0.8646],[31.8643,0.8531],[31.8436,0.8444],[31.7792,0.8668]]]},"properties":{"key":"192","name":"Kabindo","class":"official_forest_reserve","areaHa":1431,"observed":true}},{"type":"Feature","geometry":{"type":"Polygon","coordinates":[[[31.6364,-0.712],[31.6435,-0.7121],[31.6322,-0.7231],[31.6364,-0.712]]]},"properties":{"key":"193","name":"Kabira","class":"official_forest_reserve","areaHa":123,"observed":true}},{"type":"Feature","geometry":{"type":"Polygon","coordinates":[[[31.8058,0.5214],[31.8067,0.5274],[31.8216,0.5379],[31.8144,0.5233],[31.8325,0.5162],[31.8058,0.5214]]]},"properties":{"key":"194","name":"Kabugeza (Kasanda)","class":"official_forest_reserve","areaHa":280,"observed":true}},{"type":"Feature","geometry":{"type":"Polygon","coordinates":[[[31.9771,0.582],[31.9838,0.5999],[31.9925,0.5973],[31.9845,0.5906],[31.9936,0.5864],[31.9965,0.565],[31.9771,0.582]]]},"properties":{"key":"195","name":"Kabukira","class":"official_forest_reserve","areaHa":460,"observed":true}},{"type":"Feature","geometry":{"type":"Polygon","coordinates":[[[32.1028,0.1066],[32.1079,0.116],[32.1129,0.1139],[32.1086,0.0927],[32.1028,0.1066]]]},"properties":{"key":"196","name":"Kabulego","class":"official_forest_reserve","areaHa":169,"observed":true}},{"type":"Feature","geometry":{"type":"Polygon","coordinates":[[[33.9305,1.066],[33.9365,1.0623],[33.9289,1.0633],[33.9305,1.066]]]},"properties":{"key":"197","name":"Kabuna","class":"official_forest_reserve","areaHa":30,"observed":true}},{"type":"Feature","geometry":{"type":"Polygon","coordinates":[[[32.1175,0.0438],[32.1268,0.029],[32.112,0.0287],[32.1175,0.0438]]]},"properties":{"key":"198","name":"Kabuye","class":"official_forest_reserve","areaHa":147,"observed":true}},{"type":"Feature","geometry":{"type":"Polygon","coordinates":[[[32.1934,1.2041],[32.3274,1.207],[32.3007,1.153],[32.206,1.1429],[32.1934,1.2041]]]},"properties":{"key":"199","name":"Kabwika - Mujwalanganda","class":"official_forest_reserve","areaHa":8291,"observed":true}},{"type":"Feature","geometry":{"type":"Polygon","coordinates":[[[30.3774,-0.5831],[30.3791,-0.5829],[30.3776,-0.5844],[30.3774,-0.5831]]]},"properties":{"key":"200","name":"Kabwohe","class":"official_forest_reserve","areaHa":3,"observed":true}},{"type":"Feature","geometry":{"type":"Polygon","coordinates":[[[33.3214,1.7496],[33.3148,1.7537],[33.3291,1.7875],[33.3334,1.7665],[33.3214,1.7496]]]},"properties":{"key":"201","name":"Kachogogweno","class":"official_forest_reserve","areaHa":409,"observed":true}},{"type":"Feature","geometry":{"type":"Polygon","coordinates":[[[34.0756,1.247],[34.0766,1.2478],[34.0806,1.2427],[34.0756,1.247]]]},"properties":{"key":"202","name":"Kachumbala","class":"official_forest_reserve","areaHa":21,"observed":true}},{"type":"Feature","geometry":{"type":"Polygon","coordinates":[[[32.9209,1.9907],[32.9189,2.0264],[32.9902,2.0306],[32.9964,1.9967],[32.969,1.9864],[32.9209,1.9907]]]},"properties":{"key":"203","name":"Kachung","class":"official_forest_reserve","areaHa":3643,"observed":true}},{"type":"Feature","geometry":{"type":"Polygon","coordinates":[[[34.6202,1.6881],[34.6286,1.7416],[34.646,1.7416],[34.6567,1.7584],[34.6199,1.7631],[34.6195,1.785],[34.6333,1.7956],[34.6041,1.7943],[34.5858,1.8439],[34.6188,1.8516],[34.6279,1.8323],[34.6348,1.8673],[34.6872,1.82],[34.7012,1.8355],[34.7109,1.8259],[34.7238,1.8353],[34.7322,1.8192],[34.785,1.8752],[34.8186,1.8819],[34.8579,1.8539],[34.8653,1.7885],[34.8537,1.7681],[34.8404,1.7513],[34.8092,1.7652],[34.7778,1.7573],[34.7738,1.7018],[34.7425,1.6844],[34.6202,1.6881]]]},"properties":{"key":"204","name":"Kadam","class":"official_forest_reserve","areaHa":40874,"observed":true}},{"type":"Feature","geometry":{"type":"Polygon","coordinates":[[[30.9778,3.318],[30.9961,3.3598],[31.0074,3.3552],[30.9941,3.3394],[31.0072,3.3367],[30.986,3.3284],[30.9941,3.3063],[30.9778,3.318]]]},"properties":{"key":"205","name":"Kadre","class":"official_forest_reserve","areaHa":778,"observed":true}},{"type":"Feature","geometry":{"type":"Polygon","coordinates":[[[31.9412,1.736],[31.9098,1.7434],[31.94,1.7558],[31.9493,1.7388],[31.9412,1.736]]]},"properties":{"key":"206","name":"Kaduku","class":"official_forest_reserve","areaHa":558,"observed":true}},{"type":"Feature","geometry":{"type":"Polygon","coordinates":[[[30.8884,2.7105],[30.8842,2.7302],[30.8913,2.7623],[30.9103,2.7787],[30.9311,2.7583],[30.9259,2.7226],[30.9114,2.7094],[30.8884,2.7105]]]},"properties":{"key":"207","name":"Kafu","class":"official_forest_reserve","areaHa":2636,"observed":true}},{"type":"Feature","geometry":{"type":"Polygon","coordinates":[[[33.1216,0.263],[33.1327,0.2434],[33.1078,0.241],[33.1216,0.263]]]},"properties":{"key":"208","name":"Kafumbi","class":"official_forest_reserve","areaHa":335,"observed":true}},{"type":"Feature","geometry":{"type":"Polygon","coordinates":[[[30.8211,0.9305],[30.8247,0.9341],[30.8226,0.9291],[30.8211,0.9305]]]},"properties":{"key":"209","name":"Kagadi","class":"official_forest_reserve","areaHa":12,"observed":true}},{"type":"Feature","geometry":{"type":"MultiPolygon","coordinates":[[[[32.3472,0.9003],[32.3536,0.926],[32.3715,0.9228],[32.3647,0.8925],[32.3472,0.9003]]],[[[32.0074,0.6944],[32.0156,0.7129],[32.0049,0.7252],[31.9967,0.7165],[31.9843,0.7492],[32.0245,0.7193],[32.024,0.6882],[32.0074,0.6944]],[[32.0182,0.703],[32.0154,0.7026],[32.0166,0.6992],[32.0182,0.703]]],[[[29.9229,-0.7768],[29.9236,-0.7766],[29.9237,-0.7784],[29.9229,-0.7768]]]]},"properties":{"key":"210","name":"Kagogo","class":"official_forest_reserve","areaHa":1402,"observed":true}},{"type":"Feature","geometry":{"type":"Polygon","coordinates":[[[33.1911,0.575],[33.2035,0.5843],[33.202,0.6016],[33.2094,0.5912],[33.2047,0.5679],[33.1911,0.575]]]},"properties":{"key":"211","name":"Kagoma","class":"official_forest_reserve","areaHa":279,"observed":true}},{"type":"Feature","geometry":{"type":"Polygon","coordinates":[[[30.6761,0.8063],[30.6553,0.771],[30.6317,0.7705],[30.6524,0.8705],[30.6029,0.8959],[30.5991,0.8785],[30.5963,0.8965],[30.5659,0.9093],[30.5654,0.9254],[30.5903,0.931],[30.6592,0.8964],[30.6716,0.8954],[30.6804,0.9112],[30.7083,0.8817],[30.7491,0.8822],[30.7659,0.8573],[30.8149,0.841],[30.8615,0.8484],[30.8605,0.8638],[30.9041,0.8922],[30.912,0.8811],[30.8961,0.8647],[30.933,0.8513],[30.9197,0.8382],[30.9248,0.8161],[30.913,0.796],[30.9309,0.7927],[30.9496,0.8298],[30.9684,0.8402],[30.9931,0.818],[30.9757,0.8158],[30.9751,0.8061],[30.9901,0.8066],[30.9876,0.7707],[30.9677,0.7673],[30.9696,0.7497],[30.9367,0.7566],[30.9189,0.7446],[30.907,0.7609],[30.9241,0.6588],[30.8995,0.628],[30.8738,0.6776],[30.8857,0.7044],[30.8694,0.7279],[30.8985,0.7663],[30.8437,0.8085],[30.8418,0.8272],[30.8293,0.8244],[30.8206,0.8386],[30.7863,0.8322],[30.7248,0.8767],[30.6867,0.8833],[30.6782,0.8786],[30.6874,0.835],[30.6679,0.8128],[30.6761,0.8063]]]},"properties":{"key":"212","name":"Kagombe","class":"official_forest_reserve","areaHa":30063,"observed":true}},{"type":"Feature","geometry":{"type":"Polygon","coordinates":[[[31.9318,0.1902],[31.9365,0.1888],[31.9251,0.1822],[31.9318,0.1902]]]},"properties":{"key":"213","name":"Kagongo","class":"official_forest_reserve","areaHa":124,"observed":true}},{"type":"Feature","geometry":{"type":"Polygon","coordinates":[[[30.6295,0.7511],[30.5913,0.7502],[30.6133,0.7886],[30.6319,0.7711],[30.6295,0.7511]]]},"properties":{"key":"214","name":"Kagorra","class":"official_forest_reserve","areaHa":1275,"observed":true}},{"type":"Feature","geometry":{"type":"Polygon","coordinates":[[[33.0981,1.4793],[33.0941,1.4963],[33.1091,1.4961],[33.1082,1.4801],[33.0981,1.4793]]]},"properties":{"key":"215","name":"Kagwara","class":"official_forest_reserve","areaHa":374,"observed":true}},{"type":"Feature","geometry":{"type":"Polygon","coordinates":[[[30.4366,0.326],[30.4366,0.327],[30.4391,0.3251],[30.4366,0.326]]]},"properties":{"key":"216","name":"Kahunge","class":"official_forest_reserve","areaHa":5,"observed":true}},{"type":"Feature","geometry":{"type":"Polygon","coordinates":[[[31.3712,1.2974],[31.4108,1.2999],[31.4137,1.2709],[31.3926,1.2698],[31.3712,1.2974]]]},"properties":{"key":"217","name":"Kahurukobwire","class":"official_forest_reserve","areaHa":1048,"observed":true}},{"type":"Feature","geometry":{"type":"MultiPolygon","coordinates":[[[[31.5109,-0.9592],[31.5113,-0.9617],[31.5052,-0.9641],[31.5109,-0.9592]]],[[[31.4951,-0.9949],[31.5056,-0.9864],[31.4934,-0.9696],[31.5064,-0.9809],[31.5058,-0.969],[31.5244,-0.9697],[31.5221,-0.9578],[31.4894,-0.9475],[31.4897,-0.9304],[31.5487,-0.9757],[31.5269,-1.0008],[31.4951,-0.9949]]]]},"properties":{"key":"218","name":"Kaiso","class":"official_forest_reserve","areaHa":1891,"observed":true}},{"type":"Feature","geometry":{"type":"Polygon","coordinates":[[[32.512,0.2357],[32.5147,0.2459],[32.5402,0.2267],[32.5318,0.2109],[32.512,0.2357]]]},"properties":{"key":"219","name":"Kajansi","class":"official_forest_reserve","areaHa":312,"observed":true}},{"type":"Feature","geometry":{"type":"Polygon","coordinates":[[[32.0415,0.372],[32.0601,0.372],[32.0462,0.3616],[32.025,0.3377],[32.0415,0.372]]]},"properties":{"key":"220","name":"Kajonde","class":"official_forest_reserve","areaHa":346,"observed":true}},{"type":"Feature","geometry":{"type":"Polygon","coordinates":[[[30.3283,-0.1114],[30.3476,-0.1388],[30.3377,-0.1408],[30.3067,-0.1286],[30.3283,-0.1114]]]},"properties":{"key":"221","name":"Kakasi","class":"official_forest_reserve","areaHa":789,"observed":true}},{"type":"Feature","geometry":{"type":"Polygon","coordinates":[[[33.296,0.219],[33.3272,0.2517],[33.3167,0.2292],[33.3208,0.2012],[33.296,0.219]]]},"properties":{"key":"222","name":"Kakonwa","class":"official_forest_reserve","areaHa":757,"observed":true}},{"type":"Feature","geometry":{"type":"Polygon","coordinates":[[[31.3331,0.7784],[31.3326,0.7775],[31.3274,0.7792],[31.3331,0.7784]]]},"properties":{"key":"223","name":"Kakumiro","class":"official_forest_reserve","areaHa":26,"observed":true}},{"type":"Feature","geometry":{"type":"Polygon","coordinates":[[[32.6067,0.6256],[32.6002,0.6291],[32.6074,0.6289],[32.6067,0.6256]]]},"properties":{"key":"224","name":"Kalagala (Busakwa)","class":"official_forest_reserve","areaHa":16,"observed":true}},{"type":"Feature","geometry":{"type":"Polygon","coordinates":[[[33.042,0.5978],[33.0502,0.5988],[33.067,0.5789],[33.042,0.5978]]]},"properties":{"key":"225","name":"Kalagala Falls","class":"official_forest_reserve","areaHa":100,"observed":true}},{"type":"Feature","geometry":{"type":"MultiPolygon","coordinates":[[[[32.4586,0.1538],[32.4436,0.1951],[32.4674,0.1606],[32.4581,0.1296],[32.4586,0.1538]]],[[[32.1467,0.0888],[32.1445,0.0973],[32.159,0.1009],[32.159,0.0874],[32.1467,0.0888]]]]},"properties":{"key":"226","name":"Kalandazi","class":"official_forest_reserve","areaHa":593,"observed":true}},{"type":"Feature","geometry":{"type":"Polygon","coordinates":[[[32.3753,0.1006],[32.4022,0.1112],[32.4025,0.1029],[32.3834,0.0921],[32.3753,0.1006]]]},"properties":{"key":"227","name":"Kalangalo","class":"official_forest_reserve","areaHa":333,"observed":true}},{"type":"Feature","geometry":{"type":"Polygon","coordinates":[[[30.0402,-0.3876],[30.0505,-0.3564],[30.0562,-0.2876],[30.0864,-0.314],[30.0901,-0.3489],[30.1137,-0.3725],[30.0845,-0.4225],[30.0901,-0.4394],[30.0741,-0.4904],[30.0241,-0.5054],[30.026,-0.4762],[30.0081,-0.4385],[30.0222,-0.3781],[30.0402,-0.3876]]]},"properties":{"key":"228","name":"Kalinzu","class":"official_forest_reserve","areaHa":14065,"observed":true}},{"type":"Feature","geometry":{"type":"Polygon","coordinates":[[[33.5069,0.8705],[33.4913,0.8858],[33.4939,0.8872],[33.5123,0.8784],[33.5069,0.8705]]]},"properties":{"key":"229","name":"Kaliro","class":"official_forest_reserve","areaHa":105,"observed":true}},{"type":"Feature","geometry":{"type":"Polygon","coordinates":[[[31.9069,0.1364],[31.9167,0.1465],[31.911,0.1317],[31.9069,0.1364]]]},"properties":{"key":"230","name":"Kalo","class":"official_forest_reserve","areaHa":77,"observed":true}},{"type":"Feature","geometry":{"type":"Polygon","coordinates":[[[31.5811,0.1166],[31.597,0.1414],[31.5841,0.1539],[31.5757,0.1477],[31.5615,0.1755],[31.5733,0.1922],[31.6132,0.2019],[31.6211,0.1784],[31.6083,0.1753],[31.6129,0.1429],[31.6456,0.1558],[31.588,0.108],[31.5811,0.1166]]]},"properties":{"key":"231","name":"Kalombi","class":"official_forest_reserve","areaHa":3806,"observed":true}},{"type":"Feature","geometry":{"type":"Polygon","coordinates":[[[31.7643,-0.1947],[31.7605,-0.1989],[31.7586,-0.1994],[31.7643,-0.1947]]]},"properties":{"key":"232","name":"Kalungu","class":"official_forest_reserve","areaHa":18,"observed":true}},{"type":"Feature","geometry":{"type":"Polygon","coordinates":[[[34.0086,1.3335],[34.0108,1.3392],[34.0101,1.3263],[34.0086,1.3335]]]},"properties":{"key":"233","name":"Kamachya","class":"official_forest_reserve","areaHa":24,"observed":true}},{"type":"Feature","geometry":{"type":"Polygon","coordinates":[[[32.3122,-0.186],[32.3209,-0.1853],[32.3175,-0.1973],[32.3122,-0.186]]]},"properties":{"key":"234","name":"Kamera","class":"official_forest_reserve","areaHa":125,"observed":true}},{"type":"Feature","geometry":{"type":"Polygon","coordinates":[[[33.2565,0.6187],[33.2625,0.6185],[33.26,0.6124],[33.2565,0.6187]]]},"properties":{"key":"235","name":"Kamigo","class":"official_forest_reserve","areaHa":37,"observed":true}},{"type":"Feature","geometry":{"type":"Polygon","coordinates":[[[32.0548,-0.2494],[32.0698,-0.2475],[32.0581,-0.2575],[32.0548,-0.2494]]]},"properties":{"key":"236","name":"Kampala","class":"official_forest_reserve","areaHa":137,"observed":true}},{"type":"Feature","geometry":{"type":"Polygon","coordinates":[[[32.4978,-0.4887],[32.4977,-0.4892],[32.4947,-0.4897],[32.4978,-0.4887]]]},"properties":{"key":"237","name":"Kamukulu","class":"official_forest_reserve","areaHa":5,"observed":true}},{"type":"Feature","geometry":{"type":"Polygon","coordinates":[[[33.1163,0.9596],[33.1175,0.961],[33.1176,0.958],[33.1163,0.9596]]]},"properties":{"key":"238","name":"Kamuli","class":"official_forest_reserve","areaHa":5,"observed":true}},{"type":"Feature","geometry":{"type":"MultiPolygon","coordinates":[[[[32.862,1.1531],[32.8526,1.1591],[32.8529,1.1701],[32.8742,1.1656],[32.862,1.1531]]],[[[32.0296,1.1236],[32.0232,1.147],[32.0891,1.1845],[32.1015,1.1855],[32.1523,1.1367],[32.0848,1.1237],[32.073,1.1324],[32.0708,1.1124],[32.0296,1.1236]]]]},"properties":{"key":"239","name":"Kamusenene","class":"official_forest_reserve","areaHa":6393,"observed":true}},{"type":"Feature","geometry":{"type":"Polygon","coordinates":[[[30.9323,0.9008],[30.9213,0.9068],[30.942,0.9324],[30.9651,0.9128],[30.9473,0.9164],[30.9323,0.9008]]]},"properties":{"key":"240","name":"Kanaga","class":"official_forest_reserve","areaHa":660,"observed":true}},{"type":"Feature","geometry":{"type":"Polygon","coordinates":[[[31.4724,0.7822],[31.4452,0.7967],[31.4568,0.8118],[31.4825,0.8062],[31.4995,0.8313],[31.527,0.8008],[31.5145,0.7826],[31.5025,0.8041],[31.4814,0.7626],[31.4724,0.7822]]]},"properties":{"key":"241","name":"Kanangalo","class":"official_forest_reserve","areaHa":2655,"observed":true}},{"type":"Feature","geometry":{"type":"Polygon","coordinates":[[[31.45,1.4104],[31.4435,1.4293],[31.4586,1.4393],[31.4697,1.4321],[31.4617,1.4189],[31.478,1.4174],[31.4832,1.4447],[31.4586,1.4449],[31.4713,1.4695],[31.4909,1.4659],[31.5011,1.4873],[31.5088,1.4702],[31.501,1.4505],[31.4865,1.4497],[31.4934,1.4258],[31.4794,1.4022],[31.45,1.4104]]]},"properties":{"key":"242","name":"Kandanda - Ngobya","class":"official_forest_reserve","areaHa":2565,"observed":true}},{"type":"Feature","geometry":{"type":"Polygon","coordinates":[[[33.2968,0.1348],[33.3004,0.1262],[33.2836,0.127],[33.2968,0.1348]]]},"properties":{"key":"243","name":"Kande","class":"official_forest_reserve","areaHa":237,"observed":true}},{"type":"Feature","geometry":{"type":"Polygon","coordinates":[[[33.0861,1.7915],[33.0872,1.7918],[33.0894,1.7859],[33.0861,1.7915]]]},"properties":{"key":"244","name":"Kangai","class":"official_forest_reserve","areaHa":15,"observed":true}},{"type":"Feature","geometry":{"type":"Polygon","coordinates":[[[34.1163,0.8586],[34.1185,0.8606],[34.1203,0.8565],[34.1163,0.8586]]]},"properties":{"key":"245","name":"Kanginima","class":"official_forest_reserve","areaHa":16,"observed":true}},{"type":"Feature","geometry":{"type":"Polygon","coordinates":[[[30.8328,2.6424],[30.8342,2.6493],[30.8347,2.6421],[30.8328,2.6424]]]},"properties":{"key":"246","name":"Kango","class":"official_forest_reserve","areaHa":19,"observed":true}},{"type":"Feature","geometry":{"type":"Polygon","coordinates":[[[29.785,-0.6833],[29.789,-0.6876],[29.7819,-0.6867],[29.785,-0.6833]]]},"properties":{"key":"247","name":"Kaniabizo","class":"official_forest_reserve","areaHa":39,"observed":true}},{"type":"Feature","geometry":{"type":"Polygon","coordinates":[[[32.434,0.1324],[32.4416,0.1484],[32.4286,0.1487],[32.4299,0.1658],[32.4442,0.1568],[32.4424,0.1316],[32.434,0.1324]]]},"properties":{"key":"248","name":"Kanjaza","class":"official_forest_reserve","areaHa":318,"observed":true}},{"type":"Feature","geometry":{"type":"Polygon","coordinates":[[[33.6024,2.6092],[33.6177,2.6246],[33.6157,2.643],[33.5855,2.6549],[33.5638,2.6322],[33.5483,2.6548],[33.546,2.7006],[33.5867,2.7076],[33.6236,2.6886],[33.6494,2.7098],[33.632,2.5927],[33.6024,2.6092]]]},"properties":{"key":"249","name":"Kano","class":"official_forest_reserve","areaHa":8260,"observed":true}},{"type":"Feature","geometry":{"type":"Polygon","coordinates":[[[29.8592,0.0371],[29.8626,0.0365],[29.8585,0.0293],[29.8592,0.0371]]]},"properties":{"key":"250","name":"Kanyampara","class":"official_forest_reserve","areaHa":62,"observed":true}},{"type":"Feature","geometry":{"type":"Polygon","coordinates":[[[34.4513,1.4003],[34.4516,1.4019],[34.4538,1.3999],[34.4513,1.4003]]]},"properties":{"key":"251","name":"Kapchorwa","class":"official_forest_reserve","areaHa":6,"observed":true}},{"type":"Feature","geometry":{"type":"Polygon","coordinates":[[[32.1016,0.9399],[32.0835,0.962],[32.0539,0.9585],[32.0136,1.0023],[32.0342,1.0271],[32.0654,1.02],[32.0616,1.0348],[32.0985,1.026],[32.0991,1.0055],[32.078,0.9826],[32.1018,0.9774],[32.1057,0.9858],[32.1341,0.9658],[32.1016,0.9399]]]},"properties":{"key":"252","name":"Kapimpini","class":"official_forest_reserve","areaHa":6078,"observed":true}},{"type":"Feature","geometry":{"type":"Polygon","coordinates":[[[32.0497,0.2559],[32.0369,0.2572],[32.034,0.246],[32.0368,0.2812],[32.0252,0.2662],[32.0275,0.2926],[32.0128,0.2979],[32.0092,0.3197],[32.0342,0.3065],[32.0476,0.3234],[32.0414,0.2679],[32.0497,0.2559]]]},"properties":{"key":"253","name":"Kasa","class":"official_forest_reserve","areaHa":1407,"observed":true}},{"type":"Feature","geometry":{"type":"Polygon","coordinates":[[[32.4612,1.1023],[32.4615,1.117],[32.4862,1.1186],[32.4837,1.128],[32.4624,1.1227],[32.4657,1.1503],[32.4951,1.1425],[32.5169,1.162],[32.5401,1.1602],[32.5109,1.1991],[32.4785,1.1786],[32.4746,1.188],[32.4621,1.1835],[32.4641,1.2107],[32.4812,1.2201],[32.4903,1.2103],[32.516,1.2327],[32.5419,1.2294],[32.5567,1.2065],[32.5853,1.2095],[32.5792,1.1677],[32.5569,1.1543],[32.5548,1.1311],[32.5198,1.1279],[32.5002,1.0934],[32.4612,1.1023]]]},"properties":{"key":"254","name":"Kasagala","class":"official_forest_reserve","areaHa":10346,"observed":true}},{"type":"Feature","geometry":{"type":"Polygon","coordinates":[[[32.8123,0.2822],[32.8132,0.2639],[32.7866,0.2655],[32.8123,0.2822]]]},"properties":{"key":"255","name":"Kasala","class":"official_forest_reserve","areaHa":289,"observed":true}},{"type":"Feature","geometry":{"type":"Polygon","coordinates":[[[31.4334,0.4714],[31.44,0.495],[31.4722,0.5183],[31.4545,0.5323],[31.4685,0.5627],[31.5191,0.5632],[31.5049,0.5371],[31.5116,0.5226],[31.4763,0.5156],[31.4862,0.4964],[31.476,0.4513],[31.4334,0.4714]]]},"properties":{"key":"256","name":"Kasana - Kasambya","class":"official_forest_reserve","areaHa":5089,"observed":true}},{"type":"Feature","geometry":{"type":"Polygon","coordinates":[[[31.0291,1.1159],[31.065,1.1278],[31.0767,1.1464],[31.0858,1.1325],[31.1005,1.1418],[31.1113,1.1011],[31.036,1.1053],[31.0291,1.1159]]]},"properties":{"key":"257","name":"Kasato","class":"official_forest_reserve","areaHa":2682,"observed":true}},{"type":"Feature","geometry":{"type":"Polygon","coordinates":[[[31.8387,0.8665],[31.8444,0.8741],[31.8486,0.864],[31.8387,0.8665]]]},"properties":{"key":"258","name":"Kasega","class":"official_forest_reserve","areaHa":105,"observed":true}},{"type":"Feature","geometry":{"type":"Polygon","coordinates":[[[31.4076,0.5631],[31.391,0.5644],[31.4109,0.5654],[31.4194,0.5548],[31.4071,0.5482],[31.4093,0.5608],[31.4027,0.547],[31.4076,0.5631]]]},"properties":{"key":"259","name":"Kasenyi","class":"official_forest_reserve","areaHa":199,"observed":true}},{"type":"Feature","geometry":{"type":"Polygon","coordinates":[[[31.6293,1.6572],[31.6438,1.6537],[31.6504,1.6683],[31.6468,1.6505],[31.6293,1.6572]]]},"properties":{"key":"260","name":"Kasokwa","class":"official_forest_reserve","areaHa":68,"observed":true}},{"type":"Feature","geometry":{"type":"Polygon","coordinates":[[[31.2712,0.2989],[31.2565,0.3231],[31.2628,0.3559],[31.2794,0.3749],[31.2924,0.3672],[31.3387,0.3782],[31.3214,0.3478],[31.3054,0.3566],[31.2835,0.3407],[31.2902,0.3007],[31.2712,0.2989]]]},"properties":{"key":"261","name":"Kasolo","class":"official_forest_reserve","areaHa":3171,"observed":true}},{"type":"Feature","geometry":{"type":"Polygon","coordinates":[[[31.4684,1.5482],[31.4233,1.5391],[31.4338,1.5655],[31.4689,1.5731],[31.4796,1.5918],[31.5092,1.5708],[31.5395,1.5815],[31.5539,1.6036],[31.5493,1.5825],[31.5302,1.5671],[31.4793,1.5676],[31.4684,1.5482]]]},"properties":{"key":"262","name":"Kasongoire","class":"official_forest_reserve","areaHa":3083,"observed":true}},{"type":"Feature","geometry":{"type":"Polygon","coordinates":[[[31.8055,-0.3055],[31.8103,-0.3185],[31.7938,-0.3257],[31.8055,-0.3055]]]},"properties":{"key":"263","name":"Kasonke","class":"official_forest_reserve","areaHa":132,"observed":true}},{"type":"Feature","geometry":{"type":"MultiPolygon","coordinates":[[[[32.5735,0.5317],[32.5752,0.5271],[32.5677,0.5267],[32.5735,0.5317]]],[[[32.9101,0.519],[32.9101,0.5192],[32.9102,0.5191],[32.9101,0.519]]],[[[32.9101,0.5154],[32.9092,0.5173],[32.9092,0.5176],[32.9101,0.5154]]],[[[32.963,0.5112],[32.9634,0.5106],[32.9594,0.5047],[32.963,0.5112]]],[[[32.9091,0.5113],[32.9146,0.5064],[32.9062,0.503],[32.9091,0.5113]]],[[[32.9835,0.4956],[32.9837,0.4966],[32.9838,0.497],[32.9835,0.4956]]]]},"properties":{"key":"264","name":"Kasozi","class":"official_forest_reserve","areaHa":156,"observed":true}},{"type":"Feature","geometry":{"type":"Polygon","coordinates":[[[32.7587,0.1638],[32.7684,0.149],[32.7615,0.1525],[32.7587,0.1638]]]},"properties":{"key":"265","name":"Kasulo","class":"official_forest_reserve","areaHa":58,"observed":true}},{"type":"Feature","geometry":{"type":"Polygon","coordinates":[[[32.0515,0.1432],[32.0521,0.1425],[32.0426,0.138],[32.0515,0.1432]]]},"properties":{"key":"266","name":"Kaswera","class":"official_forest_reserve","areaHa":57,"observed":true}},{"type":"Feature","geometry":{"type":"Polygon","coordinates":[[[30.3379,-0.2471],[30.3165,-0.2395],[30.3031,-0.2759],[30.2905,-0.272],[30.2778,-0.2941],[30.2908,-0.3029],[30.2671,-0.3302],[30.27,-0.3672],[30.2489,-0.3755],[30.2437,-0.394],[30.2247,-0.4015],[30.2006,-0.3811],[30.1295,-0.3772],[30.0988,-0.3597],[30.1,-0.349],[30.1262,-0.3665],[30.1516,-0.3593],[30.113,-0.349],[30.1286,-0.3368],[30.126,-0.3041],[30.1507,-0.288],[30.1519,-0.246],[30.2042,-0.2356],[30.2288,-0.2513],[30.2379,-0.2243],[30.2236,-0.2061],[30.2584,-0.1892],[30.2673,-0.1537],[30.2804,-0.165],[30.3016,-0.1239],[30.3394,-0.1409],[30.3323,-0.1582],[30.3713,-0.2243],[30.3379,-0.2471]]]},"properties":{"key":"267","name":"Kasyoha - Kitomi","class":"official_forest_reserve","areaHa":38461,"observed":true}},{"type":"Feature","geometry":{"type":"Polygon","coordinates":[[[32.2766,0.3408],[32.308,0.3169],[32.2967,0.3085],[32.311,0.266],[32.3074,0.2511],[32.3018,0.2825],[32.2837,0.2907],[32.2779,0.2777],[32.2646,0.32],[32.2766,0.3408]]]},"properties":{"key":"268","name":"Katabalalu","class":"official_forest_reserve","areaHa":1787,"observed":true}},{"type":"Feature","geometry":{"type":"Polygon","coordinates":[[[33.5072,1.4753],[33.5139,1.475],[33.5032,1.4623],[33.5072,1.4753]]]},"properties":{"key":"269","name":"Katenta","class":"official_forest_reserve","areaHa":159,"observed":true}},{"type":"Feature","geometry":{"type":"MultiPolygon","coordinates":[[[[31.0729,0.4863],[31.0753,0.4862],[31.0727,0.4846],[31.0729,0.4863]]],[[[33.0754,0.4817],[33.0768,0.4802],[33.0741,0.478],[33.0754,0.4817]]],[[[33.0853,0.4703],[33.0868,0.4728],[33.087,0.473],[33.0853,0.4703]]],[[[32.9132,0.4621],[32.9132,0.4624],[32.9133,0.4626],[32.9132,0.4621]]],[[[32.8969,0.4819],[32.911,0.4646],[32.9004,0.4643],[32.8969,0.4819]]],[[[32.9451,0.4545],[32.9451,0.4555],[32.9451,0.4547],[32.9451,0.4545]]]]},"properties":{"key":"270","name":"Kateta","class":"official_forest_reserve","areaHa":246,"observed":true}},{"type":"Feature","geometry":{"type":"Polygon","coordinates":[[[32.3774,1.1675],[32.3598,1.1683],[32.3546,1.189],[32.4082,1.1772],[32.416,1.1587],[32.4419,1.175],[32.4264,1.1988],[32.4571,1.1983],[32.4524,1.1748],[32.4654,1.1603],[32.4241,1.1318],[32.3774,1.1675]]]},"properties":{"key":"271","name":"Katuugo","class":"official_forest_reserve","areaHa":3486,"observed":true}},{"type":"Feature","geometry":{"type":"Polygon","coordinates":[[[32.2502,0.1011],[32.2565,0.0917],[32.2384,0.0929],[32.2502,0.1011]]]},"properties":{"key":"272","name":"Kavunda","class":"official_forest_reserve","areaHa":140,"observed":true}},{"type":"Feature","geometry":{"type":"Polygon","coordinates":[[[31.3937,0.5897],[31.3996,0.6047],[31.4344,0.5997],[31.4373,0.572],[31.422,0.5792],[31.4184,0.5689],[31.3937,0.5897]]]},"properties":{"key":"273","name":"Kaweri","class":"official_forest_reserve","areaHa":1231,"observed":true}},{"type":"Feature","geometry":{"type":"Polygon","coordinates":[[[31.1902,0.0786],[31.1706,0.0982],[31.1449,0.0803],[31.1409,0.0946],[31.1293,0.0924],[31.1357,0.1551],[31.1481,0.1637],[31.2362,0.1582],[31.1902,0.0786]]]},"properties":{"key":"274","name":"Kazooba","class":"official_forest_reserve","areaHa":7327,"observed":true}},{"type":"Feature","geometry":{"type":"Polygon","coordinates":[[[30.012,-0.8612],[30.0142,-0.8593],[30.0139,-0.8627],[30.012,-0.8612]]]},"properties":{"key":"275","name":"Kebisoni","class":"official_forest_reserve","areaHa":6,"observed":true}},{"type":"Feature","geometry":{"type":"Polygon","coordinates":[[[33.0065,0.0703],[33.0096,0.0639],[32.9984,0.0632],[33.0065,0.0703]]]},"properties":{"key":"276","name":"Kerenge","class":"official_forest_reserve","areaHa":75,"observed":true}},{"type":"Feature","geometry":{"type":"Polygon","coordinates":[[[32.1494,2.8211],[32.1786,2.83],[32.1852,2.816],[32.1683,2.8048],[32.1494,2.8211]]]},"properties":{"key":"277","name":"Keyo","class":"official_forest_reserve","areaHa":782,"observed":true}},{"type":"Feature","geometry":{"type":"Polygon","coordinates":[[[31.0771,0.7818],[31.0782,0.7833],[31.078,0.7817],[31.0771,0.7818]]]},"properties":{"key":"278","name":"Kibale","class":"official_forest_reserve","areaHa":1,"observed":true}},{"type":"Feature","geometry":{"type":"Polygon","coordinates":[[[32.1217,1.8511],[32.2164,1.9481],[32.2539,1.9188],[32.1571,1.8025],[32.1217,1.8511]]]},"properties":{"key":"279","name":"Kibeka","class":"official_forest_reserve","areaHa":9648,"observed":true}},{"type":"Feature","geometry":{"type":"MultiPolygon","coordinates":[[[[33.4338,1.5],[33.435,1.4995],[33.4343,1.4956],[33.4338,1.5]]],[[[33.4913,1.4347],[33.4895,1.4245],[33.4812,1.4216],[33.4913,1.4347]]]]},"properties":{"key":"280","name":"Kidetok","class":"official_forest_reserve","areaHa":129,"observed":true}},{"type":"Feature","geometry":{"type":"Polygon","coordinates":[[[33.2911,0.9103],[33.2928,0.9107],[33.2918,0.9084],[33.2911,0.9103]]]},"properties":{"key":"281","name":"Kidiki","class":"official_forest_reserve","areaHa":11,"observed":true}},{"type":"Feature","geometry":{"type":"Polygon","coordinates":[[[32.7477,0.4415],[32.7461,0.4303],[32.7303,0.4371],[32.7477,0.4415]]]},"properties":{"key":"282","name":"Kifu","class":"official_forest_reserve","areaHa":144,"observed":true}},{"type":"Feature","geometry":{"type":"Polygon","coordinates":[[[32.7346,0.2473],[32.7362,0.2648],[32.7465,0.2528],[32.7421,0.2409],[32.7346,0.2473]]]},"properties":{"key":"283","name":"Kifunvwe","class":"official_forest_reserve","areaHa":189,"observed":true}},{"type":"Feature","geometry":{"type":"Polygon","coordinates":[[[31.7406,-0.7102],[31.7481,-0.7161],[31.7205,-0.734],[31.7406,-0.7102]]]},"properties":{"key":"284","name":"Kigona","class":"official_forest_reserve","areaHa":351,"observed":true}},{"type":"Feature","geometry":{"type":"Polygon","coordinates":[[[31.6991,-0.6767],[31.7117,-0.6681],[31.7007,-0.6575],[31.7092,-0.6583],[31.7231,-0.6831],[31.722,-0.6977],[31.7043,-0.7063],[31.6991,-0.6767]]]},"properties":{"key":"285","name":"Kigona River","class":"official_forest_reserve","areaHa":903,"observed":true}},{"type":"Feature","geometry":{"type":"Polygon","coordinates":[[[31.7412,1.6941],[31.7744,1.6999],[31.7723,1.6956],[31.7446,1.6806],[31.7412,1.6941]]]},"properties":{"key":"286","name":"Kigulya Hill","class":"official_forest_reserve","areaHa":413,"observed":true}},{"type":"Feature","geometry":{"type":"Polygon","coordinates":[[[31.2521,0.8879],[31.2831,0.8879],[31.2852,0.8744],[31.2652,0.867],[31.2521,0.8879]]]},"properties":{"key":"287","name":"Kihaimira","class":"official_forest_reserve","areaHa":550,"observed":true}},{"type":"Feature","geometry":{"type":"Polygon","coordinates":[[[29.6951,-0.7638],[29.7012,-0.7558],[29.6987,-0.7644],[29.6951,-0.7638]]]},"properties":{"key":"288","name":"Kihihi","class":"official_forest_reserve","areaHa":36,"observed":true}},{"type":"Feature","geometry":{"type":"Polygon","coordinates":[[[31.272,-0.6177],[31.3002,-0.6034],[31.3004,-0.5922],[31.2789,-0.5929],[31.2988,-0.5697],[31.3055,-0.5904],[31.3359,-0.5767],[31.3532,-0.5876],[31.347,-0.6025],[31.3242,-0.6054],[31.3347,-0.6162],[31.3236,-0.6292],[31.3169,-0.6206],[31.2938,-0.6444],[31.272,-0.6177]]]},"properties":{"key":"289","name":"Kijanebalola","class":"official_forest_reserve","areaHa":3019,"observed":true}},{"type":"Feature","geometry":{"type":"Polygon","coordinates":[[[32.3122,-0.4062],[32.3172,-0.3861],[32.3276,-0.3999],[32.3226,-0.4116],[32.3122,-0.4062]]]},"properties":{"key":"290","name":"Kijogolo","class":"official_forest_reserve","areaHa":281,"observed":true}},{"type":"Feature","geometry":{"type":"Polygon","coordinates":[[[31.3013,1.4342],[31.3033,1.4305],[31.2989,1.4297],[31.3013,1.4342]]]},"properties":{"key":"291","name":"Kijubya","class":"official_forest_reserve","areaHa":26,"observed":true}},{"type":"Feature","geometry":{"type":"Polygon","coordinates":[[[31.0967,0.9441],[31.0808,0.9723],[31.1058,0.9645],[31.0965,0.9834],[31.1136,0.9892],[31.1034,0.9982],[31.1182,1.0087],[31.1216,0.9977],[31.1193,0.969],[31.0967,0.9441]]]},"properties":{"key":"292","name":"Kijuna","class":"official_forest_reserve","areaHa":1160,"observed":true}},{"type":"Feature","geometry":{"type":"Polygon","coordinates":[[[31.7664,0.8292],[31.785,0.8195],[31.7825,0.8165],[31.758,0.8131],[31.7664,0.8292]]]},"properties":{"key":"293","name":"Kijwiga","class":"official_forest_reserve","areaHa":260,"observed":true}},{"type":"Feature","geometry":{"type":"Polygon","coordinates":[[[31.5282,1.1693],[31.4956,1.1914],[31.4658,1.191],[31.4244,1.2408],[31.4379,1.2468],[31.439,1.2671],[31.4529,1.2735],[31.453,1.2545],[31.4807,1.2581],[31.4792,1.2447],[31.4912,1.2414],[31.4908,1.2582],[31.5084,1.2608],[31.5025,1.279],[31.5198,1.2576],[31.5392,1.2684],[31.5537,1.2402],[31.5825,1.2412],[31.6095,1.1994],[31.5938,1.1953],[31.6009,1.1815],[31.5707,1.1808],[31.5654,1.1916],[31.5509,1.1726],[31.5282,1.1693]]]},"properties":{"key":"294","name":"Kikonda","class":"official_forest_reserve","areaHa":13671,"observed":true}},{"type":"Feature","geometry":{"type":"Polygon","coordinates":[[[30.5836,0.7378],[30.6108,0.7333],[30.5908,0.7143],[30.5731,0.7181],[30.5642,0.7062],[30.5836,0.7378]]]},"properties":{"key":"295","name":"Kikumiro","class":"official_forest_reserve","areaHa":721,"observed":true}},{"type":"Feature","geometry":{"type":"Polygon","coordinates":[[[31.9203,3.0511],[31.9282,3.0859],[31.9583,3.1294],[31.9801,3.1282],[31.9988,3.1006],[32.0285,3.0955],[32.0061,3.0444],[31.9638,2.9924],[31.9203,3.0511]]]},"properties":{"key":"296","name":"Kilak","class":"official_forest_reserve","areaHa":10323,"observed":true}},{"type":"Feature","geometry":{"type":"Polygon","coordinates":[[[33.1814,0.4551],[33.1751,0.4626],[33.1838,0.4632],[33.1814,0.4551]]]},"properties":{"key":"297","name":"Kimaka","class":"official_forest_reserve","areaHa":47,"observed":true}},{"type":"Feature","geometry":{"type":"Polygon","coordinates":[[[32.2204,0.1975],[32.2159,0.2048],[32.2394,0.212],[32.2349,0.1968],[32.2204,0.1975]]]},"properties":{"key":"298","name":"Kinyo","class":"official_forest_reserve","areaHa":261,"observed":true}},{"type":"Feature","geometry":{"type":"Polygon","coordinates":[[[31.8292,1.6742],[31.8355,1.6739],[31.8316,1.6677],[31.8292,1.6742]]]},"properties":{"key":"299","name":"Kirebe","class":"official_forest_reserve","areaHa":51,"observed":true}},{"type":"Feature","geometry":{"type":"Polygon","coordinates":[[[33.2786,0.1826],[33.2885,0.1782],[33.2815,0.1744],[33.2786,0.1826]]]},"properties":{"key":"300","name":"Kirigye","class":"official_forest_reserve","areaHa":54,"observed":true}},{"type":"Feature","geometry":{"type":"Polygon","coordinates":[[[32.7972,0.193],[32.7889,0.1849],[32.7957,0.1961],[32.8068,0.1917],[32.8077,0.1759],[32.7972,0.193]]]},"properties":{"key":"301","name":"Kisakombe","class":"official_forest_reserve","areaHa":213,"observed":true}},{"type":"Feature","geometry":{"type":"Polygon","coordinates":[[[30.2889,0.3462],[30.3033,0.2673],[30.2408,0.2629],[30.2538,0.3432],[30.2889,0.3462]]]},"properties":{"key":"302","name":"Kisangi","class":"official_forest_reserve","areaHa":5352,"observed":true}},{"type":"Feature","geometry":{"type":"Polygon","coordinates":[[[31.973,-0.32],[31.9678,-0.3355],[31.9509,-0.3226],[31.973,-0.32]]]},"properties":{"key":"303","name":"Kisasa","class":"official_forest_reserve","areaHa":318,"observed":true}},{"type":"Feature","geometry":{"type":"Polygon","coordinates":[[[33.0225,0.1801],[32.9944,0.1699],[33.0071,0.1827],[32.9915,0.1888],[33.0326,0.1922],[33.0285,0.1816],[33.0543,0.1596],[33.0723,0.1694],[33.0484,0.1521],[33.0225,0.1801]]]},"properties":{"key":"304","name":"Kisisita","class":"official_forest_reserve","areaHa":834,"observed":true}},{"type":"Feature","geometry":{"type":"Polygon","coordinates":[[[31.3762,0.4009],[31.3972,0.4187],[31.4124,0.4081],[31.4108,0.4482],[31.43,0.4162],[31.4269,0.3569],[31.3762,0.4009]]]},"properties":{"key":"305","name":"Kisombwa","class":"official_forest_reserve","areaHa":2905,"observed":true}},{"type":"Feature","geometry":{"type":"Polygon","coordinates":[[[32.5264,0.126],[32.5251,0.1234],[32.5237,0.1234],[32.5264,0.126]]]},"properties":{"key":"306","name":"Kisubi","class":"official_forest_reserve","areaHa":22,"observed":true}},{"type":"Feature","geometry":{"type":"Polygon","coordinates":[[[31.7425,-0.458],[31.7608,-0.4839],[31.7411,-0.484],[31.7425,-0.458]]]},"properties":{"key":"307","name":"Kitasi","class":"official_forest_reserve","areaHa":279,"observed":true}},{"type":"Feature","geometry":{"type":"Polygon","coordinates":[[[32.5516,-0.391],[32.5478,-0.396],[32.5402,-0.3897],[32.5516,-0.391]]]},"properties":{"key":"308","name":"Kitemu","class":"official_forest_reserve","areaHa":65,"observed":true}},{"type":"Feature","geometry":{"type":"MultiPolygon","coordinates":[[[[33.0491,3.2706],[33.0503,3.2711],[33.0496,3.2687],[33.0491,3.2706]]],[[[33.0527,3.2692],[33.054,3.2694],[33.0529,3.2682],[33.0527,3.2692]]]]},"properties":{"key":"309","name":"Kitgum","class":"official_forest_reserve","areaHa":5,"observed":true}},{"type":"Feature","geometry":{"type":"Polygon","coordinates":[[[32.0975,0.6798],[32.1318,0.675],[32.1387,0.6946],[32.1657,0.6755],[32.1596,0.6675],[32.1383,0.6779],[32.1203,0.6591],[32.0975,0.6798]]]},"properties":{"key":"310","name":"Kitonya","class":"official_forest_reserve","areaHa":863,"observed":true}},{"type":"Feature","geometry":{"type":"Polygon","coordinates":[[[31.7506,1.6276],[31.7511,1.6342],[31.7647,1.642],[31.7708,1.6282],[31.7506,1.6276]]]},"properties":{"key":"311","name":"Kitonya Hill","class":"official_forest_reserve","areaHa":300,"observed":true}},{"type":"Feature","geometry":{"type":"Polygon","coordinates":[[[32.4855,0.0734],[32.4799,0.0896],[32.4869,0.0778],[32.4855,0.0734]]]},"properties":{"key":"312","name":"Kitubulu","class":"official_forest_reserve","areaHa":76,"observed":true}},{"type":"Feature","geometry":{"type":"Polygon","coordinates":[[[32.8191,1.2703],[32.7907,1.3348],[32.846,1.3294],[32.8415,1.3152],[32.8242,1.3148],[32.8366,1.2871],[32.8191,1.2703]]]},"properties":{"key":"313","name":"Kiula","class":"official_forest_reserve","areaHa":2185,"observed":true}},{"type":"Feature","geometry":{"type":"MultiPolygon","coordinates":[[[[32.8485,0.1926],[32.8514,0.1917],[32.8436,0.1865],[32.8485,0.1926]]],[[[32.822,0.2026],[32.8073,0.21],[32.8145,0.2194],[32.8289,0.1977],[32.8369,0.2079],[32.8544,0.2007],[32.8451,0.1915],[32.832,0.1939],[32.8252,0.1787],[32.822,0.2026]]]]},"properties":{"key":"314","name":"Kizinkuba","class":"official_forest_reserve","areaHa":638,"observed":true}},{"type":"Feature","geometry":{"type":"Polygon","coordinates":[[[32.1681,2.6046],[32.169,2.605],[32.1689,2.6014],[32.1681,2.6046]]]},"properties":{"key":"315","name":"Koich - Goma","class":"official_forest_reserve","areaHa":5,"observed":true}},{"type":"Feature","geometry":{"type":"Polygon","coordinates":[[[33.3111,0.13],[33.3116,0.1441],[33.3272,0.1517],[33.3206,0.1452],[33.3226,0.129],[33.3111,0.13]]]},"properties":{"key":"316","name":"Koja","class":"official_forest_reserve","areaHa":247,"observed":true}},{"type":"Feature","geometry":{"type":"Polygon","coordinates":[[[33.0857,0.2504],[33.0841,0.2567],[33.1001,0.2601],[33.1,0.2437],[33.0857,0.2504]]]},"properties":{"key":"317","name":"Koko","class":"official_forest_reserve","areaHa":233,"observed":true}},{"type":"Feature","geometry":{"type":"Polygon","coordinates":[[[34.1419,1.1382],[34.1422,1.1416],[34.1465,1.1382],[34.1419,1.1382]]]},"properties":{"key":"318","name":"Kolonyi","class":"official_forest_reserve","areaHa":20,"observed":true}},{"type":"Feature","geometry":{"type":"Polygon","coordinates":[[[30.449,-0.5846],[30.4478,-0.5881],[30.4465,-0.5848],[30.449,-0.5846]]]},"properties":{"key":"319","name":"Kooga","class":"official_forest_reserve","areaHa":11,"observed":true}},{"type":"Feature","geometry":{"type":"Polygon","coordinates":[[[32.1507,-0.3251],[32.1582,-0.3126],[32.1679,-0.3187],[32.1659,-0.3313],[32.1507,-0.3251]]]},"properties":{"key":"320","name":"Kubanda","class":"official_forest_reserve","areaHa":214,"observed":true}},{"type":"Feature","geometry":{"type":"Polygon","coordinates":[[[32.631,2.1368],[32.6251,2.1439],[32.6435,2.1538],[32.631,2.1368]]]},"properties":{"key":"321","name":"Kulo - Obia","class":"official_forest_reserve","areaHa":213,"observed":true}},{"type":"Feature","geometry":{"type":"Polygon","coordinates":[[[31.1321,3.3657],[31.138,3.3853],[31.1512,3.3821],[31.1399,3.3707],[31.1518,3.3394],[31.1321,3.3657]]]},"properties":{"key":"322","name":"Kulua","class":"official_forest_reserve","areaHa":606,"observed":true}},{"type":"Feature","geometry":{"type":"MultiPolygon","coordinates":[[[[30.9209,2.9453],[30.9206,2.9444],[30.9191,2.9403],[30.9209,2.9453]]],[[[30.9234,2.94],[30.9239,2.9415],[30.9247,2.9398],[30.9234,2.94]]]]},"properties":{"key":"323","name":"Kuluva","class":"official_forest_reserve","areaHa":10,"observed":true}},{"type":"Feature","geometry":{"type":"MultiPolygon","coordinates":[[[[31.7177,-0.3314],[31.7194,-0.3328],[31.7164,-0.3365],[31.7177,-0.3314]]],[[[31.7174,-0.3385],[31.7287,-0.3402],[31.7211,-0.3454],[31.7174,-0.3385]]]]},"properties":{"key":"324","name":"Kumbu","class":"official_forest_reserve","areaHa":61,"observed":true}},{"type":"Feature","geometry":{"type":"Polygon","coordinates":[[[33.9243,1.5056],[33.9285,1.505],[33.9234,1.5036],[33.9243,1.5056]]]},"properties":{"key":"325","name":"Kumi","class":"official_forest_reserve","areaHa":29,"observed":true}},{"type":"Feature","geometry":{"type":"Polygon","coordinates":[[[32.9222,0.0866],[32.934,0.0953],[32.9359,0.0916],[32.9278,0.0767],[32.9222,0.0866]]]},"properties":{"key":"326","name":"Kuzito","class":"official_forest_reserve","areaHa":153,"observed":true}},{"type":"Feature","geometry":{"type":"Polygon","coordinates":[[[33.8627,0.2474],[33.8617,0.2377],[33.8512,0.242],[33.8627,0.2474]]]},"properties":{"key":"327","name":"Kyabona","class":"official_forest_reserve","areaHa":122,"observed":true}},{"type":"Feature","geometry":{"type":"Polygon","coordinates":[[[31.3666,1.4523],[31.3878,1.4749],[31.3929,1.4507],[31.3765,1.4539],[31.3729,1.4433],[31.3666,1.4523]]]},"properties":{"key":"328","name":"Kyahaiguru","class":"official_forest_reserve","areaHa":428,"observed":true}},{"type":"Feature","geometry":{"type":"Polygon","coordinates":[[[30.7139,-0.6231],[30.7377,-0.5722],[30.7577,-0.5688],[30.7862,-0.5944],[30.7941,-0.6119],[30.7648,-0.6467],[30.7139,-0.6231]]]},"properties":{"key":"329","name":"Kyahi","class":"official_forest_reserve","areaHa":4274,"observed":true}},{"type":"Feature","geometry":{"type":"Polygon","coordinates":[[[31.7467,-0.3138],[31.7509,-0.3116],[31.7476,-0.3154],[31.7467,-0.3138]]]},"properties":{"key":"330","name":"Kyakumpi","class":"official_forest_reserve","areaHa":11,"observed":true}},{"type":"Feature","geometry":{"type":"Polygon","coordinates":[[[32.3797,1.4101],[32.3939,1.4356],[32.3746,1.4396],[32.3787,1.4744],[32.417,1.477],[32.4322,1.4491],[32.436,1.4063],[32.4026,1.3944],[32.3797,1.4101]]]},"properties":{"key":"331","name":"Kyalubanga","class":"official_forest_reserve","areaHa":4512,"observed":true}},{"type":"Feature","geometry":{"type":"Polygon","coordinates":[[[31.1547,-0.7075],[31.094,-0.6739],[31.1206,-0.6035],[31.1395,-0.6177],[31.1588,-0.6129],[31.1812,-0.6845],[31.1547,-0.7075]]]},"properties":{"key":"332","name":"Kyalwamuka","class":"official_forest_reserve","areaHa":6524,"observed":true}},{"type":"Feature","geometry":{"type":"Polygon","coordinates":[[[31.2337,-0.8109],[31.2342,-0.759],[31.2846,-0.7453],[31.3057,-0.7752],[31.2667,-0.8198],[31.2337,-0.8109]]]},"properties":{"key":"333","name":"Kyamazzi","class":"official_forest_reserve","areaHa":4833,"observed":true}},{"type":"Feature","geometry":{"type":"MultiPolygon","coordinates":[[[[31.3125,0.5193],[31.2906,0.5261],[31.304,0.5337],[31.301,0.5524],[31.3319,0.5509],[31.3467,0.5756],[31.3444,0.5544],[31.3134,0.5265],[31.3126,0.5059],[31.3125,0.5193]]],[[[32.706,0.5014],[32.7477,0.4965],[32.7474,0.4855],[32.7305,0.4878],[32.7448,0.4787],[32.7393,0.4709],[32.706,0.5014]]]]},"properties":{"key":"334","name":"Kyampisi","class":"official_forest_reserve","areaHa":1539,"observed":true}},{"type":"Feature","geometry":{"type":"Polygon","coordinates":[[[31.3311,1.5492],[31.3446,1.5466],[31.3398,1.5343],[31.3311,1.5492]]]},"properties":{"key":"335","name":"Kyamugongo","class":"official_forest_reserve","areaHa":119,"observed":true}},{"type":"Feature","geometry":{"type":"Polygon","coordinates":[[[30.108,-0.4597],[30.1103,-0.4592],[30.108,-0.4621],[30.108,-0.4597]]]},"properties":{"key":"336","name":"Kyamuhunga","class":"official_forest_reserve","areaHa":8,"observed":true}},{"type":"Feature","geometry":{"type":"MultiPolygon","coordinates":[[[[31.0748,1.1198],[31.0745,1.1205],[31.0746,1.1206],[31.0748,1.1198]]],[[[31.0022,1.1178],[31.0059,1.1355],[31.017,1.1358],[31.0205,1.1158],[31.0022,1.1178]]]]},"properties":{"key":"337","name":"Kyamurangi","class":"official_forest_reserve","areaHa":423,"observed":true}},{"type":"Feature","geometry":{"type":"Polygon","coordinates":[[[32.2367,0.1242],[32.2542,0.1384],[32.2355,0.1561],[32.2496,0.157],[32.2404,0.1878],[32.2468,0.167],[32.2576,0.1719],[32.2587,0.139],[32.2481,0.1221],[32.2367,0.1242]]]},"properties":{"key":"338","name":"Kyansonzi","class":"official_forest_reserve","areaHa":693,"observed":true}},{"type":"Feature","geometry":{"type":"Polygon","coordinates":[[[29.7533,-0.6633],[29.7656,-0.6539],[29.7691,-0.662],[29.7562,-0.6741],[29.7533,-0.6633]]]},"properties":{"key":"339","name":"Kyantuhe","class":"official_forest_reserve","areaHa":210,"observed":true}},{"type":"Feature","geometry":{"type":"Polygon","coordinates":[[[30.5427,0.6979],[30.5494,0.6882],[30.5713,0.6964],[30.5503,0.6779],[30.5432,0.6927],[30.529,0.6761],[30.5427,0.6979]]]},"properties":{"key":"340","name":"Kyehara","class":"official_forest_reserve","areaHa":481,"observed":true}},{"type":"Feature","geometry":{"type":"Polygon","coordinates":[[[33.6032,1.488],[33.6001,1.486],[33.6013,1.4893],[33.6032,1.488]]]},"properties":{"key":"341","name":"Kyere","class":"official_forest_reserve","areaHa":13,"observed":true}},{"type":"Feature","geometry":{"type":"Polygon","coordinates":[[[32.4997,0.0899],[32.5109,0.0769],[32.498,0.0703],[32.4997,0.0899]]]},"properties":{"key":"342","name":"Kyewaga","class":"official_forest_reserve","areaHa":229,"observed":true}},{"type":"Feature","geometry":{"type":"Polygon","coordinates":[[[31.7158,-0.4633],[31.712,-0.4561],[31.7236,-0.4576],[31.7226,-0.4685],[31.7158,-0.4633]]]},"properties":{"key":"343","name":"Kyirira","class":"official_forest_reserve","areaHa":94,"observed":true}},{"type":"Feature","geometry":{"type":"Polygon","coordinates":[[[32.0014,2.9554],[31.9736,2.9794],[32.0058,3.0015],[32.0249,2.9627],[32.0014,2.9554]]]},"properties":{"key":"344","name":"Labala","class":"official_forest_reserve","areaHa":1679,"observed":true}},{"type":"Feature","geometry":{"type":"Polygon","coordinates":[[[32.8966,3.3161],[32.8941,3.3125],[32.895,3.314],[32.8966,3.3161]]]},"properties":{"key":"345","name":"Labongo","class":"official_forest_reserve","areaHa":5,"observed":true}},{"type":"Feature","geometry":{"type":"Polygon","coordinates":[[[32.3412,2.8848],[32.3413,2.9035],[32.3538,2.8969],[32.3572,2.8869],[32.3412,2.8848]]]},"properties":{"key":"346","name":"Lagute","class":"official_forest_reserve","areaHa":342,"observed":true}},{"type":"Feature","geometry":{"type":"Polygon","coordinates":[[[32.1833,-0.6849],[32.1855,-0.694],[32.1783,-0.6939],[32.1833,-0.6849]]]},"properties":{"key":"347","name":"Lajabwa","class":"official_forest_reserve","areaHa":46,"observed":true}},{"type":"Feature","geometry":{"type":"Polygon","coordinates":[[[32.773,3.5788],[32.7507,3.6126],[32.7448,3.6567],[32.7621,3.6556],[32.7615,3.6343],[32.7966,3.5866],[32.791,3.5727],[32.773,3.5788]]]},"properties":{"key":"348","name":"Lalak","class":"official_forest_reserve","areaHa":2205,"observed":true}},{"type":"Feature","geometry":{"type":"Polygon","coordinates":[[[32.8652,3.681],[32.8768,3.6777],[32.8924,3.6978],[32.9089,3.6794],[32.9146,3.6452],[32.8909,3.6279],[32.8652,3.681]]]},"properties":{"key":"349","name":"Lamwo","class":"official_forest_reserve","areaHa":2414,"observed":true}},{"type":"Feature","geometry":{"type":"Polygon","coordinates":[[[31.8107,3.553],[31.8137,3.5547],[31.8161,3.5504],[31.8107,3.553]]]},"properties":{"key":"350","name":"Laropi","class":"official_forest_reserve","areaHa":19,"observed":true}},{"type":"Feature","geometry":{"type":"Polygon","coordinates":[[[30.9879,2.7532],[30.9925,2.8126],[31.0114,2.8379],[31.0247,2.804],[31.0077,2.7457],[30.9879,2.7532]]]},"properties":{"key":"351","name":"Laura","class":"official_forest_reserve","areaHa":2747,"observed":true}},{"type":"Feature","geometry":{"type":"Polygon","coordinates":[[[33.3278,1.4644],[33.3268,1.497],[33.3436,1.4957],[33.3398,1.4603],[33.3278,1.4644]]]},"properties":{"key":"352","name":"Lemutome","class":"official_forest_reserve","areaHa":694,"observed":true}},{"type":"Feature","geometry":{"type":"Polygon","coordinates":[[[30.7367,2.4497],[30.7631,2.5276],[30.7553,2.4416],[30.8147,2.4344],[30.8271,2.4225],[30.7742,2.4344],[30.749,2.4161],[30.7367,2.4497]]]},"properties":{"key":"353","name":"Lendu","class":"official_forest_reserve","areaHa":2358,"observed":true}},{"type":"Feature","geometry":{"type":"Polygon","coordinates":[[[32.1962,-0.5799],[32.1958,-0.5872],[32.1921,-0.5846],[32.1962,-0.5799]]]},"properties":{"key":"354","name":"Linga","class":"official_forest_reserve","areaHa":39,"observed":true}},{"type":"Feature","geometry":{"type":"MultiPolygon","coordinates":[[[[32.8958,2.2525],[32.8983,2.2449],[32.8956,2.2473],[32.8958,2.2525]]],[[[32.9167,2.2548],[32.9038,2.2503],[32.9134,2.2666],[32.9241,2.245],[32.9132,2.2359],[32.9167,2.2548]]],[[[32.9124,2.2292],[32.9134,2.2274],[32.9118,2.2268],[32.9124,2.2292]]]]},"properties":{"key":"355","name":"Lira","class":"official_forest_reserve","areaHa":143,"observed":true}},{"type":"Feature","geometry":{"type":"Polygon","coordinates":[[[31.0124,3.3621],[31.0439,3.355],[31.0445,3.3458],[31.0218,3.342],[31.0124,3.3621]]]},"properties":{"key":"356","name":"Liru","class":"official_forest_reserve","areaHa":498,"observed":true}},{"type":"Feature","geometry":{"type":"Polygon","coordinates":[[[31.6898,3.6391],[31.6954,3.6426],[31.6941,3.6298],[31.6898,3.6391]]]},"properties":{"key":"357","name":"Lobajo","class":"official_forest_reserve","areaHa":112,"observed":true}},{"type":"Feature","geometry":{"type":"Polygon","coordinates":[[[30.8574,2.7732],[30.8588,2.7733],[30.8566,2.7693],[30.8574,2.7732]]]},"properties":{"key":"358","name":"Logiri","class":"official_forest_reserve","areaHa":16,"observed":true}},{"type":"Feature","geometry":{"type":"Polygon","coordinates":[[[30.8848,3.1201],[30.8751,3.1314],[30.8858,3.1234],[30.8971,3.1225],[30.8848,3.1201]]]},"properties":{"key":"359","name":"Lokiragodo","class":"official_forest_reserve","areaHa":119,"observed":true}},{"type":"Feature","geometry":{"type":"Polygon","coordinates":[[[32.7197,3.5358],[32.6982,3.5682],[32.7279,3.6056],[32.7421,3.5977],[32.7191,3.5681],[32.7345,3.5453],[32.7197,3.5358]]]},"properties":{"key":"360","name":"Lokung","class":"official_forest_reserve","areaHa":1430,"observed":true}},{"type":"Feature","geometry":{"type":"Polygon","coordinates":[[[33.8392,3.7502],[33.8143,3.7541],[33.8152,3.7732],[33.8462,3.765],[33.8392,3.7502]]]},"properties":{"key":"361","name":"Lomej","class":"official_forest_reserve","areaHa":766,"observed":true}},{"type":"Feature","geometry":{"type":"Polygon","coordinates":[[[34.0565,3.7798],[34.002,3.7766],[33.9727,3.787],[33.9164,3.7776],[33.845,3.7943],[33.8102,3.8728],[33.8342,3.8689],[33.8527,3.84],[33.8449,3.835],[33.9419,3.8248],[33.9823,3.8298],[34.0057,3.8528],[34.0795,3.8218],[34.0565,3.7798]]]},"properties":{"key":"362","name":"Lopeichubei","class":"official_forest_reserve","areaHa":16664,"observed":true}},{"type":"Feature","geometry":{"type":"Polygon","coordinates":[[[34.1048,3.7053],[34.1104,3.7435],[34.0963,3.7501],[34.1012,3.7657],[34.117,3.7615],[34.131,3.7318],[34.1232,3.6888],[34.1048,3.7053]]]},"properties":{"key":"363","name":"Lotim - Puta","class":"official_forest_reserve","areaHa":1897,"observed":true}},{"type":"Feature","geometry":{"type":"Polygon","coordinates":[[[33.1034,0.609],[33.1007,0.6571],[33.1103,0.6514],[33.1057,0.6306],[33.1194,0.6029],[33.1034,0.609]]]},"properties":{"key":"364","name":"Lubani","class":"official_forest_reserve","areaHa":473,"observed":true}},{"type":"Feature","geometry":{"type":"Polygon","coordinates":[[[31.0083,3.5242],[31.0161,3.5264],[31.0097,3.5229],[31.0083,3.5242]]]},"properties":{"key":"365","name":"Ludara","class":"official_forest_reserve","areaHa":34,"observed":true}},{"type":"Feature","geometry":{"type":"Polygon","coordinates":[[[32.3335,0.1999],[32.3196,0.2057],[32.3452,0.2023],[32.3441,0.1889],[32.3335,0.1999]]]},"properties":{"key":"366","name":"Lufuka","class":"official_forest_reserve","areaHa":269,"observed":true}},{"type":"Feature","geometry":{"type":"Polygon","coordinates":[[[33.3736,0.2367],[33.3591,0.2477],[33.3829,0.2463],[33.373,0.2174],[33.3736,0.2367]]]},"properties":{"key":"367","name":"Lukale","class":"official_forest_reserve","areaHa":383,"observed":true}},{"type":"Feature","geometry":{"type":"Polygon","coordinates":[[[32.2979,-0.5264],[32.2897,-0.5105],[32.3108,-0.5212],[32.3096,-0.5318],[32.2979,-0.5264]]]},"properties":{"key":"368","name":"Lukalu","class":"official_forest_reserve","areaHa":225,"observed":true}},{"type":"Feature","geometry":{"type":"Polygon","coordinates":[[[32.3015,2.9145],[32.3141,2.9184],[32.307,2.9051],[32.3015,2.9145]]]},"properties":{"key":"369","name":"Lukodi","class":"official_forest_reserve","areaHa":153,"observed":true}},{"type":"Feature","geometry":{"type":"Polygon","coordinates":[[[32.1007,-0.0316],[32.1231,-0.0267],[32.1071,-0.0391],[32.1007,-0.0316]]]},"properties":{"key":"370","name":"Lukolo","class":"official_forest_reserve","areaHa":167,"observed":true}},{"type":"Feature","geometry":{"type":"Polygon","coordinates":[[[31.0576,2.8366],[31.0568,2.8978],[31.1036,2.8956],[31.1092,2.8838],[31.0879,2.8245],[31.0576,2.8366]]]},"properties":{"key":"371","name":"Luku","class":"official_forest_reserve","areaHa":3996,"observed":true}},{"type":"Feature","geometry":{"type":"Polygon","coordinates":[[[32.0648,0.6574],[32.0681,0.6612],[32.0767,0.6526],[32.0648,0.6574]]]},"properties":{"key":"372","name":"Lukuga","class":"official_forest_reserve","areaHa":108,"observed":true}},{"type":"Feature","geometry":{"type":"Polygon","coordinates":[[[31.2902,2.2101],[31.298,2.2067],[31.286,2.2018],[31.2902,2.2101]]]},"properties":{"key":"373","name":"Lul Kayonga","class":"official_forest_reserve","areaHa":111,"observed":true}},{"type":"Feature","geometry":{"type":"Polygon","coordinates":[[[31.3013,2.502],[31.322,2.5082],[31.3207,2.5021],[31.3026,2.4825],[31.3013,2.502]]]},"properties":{"key":"374","name":"Lul Oming","class":"official_forest_reserve","areaHa":367,"observed":true}},{"type":"Feature","geometry":{"type":"Polygon","coordinates":[[[31.2925,2.4409],[31.3121,2.4535],[31.3114,2.4432],[31.3041,2.433],[31.2925,2.4409]]]},"properties":{"key":"375","name":"Lul Opio","class":"official_forest_reserve","areaHa":247,"observed":true}},{"type":"Feature","geometry":{"type":"Polygon","coordinates":[[[33.0099,0.1456],[33.0085,0.1534],[33.0351,0.1578],[33.0361,0.1427],[33.0099,0.1456]]]},"properties":{"key":"376","name":"Luleka","class":"official_forest_reserve","areaHa":406,"observed":true}},{"type":"Feature","geometry":{"type":"Polygon","coordinates":[[[33.7393,1.1098],[33.7271,1.1142],[33.7343,1.1146],[33.743,1.1119],[33.7447,1.1046],[33.735,1.0903],[33.7393,1.1098]]]},"properties":{"key":"377","name":"Lumoto","class":"official_forest_reserve","areaHa":93,"observed":true}},{"type":"Feature","geometry":{"type":"Polygon","coordinates":[[[31.3106,0.4166],[31.3094,0.4248],[31.3232,0.4342],[31.3433,0.4099],[31.3106,0.4166]]]},"properties":{"key":"378","name":"Lusiba","class":"official_forest_reserve","areaHa":656,"observed":true}},{"type":"Feature","geometry":{"type":"Polygon","coordinates":[[[32.2864,-0.3045],[32.2978,-0.2897],[32.2966,-0.3045],[32.3087,-0.3089],[32.2959,-0.3204],[32.2864,-0.3045]]]},"properties":{"key":"379","name":"Lutoboka","class":"official_forest_reserve","areaHa":380,"observed":true}},{"type":"Feature","geometry":{"type":"Polygon","coordinates":[[[32.1606,-0.0592],[32.1888,-0.0551],[32.1894,-0.0649],[32.1702,-0.0629],[32.1629,-0.0765],[32.1606,-0.0592]]]},"properties":{"key":"380","name":"Luwafu","class":"official_forest_reserve","areaHa":398,"observed":true}},{"type":"Feature","geometry":{"type":"Polygon","coordinates":[[[32.291,0.5297],[32.296,0.5344],[32.3055,0.5326],[32.3174,0.5469],[32.3061,0.5322],[32.2957,0.533],[32.316,0.5063],[32.291,0.5297]]]},"properties":{"key":"381","name":"Luwawa","class":"official_forest_reserve","areaHa":363,"observed":true}},{"type":"Feature","geometry":{"type":"Polygon","coordinates":[[[31.7017,0.7912],[31.6485,0.8278],[31.6403,0.8427],[31.6548,0.8574],[31.649,0.87],[31.6723,0.8834],[31.6596,0.8979],[31.6304,0.9013],[31.6281,0.9212],[31.5982,0.921],[31.5998,0.9394],[31.648,0.9261],[31.7016,0.9542],[31.7111,0.9492],[31.6664,0.9185],[31.6779,0.8893],[31.6941,0.887],[31.6893,0.8685],[31.743,0.8485],[31.729,0.817],[31.7245,0.8329],[31.7095,0.8307],[31.7189,0.8188],[31.7148,0.8055],[31.7005,0.8107],[31.6998,0.7964],[31.714,0.7948],[31.7017,0.7912]]]},"properties":{"key":"382","name":"Luwunga","class":"official_forest_reserve","areaHa":9393,"observed":true}},{"type":"Feature","geometry":{"type":"Polygon","coordinates":[[[32.1742,-0.4099],[32.1739,-0.4181],[32.17,-0.414],[32.1742,-0.4099]]]},"properties":{"key":"383","name":"Luwungulu","class":"official_forest_reserve","areaHa":26,"observed":true}},{"type":"Feature","geometry":{"type":"Polygon","coordinates":[[[34.0282,3.6887],[33.9952,3.6845],[33.9777,3.7384],[34.0041,3.7433],[34.0476,3.7305],[34.0847,3.693],[34.0705,3.6754],[34.0282,3.6887]]]},"properties":{"key":"384","name":"Lwala","class":"official_forest_reserve","areaHa":5892,"observed":true}},{"type":"Feature","geometry":{"type":"Polygon","coordinates":[[[32.3451,0.2435],[32.3343,0.275],[32.3241,0.2679],[32.3189,0.286],[32.3102,0.2811],[32.3101,0.3128],[32.3185,0.2918],[32.3233,0.3123],[32.3022,0.3537],[32.3156,0.3849],[32.3288,0.3814],[32.3143,0.3483],[32.3308,0.353],[32.3268,0.3694],[32.3416,0.3767],[32.3364,0.3499],[32.3469,0.3302],[32.3613,0.3706],[32.3745,0.3602],[32.3648,0.3509],[32.3857,0.3561],[32.3725,0.3467],[32.375,0.3333],[32.3951,0.3508],[32.3915,0.3377],[32.3769,0.3226],[32.3661,0.3464],[32.3651,0.3278],[32.3798,0.3009],[32.346,0.2676],[32.3737,0.2317],[32.3669,0.225],[32.3451,0.2435]]]},"properties":{"key":"385","name":"Lwamunda","class":"official_forest_reserve","areaHa":6726,"observed":true}},{"type":"Feature","geometry":{"type":"Polygon","coordinates":[[[31.4397,-0.4418],[31.4426,-0.4366],[31.4452,-0.4421],[31.4397,-0.4418]]]},"properties":{"key":"386","name":"Lwengo","class":"official_forest_reserve","areaHa":21,"observed":true}},{"type":"Feature","geometry":{"type":"Polygon","coordinates":[[[33.0443,0.5085],[33.0789,0.5235],[33.0701,0.5011],[33.0846,0.4951],[33.0851,0.5104],[33.0958,0.5092],[33.1183,0.4332],[33.0966,0.4346],[33.1073,0.4245],[33.0968,0.4092],[33.0786,0.4248],[33.0714,0.3917],[33.0487,0.3876],[33.0459,0.4102],[33.0367,0.4044],[33.0406,0.397],[33.0265,0.4011],[33.0329,0.3755],[33.0114,0.3911],[33.0233,0.4203],[33.0168,0.4116],[33.0045,0.4327],[33.0061,0.3993],[32.9749,0.4126],[32.9838,0.3952],[33.0148,0.3846],[33.0053,0.3734],[32.965,0.4044],[32.9508,0.4407],[32.9401,0.4242],[32.9327,0.4499],[32.9063,0.4459],[32.9032,0.4246],[32.8688,0.4647],[32.8714,0.4481],[32.8391,0.4001],[32.846,0.4508],[32.8642,0.4496],[32.8664,0.4715],[32.8815,0.5009],[32.877,0.4664],[32.8683,0.4717],[32.8786,0.4616],[32.8863,0.4893],[32.9031,0.4966],[32.9062,0.5453],[32.9154,0.5377],[32.9071,0.5261],[32.928,0.5289],[32.9175,0.5432],[32.9251,0.5485],[32.9091,0.5476],[32.9156,0.5555],[32.9017,0.563],[32.9173,0.5641],[32.9291,0.5848],[32.9805,0.5527],[32.9592,0.4983],[32.9726,0.5209],[32.9814,0.5127],[32.9901,0.5504],[32.9934,0.5347],[33.0056,0.5401],[33.0036,0.5212],[33.017,0.5209],[33.0062,0.502],[33.0344,0.495],[33.0289,0.4845],[33.06,0.4939],[33.0443,0.5085]]]},"properties":{"key":"387","name":"Mabira","class":"official_forest_reserve","areaHa":31658,"observed":true}},{"type":"Feature","geometry":{"type":"Polygon","coordinates":[[[33.3411,1.6426],[33.3495,1.6349],[33.3245,1.6165],[33.3411,1.6426]]]},"properties":{"key":"388","name":"Madoci","class":"official_forest_reserve","areaHa":357,"observed":true}},{"type":"Feature","geometry":{"type":"Polygon","coordinates":[[[33.2153,0.9236],[33.216,0.9242],[33.2165,0.921],[33.2153,0.9236]]]},"properties":{"key":"389","name":"Mafudu","class":"official_forest_reserve","areaHa":10,"observed":true}},{"type":"Feature","geometry":{"type":"Polygon","coordinates":[[[29.9336,-1.0651],[29.9343,-1.0932],[29.9491,-1.0998],[29.9375,-1.1135],[29.9225,-1.1133],[29.9189,-1.0838],[29.8991,-1.0677],[29.8858,-1.0821],[29.8539,-1.0599],[29.8612,-1.0407],[29.8472,-1.0173],[29.8561,-1.0108],[29.9169,-1.0703],[29.9336,-1.0651]]]},"properties":{"key":"390","name":"Mafuga","class":"official_forest_reserve","areaHa":3784,"observed":true}},{"type":"Feature","geometry":{"type":"Polygon","coordinates":[[[32.3511,0.1749],[32.3731,0.1782],[32.3703,0.1703],[32.3498,0.1647],[32.3511,0.1749]]]},"properties":{"key":"391","name":"Mako","class":"official_forest_reserve","areaHa":144,"observed":true}},{"type":"Feature","geometry":{"type":"Polygon","coordinates":[[[33.2435,0.8891],[33.2478,0.8896],[33.2447,0.8871],[33.2435,0.8891]]]},"properties":{"key":"392","name":"Makoka","class":"official_forest_reserve","areaHa":19,"observed":true}},{"type":"Feature","geometry":{"type":"Polygon","coordinates":[[[32.1542,-0.4822],[32.1566,-0.4819],[32.1546,-0.4876],[32.1542,-0.4822]]]},"properties":{"key":"393","name":"Makoko","class":"official_forest_reserve","areaHa":35,"observed":true}},{"type":"Feature","geometry":{"type":"Polygon","coordinates":[[[32.0968,0.252],[32.1035,0.2528],[32.1028,0.2398],[32.0968,0.252]]]},"properties":{"key":"394","name":"Makokolero","class":"official_forest_reserve","areaHa":99,"observed":true}},{"type":"Feature","geometry":{"type":"Polygon","coordinates":[[[33.3849,0.2443],[33.3859,0.2439],[33.3845,0.2437],[33.3849,0.2443]]]},"properties":{"key":"395","name":"Mala Island","class":"official_forest_reserve","areaHa":1,"observed":true}},{"type":"Feature","geometry":{"type":"Polygon","coordinates":[[[31.5852,-0.9998],[31.5734,-0.981],[31.5791,-0.9622],[31.5367,-0.9548],[31.5243,-0.9159],[31.5476,-0.8966],[31.5521,-0.9068],[31.5909,-0.9107],[31.5894,-0.9297],[31.6191,-0.9138],[31.6254,-0.9327],[31.631,-0.9262],[31.6743,-0.9617],[31.6586,-0.9973],[31.5852,-0.9998]]]},"properties":{"key":"396","name":"Malabigambo","class":"official_forest_reserve","areaHa":11081,"observed":true}},{"type":"Feature","geometry":{"type":"Polygon","coordinates":[[[30.9112,3.0875],[30.9114,3.082],[30.9032,3.0837],[30.9112,3.0875]]]},"properties":{"key":"397","name":"Manibe","class":"official_forest_reserve","areaHa":55,"observed":true}},{"type":"Feature","geometry":{"type":"MultiPolygon","coordinates":[[[[31.8371,-0.3226],[31.8374,-0.3279],[31.8168,-0.3256],[31.8371,-0.3226]]],[[[31.8252,-0.3445],[31.8245,-0.3378],[31.827,-0.3446],[31.8252,-0.3445]]],[[[31.8671,-0.3478],[31.8622,-0.3368],[31.8702,-0.3528],[31.8576,-0.3605],[31.8671,-0.3478]]]]},"properties":{"key":"398","name":"Manwa","class":"official_forest_reserve","areaHa":280,"observed":true}},{"type":"Feature","geometry":{"type":"Polygon","coordinates":[[[30.9442,3.2732],[30.9468,3.2751],[30.9473,3.2682],[30.9442,3.2732]]]},"properties":{"key":"399","name":"Maracha","class":"official_forest_reserve","areaHa":22,"observed":true}},{"type":"Feature","geometry":{"type":"Polygon","coordinates":[[[32.3274,1.6769],[32.3136,1.6953],[32.305,1.7149],[32.3304,1.7326],[32.3228,1.754],[32.332,1.7683],[32.3635,1.7686],[32.3887,1.7187],[32.3836,1.6925],[32.3274,1.6769]]]},"properties":{"key":"400","name":"Maruzi","class":"official_forest_reserve","areaHa":6113,"observed":true}},{"type":"Feature","geometry":{"type":"Polygon","coordinates":[[[31.4798,2.0265],[31.458,2.0072],[31.448,2.025],[31.4372,2.0534],[31.4798,2.0265]]]},"properties":{"key":"401","name":"Maseege","class":"official_forest_reserve","areaHa":938,"observed":true}},{"type":"Feature","geometry":{"type":"Polygon","coordinates":[[[31.7195,1.6742],[31.7119,1.6774],[31.71,1.6816],[31.7195,1.6742]]]},"properties":{"key":"402","name":"Masindi","class":"official_forest_reserve","areaHa":40,"observed":true}},{"type":"Feature","geometry":{"type":"Polygon","coordinates":[[[32.0854,1.6952],[32.0856,1.7034],[32.0866,1.6948],[32.0854,1.6952]]]},"properties":{"key":"403","name":"Masindi Port","class":"official_forest_reserve","areaHa":19,"observed":true}},{"type":"Feature","geometry":{"type":"Polygon","coordinates":[[[30.037,0.7076],[30.0355,0.7162],[30.0419,0.7154],[30.046,0.7047],[30.037,0.7076]]]},"properties":{"key":"404","name":"Mataa","class":"official_forest_reserve","areaHa":106,"observed":true}},{"type":"Feature","geometry":{"type":"MultiPolygon","coordinates":[[[[31.6024,-0.507],[31.6014,-0.5052],[31.6042,-0.5062],[31.6024,-0.507]]],[[[31.6148,-0.5138],[31.6075,-0.5068],[31.6107,-0.5096],[31.6148,-0.5138]]]]},"properties":{"key":"405","name":"Matale","class":"official_forest_reserve","areaHa":32,"observed":true}},{"type":"Feature","geometry":{"type":"Polygon","coordinates":[[[33.2683,0.6375],[33.2694,0.6324],[33.263,0.635],[33.2683,0.6375]]]},"properties":{"key":"406","name":"Mateme","class":"official_forest_reserve","areaHa":45,"observed":true}},{"type":"Feature","geometry":{"type":"Polygon","coordinates":[[[32.9729,3.218],[32.9801,3.2035],[32.9642,3.214],[32.9729,3.218]]]},"properties":{"key":"407","name":"Matidi","class":"official_forest_reserve","areaHa":238,"observed":true}},{"type":"Feature","geometry":{"type":"Polygon","coordinates":[[[33.291,0.2941],[33.294,0.2951],[33.2913,0.2928],[33.291,0.2941]]]},"properties":{"key":"408","name":"Mawanga","class":"official_forest_reserve","areaHa":10,"observed":true}},{"type":"Feature","geometry":{"type":"MultiPolygon","coordinates":[[[[34.1871,1.0746],[34.181,1.0803],[34.1882,1.0772],[34.1871,1.0746]]],[[[34.1626,1.0592],[34.1534,1.075],[34.2028,1.0608],[34.183,1.0505],[34.1626,1.0592]]],[[[32.4348,0.9696],[32.4298,0.999],[32.4463,0.9831],[32.4672,0.9902],[32.4731,0.9605],[32.4348,0.9696]]]]},"properties":{"key":"409","name":"Mbale","class":"official_forest_reserve","areaHa":1805,"observed":true}},{"type":"Feature","geometry":{"type":"Polygon","coordinates":[[[30.7902,3.0526],[30.7934,3.0538],[30.7923,3.0512],[30.7902,3.0526]]]},"properties":{"key":"410","name":"Mbaraka","class":"official_forest_reserve","areaHa":8,"observed":true}},{"type":"Feature","geometry":{"type":"MultiPolygon","coordinates":[[[[30.6787,-0.5829],[30.6785,-0.5853],[30.6648,-0.5906],[30.6787,-0.5829]]],[[[30.6662,-0.5945],[30.6744,-0.5909],[30.6671,-0.5969],[30.6662,-0.5945]]],[[[30.6399,-0.6164],[30.6421,-0.6141],[30.6416,-0.6168],[30.6399,-0.6164]]],[[[30.6311,-0.64],[30.6248,-0.6341],[30.6324,-0.627],[30.6398,-0.6392],[30.6311,-0.64]]]]},"properties":{"key":"411","name":"Mbarara","class":"official_forest_reserve","areaHa":192,"observed":true}},{"type":"Feature","geometry":{"type":"Polygon","coordinates":[[[33.0673,0.8419],[33.0612,0.8362],[33.0596,0.839],[33.0673,0.8419]]]},"properties":{"key":"412","name":"Mbulamuti","class":"official_forest_reserve","areaHa":32,"observed":true}},{"type":"Feature","geometry":{"type":"Polygon","coordinates":[[[29.722,-0.782],[29.7443,-0.768],[29.7528,-0.7838],[29.7388,-0.7918],[29.722,-0.782]]]},"properties":{"key":"413","name":"Mburamaizi","class":"official_forest_reserve","areaHa":504,"observed":true}},{"type":"Feature","geometry":{"type":"Polygon","coordinates":[[[32.8316,1.6349],[32.8389,1.6357],[32.8316,1.6321],[32.8316,1.6349]]]},"properties":{"key":"414","name":"Molitar","class":"official_forest_reserve","areaHa":27,"observed":true}},{"type":"Feature","geometry":{"type":"Polygon","coordinates":[[[34.0433,0.5684],[34.0527,0.5848],[34.0565,0.5833],[34.0546,0.5673],[34.0433,0.5684]]]},"properties":{"key":"415","name":"Monikakinei","class":"official_forest_reserve","areaHa":159,"observed":true}},{"type":"Feature","geometry":{"type":"Polygon","coordinates":[[[34.9159,2.517],[34.8721,2.4661],[34.831,2.4577],[34.8195,2.4311],[34.7945,2.4402],[34.8032,2.4054],[34.7619,2.3959],[34.7266,2.4352],[34.7066,2.4235],[34.7178,2.4527],[34.6941,2.4471],[34.6982,2.4832],[34.6824,2.4839],[34.6841,2.5017],[34.6614,2.5016],[34.6639,2.5156],[34.684,2.521],[34.6674,2.5545],[34.6881,2.5667],[34.6827,2.5866],[34.7018,2.5874],[34.7405,2.6162],[34.7558,2.5984],[34.7581,2.6678],[34.7712,2.6637],[34.7884,2.6855],[34.8554,2.5801],[34.8722,2.5669],[34.9018,2.5835],[34.9159,2.517]]]},"properties":{"key":"416","name":"Moroto","class":"official_forest_reserve","areaHa":48338,"observed":true}},{"type":"Feature","geometry":{"type":"MultiPolygon","coordinates":[[[[31.0965,1.2613],[31.1233,1.2566],[31.1198,1.2415],[31.1042,1.2375],[31.0965,1.2613]]],[[[32.2847,0.2015],[32.2764,0.2134],[32.2858,0.2238],[32.3092,0.2093],[32.3089,0.2006],[32.2847,0.2015]]]]},"properties":{"key":"417","name":"Mpanga","class":"official_forest_reserve","areaHa":1013,"observed":true}},{"type":"Feature","geometry":{"type":"Polygon","coordinates":[[[30.981,0.3767],[30.981,0.3777],[30.982,0.3766],[30.981,0.3767]]]},"properties":{"key":"418","name":"Mpara","class":"official_forest_reserve","areaHa":1,"observed":true}},{"type":"Feature","geometry":{"type":"Polygon","coordinates":[[[31.5592,0.782],[31.5714,0.795],[31.6128,0.7701],[31.5849,0.739],[31.5592,0.782]]]},"properties":{"key":"419","name":"Mpinve","class":"official_forest_reserve","areaHa":1841,"observed":true}},{"type":"Feature","geometry":{"type":"Polygon","coordinates":[[[30.1272,0.2687],[30.1097,0.3093],[30.1253,0.2953],[30.1507,0.3155],[30.1482,0.2676],[30.1272,0.2687]]]},"properties":{"key":"420","name":"Mubuku","class":"official_forest_reserve","areaHa":1687,"observed":true}},{"type":"Feature","geometry":{"type":"Polygon","coordinates":[[[34.1797,0.6595],[34.1864,0.658],[34.1792,0.6566],[34.1797,0.6595]]]},"properties":{"key":"421","name":"Mudakoli","class":"official_forest_reserve","areaHa":31,"observed":true}},{"type":"Feature","geometry":{"type":"Polygon","coordinates":[[[32.4791,0.1377],[32.4902,0.1288],[32.4912,0.1484],[32.4831,0.178],[32.5103,0.1287],[32.4848,0.1236],[32.4791,0.1377]]]},"properties":{"key":"422","name":"Mugomba","class":"official_forest_reserve","areaHa":697,"observed":true}},{"type":"Feature","geometry":{"type":"Polygon","coordinates":[[[32.1988,-0.4915],[32.1664,-0.4585],[32.1951,-0.4467],[32.2047,-0.4768],[32.1965,-0.4849],[32.207,-0.4929],[32.1922,-0.5024],[32.1988,-0.4915]]]},"properties":{"key":"423","name":"Mugoye","class":"official_forest_reserve","areaHa":951,"observed":true}},{"type":"Feature","geometry":{"type":"Polygon","coordinates":[[[31.1014,0.8896],[31.1156,0.9027],[31.1285,0.8883],[31.1075,0.8791],[31.1014,0.8896]]]},"properties":{"key":"424","name":"Muhunga","class":"official_forest_reserve","areaHa":412,"observed":true}},{"type":"Feature","geometry":{"type":"Polygon","coordinates":[[[31.1863,0.4181],[31.1597,0.4407],[31.1867,0.4535],[31.2022,0.4332],[31.1863,0.4181]]]},"properties":{"key":"425","name":"Muinaina","class":"official_forest_reserve","areaHa":1041,"observed":true}},{"type":"Feature","geometry":{"type":"Polygon","coordinates":[[[31.7457,-0.6762],[31.7403,-0.6335],[31.7891,-0.6433],[31.7476,-0.6106],[31.7657,-0.614],[31.7783,-0.5957],[31.7755,-0.5756],[31.7613,-0.5919],[31.7405,-0.5408],[31.7474,-0.5406],[31.7706,-0.5692],[31.7885,-0.569],[31.7946,-0.5558],[31.7789,-0.5427],[31.7938,-0.5509],[31.8179,-0.5406],[31.8097,-0.507],[31.8196,-0.501],[31.8208,-0.5097],[31.8245,-0.4922],[31.8184,-0.4759],[31.8317,-0.4685],[31.8181,-0.5457],[31.7867,-0.589],[31.7838,-0.6314],[31.8081,-0.6469],[31.7742,-0.6797],[31.7457,-0.6762]]]},"properties":{"key":"426","name":"Mujuzi","class":"official_forest_reserve","areaHa":5754,"observed":true}},{"type":"Feature","geometry":{"type":"Polygon","coordinates":[[[32.084,0.3798],[32.091,0.3631],[32.0749,0.3683],[32.084,0.3798]]]},"properties":{"key":"427","name":"Mukambwe","class":"official_forest_reserve","areaHa":195,"observed":true}},{"type":"Feature","geometry":{"type":"Polygon","coordinates":[[[31.3446,1.4694],[31.3712,1.5246],[31.351,1.5228],[31.3951,1.5922],[31.416,1.5618],[31.3791,1.522],[31.3587,1.4623],[31.3446,1.4694]]]},"properties":{"key":"428","name":"Mukihani","class":"official_forest_reserve","areaHa":3676,"observed":true}},{"type":"Feature","geometry":{"type":"Polygon","coordinates":[[[29.8218,-1.2129],[29.8473,-1.2139],[29.8279,-1.2189],[29.8218,-1.2129]]]},"properties":{"key":"429","name":"Muko","class":"official_forest_reserve","areaHa":167,"observed":true}},{"type":"Feature","geometry":{"type":"Polygon","coordinates":[[[32.1309,-0.2259],[32.1421,-0.2231],[32.1309,-0.23],[32.1309,-0.2259]]]},"properties":{"key":"430","name":"Mulega","class":"official_forest_reserve","areaHa":92,"observed":true}},{"type":"Feature","geometry":{"type":"Polygon","coordinates":[[[31.7156,-0.4707],[31.7242,-0.4711],[31.723,-0.4848],[31.7156,-0.4707]]]},"properties":{"key":"431","name":"Mulundu","class":"official_forest_reserve","areaHa":92,"observed":true}},{"type":"Feature","geometry":{"type":"Polygon","coordinates":[[[31.9899,0.2881],[32.0062,0.3015],[32.0264,0.2596],[32.0123,0.2615],[32.0008,0.2853],[32.0069,0.2588],[31.9899,0.2881]]]},"properties":{"key":"432","name":"Musamya","class":"official_forest_reserve","areaHa":739,"observed":true}},{"type":"Feature","geometry":{"type":"Polygon","coordinates":[[[31.5526,1.547],[31.5616,1.5486],[31.5593,1.5291],[31.5689,1.5276],[31.5547,1.521],[31.5526,1.547]]]},"properties":{"key":"433","name":"Musoma","class":"official_forest_reserve","areaHa":272,"observed":true}},{"type":"Feature","geometry":{"type":"Polygon","coordinates":[[[33.2209,0.5672],[33.2233,0.582],[33.2388,0.5731],[33.2362,0.5627],[33.2209,0.5672]]]},"properties":{"key":"434","name":"Mutai","class":"official_forest_reserve","areaHa":262,"observed":true}},{"type":"Feature","geometry":{"type":"MultiPolygon","coordinates":[[[[34.2938,1.1986],[34.2965,1.2017],[34.3021,1.1958],[34.2938,1.1986]]],[[[32.5567,1.2002],[32.5593,1.1955],[32.5542,1.1804],[32.5567,1.2002]]]]},"properties":{"key":"435","name":"Mutufu","class":"official_forest_reserve","areaHa":135,"observed":true}},{"type":"Feature","geometry":{"type":"Polygon","coordinates":[[[33.2769,0.5029],[33.2746,0.4978],[33.2558,0.499],[33.2769,0.5029]]]},"properties":{"key":"436","name":"Mwiri","class":"official_forest_reserve","areaHa":158,"observed":true}},{"type":"Feature","geometry":{"type":"Polygon","coordinates":[[[32.7629,0.1135],[32.7561,0.1264],[32.7758,0.1191],[32.7886,0.1559],[32.8037,0.1406],[32.7875,0.1388],[32.7801,0.1134],[32.7629,0.1135]]]},"properties":{"key":"437","name":"Mwola","class":"official_forest_reserve","areaHa":622,"observed":true}},{"type":"Feature","geometry":{"type":"Polygon","coordinates":[[[33.3409,3.3479],[33.3445,3.3483],[33.3411,3.3471],[33.3409,3.3479]]]},"properties":{"key":"438","name":"Naam - Okora","class":"official_forest_reserve","areaHa":4,"observed":true}},{"type":"Feature","geometry":{"type":"Polygon","coordinates":[[[32.6821,0.243],[32.6758,0.255],[32.6989,0.2455],[32.6969,0.2229],[32.6821,0.243]]]},"properties":{"key":"439","name":"Nabanga","class":"official_forest_reserve","areaHa":463,"observed":true}},{"type":"Feature","geometry":{"type":"Polygon","coordinates":[[[32.7879,1.8733],[32.789,1.8736],[32.789,1.8683],[32.7879,1.8733]]]},"properties":{"key":"440","name":"Nabieso","class":"official_forest_reserve","areaHa":8,"observed":true}},{"type":"Feature","geometry":{"type":"MultiPolygon","coordinates":[[[[31.8236,-0.2193],[31.8368,-0.2163],[31.8241,-0.2212],[31.8236,-0.2193]]],[[[31.8329,-0.2202],[31.8336,-0.2203],[31.8321,-0.2216],[31.8329,-0.2202]]]]},"properties":{"key":"441","name":"Nabijoka","class":"official_forest_reserve","areaHa":46,"observed":true}},{"type":"Feature","geometry":{"type":"Polygon","coordinates":[[[32.366,0.7181],[32.3662,0.7121],[32.3486,0.7173],[32.366,0.7181]]]},"properties":{"key":"442","name":"Nabika","class":"official_forest_reserve","areaHa":86,"observed":true}},{"type":"Feature","geometry":{"type":"Polygon","coordinates":[[[33.5866,0.6376],[33.5885,0.6302],[33.5846,0.6283],[33.5866,0.6376]]]},"properties":{"key":"443","name":"Nabukolyo","class":"official_forest_reserve","areaHa":31,"observed":true}},{"type":"Feature","geometry":{"type":"Polygon","coordinates":[[[31.7487,-0.439],[31.7705,-0.4449],[31.7529,-0.45],[31.7504,-0.4586],[31.7487,-0.439]]]},"properties":{"key":"444","name":"Nabukonge","class":"official_forest_reserve","areaHa":185,"observed":true}},{"type":"Feature","geometry":{"type":"Polygon","coordinates":[[[32.824,0.3738],[32.8082,0.3943],[32.8244,0.3989],[32.8436,0.3957],[32.824,0.3738]]]},"properties":{"key":"445","name":"Nadagi","class":"official_forest_reserve","areaHa":457,"observed":true}},{"type":"Feature","geometry":{"type":"Polygon","coordinates":[[[34.0296,0.7527],[34.0478,0.7634],[34.0307,0.7441],[34.0202,0.7381],[34.0296,0.7527]]]},"properties":{"key":"446","name":"Nagongera","class":"official_forest_reserve","areaHa":159,"observed":true}},{"type":"Feature","geometry":{"type":"Polygon","coordinates":[[[32.1267,0.1066],[32.1359,0.1054],[32.1287,0.0888],[32.1107,0.0828],[32.1267,0.1066]]]},"properties":{"key":"447","name":"Nakaga","class":"official_forest_reserve","areaHa":269,"observed":true}},{"type":"Feature","geometry":{"type":"Polygon","coordinates":[[[32.7542,0.1872],[32.7291,0.1845],[32.751,0.1973],[32.7457,0.218],[32.7315,0.208],[32.7094,0.2186],[32.7039,0.232],[32.7154,0.2196],[32.7471,0.2335],[32.7613,0.2162],[32.7515,0.2072],[32.7582,0.1844],[32.7822,0.2099],[32.7868,0.1996],[32.7725,0.181],[32.781,0.1618],[32.7542,0.1872]]]},"properties":{"key":"448","name":"Nakalanga","class":"official_forest_reserve","areaHa":1635,"observed":true}},{"type":"Feature","geometry":{"type":"Polygon","coordinates":[[[32.078,0.2455],[32.06,0.2344],[32.0759,0.2482],[32.0783,0.2938],[32.0949,0.2547],[32.0891,0.2585],[32.0831,0.2758],[32.0845,0.2294],[32.078,0.2455]]]},"properties":{"key":"449","name":"Nakalere","class":"official_forest_reserve","areaHa":686,"observed":true}},{"type":"Feature","geometry":{"type":"Polygon","coordinates":[[[32.8415,0.7234],[32.8453,0.7249],[32.8419,0.7204],[32.8415,0.7234]]]},"properties":{"key":"450","name":"Nakasenyi","class":"official_forest_reserve","areaHa":20,"observed":true}},{"type":"Feature","geometry":{"type":"Polygon","coordinates":[[[32.6121,0.3203],[32.612,0.3219],[32.6148,0.3201],[32.6121,0.3203]]]},"properties":{"key":"451","name":"Nakawa Forestry Research","class":"official_forest_reserve","areaHa":5,"observed":true}},{"type":"Feature","geometry":{"type":"Polygon","coordinates":[[[32.0658,0.2691],[32.0703,0.2577],[32.063,0.2497],[32.0658,0.2691]]]},"properties":{"key":"452","name":"Nakaziba","class":"official_forest_reserve","areaHa":99,"observed":true}},{"type":"Feature","geometry":{"type":"Polygon","coordinates":[[[32.3891,0.4409],[32.3922,0.4536],[32.3996,0.4371],[32.3966,0.429],[32.3891,0.4409]]]},"properties":{"key":"453","name":"Nakindiba","class":"official_forest_reserve","areaHa":140,"observed":true}},{"type":"Feature","geometry":{"type":"Polygon","coordinates":[[[31.7172,-0.5543],[31.7145,-0.544],[31.721,-0.5406],[31.7319,-0.555],[31.7172,-0.5543]]]},"properties":{"key":"454","name":"Nakitondo","class":"official_forest_reserve","areaHa":172,"observed":true}},{"type":"Feature","geometry":{"type":"Polygon","coordinates":[[[32.9422,0.1281],[32.968,0.1449],[32.9975,0.1235],[32.9966,0.1157],[32.9624,0.1308],[32.9439,0.1153],[32.9422,0.1281]]]},"properties":{"key":"455","name":"Nakiza","class":"official_forest_reserve","areaHa":666,"observed":true}},{"type":"Feature","geometry":{"type":"Polygon","coordinates":[[[33.2667,0.1792],[33.2614,0.189],[33.2684,0.1894],[33.277,0.1746],[33.2667,0.1792]]]},"properties":{"key":"456","name":"Nakunyi","class":"official_forest_reserve","areaHa":121,"observed":true}},{"type":"Feature","geometry":{"type":"Polygon","coordinates":[[[31.1678,0.9792],[31.1383,0.9871],[31.1781,0.9902],[31.1738,0.9726],[31.1678,0.9792]]]},"properties":{"key":"457","name":"Nakuyazo","class":"official_forest_reserve","areaHa":349,"observed":true}},{"type":"Feature","geometry":{"type":"MultiPolygon","coordinates":[[[[32.063,0.6769],[32.0564,0.6918],[32.0703,0.6835],[32.0877,0.6915],[32.0896,0.6788],[32.063,0.6769]]],[[[32.0682,0.6739],[32.0697,0.6739],[32.0683,0.6728],[32.0682,0.6739]]]]},"properties":{"key":"458","name":"Nakwaya","class":"official_forest_reserve","areaHa":482,"observed":true}},{"type":"Feature","geometry":{"type":"Polygon","coordinates":[[[33.9344,0.85],[33.9343,0.8527],[33.9423,0.8555],[33.9585,0.845],[33.9344,0.85]]]},"properties":{"key":"459","name":"Nakwiga","class":"official_forest_reserve","areaHa":117,"observed":true}},{"type":"Feature","geometry":{"type":"Polygon","coordinates":[[[32.3399,0.3982],[32.3546,0.4063],[32.3565,0.4241],[32.3577,0.4047],[32.3444,0.3889],[32.3399,0.3982]]]},"properties":{"key":"460","name":"Nalubaga","class":"official_forest_reserve","areaHa":250,"observed":true}},{"type":"Feature","geometry":{"type":"Polygon","coordinates":[[[32.2461,0.1984],[32.254,0.2062],[32.2572,0.2037],[32.2596,0.1859],[32.2461,0.1984]]]},"properties":{"key":"461","name":"Naludugavu","class":"official_forest_reserve","areaHa":174,"observed":true}},{"type":"Feature","geometry":{"type":"Polygon","coordinates":[[[33.3137,0.1661],[33.315,0.1551],[33.304,0.1531],[33.3137,0.1661]]]},"properties":{"key":"462","name":"Namabowe","class":"official_forest_reserve","areaHa":129,"observed":true}},{"type":"Feature","geometry":{"type":"Polygon","coordinates":[[[33.3541,0.5363],[33.3594,0.5378],[33.3608,0.5316],[33.3545,0.5222],[33.3541,0.5363]]]},"properties":{"key":"463","name":"Namafuma","class":"official_forest_reserve","areaHa":103,"observed":true}},{"type":"Feature","geometry":{"type":"Polygon","coordinates":[[[32.3751,0.1648],[32.3752,0.1741],[32.39,0.1656],[32.3825,0.1564],[32.3751,0.1648]]]},"properties":{"key":"464","name":"Namagaza","class":"official_forest_reserve","areaHa":154,"observed":true}},{"type":"Feature","geometry":{"type":"Polygon","coordinates":[[[32.9532,0.5878],[32.9506,0.6029],[32.9754,0.5744],[32.974,0.566],[32.9532,0.5878]]]},"properties":{"key":"465","name":"Namakupa","class":"official_forest_reserve","areaHa":285,"observed":true}},{"type":"Feature","geometry":{"type":"Polygon","coordinates":[[[31.6503,-0.8838],[31.676,-0.8789],[31.6757,-0.8573],[31.6945,-0.8655],[31.7087,-0.8939],[31.6846,-0.9172],[31.6527,-0.9186],[31.6503,-0.8838]]]},"properties":{"key":"466","name":"Namalala","class":"official_forest_reserve","areaHa":2398,"observed":true}},{"type":"Feature","geometry":{"type":"Polygon","coordinates":[[[33.4085,0.924],[33.4144,0.9209],[33.4027,0.9159],[33.4085,0.924]]]},"properties":{"key":"467","name":"Namalemba","class":"official_forest_reserve","areaHa":52,"observed":true}},{"type":"Feature","geometry":{"type":"MultiPolygon","coordinates":[[[[32.6813,0.3125],[32.6733,0.3637],[32.6832,0.3719],[32.7031,0.3606],[32.6911,0.3508],[32.6901,0.3341],[32.6953,0.3471],[32.7101,0.3415],[32.7162,0.3606],[32.7163,0.3443],[32.7036,0.3265],[32.7194,0.3138],[32.7123,0.305],[32.7044,0.3168],[32.7052,0.3046],[32.6813,0.3125]]],[[[32.6647,0.3096],[32.6734,0.3237],[32.6564,0.3342],[32.674,0.3273],[32.673,0.3046],[32.6836,0.3062],[32.6769,0.2889],[32.6647,0.3096]]]]},"properties":{"key":"468","name":"Namanve","class":"official_forest_reserve","areaHa":2316,"observed":true}},{"type":"Feature","geometry":{"type":"Polygon","coordinates":[[[32.9494,1.0182],[32.9507,1.0189],[32.9534,1.0084],[32.9494,1.0182]]]},"properties":{"key":"469","name":"Namasagali","class":"official_forest_reserve","areaHa":55,"observed":true}},{"type":"Feature","geometry":{"type":"Polygon","coordinates":[[[32.6203,1.5023],[32.6226,1.5042],[32.6217,1.5002],[32.6203,1.5023]]]},"properties":{"key":"470","name":"Namasale","class":"official_forest_reserve","areaHa":10,"observed":true}},{"type":"Feature","geometry":{"type":"Polygon","coordinates":[[[33.3126,0.5805],[33.3696,0.5863],[33.3755,0.5799],[33.3599,0.5783],[33.3355,0.5696],[33.3126,0.5805]]]},"properties":{"key":"471","name":"Namasiga - Kidimbuli","class":"official_forest_reserve","areaHa":474,"observed":true}},{"type":"Feature","geometry":{"type":"Polygon","coordinates":[[[32.2456,-0.4453],[32.2681,-0.4547],[32.2457,-0.4535],[32.2456,-0.4453]]]},"properties":{"key":"472","name":"Namatembe","class":"official_forest_reserve","areaHa":249,"observed":true}},{"type":"Feature","geometry":{"type":"Polygon","coordinates":[[[32.8902,0.1815],[32.8968,0.1975],[32.8851,0.2246],[32.8982,0.2333],[32.8996,0.1917],[32.9218,0.1957],[32.9258,0.2093],[32.9466,0.2055],[32.9492,0.1941],[32.9124,0.1677],[32.8902,0.1815]]]},"properties":{"key":"473","name":"Namatiwa","class":"official_forest_reserve","areaHa":1771,"observed":true}},{"type":"Feature","geometry":{"type":"Polygon","coordinates":[[[33.0907,0.5488],[33.1287,0.5719],[33.1306,0.5519],[33.1031,0.5535],[33.1079,0.5398],[33.0907,0.5488]]]},"properties":{"key":"474","name":"Namavundu","class":"official_forest_reserve","areaHa":685,"observed":true}},{"type":"Feature","geometry":{"type":"Polygon","coordinates":[[[33.0112,0.554],[33.0236,0.5637],[33.031,0.5404],[33.0191,0.5322],[33.0112,0.554]]]},"properties":{"key":"475","name":"Namawanyi and Namananga","class":"official_forest_reserve","areaHa":458,"observed":true}},{"type":"Feature","geometry":{"type":"Polygon","coordinates":[[[33.2771,0.5884],[33.3119,0.5804],[33.2812,0.5811],[33.2771,0.5884]]]},"properties":{"key":"476","name":"Namazingiri","class":"official_forest_reserve","areaHa":214,"observed":true}},{"type":"Feature","geometry":{"type":"Polygon","coordinates":[[[32.0425,0.2609],[32.0465,0.2597],[32.0443,0.2566],[32.0425,0.2609]]]},"properties":{"key":"477","name":"Nambale (Kasa South)","class":"official_forest_reserve","areaHa":11,"observed":true}},{"type":"Feature","geometry":{"type":"Polygon","coordinates":[[[32.3577,0.1559],[32.36,0.1591],[32.3703,0.1588],[32.3612,0.1573],[32.3665,0.1493],[32.3577,0.1559]]]},"properties":{"key":"478","name":"Nambuga","class":"official_forest_reserve","areaHa":68,"observed":true}},{"type":"Feature","geometry":{"type":"Polygon","coordinates":[[[29.9955,-1.2644],[30.0064,-1.259],[29.9968,-1.2692],[30.0014,-1.294],[29.9955,-1.2644]]]},"properties":{"key":"479","name":"Name Unknown - Forest Reserve 1","class":"official_forest_reserve","areaHa":106,"observed":true}},{"type":"Feature","geometry":{"type":"Polygon","coordinates":[[[31.2742,-0.2605],[31.2828,-0.2569],[31.2767,-0.2685],[31.2742,-0.2605]]]},"properties":{"key":"480","name":"Name Unknown - Forest Reserve 2","class":"official_forest_reserve","areaHa":112,"observed":true}},{"type":"Feature","geometry":{"type":"MultiPolygon","coordinates":[[[[31.8146,-0.5278],[31.8185,-0.5243],[31.8189,-0.5285],[31.8146,-0.5278]]],[[[31.8088,-0.5438],[31.8104,-0.5445],[31.8075,-0.5453],[31.8088,-0.5438]]]]},"properties":{"key":"481","name":"Name Unknown - Forest Reserve 3","class":"official_forest_reserve","areaHa":23,"observed":true}},{"type":"Feature","geometry":{"type":"MultiPolygon","coordinates":[[[[31.9756,-0.198],[31.9807,-0.2049],[31.9635,-0.2162],[31.9756,-0.198]]],[[[31.9642,-0.2357],[31.9663,-0.2378],[31.962,-0.2399],[31.9642,-0.2357]]],[[[31.9674,-0.2814],[31.9707,-0.2816],[31.9694,-0.2855],[31.9674,-0.2814]]],[[[31.9596,-0.2812],[31.9639,-0.2906],[31.9524,-0.2929],[31.9596,-0.2812]]]]},"properties":{"key":"482","name":"Name Unknown - Forest Reserve 4","class":"official_forest_reserve","areaHa":374,"observed":true}},{"type":"Feature","geometry":{"type":"MultiPolygon","coordinates":[[[[32.361,0.3491],[32.3589,0.3466],[32.3514,0.3456],[32.361,0.3491]]],[[[32.324,0.3456],[32.3313,0.3488],[32.3343,0.3403],[32.3253,0.3351],[32.324,0.3456]]],[[[32.3205,0.3303],[32.3282,0.3272],[32.3182,0.324],[32.3205,0.3303]]],[[[32.2765,0.3085],[32.275,0.3355],[32.2945,0.3131],[32.2903,0.298],[32.2765,0.3085]]],[[[32.3729,0.3039],[32.3737,0.3009],[32.3678,0.3002],[32.3729,0.3039]]],[[[32.3893,0.2961],[32.3912,0.2954],[32.3873,0.2945],[32.3893,0.2961]]]]},"properties":{"key":"483","name":"Name Unknown - Forest Reserve 5","class":"official_forest_reserve","areaHa":748,"observed":true}},{"type":"Feature","geometry":{"type":"Polygon","coordinates":[[[33.26,0.4984],[33.2677,0.4973],[33.2678,0.4964],[33.26,0.4984]]]},"properties":{"key":"484","name":"Name Unknown - Forest Reserve 6","class":"official_forest_reserve","areaHa":23,"observed":true}},{"type":"Feature","geometry":{"type":"Polygon","coordinates":[[[33.4414,0.9165],[33.4434,0.9165],[33.4415,0.9155],[33.4414,0.9165]]]},"properties":{"key":"485","name":"Namukonge","class":"official_forest_reserve","areaHa":5,"observed":true}},{"type":"Feature","geometry":{"type":"Polygon","coordinates":[[[33.2915,0.1919],[33.2992,0.1872],[33.2865,0.1864],[33.2915,0.1919]]]},"properties":{"key":"486","name":"Namunyoro","class":"official_forest_reserve","areaHa":93,"observed":true}},{"type":"Feature","geometry":{"type":"Polygon","coordinates":[[[31.7266,0.6023],[31.723,0.6318],[31.7015,0.6211],[31.6931,0.6317],[31.6521,0.6208],[31.6139,0.628],[31.6376,0.6515],[31.619,0.6461],[31.6133,0.6638],[31.5874,0.6456],[31.6081,0.6311],[31.5783,0.6393],[31.5773,0.6899],[31.6002,0.683],[31.6057,0.7076],[31.6209,0.7173],[31.63,0.7096],[31.6138,0.6793],[31.6303,0.6839],[31.6572,0.6493],[31.6845,0.6511],[31.6933,0.6666],[31.7155,0.6638],[31.7242,0.6502],[31.7394,0.6563],[31.7446,0.5877],[31.7266,0.6023]]]},"properties":{"key":"487","name":"Namwasa","class":"official_forest_reserve","areaHa":8153,"observed":true}},{"type":"Feature","geometry":{"type":"Polygon","coordinates":[[[32.7022,0.4066],[32.7155,0.4032],[32.7231,0.4211],[32.7284,0.4118],[32.7129,0.3884],[32.7022,0.4066]]]},"properties":{"key":"488","name":"Namyoya","class":"official_forest_reserve","areaHa":400,"observed":true}},{"type":"Feature","geometry":{"type":"Polygon","coordinates":[[[31.7387,0.7392],[31.7637,0.7358],[31.75,0.7449],[31.7571,0.7635],[31.7484,0.7848],[31.7639,0.7795],[31.7689,0.7928],[31.7837,0.7682],[31.7745,0.7382],[31.7547,0.7259],[31.7387,0.7392]]]},"properties":{"key":"489","name":"Nanfuka","class":"official_forest_reserve","areaHa":1642,"observed":true}},{"type":"Feature","geometry":{"type":"Polygon","coordinates":[[[33.8819,2.4992],[33.8797,2.5307],[33.812,2.5583],[33.7837,2.5931],[33.7807,2.62],[33.7688,2.5941],[33.7424,2.5877],[33.7349,2.6147],[33.7829,2.639],[33.8133,2.677],[33.8778,2.6712],[33.8783,2.5675],[33.906,2.5768],[33.9256,2.5489],[33.9549,2.5491],[33.9451,2.5308],[33.914,2.532],[33.9416,2.5159],[33.9131,2.4969],[33.8819,2.4992]]]},"properties":{"key":"490","name":"Nangolibwel","class":"official_forest_reserve","areaHa":19788,"observed":true}},{"type":"Feature","geometry":{"type":"Polygon","coordinates":[[[34.3795,2.1459],[34.422,2.0797],[34.4189,2.0545],[34.3824,2.0621],[34.3314,1.9975],[34.2749,2.0039],[34.2465,2.0557],[34.248,2.0878],[34.2817,2.128],[34.3461,2.1521],[34.3795,2.1459]]]},"properties":{"key":"491","name":"Napak","class":"official_forest_reserve","areaHa":21963,"observed":true}},{"type":"Feature","geometry":{"type":"Polygon","coordinates":[[[33.5831,2.8529],[33.5657,2.8543],[33.5552,2.933],[33.5754,2.9629],[33.6093,2.9519],[33.6098,2.9383],[33.5846,2.9285],[33.5919,2.8742],[33.5831,2.8529]]]},"properties":{"key":"492","name":"Napono","class":"official_forest_reserve","areaHa":3772,"observed":true}},{"type":"Feature","geometry":{"type":"Polygon","coordinates":[[[32.8403,0.2219],[32.8343,0.2576],[32.8528,0.2352],[32.8628,0.2361],[32.8541,0.2473],[32.8622,0.2562],[32.877,0.236],[32.869,0.2284],[32.8822,0.2113],[32.8666,0.2217],[32.8671,0.2004],[32.8403,0.2219]]]},"properties":{"key":"493","name":"Natyonko","class":"official_forest_reserve","areaHa":1234,"observed":true}},{"type":"Feature","geometry":{"type":"Polygon","coordinates":[[[32.2041,0.226],[32.1882,0.2831],[32.1989,0.3021],[32.216,0.282],[32.237,0.2982],[32.2487,0.2912],[32.2417,0.2524],[32.2893,0.2509],[32.3061,0.2305],[32.2939,0.2278],[32.2779,0.2484],[32.2521,0.2482],[32.2437,0.2151],[32.247,0.2283],[32.2284,0.2489],[32.2134,0.2125],[32.2158,0.2429],[32.2067,0.2448],[32.2041,0.226]]]},"properties":{"key":"494","name":"Navugulu","class":"official_forest_reserve","areaHa":3923,"observed":true}},{"type":"Feature","geometry":{"type":"Polygon","coordinates":[[[33.6562,0.8208],[33.6561,0.8245],[33.6586,0.8208],[33.6562,0.8208]]]},"properties":{"key":"495","name":"Nawaikona","class":"official_forest_reserve","areaHa":12,"observed":true}},{"type":"Feature","geometry":{"type":"Polygon","coordinates":[[[33.2906,0.2437],[33.2961,0.2492],[33.2977,0.247],[33.2959,0.2336],[33.2906,0.2437]]]},"properties":{"key":"496","name":"Nawaitale","class":"official_forest_reserve","areaHa":87,"observed":true}},{"type":"Feature","geometry":{"type":"Polygon","coordinates":[[[32.1519,0.1443],[32.1514,0.1179],[32.14,0.1398],[32.114,0.1252],[32.1102,0.1346],[32.1251,0.1426],[32.1095,0.156],[32.0987,0.1537],[32.1027,0.1369],[32.0799,0.1629],[32.0734,0.1517],[32.0772,0.1708],[32.0955,0.1569],[32.1084,0.1722],[32.1212,0.1502],[32.1424,0.1656],[32.1488,0.2023],[32.1217,0.2033],[32.1189,0.2436],[32.1273,0.2086],[32.1544,0.2283],[32.1604,0.1978],[32.1989,0.2026],[32.1863,0.1833],[32.1771,0.1922],[32.1694,0.1795],[32.1644,0.1927],[32.1536,0.1867],[32.1614,0.1591],[32.1525,0.1464],[32.1741,0.1704],[32.1809,0.1628],[32.1668,0.1355],[32.1519,0.1443]]]},"properties":{"key":"497","name":"Nawandigi","class":"official_forest_reserve","areaHa":3957,"observed":true}},{"type":"Feature","geometry":{"type":"Polygon","coordinates":[[[32.9776,0.6608],[32.9824,0.657],[32.9742,0.6566],[32.9697,0.6546],[32.9776,0.6608]]]},"properties":{"key":"498","name":"Nazigo","class":"official_forest_reserve","areaHa":57,"observed":true}},{"type":"Feature","geometry":{"type":"Polygon","coordinates":[[[31.0899,2.4823],[31.0907,2.48],[31.0879,2.4821],[31.0899,2.4823]]]},"properties":{"key":"499","name":"Nebbi","class":"official_forest_reserve","areaHa":10,"observed":true}},{"type":"Feature","geometry":{"type":"Polygon","coordinates":[[[32.128,0.24],[32.1312,0.2607],[32.1342,0.2517],[32.1308,0.2438],[32.1478,0.2469],[32.1408,0.2304],[32.128,0.24]]]},"properties":{"key":"500","name":"Nfuka Magobwa","class":"official_forest_reserve","areaHa":297,"observed":true}},{"type":"Feature","geometry":{"type":"Polygon","coordinates":[[[32.4823,2.5025],[32.4837,2.5029],[32.4826,2.5018],[32.4823,2.5025]]]},"properties":{"key":"501","name":"Ngai","class":"official_forest_reserve","areaHa":1,"observed":true}},{"type":"Feature","geometry":{"type":"Polygon","coordinates":[[[33.1218,0.7152],[33.1383,0.6798],[33.1487,0.6972],[33.1627,0.6928],[33.1524,0.6769],[33.1652,0.6678],[33.146,0.6692],[33.135,0.6529],[33.1218,0.7152]]]},"properties":{"key":"502","name":"Ngereka","class":"official_forest_reserve","areaHa":1210,"observed":true}},{"type":"Feature","geometry":{"type":"Polygon","coordinates":[[[32.913,2.2818],[32.9187,2.2819],[32.9131,2.2796],[32.913,2.2818]]]},"properties":{"key":"503","name":"Ngeta","class":"official_forest_reserve","areaHa":15,"observed":true}},{"type":"Feature","geometry":{"type":"Polygon","coordinates":[[[33.1004,0.0949],[33.1018,0.0885],[33.0881,0.0883],[33.1004,0.0949]]]},"properties":{"key":"504","name":"Ngogwe (Bwema Island)","class":"official_forest_reserve","areaHa":63,"observed":true}},{"type":"Feature","geometry":{"type":"Polygon","coordinates":[[[33.0534,0.6059],[33.0503,0.6578],[33.0644,0.6215],[33.0576,0.6072],[33.0754,0.5849],[33.0534,0.6059]]]},"properties":{"key":"505","name":"Nile Bank","class":"official_forest_reserve","areaHa":554,"observed":true}},{"type":"Feature","geometry":{"type":"Polygon","coordinates":[[[32.8945,0.0706],[32.8937,0.0896],[32.9059,0.0871],[32.9101,0.066],[32.8945,0.0706]]]},"properties":{"key":"506","name":"Nimu","class":"official_forest_reserve","areaHa":331,"observed":true}},{"type":"Feature","geometry":{"type":"Polygon","coordinates":[[[30.7042,0.6277],[30.7072,0.6455],[30.7304,0.6624],[30.7349,0.6449],[30.7162,0.6233],[30.7042,0.6277]]]},"properties":{"key":"507","name":"Nkera","class":"official_forest_reserve","areaHa":749,"observed":true}},{"type":"Feature","geometry":{"type":"Polygon","coordinates":[[[32.7195,-0.3236],[32.7227,-0.3227],[32.7228,-0.3255],[32.7195,-0.3236]]]},"properties":{"key":"508","name":"Nkese","class":"official_forest_reserve","areaHa":7,"observed":true}},{"type":"Feature","geometry":{"type":"Polygon","coordinates":[[[32.9048,0.1455],[32.9396,0.1354],[32.9325,0.1321],[32.925,0.1371],[32.9075,0.1306],[32.9048,0.1455]]]},"properties":{"key":"509","name":"Nkogwe","class":"official_forest_reserve","areaHa":297,"observed":true}},{"type":"Feature","geometry":{"type":"Polygon","coordinates":[[[32.2995,-0.7252],[32.3119,-0.7162],[32.3111,-0.7206],[32.2962,-0.7369],[32.2995,-0.7252]]]},"properties":{"key":"510","name":"Nkose","class":"official_forest_reserve","areaHa":128,"observed":true}},{"type":"Feature","geometry":{"type":"Polygon","coordinates":[[[32.3773,0.4043],[32.3702,0.4285],[32.3807,0.4042],[32.3892,0.414],[32.4259,0.417],[32.3931,0.4092],[32.3524,0.3843],[32.3773,0.4043]]]},"properties":{"key":"511","name":"Nonve","class":"official_forest_reserve","areaHa":727,"observed":true}},{"type":"Feature","geometry":{"type":"Polygon","coordinates":[[[29.8666,-0.4296],[29.8704,-0.3174],[29.9448,-0.3089],[29.9703,-0.2825],[30.025,-0.3174],[30.0519,-0.3104],[30.0402,-0.3876],[30.0222,-0.3781],[30.0081,-0.4385],[30.02,-0.4621],[29.9835,-0.4418],[29.9448,-0.472],[29.9364,-0.4512],[29.8836,-0.456],[29.8666,-0.4296]]]},"properties":{"key":"512","name":"North Maramagambo","class":"official_forest_reserve","areaHa":29462,"observed":true}},{"type":"Feature","geometry":{"type":"Polygon","coordinates":[[[30.1828,0.7676],[30.196,0.8033],[30.1934,0.8187],[30.1633,0.8259],[30.1728,0.8437],[30.2222,0.8384],[30.2297,0.8282],[30.2303,0.8041],[30.2043,0.759],[30.1828,0.7676]]]},"properties":{"key":"513","name":"North Rwenzori","class":"official_forest_reserve","areaHa":3529,"observed":true}},{"type":"Feature","geometry":{"type":"Polygon","coordinates":[[[31.6853,1.6111],[31.6845,1.6093],[31.6674,1.6087],[31.6853,1.6111]]]},"properties":{"key":"514","name":"Nsekuro Hill","class":"official_forest_reserve","areaHa":131,"observed":true}},{"type":"Feature","geometry":{"type":"Polygon","coordinates":[[[33.3043,0.1983],[33.3119,0.1984],[33.3051,0.1944],[33.3043,0.1983]]]},"properties":{"key":"515","name":"Nsese","class":"official_forest_reserve","areaHa":38,"observed":true}},{"type":"Feature","geometry":{"type":"Polygon","coordinates":[[[31.5415,0.2703],[31.5013,0.297],[31.5017,0.3125],[31.5417,0.3227],[31.5549,0.3476],[31.581,0.3379],[31.5888,0.3494],[31.6016,0.3362],[31.5979,0.3094],[31.5438,0.2816],[31.5415,0.2703]]]},"properties":{"key":"516","name":"Nsowe","class":"official_forest_reserve","areaHa":5055,"observed":true}},{"type":"Feature","geometry":{"type":"Polygon","coordinates":[[[33.1855,0.5408],[33.2094,0.5674],[33.2209,0.5485],[33.2064,0.5309],[33.1855,0.5408]]]},"properties":{"key":"517","name":"Nsube","class":"official_forest_reserve","areaHa":860,"observed":true}},{"type":"Feature","geometry":{"type":"Polygon","coordinates":[[[30.2699,-0.8702],[30.2708,-0.8708],[30.2672,-0.8766],[30.2699,-0.8702]]]},"properties":{"key":"518","name":"Ntungamo","class":"official_forest_reserve","areaHa":13,"observed":true}},{"type":"Feature","geometry":{"type":"Polygon","coordinates":[[[31.209,0.0556],[31.212,0.0544],[31.2083,0.0526],[31.209,0.0556]]]},"properties":{"key":"519","name":"Ntusi","class":"official_forest_reserve","areaHa":22,"observed":true}},{"type":"Feature","geometry":{"type":"Polygon","coordinates":[[[31.0076,0.9498],[31.0216,0.9572],[31.0262,0.9473],[31.005,0.9252],[31.0076,0.9498]]]},"properties":{"key":"520","name":"Nyabiku","class":"official_forest_reserve","areaHa":374,"observed":true}},{"type":"Feature","geometry":{"type":"Polygon","coordinates":[[[29.8813,0.0607],[29.8844,0.0622],[29.8826,0.0572],[29.8813,0.0607]]]},"properties":{"key":"521","name":"Nyabirongo","class":"official_forest_reserve","areaHa":16,"observed":true}},{"type":"Feature","geometry":{"type":"Polygon","coordinates":[[[29.9927,0.6951],[29.9986,0.7021],[30.01,0.6943],[30.0058,0.6857],[29.9927,0.6951]]]},"properties":{"key":"522","name":"Nyaburongo","class":"official_forest_reserve","areaHa":172,"observed":true}},{"type":"Feature","geometry":{"type":"Polygon","coordinates":[[[31.5323,1.6673],[31.5362,1.6998],[31.5463,1.6806],[31.5323,1.6673]]]},"properties":{"key":"523","name":"Nyabyeya","class":"official_forest_reserve","areaHa":355,"observed":true}},{"type":"Feature","geometry":{"type":"Polygon","coordinates":[[[30.9563,2.4373],[30.9609,2.4338],[30.9521,2.4331],[30.9563,2.4373]]]},"properties":{"key":"524","name":"Nyagak","class":"official_forest_reserve","areaHa":39,"observed":true}},{"type":"Feature","geometry":{"type":"Polygon","coordinates":[[[31.1125,0.8125],[31.1161,0.8353],[31.1253,0.8239],[31.1637,0.829],[31.164,0.8555],[31.1426,0.8577],[31.1669,0.8776],[31.1808,0.8735],[31.1948,0.8314],[31.1587,0.8067],[31.1411,0.8177],[31.1272,0.7966],[31.1125,0.8125]]]},"properties":{"key":"525","name":"Nyakarongo","class":"official_forest_reserve","areaHa":3494,"observed":true}},{"type":"Feature","geometry":{"type":"Polygon","coordinates":[[[30.1632,0.5315],[30.1641,0.5321],[30.1665,0.5285],[30.1632,0.5315]]]},"properties":{"key":"526","name":"Nyakigumba","class":"official_forest_reserve","areaHa":11,"observed":true}},{"type":"Feature","geometry":{"type":"Polygon","coordinates":[[[30.0088,0.6835],[30.0111,0.6782],[30.0047,0.682],[30.0088,0.6835]]]},"properties":{"key":"527","name":"Nyakikindo","class":"official_forest_reserve","areaHa":38,"observed":true}},{"type":"Feature","geometry":{"type":"Polygon","coordinates":[[[30.1542,0.5542],[30.1557,0.5558],[30.1553,0.553],[30.1542,0.5542]]]},"properties":{"key":"528","name":"Nyakinoni","class":"official_forest_reserve","areaHa":5,"observed":true}},{"type":"Feature","geometry":{"type":"Polygon","coordinates":[[[31.7057,1.6459],[31.7479,1.6324],[31.7072,1.634],[31.7057,1.6459]]]},"properties":{"key":"529","name":"Nyakunyu","class":"official_forest_reserve","areaHa":462,"observed":true}},{"type":"Feature","geometry":{"type":"Polygon","coordinates":[[[32.2483,2.042],[32.2837,2.0127],[32.2703,1.99],[32.2472,1.9828],[32.1968,1.9936],[32.2116,2.0187],[32.2483,2.042]]]},"properties":{"key":"530","name":"Nyamakere","class":"official_forest_reserve","areaHa":3942,"observed":true}},{"type":"Feature","geometry":{"type":"Polygon","coordinates":[[[33.6402,3.5063],[33.6166,3.521],[33.6258,3.5208],[33.6128,3.5432],[33.5252,3.6297],[33.4513,3.7538],[33.5137,3.7486],[33.5575,3.7927],[33.6064,3.7137],[33.6171,3.6598],[33.6937,3.5706],[33.6784,3.5502],[33.695,3.5521],[33.7468,3.4843],[33.7712,3.4775],[33.779,3.455],[33.7666,3.4406],[33.7668,3.3748],[33.7394,3.3995],[33.7112,3.4591],[33.6799,3.4865],[33.6612,3.5302],[33.6639,3.5076],[33.6402,3.5063]]]},"properties":{"key":"531","name":"Nyangea - Napore","class":"official_forest_reserve","areaHa":42308,"observed":true}},{"type":"Feature","geometry":{"type":"Polygon","coordinates":[[[30.6435,0.5969],[30.6443,0.5964],[30.641,0.5933],[30.6435,0.5969]]]},"properties":{"key":"532","name":"Nyantungo","class":"official_forest_reserve","areaHa":6,"observed":true}},{"type":"Feature","geometry":{"type":"Polygon","coordinates":[[[30.9201,2.4783],[30.9228,2.4787],[30.9215,2.4758],[30.9201,2.4783]]]},"properties":{"key":"533","name":"Nyapea","class":"official_forest_reserve","areaHa":8,"observed":true}},{"type":"Feature","geometry":{"type":"Polygon","coordinates":[[[30.787,3.0139],[30.7895,3.0166],[30.7948,3.0167],[30.7947,3.008],[30.787,3.0139]]]},"properties":{"key":"534","name":"Nyio - Bamboo","class":"official_forest_reserve","areaHa":57,"observed":true}},{"type":"Feature","geometry":{"type":"Polygon","coordinates":[[[32.6153,2.3418],[32.6153,2.3569],[32.6279,2.3569],[32.628,2.3418],[32.6153,2.3418]]]},"properties":{"key":"535","name":"Obel","class":"official_forest_reserve","areaHa":234,"observed":true}},{"type":"Feature","geometry":{"type":"Polygon","coordinates":[[[33.5592,1.6362],[33.5618,1.6403],[33.5652,1.6348],[33.5592,1.6362]]]},"properties":{"key":"536","name":"Obule","class":"official_forest_reserve","areaHa":39,"observed":true}},{"type":"Feature","geometry":{"type":"Polygon","coordinates":[[[32.839,1.5878],[32.8271,1.5903],[32.8287,1.6048],[32.8421,1.6034],[32.839,1.5878]]]},"properties":{"key":"537","name":"Ocamo - Lum","class":"official_forest_reserve","areaHa":240,"observed":true}},{"type":"Feature","geometry":{"type":"Polygon","coordinates":[[[33.5856,2.0235],[33.5914,2.0312],[33.5994,2.0288],[33.6033,2.015],[33.5856,2.0235]]]},"properties":{"key":"538","name":"Ochomai","class":"official_forest_reserve","areaHa":234,"observed":true}},{"type":"Feature","geometry":{"type":"Polygon","coordinates":[[[33.3032,1.5345],[33.3064,1.5582],[33.3136,1.5578],[33.3203,1.5401],[33.3032,1.5345]]]},"properties":{"key":"539","name":"Ochomil","class":"official_forest_reserve","areaHa":265,"observed":true}},{"type":"Feature","geometry":{"type":"Polygon","coordinates":[[[31.0397,3.2349],[31.0441,3.2345],[31.0403,3.2319],[31.0397,3.2349]]]},"properties":{"key":"540","name":"Odruwa","class":"official_forest_reserve","areaHa":17,"observed":true}},{"type":"Feature","geometry":{"type":"Polygon","coordinates":[[[33.6522,1.2153],[33.6589,1.2216],[33.6554,1.2113],[33.6522,1.2153]]]},"properties":{"key":"541","name":"Oduarata","class":"official_forest_reserve","areaHa":90,"observed":true}},{"type":"Feature","geometry":{"type":"Polygon","coordinates":[[[33.2577,1.5769],[33.3003,1.5736],[33.263,1.5702],[33.2577,1.5769]]]},"properties":{"key":"542","name":"Ogera Hill","class":"official_forest_reserve","areaHa":428,"observed":true}},{"type":"Feature","geometry":{"type":"Polygon","coordinates":[[[33.3168,3.1345],[33.3309,3.1386],[33.3091,3.1537],[33.2385,3.1533],[33.2449,3.1983],[33.3134,3.1838],[33.3463,3.1634],[33.3256,3.109],[33.3168,3.1345]]]},"properties":{"key":"543","name":"Ogili","class":"official_forest_reserve","areaHa":5289,"observed":true}},{"type":"Feature","geometry":{"type":"Polygon","coordinates":[[[32.6376,2.9656],[32.6219,2.9668],[32.6008,2.9964],[32.6062,3.0027],[32.6394,2.9783],[32.6376,2.9656]]]},"properties":{"key":"544","name":"Ogom","class":"official_forest_reserve","areaHa":797,"observed":true}},{"type":"Feature","geometry":{"type":"Polygon","coordinates":[[[32.9336,2.4386],[32.936,2.4421],[32.9352,2.4374],[32.9336,2.4386]]]},"properties":{"key":"545","name":"Ogur","class":"official_forest_reserve","areaHa":10,"observed":true}},{"type":"Feature","geometry":{"type":"Polygon","coordinates":[[[32.762,2.5749],[32.7615,2.5905],[32.7759,2.5901],[32.776,2.5756],[32.762,2.5749]]]},"properties":{"key":"546","name":"Ojwiting","class":"official_forest_reserve","areaHa":263,"observed":true}},{"type":"Feature","geometry":{"type":"Polygon","coordinates":[[[30.8162,2.6697],[30.8318,2.659],[30.8144,2.6573],[30.7918,2.6438],[30.8162,2.6697]]]},"properties":{"key":"547","name":"Okavu - Reru","class":"official_forest_reserve","areaHa":417,"observed":true}},{"type":"Feature","geometry":{"type":"Polygon","coordinates":[[[33.4203,2.2323],[33.4199,2.2456],[33.4356,2.2452],[33.4353,2.2325],[33.4203,2.2323]]]},"properties":{"key":"548","name":"Okurango","class":"official_forest_reserve","areaHa":245,"observed":true}},{"type":"Feature","geometry":{"type":"Polygon","coordinates":[[[33.3207,0.1229],[33.3278,0.0962],[33.3058,0.1024],[33.3207,0.1229]]]},"properties":{"key":"549","name":"Olamusa","class":"official_forest_reserve","areaHa":401,"observed":true}},{"type":"Feature","geometry":{"type":"Polygon","coordinates":[[[32.8373,2.5168],[32.8253,2.5171],[32.824,2.5319],[32.8375,2.5292],[32.8373,2.5168]]]},"properties":{"key":"550","name":"Olia","class":"official_forest_reserve","areaHa":212,"observed":true}},{"type":"Feature","geometry":{"type":"Polygon","coordinates":[[[33.5622,2.499],[33.5707,2.5003],[33.566,2.4786],[33.5622,2.499]]]},"properties":{"key":"551","name":"Oliduro","class":"official_forest_reserve","areaHa":211,"observed":true}},{"type":"Feature","geometry":{"type":"Polygon","coordinates":[[[33.4695,2.4268],[33.4712,2.4278],[33.4704,2.4251],[33.4695,2.4268]]]},"properties":{"key":"552","name":"Olilim","class":"official_forest_reserve","areaHa":5,"observed":true}},{"type":"Feature","geometry":{"type":"Polygon","coordinates":[[[30.8717,3.2058],[30.8789,3.2123],[30.8765,3.2011],[30.8717,3.2058]]]},"properties":{"key":"553","name":"Olovu","class":"official_forest_reserve","areaHa":79,"observed":true}},{"type":"Feature","geometry":{"type":"Polygon","coordinates":[[[32.0819,2.8441],[32.0731,2.873],[32.0848,2.8914],[32.0904,2.8915],[32.1185,2.8409],[32.0819,2.8441]]]},"properties":{"key":"554","name":"Olwal","class":"official_forest_reserve","areaHa":1393,"observed":true}},{"type":"Feature","geometry":{"type":"Polygon","coordinates":[[[30.9702,2.556],[30.9777,2.5762],[31.0179,2.5691],[31.0203,2.5522],[30.9895,2.517],[30.9702,2.556]]]},"properties":{"key":"555","name":"Omier","class":"official_forest_reserve","areaHa":2320,"observed":true}},{"type":"Feature","geometry":{"type":"Polygon","coordinates":[[[33.5642,1.653],[33.5731,1.6548],[33.5693,1.6481],[33.5642,1.653]]]},"properties":{"key":"556","name":"Omodoi","class":"official_forest_reserve","areaHa":55,"observed":true}},{"type":"Feature","geometry":{"type":"Polygon","coordinates":[[[33.3903,2.2424],[33.3941,2.2429],[33.3903,2.2404],[33.3903,2.2424]]]},"properties":{"key":"557","name":"Omoro","class":"official_forest_reserve","areaHa":9,"observed":true}},{"type":"Feature","geometry":{"type":"Polygon","coordinates":[[[33.1585,1.8876],[33.1497,1.8994],[33.1614,1.908],[33.1699,1.896],[33.1585,1.8876]]]},"properties":{"key":"558","name":"Onekokeo","class":"official_forest_reserve","areaHa":259,"observed":true}},{"type":"Feature","geometry":{"type":"Polygon","coordinates":[[[33.9922,1.5465],[33.997,1.5509],[33.9946,1.543],[33.9922,1.5465]]]},"properties":{"key":"559","name":"Ongino","class":"official_forest_reserve","areaHa":36,"observed":true}},{"type":"Feature","geometry":{"type":"Polygon","coordinates":[[[33.1307,2.2403],[33.1199,2.2575],[33.1285,2.2612],[33.1383,2.2449],[33.1307,2.2403]]]},"properties":{"key":"560","name":"Ongom","class":"official_forest_reserve","areaHa":220,"observed":true}},{"type":"Feature","geometry":{"type":"Polygon","coordinates":[[[33.3164,1.61],[33.3195,1.6118],[33.3192,1.609],[33.3164,1.61]]]},"properties":{"key":"561","name":"Ongwara","class":"official_forest_reserve","areaHa":9,"observed":true}},{"type":"Feature","geometry":{"type":"Polygon","coordinates":[[[33.937,1.7129],[33.9435,1.7098],[33.9333,1.6991],[33.937,1.7129]]]},"properties":{"key":"562","name":"Onyurut","class":"official_forest_reserve","areaHa":157,"observed":true}},{"type":"Feature","geometry":{"type":"Polygon","coordinates":[[[32.3071,2.6766],[32.3205,2.6777],[32.3236,2.6677],[32.31,2.6655],[32.3071,2.6766]]]},"properties":{"key":"563","name":"Opaka","class":"official_forest_reserve","areaHa":208,"observed":true}},{"type":"Feature","geometry":{"type":"Polygon","coordinates":[[[32.4661,2.593],[32.4806,2.5986],[32.4784,2.6183],[32.4936,2.6147],[32.5303,2.6398],[32.545,2.6357],[32.5369,2.6191],[32.5822,2.6164],[32.5821,2.6052],[32.6074,2.5978],[32.6062,2.5901],[32.4665,2.584],[32.4661,2.593]]]},"properties":{"key":"564","name":"Opit","class":"official_forest_reserve","areaHa":5068,"observed":true}},{"type":"Feature","geometry":{"type":"Polygon","coordinates":[[[32.3743,2.7561],[32.3604,2.7583],[32.361,2.7788],[32.3849,2.7697],[32.3743,2.7561]]]},"properties":{"key":"565","name":"Opok","class":"official_forest_reserve","areaHa":538,"observed":true}},{"type":"Feature","geometry":{"type":"Polygon","coordinates":[[[33.4676,3.3975],[33.4678,3.3991],[33.4709,3.397],[33.4676,3.3975]]]},"properties":{"key":"566","name":"Orom","class":"official_forest_reserve","areaHa":5,"observed":true}},{"type":"Feature","geometry":{"type":"Polygon","coordinates":[[[30.4904,0.6574],[30.5067,0.6648],[30.511,0.6471],[30.5209,0.658],[30.5155,0.6445],[30.4904,0.6574]]]},"properties":{"key":"567","name":"Oruha","class":"official_forest_reserve","areaHa":344,"observed":true}},{"type":"Feature","geometry":{"type":"Polygon","coordinates":[[[33.3621,2.4063],[33.364,2.4065],[33.3625,2.4041],[33.3621,2.4063]]]},"properties":{"key":"568","name":"Orumo","class":"official_forest_reserve","areaHa":5,"observed":true}},{"type":"Feature","geometry":{"type":"Polygon","coordinates":[[[31.1144,3.2114],[31.1233,3.2062],[31.1241,3.1845],[31.1019,3.1842],[31.1144,3.2114]]]},"properties":{"key":"569","name":"Otrevu","class":"official_forest_reserve","areaHa":563,"observed":true}},{"type":"Feature","geometry":{"type":"Polygon","coordinates":[[[33.604,2.4817],[33.5722,2.5328],[33.5555,2.5317],[33.55,2.5658],[33.5665,2.5594],[33.6129,2.4965],[33.604,2.4817]]]},"properties":{"key":"570","name":"Otukei","class":"official_forest_reserve","areaHa":2029,"observed":true}},{"type":"Feature","geometry":{"type":"Polygon","coordinates":[[[32.7112,2.5253],[32.7131,2.5273],[32.7125,2.524],[32.7112,2.5253]]]},"properties":{"key":"571","name":"Otwal","class":"official_forest_reserve","areaHa":6,"observed":true}},{"type":"Feature","geometry":{"type":"MultiPolygon","coordinates":[[[[31.8347,3.6584],[31.8413,3.6531],[31.8345,3.6545],[31.8347,3.6584]]],[[[31.8234,3.6505],[31.8418,3.6394],[31.8324,3.6357],[31.8234,3.6505]]],[[[31.77,3.6427],[31.7834,3.6526],[31.7745,3.6418],[31.7842,3.6467],[31.7827,3.6208],[31.77,3.6427]]]]},"properties":{"key":"572","name":"Otzi","class":"official_forest_reserve","areaHa":557,"observed":true}},{"type":"Feature","geometry":{"type":"MultiPolygon","coordinates":[[[[31.0418,3.2209],[31.0421,3.2259],[31.0436,3.2205],[31.0418,3.2209]]],[[[30.9112,3.2307],[30.9158,3.2173],[30.9051,3.2166],[30.9112,3.2307]]]]},"properties":{"key":"573","name":"Ovuju","class":"official_forest_reserve","areaHa":148,"observed":true}},{"type":"Feature","geometry":{"type":"Polygon","coordinates":[[[30.8457,3.0523],[30.8475,3.0545],[30.8458,3.0518],[30.8457,3.0523]]]},"properties":{"key":"574","name":"Ozu","class":"official_forest_reserve","areaHa":8,"observed":true}},{"type":"Feature","geometry":{"type":"Polygon","coordinates":[[[30.9899,3.4537],[31.0045,3.4793],[31.0213,3.465],[31.0004,3.4467],[30.9899,3.4537]]]},"properties":{"key":"575","name":"Ozubu","class":"official_forest_reserve","areaHa":703,"observed":true}},{"type":"Feature","geometry":{"type":"Polygon","coordinates":[[[32.1348,2.9987],[32.1351,3.0005],[32.1377,2.998],[32.1348,2.9987]]]},"properties":{"key":"576","name":"Pabbo","class":"official_forest_reserve","areaHa":7,"observed":true}},{"type":"Feature","geometry":{"type":"Polygon","coordinates":[[[32.8332,3.4661],[32.8371,3.4671],[32.8342,3.4648],[32.8332,3.4661]]]},"properties":{"key":"577","name":"Padibe","class":"official_forest_reserve","areaHa":6,"observed":true}},{"type":"Feature","geometry":{"type":"Polygon","coordinates":[[[32.4496,2.8954],[32.4518,2.8971],[32.4499,2.8952],[32.4496,2.8954]]]},"properties":{"key":"578","name":"Paicho","class":"official_forest_reserve","areaHa":2,"observed":true}},{"type":"Feature","geometry":{"type":"Polygon","coordinates":[[[32.7881,3.3334],[32.8003,3.331],[32.7864,3.3224],[32.7881,3.3334]]]},"properties":{"key":"579","name":"Pajimu","class":"official_forest_reserve","areaHa":167,"observed":true}},{"type":"Feature","geometry":{"type":"Polygon","coordinates":[[[31.8487,3.3477],[31.8524,3.3485],[31.849,3.346],[31.8487,3.3477]]]},"properties":{"key":"580","name":"Pakelle","class":"official_forest_reserve","areaHa":8,"observed":true}},{"type":"Feature","geometry":{"type":"Polygon","coordinates":[[[31.4738,2.4481],[31.4756,2.4465],[31.47,2.4435],[31.4738,2.4481]]]},"properties":{"key":"581","name":"Pakwach","class":"official_forest_reserve","areaHa":13,"observed":true}},{"type":"Feature","geometry":{"type":"MultiPolygon","coordinates":[[[[32.5799,3.4382],[32.5799,3.439],[32.5806,3.4381],[32.5799,3.4382]]],[[[32.5792,3.4356],[32.5799,3.4365],[32.5802,3.4344],[32.5792,3.4356]]]]},"properties":{"key":"582","name":"Palabek","class":"official_forest_reserve","areaHa":5,"observed":true}},{"type":"Feature","geometry":{"type":"Polygon","coordinates":[[[32.3681,1.8938],[32.3706,1.8937],[32.3681,1.8902],[32.3681,1.8938]]]},"properties":{"key":"583","name":"Palango","class":"official_forest_reserve","areaHa":10,"observed":true}},{"type":"Feature","geometry":{"type":"Polygon","coordinates":[[[32.7626,3.4724],[32.7742,3.4553],[32.75,3.4571],[32.7626,3.4724]]]},"properties":{"key":"584","name":"Paonyeme","class":"official_forest_reserve","areaHa":362,"observed":true}},{"type":"Feature","geometry":{"type":"Polygon","coordinates":[[[33.3231,3.0689],[33.3286,3.0846],[33.3184,3.0966],[33.3291,3.1102],[33.3649,3.094],[33.3734,3.0612],[33.3568,3.0528],[33.3697,3.0378],[33.3231,3.0689]]]},"properties":{"key":"585","name":"Parabongo","class":"official_forest_reserve","areaHa":2813,"observed":true}},{"type":"Feature","geometry":{"type":"Polygon","coordinates":[[[34.163,0.8068],[34.1656,0.8046],[34.1623,0.8055],[34.163,0.8068]]]},"properties":{"key":"586","name":"Pokoli","class":"official_forest_reserve","areaHa":18,"observed":true}},{"type":"Feature","geometry":{"type":"Polygon","coordinates":[[[31.4068,-0.7125],[31.4067,-0.716],[31.4018,-0.7168],[31.4068,-0.7125]]]},"properties":{"key":"587","name":"Rakai","class":"official_forest_reserve","areaHa":12,"observed":true}},{"type":"Feature","geometry":{"type":"Polygon","coordinates":[[[33.5394,3.3605],[33.5477,3.4213],[33.598,3.4538],[33.6353,3.4161],[33.6374,3.3655],[33.5515,3.3266],[33.5394,3.3605]]]},"properties":{"key":"588","name":"Rom","class":"official_forest_reserve","areaHa":10898,"observed":true}},{"type":"Feature","geometry":{"type":"Polygon","coordinates":[[[30.8177,-0.1774],[30.8182,-0.1774],[30.8172,-0.1801],[30.8177,-0.1774]]]},"properties":{"key":"589","name":"Rugongi","class":"official_forest_reserve","areaHa":5,"observed":true}},{"type":"Feature","geometry":{"type":"Polygon","coordinates":[[[31.0571,0.9242],[31.081,0.901],[31.0523,0.9094],[31.0571,0.9242]]]},"properties":{"key":"590","name":"Rukara","class":"official_forest_reserve","areaHa":450,"observed":true}},{"type":"Feature","geometry":{"type":"Polygon","coordinates":[[[29.93,-0.7867],[29.9326,-0.7911],[29.9269,-0.7917],[29.93,-0.7867]]]},"properties":{"key":"591","name":"Rukungiri","class":"official_forest_reserve","areaHa":24,"observed":true}},{"type":"Feature","geometry":{"type":"Polygon","coordinates":[[[29.8231,-0.6015],[29.826,-0.5983],[29.8278,-0.6038],[29.8231,-0.6015]]]},"properties":{"key":"592","name":"Rushaya","class":"official_forest_reserve","areaHa":29,"observed":true}},{"type":"Feature","geometry":{"type":"Polygon","coordinates":[[[30.9668,1.0191],[30.9887,0.9971],[30.9591,0.956],[30.9668,1.0191]]]},"properties":{"key":"593","name":"Ruzaire","class":"official_forest_reserve","areaHa":1195,"observed":true}},{"type":"Feature","geometry":{"type":"Polygon","coordinates":[[[30.997,1.1225],[31.0126,1.0906],[30.9987,1.0882],[30.997,1.1225]]]},"properties":{"key":"594","name":"Rwengeye","class":"official_forest_reserve","areaHa":324,"observed":true}},{"type":"Feature","geometry":{"type":"Polygon","coordinates":[[[29.8618,-0.6715],[29.8733,-0.6656],[29.8742,-0.6734],[29.8686,-0.6825],[29.8618,-0.6715]]]},"properties":{"key":"595","name":"Rwengiri","class":"official_forest_reserve","areaHa":154,"observed":true}},{"type":"Feature","geometry":{"type":"Polygon","coordinates":[[[31.515,1.6622],[31.5123,1.6734],[31.5177,1.6646],[31.5236,1.6718],[31.5265,1.6586],[31.515,1.6622]]]},"properties":{"key":"596","name":"Rwensama","class":"official_forest_reserve","areaHa":122,"observed":true}},{"type":"Feature","geometry":{"type":"Polygon","coordinates":[[[31.0772,0.442],[31.0741,0.4513],[31.0837,0.4618],[31.1024,0.4466],[31.108,0.4606],[31.1115,0.4435],[31.0772,0.442]]]},"properties":{"key":"597","name":"Rwensambya","class":"official_forest_reserve","areaHa":671,"observed":true}},{"type":"Feature","geometry":{"type":"Polygon","coordinates":[[[30.5595,-0.9362],[30.5609,-0.8909],[30.5398,-0.8366],[30.5456,-0.823],[30.5627,-0.824],[30.5666,-0.7979],[30.5973,-0.8031],[30.6237,-0.8603],[30.6038,-0.879],[30.5777,-0.9582],[30.5595,-0.9362]]]},"properties":{"key":"598","name":"Rwoho","class":"official_forest_reserve","areaHa":9045,"observed":true}},{"type":"Feature","geometry":{"type":"Polygon","coordinates":[[[33.7986,0.9981],[33.8211,1.0127],[33.8078,0.9938],[33.8055,0.9842],[33.7986,0.9981]]]},"properties":{"key":"599","name":"Sala","class":"official_forest_reserve","areaHa":320,"observed":true}},{"type":"Feature","geometry":{"type":"Polygon","coordinates":[[[33.4128,1.4408],[33.4156,1.4596],[33.4287,1.4527],[33.4348,1.4283],[33.4128,1.4408]]]},"properties":{"key":"600","name":"Sambwa","class":"official_forest_reserve","areaHa":523,"observed":true}},{"type":"Feature","geometry":{"type":"Polygon","coordinates":[[[32.4455,-0.4926],[32.4459,-0.4927],[32.4456,-0.4931],[32.4455,-0.4926]]]},"properties":{"key":"601","name":"Sekazinga","class":"official_forest_reserve","areaHa":0,"observed":true}},{"type":"Feature","geometry":{"type":"MultiPolygon","coordinates":[[[[31.8988,0.1122],[31.8974,0.1178],[31.9016,0.1144],[31.8988,0.1122]]],[[[31.8896,0.1114],[31.8929,0.1139],[31.8957,0.1079],[31.8896,0.1114]]]]},"properties":{"key":"602","name":"Sembula","class":"official_forest_reserve","areaHa":45,"observed":true}},{"type":"Feature","geometry":{"type":"Polygon","coordinates":[[[32.4035,0.1422],[32.4157,0.1578],[32.415,0.2079],[32.424,0.1753],[32.4165,0.1229],[32.4035,0.1422]]]},"properties":{"key":"603","name":"Semunya","class":"official_forest_reserve","areaHa":718,"observed":true}},{"type":"Feature","geometry":{"type":"Polygon","coordinates":[[[31.7752,1.6484],[31.7997,1.647],[31.798,1.6332],[31.7853,1.6297],[31.7752,1.6484]]]},"properties":{"key":"604","name":"Sirisiri","class":"official_forest_reserve","areaHa":475,"observed":true}},{"type":"Feature","geometry":{"type":"Polygon","coordinates":[[[33.9051,0.496],[33.9402,0.5355],[33.9278,0.5055],[33.9051,0.494],[33.9174,0.4926],[33.9366,0.5],[33.9543,0.5155],[33.9526,0.5058],[33.9053,0.4861],[33.9051,0.496]]]},"properties":{"key":"605","name":"Sitambogo","class":"official_forest_reserve","areaHa":627,"observed":true}},{"type":"Feature","geometry":{"type":"MultiPolygon","coordinates":[[[[33.6194,1.7427],[33.622,1.7385],[33.6167,1.7364],[33.6194,1.7427]]],[[[33.6041,1.7419],[33.6165,1.739],[33.6054,1.7388],[33.6087,1.7226],[33.6041,1.7419]]],[[[33.6196,1.7067],[33.6304,1.6997],[33.6228,1.7023],[33.6196,1.7067]]]]},"properties":{"key":"606","name":"Soroti","class":"official_forest_reserve","areaHa":134,"observed":true}},{"type":"Feature","geometry":{"type":"Polygon","coordinates":[[[33.5281,0.2015],[33.5,0.1938],[33.5057,0.2204],[33.4912,0.247],[33.5064,0.257],[33.5262,0.2484],[33.5376,0.3539],[33.5537,0.3505],[33.5769,0.3118],[33.5864,0.3196],[33.6111,0.3055],[33.604,0.2881],[33.6221,0.2746],[33.6279,0.2223],[33.5679,0.1992],[33.5757,0.179],[33.566,0.1702],[33.5452,0.1735],[33.5561,0.2014],[33.5405,0.2053],[33.5222,0.1688],[33.5281,0.2015]]]},"properties":{"key":"607","name":"South Busoga","class":"official_forest_reserve","areaHa":16133,"observed":true}},{"type":"Feature","geometry":{"type":"Polygon","coordinates":[[[29.8279,-0.5955],[29.8534,-0.5503],[29.8449,-0.5286],[29.8525,-0.5022],[29.8251,-0.4843],[29.8977,-0.4446],[29.9392,-0.4852],[29.926,-0.5182],[29.9392,-0.5408],[29.9203,-0.5493],[29.9269,-0.5644],[29.8788,-0.6134],[29.8279,-0.5955]]]},"properties":{"key":"608","name":"South Maramagambo","class":"official_forest_reserve","areaHa":14779,"observed":true}},{"type":"Feature","geometry":{"type":"Polygon","coordinates":[[[33.2065,0.2666],[33.2179,0.2616],[33.2295,0.2738],[33.2232,0.2593],[33.2013,0.255],[33.2065,0.2666]]]},"properties":{"key":"609","name":"Sozi","class":"official_forest_reserve","areaHa":233,"observed":true}},{"type":"Feature","geometry":{"type":"Polygon","coordinates":[[[31.1585,3.025],[31.1735,3.0461],[31.1686,3.0197],[31.1585,3.025]]]},"properties":{"key":"610","name":"Suru","class":"official_forest_reserve","areaHa":369,"observed":true}},{"type":"Feature","geometry":{"type":"Polygon","coordinates":[[[31.5765,0.866],[31.5202,0.8796],[31.5116,0.8721],[31.5021,0.8834],[31.4881,0.8753],[31.4873,0.8877],[31.4665,0.8843],[31.4668,0.8928],[31.506,0.8982],[31.5414,0.9424],[31.568,0.9403],[31.6232,0.8833],[31.636,0.8549],[31.6297,0.8323],[31.5765,0.866]]]},"properties":{"key":"611","name":"Taala","class":"official_forest_reserve","areaHa":9659,"observed":true}},{"type":"Feature","geometry":{"type":"Polygon","coordinates":[[[34.1808,0.7843],[34.183,0.7853],[34.186,0.7813],[34.1808,0.7843]]]},"properties":{"key":"612","name":"Tebakoli","class":"official_forest_reserve","areaHa":20,"observed":true}},{"type":"Feature","geometry":{"type":"Polygon","coordinates":[[[33.0479,2.2669],[33.0433,2.271],[33.0457,2.2738],[33.0558,2.2687],[33.0479,2.2669]]]},"properties":{"key":"613","name":"Teiponga","class":"official_forest_reserve","areaHa":56,"observed":true}},{"type":"Feature","geometry":{"type":"Polygon","coordinates":[[[32.8328,2.2207],[32.8185,2.238],[32.8371,2.2369],[32.8438,2.2242],[32.8328,2.2207]]]},"properties":{"key":"614","name":"Telwa","class":"official_forest_reserve","areaHa":311,"observed":true}},{"type":"Feature","geometry":{"type":"MultiPolygon","coordinates":[[[[31.6681,-0.8381],[31.6491,-0.8531],[31.6442,-0.8376],[31.6703,-0.789],[31.6682,-0.8257],[31.6764,-0.8556],[31.6681,-0.8381]]],[[[31.5922,-0.9038],[31.6222,-0.844],[31.6186,-0.8153],[31.6357,-0.8045],[31.6226,-0.8758],[31.6458,-0.8786],[31.5997,-0.917],[31.5922,-0.9038]]]]},"properties":{"key":"615","name":"Tero","class":"official_forest_reserve","areaHa":3753,"observed":true}},{"type":"Feature","geometry":{"type":"Polygon","coordinates":[[[34.2826,3.5728],[34.2771,3.6519],[34.3419,3.6519],[34.3825,3.6212],[34.3937,3.5824],[34.3825,3.5617],[34.3454,3.5388],[34.2826,3.5728]]]},"properties":{"key":"616","name":"Timu","class":"official_forest_reserve","areaHa":12211,"observed":true}},{"type":"Feature","geometry":{"type":"Polygon","coordinates":[[[32.489,-0.4185],[32.4826,-0.417],[32.4902,-0.4139],[32.493,-0.426],[32.489,-0.4185]]]},"properties":{"key":"617","name":"Tonde","class":"official_forest_reserve","areaHa":74,"observed":true}},{"type":"Feature","geometry":{"type":"MultiPolygon","coordinates":[[[[34.1714,0.7041],[34.161,0.703],[34.1834,0.715],[34.1829,0.7026],[34.1714,0.7041]]],[[[31.293,0.7057],[31.2993,0.7059],[31.2961,0.6994],[31.293,0.7057]]],[[[32.0154,0.7026],[32.0181,0.703],[32.0166,0.6992],[32.0154,0.7026]]],[[[34.1853,0.7043],[34.2091,0.7011],[34.1848,0.7007],[34.1853,0.7043]]],[[[34.158,0.6961],[34.1602,0.7004],[34.1684,0.6931],[34.1561,0.6832],[34.158,0.6961]]],[[[34.2074,0.6816],[34.2164,0.6951],[34.211,0.6827],[34.2164,0.6726],[34.2074,0.6816]]]]},"properties":{"key":"618","name":"Tororo","class":"official_forest_reserve","areaHa":432,"observed":true}},{"type":"Feature","geometry":{"type":"MultiPolygon","coordinates":[[[[32.2363,-0.3606],[32.2417,-0.3622],[32.2359,-0.3697],[32.2363,-0.3606]]],[[[32.2526,-0.3482],[32.2419,-0.371],[32.2487,-0.3565],[32.2304,-0.3388],[32.233,-0.3202],[32.2681,-0.3283],[32.2648,-0.3536],[32.275,-0.3634],[32.2604,-0.3666],[32.2593,-0.3786],[32.2526,-0.3482]]]]},"properties":{"key":"619","name":"Towa","class":"official_forest_reserve","areaHa":1488,"observed":true}},{"type":"Feature","geometry":{"type":"Polygon","coordinates":[[[32.2811,0.404],[32.293,0.422],[32.2817,0.4323],[32.3011,0.4293],[32.2916,0.4102],[32.309,0.4196],[32.3121,0.3984],[32.2911,0.4037],[32.318,0.391],[32.2811,0.404]]]},"properties":{"key":"620","name":"Tumbi","class":"official_forest_reserve","areaHa":519,"observed":true}},{"type":"Feature","geometry":{"type":"Polygon","coordinates":[[[30.8932,2.555],[30.9043,2.5677],[30.9083,2.5559],[30.9076,2.5321],[30.8932,2.555]]]},"properties":{"key":"621","name":"Usi","class":"official_forest_reserve","areaHa":434,"observed":true}},{"type":"Feature","geometry":{"type":"Polygon","coordinates":[[[31.1389,3.2826],[31.1458,3.277],[31.136,3.2803],[31.1389,3.2826]]]},"properties":{"key":"622","name":"Utumbari","class":"official_forest_reserve","areaHa":80,"observed":true}},{"type":"Feature","geometry":{"type":"Polygon","coordinates":[[[32.1015,0.2268],[32.1082,0.2296],[32.1149,0.2188],[32.1066,0.1993],[32.1015,0.2268]]]},"properties":{"key":"623","name":"Wabinyomo","class":"official_forest_reserve","areaHa":245,"observed":true}},{"type":"Feature","geometry":{"type":"Polygon","coordinates":[[[31.9485,0.1289],[31.9526,0.1359],[31.9509,0.1281],[31.9485,0.1289]]]},"properties":{"key":"624","name":"Wabirago","class":"official_forest_reserve","areaHa":65,"observed":true}},{"type":"Feature","geometry":{"type":"Polygon","coordinates":[[[32.5402,1.3744],[32.5312,1.3917],[32.5217,1.3832],[32.5198,1.4227],[32.4839,1.4235],[32.4946,1.4291],[32.4846,1.4278],[32.4861,1.4407],[32.4604,1.4413],[32.4531,1.4219],[32.4445,1.4271],[32.4703,1.4746],[32.5122,1.4768],[32.5143,1.4495],[32.5284,1.4489],[32.5203,1.4284],[32.5397,1.4159],[32.5501,1.3865],[32.5402,1.3744]]]},"properties":{"key":"625","name":"Wabisi - Wajala","class":"official_forest_reserve","areaHa":4466,"observed":true}},{"type":"Feature","geometry":{"type":"Polygon","coordinates":[[[31.7545,-0.403],[31.7837,-0.4108],[31.7694,-0.4148],[31.755,-0.4284],[31.7545,-0.403]]]},"properties":{"key":"626","name":"Wabitembe","class":"official_forest_reserve","areaHa":285,"observed":true}},{"type":"Feature","geometry":{"type":"Polygon","coordinates":[[[31.4254,2.7292],[31.4126,2.7573],[31.4309,2.7496],[31.4398,2.7253],[31.4254,2.7292]]]},"properties":{"key":"627","name":"Wadelai","class":"official_forest_reserve","areaHa":578,"observed":true}},{"type":"Feature","geometry":{"type":"Polygon","coordinates":[[[33.5924,0.6584],[33.5857,0.6583],[33.585,0.6626],[33.5924,0.6584]]]},"properties":{"key":"628","name":"Wakatanga","class":"official_forest_reserve","areaHa":50,"observed":true}},{"type":"Feature","geometry":{"type":"Polygon","coordinates":[[[32.325,0.4132],[32.3322,0.4067],[32.3239,0.3903],[32.325,0.4132]]]},"properties":{"key":"629","name":"Wakayembe","class":"official_forest_reserve","areaHa":172,"observed":true}},{"type":"Feature","geometry":{"type":"MultiPolygon","coordinates":[[[[33.4587,0.6196],[33.4605,0.619],[33.465,0.6083],[33.4587,0.6196]]],[[[33.467,0.6059],[33.4702,0.5996],[33.4683,0.5991],[33.467,0.6059]]]]},"properties":{"key":"630","name":"Walugogo","class":"official_forest_reserve","areaHa":41,"observed":true}},{"type":"Feature","geometry":{"type":"Polygon","coordinates":[[[31.9994,0.3907],[32.0171,0.3898],[32.0019,0.3806],[32.0026,0.3877],[31.9837,0.3739],[31.9994,0.3907]]]},"properties":{"key":"631","name":"Walugondo","class":"official_forest_reserve","areaHa":153,"observed":true}},{"type":"Feature","geometry":{"type":"Polygon","coordinates":[[[33.3049,0.4616],[33.3211,0.4704],[33.3181,0.466],[33.3013,0.4526],[33.3049,0.4616]]]},"properties":{"key":"632","name":"Walulumbu","class":"official_forest_reserve","areaHa":120,"observed":true}},{"type":"Feature","geometry":{"type":"Polygon","coordinates":[[[32.3897,0.2332],[32.4201,0.2522],[32.4078,0.2316],[32.3988,0.23],[32.3899,0.2066],[32.3897,0.2332]]]},"properties":{"key":"633","name":"Walumwanyi","class":"official_forest_reserve","areaHa":303,"observed":true}},{"type":"Feature","geometry":{"type":"Polygon","coordinates":[[[32.8454,1.2516],[32.8117,1.2598],[32.8375,1.2745],[32.8525,1.2651],[32.8852,1.2773],[32.8927,1.2599],[32.8505,1.2362],[32.8454,1.2516]]]},"properties":{"key":"634","name":"Wamale","class":"official_forest_reserve","areaHa":2010,"observed":true}},{"type":"Feature","geometry":{"type":"Polygon","coordinates":[[[31.9252,0.2243],[31.9303,0.2306],[31.9429,0.2237],[31.9431,0.2117],[31.9252,0.2243]]]},"properties":{"key":"635","name":"Wamasega","class":"official_forest_reserve","areaHa":196,"observed":true}},{"type":"Feature","geometry":{"type":"Polygon","coordinates":[[[31.1342,1.403],[31.1064,1.4191],[31.1207,1.471],[31.167,1.4672],[31.1524,1.415],[31.1342,1.403]]]},"properties":{"key":"636","name":"Wambabya","class":"official_forest_reserve","areaHa":3425,"observed":true}},{"type":"Feature","geometry":{"type":"Polygon","coordinates":[[[32.4693,0.9117],[32.4689,0.9133],[32.4866,0.9114],[32.4693,0.9117]]]},"properties":{"key":"637","name":"Wangu","class":"official_forest_reserve","areaHa":31,"observed":true}},{"type":"Feature","geometry":{"type":"Polygon","coordinates":[[[32.2976,0.9038],[32.2494,0.9135],[32.2657,0.9418],[32.255,0.9778],[32.3186,0.9939],[32.3297,0.9656],[32.3168,0.9456],[32.2867,0.9425],[32.2815,0.9263],[32.3006,0.9144],[32.2976,0.9038]]]},"properties":{"key":"638","name":"Wankweyo","class":"official_forest_reserve","areaHa":4946,"observed":true}},{"type":"Feature","geometry":{"type":"Polygon","coordinates":[[[32.0717,0.1258],[32.0562,0.1312],[32.0784,0.1341],[32.078,0.1185],[32.0717,0.1258]]]},"properties":{"key":"639","name":"Wantagalala","class":"official_forest_reserve","areaHa":230,"observed":true}},{"type":"Feature","geometry":{"type":"Polygon","coordinates":[[[32.3021,0.3354],[32.2856,0.353],[32.3112,0.338],[32.3083,0.3186],[32.3021,0.3354]]]},"properties":{"key":"640","name":"Wantayi","class":"official_forest_reserve","areaHa":240,"observed":true}},{"type":"Feature","geometry":{"type":"Polygon","coordinates":[[[31.0117,3.2254],[31.0168,3.2339],[31.0488,3.229],[31.0307,3.2032],[31.0117,3.2254]]]},"properties":{"key":"641","name":"Wati","class":"official_forest_reserve","areaHa":810,"observed":true}},{"type":"Feature","geometry":{"type":"Polygon","coordinates":[[[33.9558,0.5149],[33.9532,0.5363],[33.9662,0.5304],[33.9882,0.5495],[34.02,0.5486],[34.0273,0.5185],[33.9875,0.503],[33.9558,0.5149]]]},"properties":{"key":"642","name":"West Bugwe","class":"official_forest_reserve","areaHa":2999,"observed":true}},{"type":"Feature","geometry":{"type":"Polygon","coordinates":[[[30.9519,2.6296],[30.9546,2.6504],[30.9617,2.6401],[30.959,2.6231],[30.9519,2.6296]]]},"properties":{"key":"643","name":"West Uru","class":"official_forest_reserve","areaHa":288,"observed":true}},{"type":"Feature","geometry":{"type":"Polygon","coordinates":[[[31.9293,2.9638],[31.9263,2.9162],[31.8547,2.9167],[31.8562,2.9348],[31.8301,2.9439],[31.8306,2.9782],[31.8507,2.9851],[31.9293,2.9638]]]},"properties":{"key":"644","name":"Wiceri","class":"official_forest_reserve","areaHa":6522,"observed":true}},{"type":"Feature","geometry":{"type":"MultiPolygon","coordinates":[[[[31.029,3.2301],[31.0332,3.2296],[31.0328,3.2272],[31.029,3.2301]]],[[[31.0259,3.2319],[31.0233,3.2302],[31.0209,3.2301],[31.0259,3.2319]]],[[[30.97,3.221],[30.9652,3.2246],[30.9716,3.2305],[30.97,3.221]]]]},"properties":{"key":"645","name":"Yivu","class":"official_forest_reserve","areaHa":75,"observed":true}},{"type":"Feature","geometry":{"type":"Polygon","coordinates":[[[33.3961,0.2455],[33.4137,0.2458],[33.3944,0.2382],[33.3961,0.2455]]]},"properties":{"key":"646","name":"Yubwe","class":"official_forest_reserve","areaHa":189,"observed":true}},{"type":"Feature","geometry":{"type":"Polygon","coordinates":[[[31.9499,0.7981],[31.9447,0.7912],[31.9001,0.8529],[31.9356,0.8213],[31.974,0.7673],[31.9499,0.7981]]]},"properties":{"key":"647","name":"Zimwa","class":"official_forest_reserve","areaHa":848,"observed":true}},{"type":"Feature","geometry":{"type":"Polygon","coordinates":[[[32.7651,0.2701],[32.7784,0.2558],[32.7622,0.2503],[32.7736,0.2225],[32.7841,0.2344],[32.7872,0.2314],[32.7821,0.2197],[32.7913,0.2292],[32.797,0.2153],[32.7521,0.2274],[32.7651,0.2701]]]},"properties":{"key":"648","name":"Zirimiti","class":"official_forest_reserve","areaHa":913,"observed":true}},{"type":"Feature","geometry":{"type":"Polygon","coordinates":[[[31.6273,3.134],[31.6417,3.1413],[31.6999,3.0932],[31.7052,3.0659],[31.6398,3.0286],[31.6273,3.134]]]},"properties":{"key":"649","name":"Zoka","class":"official_forest_reserve","areaHa":6163,"observed":true}},{"type":"Feature","geometry":{"type":"Polygon","coordinates":[[[34.0813,3.924],[34.0348,3.9025],[33.9813,3.9045],[33.9667,3.8947],[33.8998,3.9213],[33.8108,3.9155],[33.7926,3.9353],[33.7449,3.9379],[33.7289,3.9273],[33.7034,3.9396],[33.9913,4.2303],[34.0505,4.1753],[34.0695,4.1397],[34.0532,4.1179],[34.0832,4.0821],[34.095,4.0443],[34.0625,4.0241],[34.0641,4.0061],[34.1381,3.9577],[34.1227,3.8974],[34.1023,3.8872],[34.0813,3.924]]]},"properties":{"key":"650","name":"Zulia","class":"official_forest_reserve","areaHa":92559,"observed":true}}]}