{"type":"FeatureCollection","features":[{"type":"Feature","properties":{"country":"Kenya","country_code":"KEN","species_name":"Eucalyptus_grandis","genus":"Eucalyptus","species":"grandis","suitability_name":"Marginally suitable","suitability_rank":3,"source_layer":"KCFP_SSMT_Kenya","tz":null,"soil_description":null},"geometry":{"type":"Polygon","coordinates":[[[34.4256334411,-1.2171369699],[34.4256454976,-1.2087950481],[34.4173462598,-1.2087809357],[34.4173466616,-1.2073804427],[34.4173582985,-1.2004257323],[34.4007562877,-1.2003841785],[34.4007702064,-1.1920426155],[34.3841686352,-1.1920011243],[34.384182506,-1.1836597901],[34.3675813746,-1.1836183647],[34.3675951977,-1.1752772582],[34.3509945089,-1.1752359],[34.3510082818,-1.1668950219],[34.3427097592,-1.1668811766],[34.3427218194,-1.1585268566],[34.3261218183,-1.1584856837],[34.3261354666,-1.1501451668],[34.3223676698,-1.1501389405],[34.3242392555,-1.1430494474],[34.3163996073,-1.1101502955],[34.3037041848,-1.0899897396],[34.293017663,-1.081013933],[34.284750949,-1.0796832175],[34.2847583488,-1.0748797967],[34.276459185,-1.0748668583],[34.2764973069,-1.0498202058],[34.2930941335,-1.0498454535],[34.2931040409,-1.0442002696],[34.3025253904,-1.0525653914],[34.3337586094,-1.0678480833],[34.3589354754,-1.0810350517],[34.3690795765,-1.0863486427],[34.3797750612,-1.0953252308],[34.4105433443,-1.1131121464],[34.4390226587,-1.1308837274],[34.4590632265,-1.1442542372],[34.4895492554,-1.172077388],[34.5152227858,-1.184702991],[34.5040950305,-1.1879250366],[34.4929232862,-1.1921828205],[34.4905845075,-1.1930741606],[34.4837837841,-1.192309236],[34.4837839931,-1.1921811942],[34.4826284149,-1.1921792824],[34.4732247096,-1.1911215629],[34.4588907666,-1.1861478451],[34.4504129782,-1.1832061571],[34.4422891956,-1.1852607488],[34.44079494,-1.185638656],[34.4339782375,-1.1910907411],[34.4249602383,-1.1983032624],[34.4384384448,-1.2006791372],[34.4422636073,-1.2007771966],[34.4507761362,-1.2009954021],[34.4588579663,-1.2047892767],[34.4588372562,-1.2172069425],[34.4671389518,-1.217221028],[34.4671249221,-1.2255768097],[34.4754267402,-1.2255909662],[34.4754126392,-1.2339468438],[34.4889316201,-1.233969998],[34.4937267936,-1.2487640445],[34.5002884861,-1.2531560969],[34.5071678376,-1.2577608021],[34.5141179643,-1.2590687777],[34.5311493941,-1.2622739668],[34.5334793672,-1.2629312811],[34.5334715856,-1.2674720763],[34.541774295,-1.2674865025],[34.5417599278,-1.2758431427],[34.5500627582,-1.2758576373],[34.5500507841,-1.284214376],[34.5666543203,-1.2842434708],[34.5666423702,-1.2926003974],[34.5832462715,-1.2926295728],[34.5832343444,-1.3009866876],[34.5998386125,-1.3010159414],[34.599824058,-1.3093732407],[34.6164313401,-1.3094025761],[34.6164194646,-1.3177600659],[34.6330244567,-1.3177894739],[34.6330126072,-1.3261471506],[34.6496179611,-1.3261766336],[34.6496061383,-1.3345344947],[34.6579075281,-1.3345492836],[34.6578956725,-1.3429072368],[34.6618761643,-1.3429143627],[34.6745015947,-1.342936922],[34.6744897688,-1.3512950594],[34.6910960495,-1.3513248157],[34.6910842522,-1.3596831376],[34.6994900642,-1.3596982481],[34.7076908913,-1.3597129626],[34.7076828809,-1.3642319949],[34.7076791234,-1.3680714664],[34.7242861198,-1.3681013607],[34.7242743828,-1.3764600475],[34.7325764474,-1.3764750397],[34.7325672049,-1.3816546492],[34.7325646791,-1.3848338151],[34.749172238,-1.3848639],[34.7491605028,-1.3932228574],[34.7574628001,-1.3932379437],[34.7574545329,-1.3978432097],[34.7444719158,-1.3920939144],[34.7275851186,-1.3839815514],[34.7234622308,-1.3866891753],[34.706011428,-1.3926541046],[34.6584063114,-1.3661039322],[34.6195985856,-1.3444715789],[34.5862281115,-1.3258669033],[34.5661240026,-1.31465813],[34.5402334815,-1.3002270504],[34.4727097203,-1.2625772969],[34.4588280461,-1.2548392406],[34.4588095476,-1.2336252446],[34.458823201,-1.2255626276],[34.4339206516,-1.2255065829],[34.4339347831,-1.2171511575],[34.4256334411,-1.2171369699]]]}},{"type":"Feature","properties":{"country":"Kenya","country_code":"KEN","species_name":"Eucalyptus_grandis","genus":"Eucalyptus","species":"grandis","suitability_name":"Marginally suitable","suitability_rank":3,"source_layer":"KCFP_SSMT_Kenya","tz":null,"soil_description":null},"geometry":{"type":"Polygon","coordinates":[[[34.558422397,-1.2424314966],[34.5584363132,-1.2340879484],[34.5584388055,-1.2340879526],[34.5667392003,-1.2341019163],[34.5667252885,-1.2424588436],[34.5750308761,-1.2424595995],[34.5750283184,-1.2424595952],[34.575042183,-1.2341158582],[34.5750447399,-1.2341158625],[34.5833452578,-1.2341297743],[34.5833200332,-1.2508440101],[34.6082273877,-1.2508861617],[34.6082439484,-1.2425287691],[34.6165474556,-1.242542675],[34.6248483061,-1.2425565502],[34.6248205663,-1.2592717176],[34.6331242791,-1.2592857576],[34.6331102973,-1.2676434335],[34.6414141282,-1.2676575401],[34.6414557207,-1.2425842314],[34.6331519675,-1.2425704039],[34.6331684526,-1.2342127305],[34.6414693988,-1.2342264604],[34.641484227,-1.226838541],[34.6488105813,-1.2309666117],[34.6497810679,-1.2311629007],[34.6580794244,-1.232841304],[34.6580771304,-1.2342538516],[34.6651206511,-1.234265437],[34.6679416522,-1.2348360006],[34.6807300629,-1.2483141901],[34.6912672696,-1.2505891645],[34.6912665583,-1.2510249729],[34.6933014496,-1.2510283413],[34.699568789,-1.2523814477],[34.6995572993,-1.2593971262],[34.7078618389,-1.2594109271],[34.7078658894,-1.2569372134],[34.7174650856,-1.2631872344],[34.7270339506,-1.2707809568],[34.7384296568,-1.2777108024],[34.7576447899,-1.2764822713],[34.7736580001,-1.2756853621],[34.7887113677,-1.2810453418],[34.7961849988,-1.2865527678],[34.8052259666,-1.2922387829],[34.811412565,-1.2941423518],[34.8192512756,-1.294764581],[34.8140294203,-1.302638728],[34.8292059259,-1.3235660265],[34.8262441742,-1.3330401486],[34.8262754699,-1.3343575274],[34.807403598,-1.3343175466],[34.8054649975,-1.3343134311],[34.7907939187,-1.3331015962],[34.787770436,-1.3328518482],[34.7741775133,-1.336037992],[34.7692247247,-1.3370451144],[34.7611716358,-1.3452032828],[34.7467667541,-1.345101891],[34.7312947721,-1.3319719069],[34.7219734831,-1.3195833406],[34.7165298593,-1.3111000786],[34.7055710355,-1.3089634951],[34.6911476369,-1.3120523506],[34.6696859673,-1.3057360033],[34.6578492988,-1.2956075762],[34.6509010591,-1.2927342245],[34.6421151513,-1.2891009371],[34.6413805867,-1.2891742989],[34.6272448197,-1.2905859993],[34.6171672388,-1.2934843916],[34.6016085638,-1.2956503745],[34.5872396733,-1.2905229875],[34.5685466502,-1.2789740983],[34.5494112494,-1.2674258561],[34.5334793672,-1.2629312811],[34.5334859072,-1.2591023105],[34.5335000891,-1.2507589841],[34.5335024863,-1.2507589882],[34.541802746,-1.2507732201],[34.5418192815,-1.2424032977],[34.5418027684,-1.2507599683],[34.5418168521,-1.2424032936],[34.541830819,-1.2340599348],[34.5501335185,-1.2340739546],[34.5501195551,-1.2424306925],[34.5584248901,-1.2424315008],[34.558422397,-1.2424314966]]]}},{"type":"Feature","properties":{"country":"Kenya","country_code":"KEN","species_name":"Eucalyptus_grandis","genus":"Eucalyptus","species":"grandis","suitability_name":"Marginally suitable","suitability_rank":3,"source_layer":"KCFP_SSMT_Kenya","tz":null,"soil_description":null},"geometry":{"type":"Polygon","coordinates":[[[34.4867593313,-1.2272683426],[34.4824624541,-1.2176586799],[34.4749374137,-1.2139538839],[34.4626321401,-1.206561002],[34.4588579663,-1.2047892767],[34.4588650778,-1.2004955704],[34.467166724,-1.2005094625],[34.4671804655,-1.1921536787],[34.4826284149,-1.1921792824],[34.4837837841,-1.192309236],[34.4837703024,-1.2005371709],[34.4920722344,-1.2005509873],[34.4920446153,-1.217263131],[34.5003466933,-1.2172771142],[34.5003327655,-1.2256332811],[34.508634966,-1.2256473346],[34.508606875,-1.242359858],[34.4920024681,-1.2423313415],[34.4920166124,-1.233975272],[34.4889316201,-1.233969998],[34.4867593313,-1.2272683426]]]}},{"type":"Feature","properties":{"country":"Kenya","country_code":"KEN","species_name":"Eucalyptus_grandis","genus":"Eucalyptus","species":"grandis","suitability_name":"Marginally suitable","suitability_rank":3,"source_layer":"KCFP_SSMT_Kenya","tz":null,"soil_description":null},"geometry":{"type":"Polygon","coordinates":[[[34.6823654124,-1.1623137809],[34.6864668955,-1.1590757743],[34.6914113023,-1.1590833627],[34.6913985995,-1.167441695],[34.70800703,-1.1674673074],[34.7079942866,-1.1758258216],[34.7329076877,-1.175864329],[34.7328982917,-1.1820239838],[34.7328949264,-1.1842231173],[34.7495043623,-1.1842488475],[34.7494915593,-1.1926078159],[34.7411867723,-1.1925948725],[34.7411608467,-1.2093126257],[34.7494656857,-1.2093257507],[34.7494526133,-1.217684717],[34.7660626104,-1.2177110716],[34.7660362977,-1.2344293643],[34.7743414822,-1.2344426836],[34.7743348004,-1.2386603819],[34.7633492401,-1.2336181143],[34.7537731238,-1.2285337181],[34.7459886021,-1.2300705216],[34.7422961053,-1.2355208687],[34.7470830395,-1.2394341088],[34.763745425,-1.2464054657],[34.7743200542,-1.2479179948],[34.7743148623,-1.251161155],[34.7327895786,-1.2510933923],[34.7328030645,-1.2427346103],[34.7244983037,-1.242721071],[34.7244847936,-1.251079761],[34.7078754931,-1.2510524196],[34.7078658894,-1.2569372134],[34.7015137217,-1.252801353],[34.699568789,-1.2523814477],[34.6995709797,-1.2510387094],[34.6933014496,-1.2510283413],[34.6912672696,-1.2505891645],[34.6912801736,-1.2426666481],[34.6829758678,-1.2426529773],[34.6829894185,-1.2342947438],[34.6692544579,-1.2342722276],[34.6801418101,-1.229596669],[34.6792882735,-1.2170349659],[34.6747561426,-1.2094751737],[34.6617588829,-1.2018486942],[34.645562565,-1.1953442547],[34.6439281416,-1.1887866571],[34.6373791308,-1.1852424725],[34.6193800045,-1.1730233856],[34.6090687272,-1.172160516],[34.6162493774,-1.1590754195],[34.609016144,-1.1435085289],[34.5779931043,-1.1295969273],[34.5584297441,-1.1109752954],[34.5423106768,-1.0894137517],[34.5385161419,-1.0836210818],[34.5337772896,-1.0763869369],[34.5330366626,-1.0752563368],[34.5328708219,-1.0669134503],[34.5337886412,-1.066914795],[34.5338006679,-1.0585582338],[34.5421027705,-1.0585702816],[34.542126498,-1.0418569672],[34.534157917,-1.0418455863],[34.5338253795,-1.0411791022],[34.5338361829,-1.0334885466],[34.5299854514,-1.0334830825],[34.5229895698,-1.0194622783],[34.5161634031,-1.0083801185],[34.509156634,-0.9970050512],[34.4857354253,-0.9812566028],[34.4726393924,-0.9650450081],[34.4643941761,-0.943332347],[34.4616313921,-0.922818274],[34.4585439751,-0.9110569612],[34.4564696166,-0.9067635287],[34.4625076974,-0.9032509894],[34.4756993493,-0.9043989501],[34.4758982551,-0.9043902353],[34.4828326012,-0.9040864207],[34.4842014106,-0.9027317563],[34.4883733994,-0.8986028391],[34.4870945654,-0.8913545542],[34.4857700582,-0.8838478121],[34.4817160347,-0.8785159456],[34.476935933,-0.8770547117],[34.4792852307,-0.8690596848],[34.4784773813,-0.8586889694],[34.4780281307,-0.8579194522],[34.4759585946,-0.8543745853],[34.4737549138,-0.8505999794],[34.4759637896,-0.8499308694],[34.4797105649,-0.848795894],[34.489382615,-0.8412650526],[34.4920313795,-0.8281606167],[34.4989427156,-0.8217619495],[34.5077547461,-0.8317284736],[34.5234288961,-0.8417348624],[34.5340828579,-0.8410356731],[34.5456128564,-0.8402789462],[34.5524134738,-0.8343772962],[34.5237739249,-0.8161912077],[34.5211820264,-0.8145453859],[34.5073444061,-0.8036247292],[34.4923477617,-0.7952282568],[34.4776292612,-0.7806198876],[34.4724559724,-0.772287679],[34.4775472306,-0.764958993],[34.4917000306,-0.7666641781],[34.504586543,-0.7573115989],[34.5131856944,-0.7421754308],[34.5175864325,-0.7419971831],[34.5326162112,-0.7413883751],[34.5341441279,-0.7409932544],[34.5507972652,-0.736686645],[34.5525517399,-0.7362329157],[34.5731263682,-0.7410060207],[34.5908339782,-0.724520726],[34.5893115093,-0.7164463782],[34.5829756432,-0.708801951],[34.5892027818,-0.7028541023],[34.6036807727,-0.6942026702],[34.6124529168,-0.6852764582],[34.610446224,-0.680195958],[34.6046263683,-0.6670254068],[34.6015464774,-0.654340443],[34.5945167985,-0.6492293883],[34.5827846372,-0.6569742708],[34.5695590302,-0.6536605554],[34.5565122113,-0.6554199137],[34.545228736,-0.6654696976],[34.5311954626,-0.6665137186],[34.5150643059,-0.6645791359],[34.5110496107,-0.6694168956],[34.5053252055,-0.6566776708],[34.5152683622,-0.6519839492],[34.5247007308,-0.6604997682],[34.5247028865,-0.660287903],[34.5249377916,-0.6604999835],[34.5250385912,-0.6505890546],[34.5214973202,-0.6376708678],[34.522947164,-0.6296212885],[34.5203166528,-0.617859679],[34.51283929,-0.6104350306],[34.5094053067,-0.6117795793],[34.501824858,-0.6149681651],[34.5011351728,-0.6156159408],[34.5011012393,-0.615647813],[34.4931130601,-0.6231504877],[34.4848682056,-0.6210729678],[34.4815468605,-0.609538814],[34.4821398521,-0.5945733217],[34.4784348383,-0.5758874345],[34.4789870454,-0.5654770155],[34.4928387481,-0.5654878811],[34.4928451584,-0.557131771],[34.501145775,-0.5571381703],[34.5011643991,-0.5320695502],[34.5177658499,-0.5320817393],[34.5177718454,-0.5237253405],[34.5426746999,-0.5237432537],[34.5426687384,-0.5320999392],[34.5509698891,-0.5321059835],[34.5509638434,-0.5404627618],[34.5592651004,-0.5404688897],[34.5592711348,-0.5321120166],[34.5675724747,-0.5321180385],[34.5675733501,-0.5308937524],[34.567578405,-0.5237610696],[34.5758798267,-0.5237669851],[34.5758856514,-0.5154099224],[34.6007904484,-0.5154273224],[34.6007961483,-0.5070699773],[34.6090979223,-0.5070756622],[34.6091035185,-0.4987182222],[34.6257073252,-0.4987293723],[34.6257128183,-0.4903555646],[34.6257155657,-0.4903555664],[34.6257209442,-0.4820141195],[34.6340202183,-0.4820194912],[34.6340202296,-0.482003278],[34.6340230092,-0.4820032798],[34.6340485061,-0.4402308861],[34.6385463148,-0.4402335419],[34.6423478027,-0.4402194088],[34.6423482949,-0.4441900993],[34.6423457076,-0.4485772569],[34.6465664451,-0.4485797916],[34.6506479073,-0.4485822395],[34.6506528051,-0.4402242993],[34.6672574639,-0.4402340494],[34.6672525847,-0.4485921738],[34.6755550611,-0.4485971281],[34.6755647085,-0.4318806927],[34.6838672582,-0.4318854533],[34.683871936,-0.4235271422],[34.6890725368,-0.4235300623],[34.6921745682,-0.4235318019],[34.6921724493,-0.4273453026],[34.6921698984,-0.4318902031],[34.7004726307,-0.4318949457],[34.7004730268,-0.4311907994],[34.7004772916,-0.4235364517],[34.7170830105,-0.4235457247],[34.717087561,-0.4151870476],[34.7087846653,-0.415182507],[34.7087870994,-0.4106512962],[34.7087891345,-0.406823921],[34.6921836322,-0.4068149969],[34.6921880265,-0.398456595],[34.700490725,-0.3984609687],[34.7004936991,-0.3926929192],[34.7121594456,-0.4009962806],[34.7274544681,-0.4031727702],[34.7455838099,-0.3949968858],[34.7563622827,-0.3913811849],[34.7767507534,-0.3896934493],[34.7853667569,-0.392496432],[34.793254796,-0.4047602879],[34.8064197186,-0.4152166979],[34.814679113,-0.4122739476],[34.8232010205,-0.4042738819],[34.8297009999,-0.3934812513],[34.8413731577,-0.3914830537],[34.8513645929,-0.3984705141],[34.8591377553,-0.3996719334],[34.8735962609,-0.3928476826],[34.8831764662,-0.3911128605],[34.8882334159,-0.3901971141],[34.8906113458,-0.3897664996],[34.891481702,-0.3900956858],[34.8917544614,-0.3901988488],[34.8979209065,-0.3925311333],[34.8988297976,-0.39020233],[34.9001537262,-0.3868100602],[34.9080947672,-0.3831710196],[34.9247083919,-0.3756004598],[34.9481295276,-0.3652328737],[34.9641889194,-0.3588842216],[34.9724057946,-0.3598670447],[34.9728986558,-0.3651708565],[34.9579302603,-0.3651640823],[34.9579264769,-0.3735253036],[34.9413157963,-0.3735175831],[34.9413119387,-0.3818206447],[34.9397551629,-0.3817663876],[34.9329181593,-0.3787275194],[34.9269321074,-0.3842191764],[34.9247027347,-0.3876040499],[34.9234546807,-0.3894989636],[34.9162948039,-0.3979778098],[34.9167210938,-0.4005104407],[34.9223635803,-0.4090791447],[34.9329035082,-0.406385805],[34.9413053677,-0.4036248051],[34.9480306552,-0.4014147259],[34.9496081576,-0.4007399831],[34.9496050708,-0.4069659814],[34.9824880618,-0.4069825643],[34.9818006224,-0.4092461837],[34.982825879,-0.4097346373],[34.9828230614,-0.4153442129],[34.9891524984,-0.4153474534],[34.9911288274,-0.4153484654],[34.9911296627,-0.4136899116],[34.9975022234,-0.4167243043],[35.0046095742,-0.4151577001],[35.0078580173,-0.4103664098],[35.0092751478,-0.4167434408],[35.014033027,-0.4237219458],[35.0077363694,-0.4237186766],[35.00773204,-0.4320804107],[34.9994260866,-0.4320760043],[34.9994216635,-0.4404376529],[34.9874185251,-0.4404311467],[34.9875226105,-0.4333239617],[34.9828126772,-0.4353941883],[34.9828144342,-0.4320671659],[34.9745087356,-0.4320627331],[34.9745050247,-0.4390457281],[34.9713728703,-0.4404224189],[34.9578931258,-0.4404150599],[34.9578975945,-0.4320538411],[34.9495921524,-0.432049381],[34.9495876746,-0.4404105126],[34.9412823091,-0.4404059578],[34.9412803027,-0.4440938306],[34.9402522068,-0.4441732017],[34.9171246999,-0.443801844],[34.9002132603,-0.4364737262],[34.8982141221,-0.4356135946],[34.8821939083,-0.4339349167],[34.8821929233,-0.4339364944],[34.8665423527,-0.4389755923],[34.8555951257,-0.4425633582],[34.8553688094,-0.4427157809],[34.8555952627,-0.4459330663],[34.844777878,-0.4569376709],[34.8446615431,-0.4570560176],[34.8416179725,-0.4601521984],[34.8416170227,-0.4601531642],[34.8371355655,-0.4647120368],[34.8361291382,-0.4654110045],[34.8333094548,-0.4673692769],[34.8333085052,-0.467369936],[34.8241021403,-0.4737636755],[34.8187331048,-0.47749236],[34.8166937351,-0.4781059039],[34.8033820113,-0.4821106687],[34.779835054,-0.488969451],[34.7820865066,-0.4904567869],[34.7834698633,-0.4913704494],[34.7840851347,-0.4917768158],[34.7907859547,-0.5011840829],[34.792654814,-0.5038139877],[34.8001371544,-0.5112409398],[34.816668032,-0.5134485864],[34.8166666453,-0.5155740454],[34.8000586168,-0.5155630192],[34.8000530851,-0.5239225652],[34.7917491947,-0.5239169471],[34.791743563,-0.5322764023],[34.783439749,-0.5322706833],[34.7834340169,-0.5406300484],[34.7761872999,-0.5406249698],[34.7763240588,-0.539873582],[34.7757652431,-0.5260524232],[34.7710365587,-0.5188762183],[34.7645261725,-0.5155377404],[34.7645314932,-0.5155231989],[34.7613858514,-0.5241079414],[34.7626484042,-0.5361007496],[34.7616409638,-0.5459978663],[34.7593018914,-0.5489722083],[34.758517225,-0.5489716461],[34.7585165199,-0.5499708733],[34.7527317871,-0.5573265417],[34.7502077907,-0.5573247056],[34.7502052365,-0.5608706798],[34.7437974123,-0.5716818577],[34.7354952049,-0.5803844418],[34.7259309249,-0.5873064395],[34.7207333867,-0.5945667942],[34.7238903964,-0.5991941568],[34.7406056843,-0.5960809466],[34.7584914114,-0.5843990993],[34.7584737208,-0.6074853045],[34.750170159,-0.6074787249],[34.7501432698,-0.6409147313],[34.7246567412,-0.6408933403],[34.7086265529,-0.6408798206],[34.7086334776,-0.6325212749],[34.692027453,-0.6325073996],[34.6920205017,-0.640865762],[34.6754148155,-0.6408516495],[34.6754077469,-0.6492098274],[34.6837105577,-0.6492169825],[34.683703412,-0.6575752522],[34.7086124324,-0.657596911],[34.7085979492,-0.674314],[34.6919917882,-0.6742992079],[34.6919881684,-0.6783958291],[34.6919768834,-0.6910159286],[34.7085831006,-0.6910310875],[34.708560147,-0.7161067159],[34.7002569492,-0.7160988689],[34.700254372,-0.7188544296],[34.700241162,-0.7328157694],[34.6836349776,-0.7327996628],[34.6836429463,-0.7244413965],[34.6587344016,-0.7244173981],[34.6587263873,-0.7327753875],[34.6504237067,-0.7327672649],[34.6504155841,-0.7411251613],[34.642112982,-0.7411169305],[34.6420964282,-0.7578325362],[34.6337938872,-0.7578241047],[34.6337854554,-0.7661818131],[34.6420880133,-0.7661903385],[34.6420709064,-0.7829059418],[34.6337683162,-0.7828972312],[34.633750807,-0.7996126459],[34.6420534312,-0.7996215433],[34.6420445546,-0.8079793434],[34.6337419137,-0.807970353],[34.6337329278,-0.8163280605],[34.6420355848,-0.8163371431],[34.6420265236,-0.8246949423],[34.648064749,-0.824701606],[34.6458109862,-0.8306267889],[34.6372430724,-0.8425451799],[34.6304709937,-0.8495599581],[34.6273141706,-0.8528364872],[34.6306462918,-0.8627640507],[34.6392442512,-0.8677855867],[34.6445611942,-0.8649414249],[34.6450574066,-0.8617122531],[34.6476475113,-0.8534437373],[34.6586085118,-0.8462071512],[34.6586045158,-0.8497871947],[34.6669075197,-0.8497965975],[34.6668981417,-0.858154672],[34.6585951218,-0.8581451785],[34.6585687775,-0.8811582138],[34.6585292086,-0.8813100856],[34.6583046564,-0.8832188159],[34.650263401,-0.8832093329],[34.6502536205,-0.8915672222],[34.6477610153,-0.8915642506],[34.6477320548,-0.8914474072],[34.6397777246,-0.8908476291],[34.639533747,-0.8915544344],[34.6336478924,-0.8915473989],[34.6336396793,-0.8984788982],[34.6293458612,-0.90283899],[34.6272708241,-0.908255052],[34.6170225467,-0.9082425328],[34.6169963174,-0.9297186019],[34.6169918651,-0.9333150736],[34.6252945925,-0.9333254994],[34.6252737146,-0.9500407105],[34.6335765741,-0.9500513021],[34.6335660146,-0.9584090014],[34.6501720517,-0.9584303106],[34.6501507369,-0.9751460776],[34.6418476331,-0.9751352474],[34.6418368175,-0.9834930363],[34.6335337848,-0.9834820935],[34.6335321323,-0.9847497222],[34.6219516411,-0.9819895807],[34.6119397503,-0.9773146094],[34.608646805,-0.9689251005],[34.6077808109,-0.9667188273],[34.6003387556,-0.9477595287],[34.583764102,-0.9494348687],[34.5790627447,-0.9499100532],[34.5660541806,-0.9240255249],[34.5574701608,-0.9140682575],[34.5478978845,-0.910540123],[34.5309545251,-0.9143411327],[34.5181362052,-0.9158605094],[34.5130213684,-0.9254937683],[34.5295073996,-0.9456448136],[34.5339450304,-0.9544072042],[34.535900087,-0.9582676562],[34.5427308428,-0.9717559753],[34.5446612456,-0.9749926353],[34.5496492872,-0.9833560822],[34.553077767,-0.9891047079],[34.5587993303,-0.9937758456],[34.563787921,-0.997848609],[34.5670936239,-0.9997261149],[34.5768141299,-1.0052470026],[34.5790431237,-1.0071624197],[34.579892008,-1.0084680217],[34.5849524064,-1.0162510986],[34.5849146871,-1.0168320911],[34.5842124215,-1.027647641],[34.5701730457,-1.0464902567],[34.5670195003,-1.0534416075],[34.5567841118,-1.0669344136],[34.5559800272,-1.0679650216],[34.5524577987,-1.0699374694],[34.549499127,-1.0723325842],[34.5480902352,-1.0751503673],[34.5483308901,-1.0789907077],[34.5500157201,-1.0826722821],[34.5552286185,-1.0875955753],[34.5586639455,-1.0902501421],[34.5615999381,-1.0925188675],[34.5723153398,-1.0997590033],[34.5735939884,-1.1003871079],[34.5888228512,-1.107867956],[34.5949045655,-1.1127912481],[34.6053303613,-1.1229274402],[34.6108328649,-1.1278507329],[34.6302364311,-1.1429102155],[34.6426894644,-1.1487023246],[34.6563009212,-1.1542048281],[34.664989085,-1.1591281207],[34.6768629084,-1.1626033866],[34.6823654124,-1.1623137809]],[[34.5339206872,-0.9730588789],[34.5313614976,-0.9666182724],[34.5256357938,-0.9601386124],[34.523967647,-0.958251952],[34.5225466948,-0.9566448721],[34.5173428275,-0.9534148291],[34.5064107337,-0.9466293321],[34.4991917681,-0.9415067803],[34.4924598647,-0.9367298892],[34.4916575416,-0.9361605705],[34.4899177722,-0.9331385855],[34.4844717391,-0.9236789577],[34.4775123397,-0.9102658275],[34.4717763244,-0.913217584],[34.4698653968,-0.921266225],[34.472710037,-0.9348722133],[34.4828818164,-0.9460044632],[34.4841456525,-0.9467621334],[34.4892963419,-0.949849983],[34.4924404992,-0.9517349209],[34.4976444954,-0.9548547559],[34.5056042534,-0.9592884824],[34.5089383109,-0.966588439],[34.5090237578,-0.9667755293],[34.5094063433,-0.9676132159],[34.5155481919,-0.9749536532],[34.5202559635,-0.9805802224],[34.5332271883,-0.9857420645],[34.5360385337,-0.9783888801],[34.5339206872,-0.9730588789]],[[34.5399960937,-0.8773232578],[34.5414439512,-0.8699612114],[34.5400651835,-0.8663495845],[34.5376545313,-0.8600350909],[34.5340637656,-0.8576345015],[34.5324261117,-0.8565396589],[34.5271397906,-0.8599620109],[34.5284087827,-0.871020299],[34.5305728074,-0.8834705344],[34.5362076062,-0.8915776984],[34.5423296054,-0.8880020393],[34.5451680856,-0.8863441557],[34.542337491,-0.8814070574],[34.5399960937,-0.8773232578]],[[34.6914077422,-0.4778067802],[34.6879015796,-0.4865395764],[34.6907432995,-0.5006094213],[34.6997826808,-0.5110353901],[34.7088951968,-0.5154737497],[34.7164262096,-0.5166675258],[34.7215024981,-0.512328408],[34.7077359271,-0.4924292295],[34.7045988026,-0.4859572106],[34.6987213836,-0.4785482263],[34.6916448489,-0.4778069302],[34.6914077422,-0.4778067802]]]}},{"type":"Feature","properties":{"country":"Kenya","country_code":"KEN","species_name":"Eucalyptus_grandis","genus":"Eucalyptus","species":"grandis","suitability_name":"Marginally suitable","suitability_rank":3,"source_layer":"KCFP_SSMT_Kenya","tz":null,"soil_description":null},"geometry":{"type":"Polygon","coordinates":[[[34.2663058018,-1.0767140241],[34.2598564646,-1.077872873],[34.2598611352,-1.0748548375],[34.2681587257,-1.074867819],[34.2681554149,-1.0770117658],[34.2663058018,-1.0767140241]]]}},{"type":"Feature","properties":{"country":"Kenya","country_code":"KEN","species_name":"Eucalyptus_grandis","genus":"Eucalyptus","species":"grandis","suitability_name":"Marginally suitable","suitability_rank":3,"source_layer":"KCFP_SSMT_Kenya","tz":null,"soil_description":null},"geometry":{"type":"Polygon","coordinates":[[[34.2515622711,-1.0748418331],[34.251555254,-1.0793644362],[34.2443520445,-1.0806586758],[34.2349554589,-1.0808411272],[34.2349777707,-1.0664627349],[34.2432764112,-1.0664756838],[34.2432635291,-1.0748148829],[34.2515609831,-1.0748279094],[34.2515609615,-1.0748418301],[34.2515622711,-1.0748418331]]]}},{"type":"Feature","properties":{"country":"Kenya","country_code":"KEN","species_name":"Eucalyptus_grandis","genus":"Eucalyptus","species":"grandis","suitability_name":"Marginally suitable","suitability_rank":3,"source_layer":"KCFP_SSMT_Kenya","tz":null,"soil_description":null},"geometry":{"type":"Polygon","coordinates":[[[34.6500032091,-1.083798509],[34.6583066863,-1.0838105234],[34.6582855286,-1.100526463],[34.6665862655,-1.1005386354],[34.6665741538,-1.1088828931],[34.6748778633,-1.1089089405],[34.674865662,-1.1172670915],[34.6831695066,-1.1172794062],[34.6831448769,-1.1339958897],[34.6997529326,-1.134020817],[34.6997280332,-1.1507376665],[34.6914239128,-1.1507250316],[34.6914364312,-1.142366699],[34.6896732985,-1.1423640327],[34.6884471255,-1.139145345],[34.682075806,-1.1342220526],[34.6710707991,-1.1327740256],[34.6629618466,-1.1333532366],[34.6502192062,-1.1333532366],[34.6444270977,-1.1307467865],[34.6406622266,-1.1243754668],[34.6392141992,-1.1191625683],[34.6377661716,-1.1093159834],[34.6360285396,-1.1049719012],[34.6302364307,-1.0954149217],[34.6119912876,-1.0820930714],[34.6041719398,-1.0713776691],[34.6001882223,-1.0572006458],[34.6000838936,-1.0537782848],[34.609269477,-1.0456272645],[34.6261825082,-1.0457486134],[34.6334495514,-1.0461743939],[34.6334321148,-1.0586873468],[34.6334203544,-1.0670450696],[34.6334084799,-1.0754167208],[34.6500151114,-1.0754406331],[34.6500032091,-1.083798509]]]}},{"type":"Feature","properties":{"country":"Kenya","country_code":"KEN","species_name":"Eucalyptus_grandis","genus":"Eucalyptus","species":"grandis","suitability_name":"Marginally suitable","suitability_rank":3,"source_layer":"KCFP_SSMT_Kenya","tz":null,"soil_description":null},"geometry":{"type":"Polygon","coordinates":[[[34.6457836826,-0.9524606414],[34.6378691015,-0.9427300521],[34.6327837746,-0.9256558764],[34.6250700884,-0.9139990531],[34.6272708241,-0.908255052],[34.6336279781,-0.9082628023],[34.6336396793,-0.8984788982],[34.6390345152,-0.8930007011],[34.639533747,-0.8915544344],[34.6477610153,-0.8915642506],[34.6508203515,-0.9039078785],[34.6490508663,-0.9207069215],[34.6509533825,-0.9375302231],[34.6522587581,-0.9449064044],[34.6457836826,-0.9524606414]]]}},{"type":"Feature","properties":{"country":"Kenya","country_code":"KEN","species_name":"Eucalyptus_grandis","genus":"Eucalyptus","species":"grandis","suitability_name":"Marginally suitable","suitability_rank":3,"source_layer":"KCFP_SSMT_Kenya","tz":null,"soil_description":null},"geometry":{"type":"Polygon","coordinates":[[[34.2354019468,-0.7406945591],[34.2271041897,-0.7406703439],[34.2271130786,-0.7323326125],[34.2354108375,-0.7323415194],[34.235401963,-0.7406793513],[34.2354019468,-0.7406945591]]]}},{"type":"Feature","properties":{"country":"Kenya","country_code":"KEN","species_name":"Eucalyptus_grandis","genus":"Eucalyptus","species":"grandis","suitability_name":"Marginally suitable","suitability_rank":3,"source_layer":"KCFP_SSMT_Kenya","tz":null,"soil_description":null},"geometry":{"type":"Polygon","coordinates":[[[34.1110650754,-0.6236368027],[34.1193604676,-0.623628916],[34.1193674849,-0.6159825672],[34.1193689113,-0.6152929649],[34.1215719385,-0.6152949982],[34.1276643615,-0.6152849285],[34.1276683575,-0.6108758347],[34.1276711789,-0.6077417802],[34.1276720092,-0.6077425436],[34.1295752555,-0.6094935488],[34.1299914357,-0.6122686724],[34.1379746178,-0.6118860041],[34.1473799859,-0.606966785],[34.1498106814,-0.6069689852],[34.1662987587,-0.6069838808],[34.1691545444,-0.6069864556],[34.1691470637,-0.6153386835],[34.1830105611,-0.6153513332],[34.1601229876,-0.6261928962],[34.1539445885,-0.6271775423],[34.1650578381,-0.6324772001],[34.1663080059,-0.642416939],[34.1555511835,-0.6469279207],[34.1374884307,-0.6518314348],[34.1212824551,-0.6546714453],[34.1100228981,-0.6626349175],[34.1027273883,-0.666296232],[34.1027282886,-0.6653860076],[34.0944329864,-0.6653776912],[34.0944405006,-0.657026398],[34.0944412035,-0.6570263987],[34.102736492,-0.6570346108],[34.1027525877,-0.6403318161],[34.1110486697,-0.6403242158],[34.1110617332,-0.6264155264],[34.1110625003,-0.6264149088],[34.1113723798,-0.626165186],[34.1110627035,-0.6261961593],[34.1110619378,-0.6261962361],[34.1110650754,-0.6236368027]]]}},{"type":"Feature","properties":{"country":"Kenya","country_code":"KEN","species_name":"Eucalyptus_grandis","genus":"Eucalyptus","species":"grandis","suitability_name":"Marginally suitable","suitability_rank":3,"source_layer":"KCFP_SSMT_Kenya","tz":null,"soil_description":null},"geometry":{"type":"Polygon","coordinates":[[[34.2175131985,-0.6286134568],[34.2189176282,-0.6287608218],[34.2189145859,-0.632089622],[34.2179969825,-0.6320887695],[34.2175131985,-0.6286134568]]]}},{"type":"Feature","properties":{"country":"Kenya","country_code":"KEN","species_name":"Eucalyptus_grandis","genus":"Eucalyptus","species":"grandis","suitability_name":"Marginally suitable","suitability_rank":3,"source_layer":"KCFP_SSMT_Kenya","tz":null,"soil_description":null},"geometry":{"type":"Polygon","coordinates":[[[34.4515485439,-0.1142510076],[34.4432488735,-0.1142496808],[34.4432501443,-0.1058941402],[34.4330056764,-0.1058926192],[34.4337190671,-0.1026790454],[34.4417566948,-0.0974375485],[34.4515511631,-0.0962043276],[34.4515485439,-0.1142510076]]]}},{"type":"Feature","properties":{"country":"Kenya","country_code":"KEN","species_name":"Eucalyptus_grandis","genus":"Eucalyptus","species":"grandis","suitability_name":"Marginally suitable","suitability_rank":3,"source_layer":"KCFP_SSMT_Kenya","tz":null,"soil_description":null},"geometry":{"type":"Polygon","coordinates":[[[34.6009612697,-0.097559769],[34.5926598971,-0.0975586741],[34.5926591764,-0.10293867],[34.5843585231,-0.0982800022],[34.5843586178,-0.0975575763],[34.583071016,-0.0975574058],[34.581020573,-0.0964066256],[34.5827131255,-0.0874183461],[34.5877428319,-0.0910988197],[34.6009619855,-0.0919015878],[34.6009612697,-0.097559769]]]}},{"type":"Feature","properties":{"country":"Kenya","country_code":"KEN","species_name":"Eucalyptus_grandis","genus":"Eucalyptus","species":"grandis","suitability_name":"Marginally suitable","suitability_rank":3,"source_layer":"KCFP_SSMT_Kenya","tz":null,"soil_description":null},"geometry":{"type":"Polygon","coordinates":[[[34.5022962805,-0.083907372],[34.5097394945,-0.0913640426],[34.5227225373,-0.0914800923],[34.5262531805,-0.0905775657],[34.5262522908,-0.097549834],[34.5013509967,-0.0975464851],[34.5013526744,-0.0840043999],[34.5022962805,-0.083907372]]]}},{"type":"Feature","properties":{"country":"Kenya","country_code":"KEN","species_name":"Eucalyptus_grandis","genus":"Eucalyptus","species":"grandis","suitability_name":"Marginally suitable","suitability_rank":3,"source_layer":"KCFP_SSMT_Kenya","tz":null,"soil_description":null},"geometry":{"type":"Polygon","coordinates":[[[34.5345539684,-0.0891943477],[34.5316656095,-0.0891939941],[34.5345540572,-0.0884556191],[34.5345539684,-0.0891943477]]]}},{"type":"Feature","properties":{"country":"Kenya","country_code":"KEN","species_name":"Eucalyptus_grandis","genus":"Eucalyptus","species":"grandis","suitability_name":"Marginally suitable","suitability_rank":3,"source_layer":"KCFP_SSMT_Kenya","tz":null,"soil_description":null},"geometry":{"type":"Polygon","coordinates":[[[34.4951361772,-0.0718250036],[34.4858494557,-0.0675775212],[34.4764562796,-0.0659041429],[34.4640093952,-0.0636867852],[34.4452230103,-0.0526525381],[34.4398429223,-0.0507231786],[34.4391863281,-0.0417428226],[34.4332179005,-0.0252824098],[34.4329094053,-0.0223384068],[34.434957989,-0.0223204928],[34.4349583119,-0.0056275833],[34.4266608315,-0.0056275177],[34.425445643,-0.0056275081],[34.4193479625,0.003812203],[34.4024475214,-0.0139823871],[34.4017628198,-0.0139823736],[34.3934637146,-0.0139822086],[34.393461671,-0.0216611961],[34.3925068404,-0.0223191573],[34.3924807529,-0.0223371336],[34.3768637962,-0.0223366388],[34.3768640089,-0.0139818803],[34.3685652291,-0.0139817152],[34.368565016,-0.0223363742],[34.3602663337,-0.0223361102],[34.3602660221,-0.0306906713],[34.3270722747,-0.0306892133],[34.3270725886,-0.0223350491],[34.3104763088,-0.0223345166],[34.3104759938,-0.0306884814],[34.3021780021,-0.030688114],[34.3021783177,-0.0223342493],[34.2938804251,-0.0223339814],[34.2938801099,-0.030687746],[34.2892232544,-0.0306875391],[34.2882431301,-0.0297386444],[34.2939149626,-0.0205045726],[34.2955281822,-0.005608427],[34.2955813566,-0.0051173747],[34.3108144367,0.0094658319],[34.3654998628,0.0202881155],[34.3681965874,0.0211920891],[34.3655070281,0.0230089065],[34.3331754436,0.0502510438],[34.2865334867,0.0584617436],[34.2772844893,0.0556104713],[34.2440940481,0.0453788834],[34.2440935191,0.0528460743],[34.2357963245,0.0528454318],[34.2357956372,0.061198491],[34.2309981005,0.0611980599],[34.2274985422,0.0611977458],[34.2274977518,0.0695507025],[34.2192007574,0.0695498552],[34.2191998644,0.07790271],[34.2274968613,0.07790366],[34.2274960414,0.0848559989],[34.236288299,0.0758333363],[34.2685698911,0.0776141113],[34.2689847436,0.0777458102],[34.3169762174,0.0929817356],[34.3501492954,0.1056455121],[34.3662732047,0.1192337507],[34.3797043322,0.1364529337],[34.386835116,0.1637457533],[34.4566811375,0.2417797964],[34.4790252662,0.2952795295],[34.4234680968,0.2554111627],[34.3759688772,0.2327740549],[34.3652050382,0.2336895826],[34.3602272049,0.2368922725],[34.3602244519,0.2450098257],[34.3685232093,0.2450127227],[34.3685202852,0.2533673814],[34.3851181025,0.253373357],[34.3851163062,0.2583897393],[34.4001402248,0.2626849333],[34.4225180564,0.288971059],[34.4197964295,0.3072037454],[34.425166183,0.3171770773],[34.4726683229,0.338914047],[34.4932734198,0.3570422915],[34.513001743,0.3588439406],[34.5228537546,0.3697232187],[34.5515441333,0.3787769491],[34.5623206363,0.3787703272],[34.5910578845,0.3633299696],[34.5955256133,0.3678632058],[34.5928252733,0.374215426],[34.571272898,0.3888346145],[34.5775465954,0.3924596187],[34.5981936835,0.3832842907],[34.6017688392,0.3888161775],[34.5909868416,0.4006164811],[34.6026472403,0.4024240564],[34.6062260485,0.4096798036],[34.5963270162,0.42873714],[34.6259163364,0.4387005538],[34.6698656682,0.451378879],[34.6859778985,0.471422224],[34.693125769,0.4832139553],[34.7209211224,0.5004401845],[34.7227087184,0.5013467059],[34.7352499991,0.5140441429],[34.7549844704,0.5194794898],[34.7891023773,0.5140191435],[34.8097820508,0.4931375437],[34.8124626287,0.5003960145],[34.8223036644,0.5140034982],[34.8501545614,0.5003774443],[34.8582316553,0.5003734355],[34.8609181596,0.50490976],[34.8734949721,0.5003658322],[34.8748078723,0.4993048932],[34.8748201304,0.4792694893],[34.8665155006,0.4792644403],[34.8665204771,0.4709041819],[34.8655637677,0.4709036097],[34.8606907364,0.4709006935],[34.8499115003,0.4708942305],[34.849906504,0.4792543132],[34.8416021375,0.4792492331],[34.8416120619,0.4625292474],[34.8333078023,0.4625243349],[34.8333126429,0.45416443],[34.8250084811,0.4541595975],[34.8250036328,0.4625194135],[34.800091653,0.4625045909],[34.800086686,0.4708641386],[34.7917828607,0.4708590887],[34.7917927249,0.4541401722],[34.8000965309,0.4541450428],[34.800101319,0.4457854946],[34.8167091789,0.4457950284],[34.8167184543,0.4290755736],[34.8333266321,0.4290847138],[34.8333398269,0.4040049956],[34.8250357189,0.4040006969],[34.8250399499,0.3956408793],[34.7918244413,0.395623957],[34.7918327008,0.3789050364],[34.8001364284,0.3789091001],[34.8001404166,0.3705495499],[34.816748123,0.3705574746],[34.816752006,0.3621977454],[34.8250559855,0.362201607],[34.8250634726,0.3454819696],[34.8167595079,0.3454782854],[34.8167631269,0.3371185564],[34.8084592579,0.3371149552],[34.8084627952,0.3287553145],[34.8313774022,0.3287649889],[34.8333746432,0.3287658296],[34.8333757251,0.3261521281],[34.8333780713,0.3204059213],[34.841682191,0.3204093238],[34.8416855233,0.3120493266],[34.8665983903,0.3120592282],[34.8665950778,0.3204194907],[34.8748995488,0.3204228661],[34.8748926748,0.3371435668],[34.883197247,0.3371471113],[34.883193686,0.3455075483],[34.8914983525,0.3455111744],[34.8915019063,0.3371506487],[34.8998066527,0.3371541791],[34.8998101126,0.3287935657],[34.8915053731,0.3287901229],[34.8915087528,0.3204295969],[34.8832041072,0.3204262349],[34.8832137434,0.295344919],[34.8666047526,0.2953387027],[34.8666078023,0.2869784397],[34.8583034443,0.2869754105],[34.8583147902,0.25353471],[34.8500105425,0.2535320284],[34.8500156993,0.2368118542],[34.8417115489,0.2368093445],[34.8417140011,0.2284493458],[34.8500181458,0.2284517669],[34.8500205043,0.2200916795],[34.8583247313,0.2200940074],[34.8583269984,0.2117338314],[34.8666313095,0.2117360664],[34.8666334835,0.2033758011],[34.8749378779,0.2033779436],[34.8749357073,0.2117382969],[34.8915447676,0.2117427437],[34.8915469278,0.2033822166],[34.8998515847,0.2033843462],[34.8998494271,0.2117449609],[34.914150857,0.2117487686],[34.9164590092,0.2117493828],[34.9164651937,0.1866670121],[34.9081603722,0.1866650645],[34.9081622645,0.1783043621],[34.8998575335,0.1783024989],[34.8998556375,0.1866631148],[34.8996800514,0.1866630735],[34.8749419542,0.1866572394],[34.8749456828,0.1699365329],[34.866641304,0.1699347428],[34.8666430402,0.1615744788],[34.8417304395,0.1615693521],[34.8417351516,0.136489353],[34.8334311369,0.1364879027],[34.8334325339,0.1281279916],[34.7836103225,0.1281197714],[34.7836116467,0.1197603965],[34.7670049607,0.119757816],[34.7670084101,0.0946802308],[34.7504020962,0.0946781819],[34.7504039562,0.0779601548],[34.7421009378,0.0779593088],[34.7421017329,0.0696003846],[34.7254959699,0.0695988705],[34.7254962078,0.0669094541],[34.7254966785,0.0612401281],[34.7171939341,0.0612394597],[34.7171945543,0.0528808103],[34.7254972966,0.0528813866],[34.7254978241,0.0445226451],[34.7338006577,0.0445231301],[34.7338007927,0.0421143044],[34.7338010939,0.0361642975],[34.7587101301,0.0361654749],[34.7587096974,0.0445245805],[34.7670128905,0.0445250609],[34.7670133233,0.0361658667],[34.7836199767,0.0361666454],[34.7836195456,0.0445260215],[34.800226558,0.0445269767],[34.8002260839,0.052224898],[34.8002260396,0.0528865314],[34.8034135968,0.0528867488],[34.8168334098,0.0528876624],[34.8168339253,0.0445279289],[34.8251377424,0.0445284045],[34.8251381693,0.036168581],[34.816834353,0.0361681954],[34.8168349434,0.0194487282],[34.8181055796,0.01944876],[34.8251387586,0.0194489365],[34.8251385086,0.0278087592],[34.8334424126,0.0278090542],[34.8334420749,0.0361689667],[34.8417460679,0.0361693499],[34.8417464049,0.0278093504],[34.8500504853,0.0278096442],[34.8500507338,0.0194495561],[34.8417466539,0.0194493491],[34.8417468565,0.0075406625],[34.8041764527,-0.0056123296],[34.8002312089,-0.0069934756],[34.79619041,-0.0084080648],[34.7895984082,-0.0139716964],[34.7816842791,-0.0206510925],[34.7670171741,-0.0208963531],[34.7400619818,-0.0213470749],[34.7360689628,-0.0322039111],[34.7350284177,-0.0437446747],[34.7308693445,-0.0474059578],[34.7290478033,-0.0490094715],[34.7100819191,-0.0522987169],[34.7088949851,-0.052649087],[34.6983480521,-0.0557624029],[34.6842440508,-0.0599256411],[34.659076293,-0.0723815116],[34.6590770346,-0.0641353568],[34.6540992547,-0.0641349307],[34.6591239007,-0.0629438354],[34.6701662127,-0.0540292679],[34.673200982,-0.0474023476],[34.6755398129,-0.0422950222],[34.6756858155,-0.0420645891],[34.6775994078,-0.0390443794],[34.6841276933,-0.0287406361],[34.6912148297,-0.0210093222],[34.7163229113,-0.0001507753],[34.7005911218,0.0078134198],[34.7005910815,0.011087315],[34.7088936406,0.0110874365],[34.7088933024,0.0253300541],[34.7088932169,0.0278045544],[34.6922881898,0.0278039445],[34.6922884485,0.0194455689],[34.6839860722,0.019445355],[34.6839862086,0.0129745119],[34.6839862383,0.0110870723],[34.6794033373,0.0110870048],[34.6756839537,0.0110869501],[34.6756839754,0.0095551524],[34.6756840303,0.0027287576],[34.6673818375,0.0027287275],[34.6673818225,-0.0053692863],[34.6669669984,-0.0055389213],[34.6588837355,0.0026359354],[34.6463273964,-0.0018863544],[34.6319618797,0.0044807438],[34.6294871649,0.0027285892],[34.6177676316,0.0027285462],[34.6095236402,0.009949349],[34.6023520719,0.007235656],[34.6059753905,-0.0227161798],[34.5996493075,-0.0322075072],[34.6023550524,-0.0436962022],[34.6075264256,-0.0499804095],[34.6209673703,-0.0503321533],[34.6392581199,-0.046688628],[34.6369403201,-0.0557578447],[34.6368682718,-0.0560397502],[34.6399987182,-0.0611514747],[34.647251712,-0.0641343438],[34.6341712674,-0.0641332201],[34.6341705117,-0.0724909483],[34.6092655733,-0.0724885194],[34.6092651011,-0.0772352226],[34.6001420978,-0.0785673757],[34.5886228302,-0.0724687068],[34.5788654973,-0.065196201],[34.5699054182,-0.071816864],[34.5677615957,-0.0738334564],[34.5603122698,-0.0808405982],[34.5594573498,-0.0808405039],[34.5594582124,-0.0724836206],[34.5428565079,-0.0724819746],[34.5428562756,-0.0748162588],[34.5412072629,-0.0724640239],[34.540728513,-0.0717811152],[34.5316575199,-0.067769497],[34.5269289131,-0.0724626039],[34.5262574821,-0.0731289889],[34.5228939054,-0.0764672702],[34.5144229776,-0.0798585378],[34.514091613,-0.0689908164],[34.5135218756,-0.063057552],[34.5130743079,-0.0583581288],[34.5032536961,-0.0598883517],[34.5013569477,-0.0641540098],[34.4983435018,-0.0709309067],[34.4951361772,-0.0718250036]],[[34.7171950828,0.0445221591],[34.7171955197,0.0361635088],[34.723196231,0.0361637951],[34.725498262,0.0361639036],[34.7254981897,0.0376557192],[34.7254978241,0.0445226451],[34.7171950828,0.0445221591]]]}},{"type":"Feature","properties":{"country":"Kenya","country_code":"KEN","species_name":"Eucalyptus_grandis","genus":"Eucalyptus","species":"grandis","suitability_name":"Marginally suitable","suitability_rank":3,"source_layer":"KCFP_SSMT_Kenya","tz":null,"soil_description":null},"geometry":{"type":"Polygon","coordinates":[[[34.3802970638,-0.030691547],[34.3768651982,-0.03241471],[34.3768634094,-0.0324156081],[34.3768652736,-0.0306913974],[34.3802970638,-0.030691547]]]}},{"type":"Feature","properties":{"country":"Kenya","country_code":"KEN","species_name":"Eucalyptus_grandis","genus":"Eucalyptus","species":"grandis","suitability_name":"Marginally suitable","suitability_rank":3,"source_layer":"KCFP_SSMT_Kenya","tz":null,"soil_description":null},"geometry":{"type":"Polygon","coordinates":[[[34.6294871649,0.0027285892],[34.6341739846,0.0027286064],[34.63417386,-0.0139868494],[34.6258721275,-0.0139866944],[34.6258722362,-0.0056290592],[34.6175705965,-0.0056289963],[34.6175706126,0.0027285455],[34.6177676316,0.0027285462],[34.6230062772,-0.0018599864],[34.6294871649,0.0027285892]]]}},{"type":"Feature","properties":{"country":"Kenya","country_code":"KEN","species_name":"Eucalyptus_grandis","genus":"Eucalyptus","species":"grandis","suitability_name":"Marginally suitable","suitability_rank":3,"source_layer":"KCFP_SSMT_Kenya","tz":null,"soil_description":null},"geometry":{"type":"Polygon","coordinates":[[[34.194308485,0.0862524024],[34.1943048771,0.1113100465],[34.2017149738,0.111311265],[34.2261313385,0.0862564438],[34.2191988712,0.0862555648],[34.2191998644,0.07790271],[34.2109029696,0.0779017602],[34.2109019747,0.0862545122],[34.194308485,0.0862524024]]]}},{"type":"Feature","properties":{"country":"Kenya","country_code":"KEN","species_name":"Eucalyptus_grandis","genus":"Eucalyptus","species":"grandis","suitability_name":"Marginally suitable","suitability_rank":3,"source_layer":"KCFP_SSMT_Kenya","tz":null,"soil_description":null},"geometry":{"type":"Polygon","coordinates":[[[34.0283784181,0.1761072799],[34.0283755942,0.1864364841],[34.0319111276,0.1864374913],[34.0316967948,0.183097149],[34.0283784181,0.1761072799]]]}},{"type":"Feature","properties":{"country":"Kenya","country_code":"KEN","species_name":"Eucalyptus_grandis","genus":"Eucalyptus","species":"grandis","suitability_name":"Marginally suitable","suitability_rank":3,"source_layer":"KCFP_SSMT_Kenya","tz":null,"soil_description":null},"geometry":{"type":"Polygon","coordinates":[[[34.0864355695,0.2031553384],[34.0781402732,0.2031527896],[34.0781427541,0.1948016936],[34.0698475669,0.1947992464],[34.0698499467,0.1864482534],[34.0781451317,0.1864505966],[34.0781474044,0.1780994994],[34.0864426879,0.1781017322],[34.0864448528,0.1697505311],[34.0947402376,0.1697526565],[34.0947425594,0.1603007038],[34.0918089981,0.1549423161],[34.0855304334,0.160387306],[34.0780234312,0.1530648203],[34.0698590337,0.1530442848],[34.0698601981,0.1451024074],[34.0694597497,0.1447118155],[34.0615652202,0.1447100815],[34.061563361,0.1530423588],[34.0532689432,0.153040429],[34.0532669677,0.1614098869],[34.0532664252,0.1614098859],[34.0532621765,0.1780927751],[34.0449673087,0.1780905265],[34.0449694917,0.1697398509],[34.0364309173,0.169737641],[34.0391400613,0.1947901514],[34.0449626292,0.1947918802],[34.0449585137,0.2083714533],[34.0469940073,0.2115127561],[34.0523939191,0.2198463973],[34.0532497028,0.2198655836],[34.0532492733,0.2211664775],[34.0532498155,0.221167315],[34.057818277,0.2282179833],[34.0615404787,0.2339627049],[34.0621051347,0.2348341855],[34.0615398516,0.2357452173],[34.0610398426,0.2365510483],[34.0615389917,0.2365512285],[34.0615365549,0.2449021141],[34.0698310913,0.2449051966],[34.0698310853,0.2449241928],[34.0698279805,0.2532561879],[34.086418526,0.2532625458],[34.0864216204,0.2449303425],[34.0864216274,0.2449113449],[34.0864222971,0.2449113442],[34.1030133117,0.2449174729],[34.1113082084,0.2449205288],[34.1113058828,0.253291073],[34.1113082015,0.2449395262],[34.1113019361,0.2616235568],[34.1030062862,0.2616393542],[34.1029995954,0.2783231102],[34.1112960067,0.2783457107],[34.1112952412,0.2783457104],[34.1112917414,0.2866972563],[34.111280633,0.3117326369],[34.1173540693,0.3117354806],[34.1130886883,0.3074132887],[34.1166808664,0.3010646608],[34.1328225005,0.3028669559],[34.1587705261,0.338209116],[34.144456358,0.3287452864],[34.144448215,0.3451558414],[34.1693371828,0.3451686314],[34.1693344634,0.3505043923],[34.1739782347,0.3508930946],[34.1892340698,0.3454435699],[34.2072272079,0.3182306552],[34.203682707,0.2901246675],[34.123110209,0.2121215851],[34.122790215,0.2115369831],[34.1196170134,0.2057398649],[34.1196152292,0.2115171061],[34.1030239018,0.2115118319],[34.1030264739,0.2031604205],[34.0947309698,0.2031578811],[34.0947334433,0.1948065758],[34.0864380463,0.1948041368],[34.0864355695,0.2031553384]],[[34.1150087252,0.232073398],[34.0989810498,0.2365835907],[34.0988555703,0.2366188998],[34.0988323281,0.2365835377],[34.095282269,0.2311822079],[34.1042630794,0.2212027331],[34.1159155885,0.2230066581],[34.1499220943,0.2655921066],[34.1418423652,0.2692245834],[34.1150087252,0.232073398]],[[34.123901089,0.2773971463],[34.1633315161,0.2901529283],[34.1874927051,0.3200570863],[34.1830037014,0.3236868053],[34.1722603031,0.3137203303],[34.1677373572,0.3345767992],[34.1588077151,0.3137292609],[34.124775688,0.2856467168],[34.123901089,0.2773971463]]]}},{"type":"Feature","properties":{"country":"Kenya","country_code":"KEN","species_name":"Eucalyptus_grandis","genus":"Eucalyptus","species":"grandis","suitability_name":"Marginally suitable","suitability_rank":3,"source_layer":"KCFP_SSMT_Kenya","tz":null,"soil_description":null},"geometry":{"type":"Polygon","coordinates":[[[34.0533815923,0.2365482963],[34.0532440549,0.2363677502],[34.0532439899,0.2365482468],[34.0533815923,0.2365482963]]]}},{"type":"Feature","properties":{"country":"Kenya","country_code":"KEN","species_name":"Eucalyptus_grandis","genus":"Eucalyptus","species":"grandis","suitability_name":"Marginally suitable","suitability_rank":3,"source_layer":"KCFP_SSMT_Kenya","tz":null,"soil_description":null},"geometry":{"type":"Polygon","coordinates":[[[34.1278722987,0.311740397],[34.1278683985,0.3200921177],[34.13452437,0.3200953066],[34.1310127075,0.3101211659],[34.1235677047,0.3117383862],[34.1278722987,0.311740397]]]}},{"type":"Feature","properties":{"country":"Kenya","country_code":"KEN","species_name":"Eucalyptus_grandis","genus":"Eucalyptus","species":"grandis","suitability_name":"Marginally suitable","suitability_rank":3,"source_layer":"KCFP_SSMT_Kenya","tz":null,"soil_description":null},"geometry":{"type":"Polygon","coordinates":[[[34.1440124027,0.3284517689],[34.1361628905,0.3232621648],[34.1361603966,0.3284479158],[34.1440124027,0.3284517689]]]}},{"type":"Feature","properties":{"country":"Kenya","country_code":"KEN","species_name":"Eucalyptus_grandis","genus":"Eucalyptus","species":"grandis","suitability_name":"Marginally suitable","suitability_rank":3,"source_layer":"KCFP_SSMT_Kenya","tz":null,"soil_description":null},"geometry":{"type":"Polygon","coordinates":[[[34.1194903108,0.4620655908],[34.1277863398,0.4620713364],[34.1277805849,0.4704230529],[34.1357672523,0.4704286757],[34.1360771208,0.469859401],[34.1360824718,0.4620770731],[34.140311553,0.4620799937],[34.1415032597,0.4598905733],[34.1379372534,0.4517324751],[34.1146540275,0.4345176564],[34.1105378309,0.4286533594],[34.1029206627,0.4286484477],[34.1029152923,0.4369998532],[34.0951380031,0.4369947325],[34.1101218217,0.4704105882],[34.1194845462,0.4704172026],[34.1194903108,0.4620655908]]]}},{"type":"Feature","properties":{"country":"Kenya","country_code":"KEN","species_name":"Eucalyptus_grandis","genus":"Eucalyptus","species":"grandis","suitability_name":"Marginally suitable","suitability_rank":3,"source_layer":"KCFP_SSMT_Kenya","tz":null,"soil_description":null},"geometry":{"type":"Polygon","coordinates":[[[34.2854247096,0.4705323348],[34.2897510058,0.4705352833],[34.2858781317,0.4643589926],[34.2872004454,0.4454724991],[34.2854411204,0.4454713636],[34.2854247096,0.4705323348]]]}},{"type":"Feature","properties":{"country":"Kenya","country_code":"KEN","species_name":"Eucalyptus_grandis","genus":"Eucalyptus","species":"grandis","suitability_name":"Marginally suitable","suitability_rank":3,"source_layer":"KCFP_SSMT_Kenya","tz":null,"soil_description":null},"geometry":{"type":"Polygon","coordinates":[[[34.6212418488,0.5395892244],[34.6382474841,0.5586349337],[34.6463528039,0.5450226171],[34.6464069482,0.516806201],[34.6527186439,0.4995649497],[34.6680188199,0.478689771],[34.6617620478,0.4650833934],[34.6447308386,0.4532067646],[34.6312824072,0.4504920422],[34.620479954,0.4678261861],[34.6097444771,0.4495961428],[34.5980821478,0.4468806026],[34.5944789572,0.4569526151],[34.5989131696,0.4823525611],[34.5935224128,0.4859840133],[34.5693638024,0.4487100809],[34.5739235885,0.4106056323],[34.5685503215,0.4078871557],[34.5631378005,0.4242194952],[34.5577756362,0.4088005331],[34.5524081553,0.4051749487],[34.552387563,0.4133394525],[34.5461029517,0.4151573305],[34.5309022859,0.3897659846],[34.5272977837,0.3933966732],[34.5380179617,0.4187904763],[34.5379725394,0.4441906428],[34.5666105815,0.4832751869],[34.5683720215,0.4996036794],[34.5656701625,0.5113982621],[34.5853362458,0.5441397713],[34.5934001996,0.5504870849],[34.60775228,0.5504814975],[34.6077293732,0.5640899961],[34.5790443081,0.5523070331],[34.5558175493,0.4996093486],[34.5522634448,0.4796533159],[34.5244859056,0.4606167605],[34.5254547325,0.4233331363],[34.5120287687,0.4015697273],[34.5093891953,0.3760813848],[34.4986230657,0.3769950717],[34.4796816113,0.4351501517],[34.4770245665,0.4115676763],[34.484251272,0.3843511867],[34.4807079404,0.36521398],[34.4654724248,0.3516176049],[34.4439525676,0.3480032538],[34.4260270491,0.3362236681],[34.4242147147,0.3462019282],[34.4573618319,0.3742989989],[34.4528616173,0.3789276527],[34.4313567304,0.3679656872],[34.4027384265,0.3171924117],[34.4063709563,0.2944246403],[34.3982993348,0.2862676451],[34.3741035301,0.279936574],[34.3660212522,0.283570219],[34.3874802217,0.3235515317],[34.3856717903,0.3317153618],[34.3650814162,0.305427941],[34.3507624479,0.2908365962],[34.3418374356,0.2654497351],[34.3239184135,0.250953109],[34.3194374819,0.2500496828],[34.3158338816,0.2582142674],[34.3327927877,0.3108916815],[34.3309844929,0.3190549031],[34.3166517343,0.3063683753],[34.3113125128,0.2827029647],[34.292509534,0.2573250923],[34.2781355131,0.2745655259],[34.2763732683,0.2627782032],[34.2880838069,0.2246824987],[34.2773301255,0.2164390993],[34.2611695235,0.2274245052],[34.229794667,0.2211022256],[34.2154164816,0.2437822034],[34.2207524341,0.2691668999],[34.2297490298,0.2519319416],[34.2360108099,0.2564609959],[34.2377723685,0.284569403],[34.2502790077,0.3064139186],[34.2502709402,0.3163885252],[34.2439856927,0.3200198182],[34.258282536,0.3535616486],[34.258199323,0.398085182],[34.2546653374,0.4036849957],[34.2688707878,0.4036933477],[34.2688755765,0.3953398902],[34.2741748141,0.3953429351],[34.2734815031,0.3754064497],[34.2878819622,0.3499160588],[34.2959523647,0.346283653],[34.2995244975,0.3562567078],[34.2854732985,0.3917098661],[34.285456635,0.4204103902],[34.3020527584,0.420420483],[34.3020577118,0.4120666242],[34.3186542164,0.4120764819],[34.3186590534,0.4037224229],[34.3269574464,0.4037272392],[34.3269668084,0.3870189213],[34.3435638562,0.3870281307],[34.3435532997,0.405884086],[34.364021236,0.3998400262],[34.3765836373,0.399832958],[34.3900275251,0.4079880345],[34.4034335455,0.4342830021],[34.4141927134,0.4324634308],[34.4195684412,0.4406236173],[34.3989156599,0.4543294554],[34.4024718316,0.4624905131],[34.435692282,0.4506832709],[34.4715626969,0.4570147022],[34.4670615576,0.4651804693],[34.4912668742,0.4751466898],[34.5127502464,0.4996286094],[34.512689543,0.5341897584],[34.5314980606,0.5441608023],[34.5449267449,0.5632058736],[34.5439884912,0.5840707649],[34.5385975841,0.5877011538],[34.5278878224,0.5550478114],[34.4992203991,0.5351021829],[34.5001771967,0.5050767808],[34.4956976009,0.4996361552],[34.4786882609,0.4869446017],[34.4714996909,0.4932973306],[34.4562879215,0.4715350007],[34.442847047,0.4651921535],[34.4042482837,0.4770013428],[34.3776226754,0.4622398215],[34.3767143663,0.462239225],[34.376714692,0.4617364348],[34.3764613285,0.4615959707],[34.3639082725,0.4643227223],[34.3522184991,0.4761180889],[34.3575896433,0.4824641008],[34.356627471,0.4872895499],[34.3600996286,0.4872919635],[34.3600946892,0.494443173],[34.3618808668,0.4956477793],[34.3670365494,0.49565142],[34.3835913234,0.4888011822],[34.4006298986,0.4887936819],[34.4266232745,0.4996662528],[34.4320024084,0.5060130407],[34.4257144951,0.5096437219],[34.401519442,0.4996770056],[34.3844694132,0.4996842521],[34.3841331197,0.5040183072],[34.3849852645,0.5040189155],[34.3849793223,0.5123737638],[34.3834848014,0.5123726775],[34.3826322803,0.5233564844],[34.4032328902,0.5387670455],[34.4229666748,0.5387596759],[34.4552961161,0.5196995308],[34.4660555115,0.5251374895],[34.4534763978,0.5369340682],[34.417564852,0.5460176726],[34.4130705444,0.554182223],[34.4175398315,0.5587156313],[34.4426676309,0.5568928167],[34.4758931876,0.5360183749],[34.4740607583,0.5586957776],[34.4902343163,0.5432694988],[34.4983009608,0.5496161119],[34.4812208697,0.5668569117],[34.4839019291,0.5695772221],[34.5090320816,0.5677543259],[34.5269383257,0.5858906991],[34.5188604754,0.5877075914],[34.5009361902,0.5759210623],[34.4991246488,0.584085562],[34.5071647311,0.5986873884],[34.5008870839,0.6023177157],[34.4892643607,0.5831816783],[34.4767041858,0.5795574645],[34.4632825879,0.5632348767],[34.4552099648,0.561423593],[34.4488987077,0.5750313324],[34.4623215768,0.5923516053],[34.4560346011,0.5968887584],[34.43724191,0.5777562197],[34.4112489695,0.5668807012],[34.4076336039,0.5750447603],[34.4246146036,0.6068751513],[34.4236962747,0.6186664582],[34.3861159556,0.5714238161],[34.3637904651,0.5215499477],[34.3405142427,0.4997027243],[34.3351958731,0.4979109264],[34.335185564,0.5123373827],[34.3434842779,0.512343474],[34.343478184,0.5206978271],[34.3517770072,0.5207040059],[34.3517645459,0.5374129113],[34.3515181257,0.5374127221],[34.3637367285,0.548757805],[34.4039595567,0.6213925607],[34.4003636235,0.6259283506],[34.3905071274,0.6159542184],[34.3780322531,0.581402826],[34.3637150564,0.5632686568],[34.3556501435,0.5569228951],[34.3502561975,0.5641799995],[34.3214717079,0.5290354839],[34.3185760805,0.5290332805],[34.3185633337,0.5457413901],[34.3164621451,0.5457397398],[34.3180036356,0.5478668096],[34.3206778248,0.553307122],[34.3143940105,0.5587504214],[34.3091286279,0.5540879202],[34.3019599644,0.5540821891],[34.3019616549,0.5519366656],[34.2767383955,0.5496945084],[34.2853846196,0.5267597447],[34.2853875941,0.5227956929],[34.2808423521,0.5206508377],[34.2770911619,0.5206480037],[34.2770924763,0.5188813181],[34.2732126976,0.517050507],[34.2715713481,0.5122903381],[34.260501604,0.5122820866],[34.260513705,0.4955753789],[34.2522160084,0.4955693841],[34.2522272402,0.4795716257],[34.2508651304,0.478861925],[34.2439301517,0.4788570737],[34.2439524271,0.4454444638],[34.2416947148,0.4454429933],[34.238281602,0.491583632],[34.2302192226,0.4897734438],[34.2311652595,0.4643838934],[34.2132108347,0.4779929493],[34.1941502816,0.4738238896],[34.1941468121,0.4788220412],[34.210740854,0.4788337589],[34.2107349935,0.487186504],[34.2190321766,0.4871924497],[34.2190262249,0.4955452964],[34.2273235194,0.4955513337],[34.2273050882,0.5206101784],[34.2107105369,0.5205974815],[34.2107054069,0.5273385694],[34.2202662674,0.5370187664],[34.2184433454,0.5488069919],[34.2115798706,0.5540091853],[34.2189817293,0.5540152163],[34.2189681067,0.5707209047],[34.2272655003,0.5707278569],[34.2272585496,0.5790808033],[34.2604491837,0.5791089008],[34.2604560874,0.5707555509],[34.285350081,0.5707761951],[34.285356849,0.5624225418],[34.3185501896,0.5624494984],[34.3185434681,0.5708035521],[34.3351407582,0.5708171592],[34.3351366106,0.5759303757],[34.3386958945,0.5791743684],[34.3517316706,0.5791851704],[34.3517248004,0.587539621],[34.3600238143,0.5875465797],[34.3600220628,0.5896613303],[34.3636543504,0.5896602669],[34.3726070428,0.5987270234],[34.3627378915,0.6023575028],[34.3600115516,0.6021961676],[34.3599953995,0.6209647758],[34.3682945621,0.6209721182],[34.3682858901,0.6308349794],[34.3770202119,0.6331896638],[34.3770066054,0.6404452211],[34.3814637075,0.6513276194],[34.363512706,0.6604913071],[34.3267629977,0.6613621934],[34.3267538398,0.6710601754],[34.3184550903,0.6710521708],[34.3184470812,0.6794062199],[34.3112127364,0.6793991425],[34.3101484158,0.6793980995],[34.3101470632,0.6807963435],[34.3101402933,0.6877520492],[34.3184389519,0.6877809768],[34.3184347647,0.6920554856],[34.3184224592,0.7044683649],[34.3146381147,0.7044645275],[34.3146456852,0.7044853064],[34.3207348536,0.7211997132],[34.3221111802,0.7249777994],[34.3217961278,0.7295549419],[34.3211747627,0.7385809618],[34.318386861,0.7406921188],[34.3103956081,0.7467434509],[34.3183758794,0.7510605754],[34.3249568716,0.7546207544],[34.3349642529,0.7600345932],[34.3404306514,0.7629918566],[34.3559047353,0.7713632713],[34.3598474697,0.7734962975],[34.3623584727,0.7748547608],[34.3698901966,0.7797333477],[34.4143029711,0.808502194],[34.4012975497,0.8169994024],[34.4012906063,0.8230706586],[34.4070589237,0.8348046165],[34.4079523557,0.8366186193],[34.409554309,0.8382420772],[34.4095712042,0.8382420963],[34.4095711842,0.8382591792],[34.4178084084,0.8466070645],[34.4178615672,0.8466071279],[34.4178615421,0.8466284496],[34.426062543,0.8549722282],[34.4261519656,0.8549723357],[34.4261519403,0.8549936892],[34.4285376728,0.8574806796],[34.4357093445,0.8629232689],[34.435929465,0.8633609081],[34.4427428619,0.8633691519],[34.4427615264,0.8475820963],[34.4427723613,0.8382812141],[34.4510728923,0.8382909493],[34.4510825065,0.8299353345],[34.4593831165,0.8299449553],[34.4594113299,0.8048778175],[34.4677119849,0.8048871308],[34.4677211803,0.7965313206],[34.4760219155,0.7965405204],[34.4760309975,0.7881846132],[34.4930144615,0.788203186],[34.5092348249,0.788220861],[34.5092446184,0.7790431467],[34.509252574,0.7715082758],[34.5175537357,0.771517106],[34.5175710716,0.7548043287],[34.5226311584,0.7548095863],[34.5248238549,0.7464553813],[34.5175795972,0.7464479394],[34.5175963644,0.7297351587],[34.5591032062,0.729776685],[34.5591113704,0.721419819],[34.5670248988,0.7214276021],[34.567029322,0.7194146187],[34.5643760233,0.6976427421],[34.5473901941,0.6740597295],[34.5214139896,0.6531105628],[34.5214425363,0.6395036647],[34.5502341446,0.5995811466],[34.5646723701,0.5613843228],[34.5736285145,0.5686385436],[34.5798781231,0.5858730608],[34.5960110413,0.589496456],[34.6274585203,0.5686188988],[34.6158406417,0.5477566058],[34.6212418488,0.5395892244]],[[34.4432180761,0.7176180442],[34.4369371067,0.7194328945],[34.4422805752,0.7349423722],[34.4261331707,0.7385720715],[34.4181230979,0.7103652626],[34.4154885698,0.6813418438],[34.4253814442,0.6731770585],[34.4325094088,0.6922230183],[34.4486450319,0.6994766421],[34.4638654434,0.7121729926],[34.4530975597,0.71670971],[34.4539694226,0.7257800068],[34.4432180761,0.7176180442]]]}},{"type":"Feature","properties":{"country":"Kenya","country_code":"KEN","species_name":"Eucalyptus_grandis","genus":"Eucalyptus","species":"grandis","suitability_name":"Marginally suitable","suitability_rank":3,"source_layer":"KCFP_SSMT_Kenya","tz":null,"soil_description":null},"geometry":{"type":"Polygon","coordinates":[[[34.178765141,0.4704587887],[34.1775591558,0.4701950125],[34.1775589749,0.4704579476],[34.178765141,0.4704587887]]]}},{"type":"Feature","properties":{"country":"Kenya","country_code":"KEN","species_name":"Eucalyptus_grandis","genus":"Eucalyptus","species":"grandis","suitability_name":"Marginally suitable","suitability_rank":3,"source_layer":"KCFP_SSMT_Kenya","tz":null,"soil_description":null},"geometry":{"type":"Polygon","coordinates":[[[34.2109650484,0.554008683],[34.202392849,0.5470638804],[34.202387291,0.5540016822],[34.2109650484,0.554008683]]]}},{"type":"Feature","properties":{"country":"Kenya","country_code":"KEN","species_name":"Eucalyptus_grandis","genus":"Eucalyptus","species":"grandis","suitability_name":"Marginally suitable","suitability_rank":3,"source_layer":"KCFP_SSMT_Kenya","tz":null,"soil_description":null},"geometry":{"type":"Polygon","coordinates":[[[34.5528248152,0.6458457486],[34.5501468203,0.6385891287],[34.5654519912,0.6149984177],[34.5726383605,0.6104603388],[34.5789023769,0.619530405],[34.5825401964,0.6004781073],[34.5735747322,0.5922255223],[34.5628026304,0.5968556535],[34.534010781,0.6367790312],[34.533985484,0.6458504552],[34.5456308522,0.6567334253],[34.5528248152,0.6458457486]]]}},{"type":"Feature","properties":{"country":"Kenya","country_code":"KEN","species_name":"Eucalyptus_grandis","genus":"Eucalyptus","species":"grandis","suitability_name":"Marginally suitable","suitability_rank":3,"source_layer":"KCFP_SSMT_Kenya","tz":null,"soil_description":null},"geometry":{"type":"Polygon","coordinates":[[[34.3433806476,0.6397345317],[34.3448661987,0.637660104],[34.343382519,0.6376587502],[34.3433806476,0.6397345317]]]}},{"type":"Feature","properties":{"country":"Kenya","country_code":"KEN","species_name":"Eucalyptus_grandis","genus":"Eucalyptus","species":"grandis","suitability_name":"Marginally suitable","suitability_rank":3,"source_layer":"KCFP_SSMT_Kenya","tz":null,"soil_description":null},"geometry":{"type":"Polygon","coordinates":[[[34.5257052987,0.7430969494],[34.5248238549,0.7464553813],[34.5258808072,0.7464564652],[34.5258722973,0.7548129508],[34.5226311584,0.7548095863],[34.5211814304,0.7603328367],[34.5247435109,0.7712180712],[34.5435916115,0.7648665495],[34.5436167987,0.7548878673],[34.5257052987,0.7430969494]]]}},{"type":"Feature","properties":{"country":"Kenya","country_code":"KEN","species_name":"Eucalyptus_grandis","genus":"Eucalyptus","species":"grandis","suitability_name":"Marginally suitable","suitability_rank":3,"source_layer":"KCFP_SSMT_Kenya","tz":null,"soil_description":null},"geometry":{"type":"Polygon","coordinates":[[[34.4924115688,0.9720368534],[34.4924184038,0.9668789513],[34.4841141248,0.9691146308],[34.4841102557,0.9720256673],[34.4924115688,0.9720368534]]]}},{"type":"Feature","properties":{"country":"Kenya","country_code":"KEN","species_name":"Eucalyptus_grandis","genus":"Eucalyptus","species":"grandis","suitability_name":"Marginally suitable","suitability_rank":3,"source_layer":"KCFP_SSMT_Kenya","tz":null,"soil_description":null},"geometry":{"type":"Polygon","coordinates":[[[34.4841141248,0.9691146308],[34.4802967079,0.9701423399],[34.4775977042,0.9728629798],[34.4781100119,0.980395346],[34.4840990556,0.9804034986],[34.4841141248,0.9691146308]]]}},{"type":"Feature","properties":{"country":"Kenya","country_code":"KEN","species_name":"Eucalyptus_grandis","genus":"Eucalyptus","species":"grandis","suitability_name":"Marginally suitable","suitability_rank":3,"source_layer":"KCFP_SSMT_Kenya","tz":null,"soil_description":null},"geometry":{"type":"Polygon","coordinates":[[[34.6668131681,0.930476695],[34.6252981778,0.930425026],[34.6252878169,0.9387826325],[34.6086824293,0.9387616411],[34.6086928301,0.9304042216],[34.5837855056,0.9303728682],[34.5837750463,0.9387300061],[34.5754727721,0.9387194216],[34.5754622013,0.9470764647],[34.5671600004,0.9470657661],[34.5671705918,0.9387088175],[34.5173594878,0.9386447784],[34.5173487784,0.9470011568],[34.5007457955,0.9469794621],[34.5007349515,0.9553356477],[34.4924335831,0.9553246741],[34.4924184038,0.9668789513],[34.4937636315,0.9665167847],[34.6148888277,0.9719823785],[34.6579072068,0.9919498916],[34.6999018217,1.0284022192],[34.6999427806,0.9973851743],[34.6916390718,0.9973742235],[34.6916818986,0.9639408469],[34.6750749172,0.9639196189],[34.6751061985,0.9388451331],[34.6668029057,0.9388347657],[34.6668131681,0.930476695]]]}},{"type":"Feature","properties":{"country":"Kenya","country_code":"KEN","species_name":"Eucalyptus_grandis","genus":"Eucalyptus","species":"grandis","suitability_name":"Marginally suitable","suitability_rank":3,"source_layer":"KCFP_SSMT_Kenya","tz":null,"soil_description":null},"geometry":{"type":"Polygon","coordinates":[[[34.4840534149,1.0138275918],[34.4840649988,1.0054496346],[34.4840877889,0.9887595232],[34.4786783015,0.9887520963],[34.4798131106,1.0054437],[34.4803826151,1.0138224267],[34.4840534149,1.0138275918]]]}},{"type":"Feature","properties":{"country":"Kenya","country_code":"KEN","species_name":"Eucalyptus_grandis","genus":"Eucalyptus","species":"grandis","suitability_name":"Marginally suitable","suitability_rank":3,"source_layer":"KCFP_SSMT_Kenya","tz":null,"soil_description":null},"geometry":{"type":"Polygon","coordinates":[[[34.4923077461,1.0472637296],[34.4923077786,1.0472416328],[34.4914816647,1.0472404344],[34.4923077461,1.0472637296]]]}},{"type":"Feature","properties":{"country":"Kenya","country_code":"KEN","species_name":"Eucalyptus_grandis","genus":"Eucalyptus","species":"grandis","suitability_name":"Marginally suitable","suitability_rank":3,"source_layer":"KCFP_SSMT_Kenya","tz":null,"soil_description":null},"geometry":{"type":"Polygon","coordinates":[[[34.6332586929,1.1759154261],[34.6332635241,1.1728084628],[34.6287795901,1.172801404],[34.6332586929,1.1759154261]]]}},{"type":"Feature","properties":{"country":"Kenya","country_code":"KEN","species_name":"Eucalyptus_grandis","genus":"Eucalyptus","species":"grandis","suitability_name":"Marginally suitable","suitability_rank":3,"source_layer":"KCFP_SSMT_Kenya","tz":null,"soil_description":null},"geometry":{"type":"Polygon","coordinates":[[[34.9235205594,-1.4344104229],[34.9242791181,-1.4353390707],[34.9235189159,-1.435337705],[34.9235205594,-1.4344104229]]]}},{"type":"Feature","properties":{"country":"Kenya","country_code":"KEN","species_name":"Eucalyptus_grandis","genus":"Eucalyptus","species":"grandis","suitability_name":"Marginally suitable","suitability_rank":3,"source_layer":"KCFP_SSMT_Kenya","tz":null,"soil_description":null},"geometry":{"type":"Polygon","coordinates":[[[34.9152342645,-1.4224438358],[34.9183255003,-1.4269675829],[34.915226293,-1.4269620387],[34.9152342645,-1.4224438358]]]}},{"type":"Feature","properties":{"country":"Kenya","country_code":"KEN","species_name":"Eucalyptus_grandis","genus":"Eucalyptus","species":"grandis","suitability_name":"Marginally suitable","suitability_rank":3,"source_layer":"KCFP_SSMT_Kenya","tz":null,"soil_description":null},"geometry":{"type":"Polygon","coordinates":[[[34.8646177561,-1.418324888],[34.8654026089,-1.4183056664],[34.8820172495,-1.4178986952],[34.9003008883,-1.4174506937],[34.9047733384,-1.418582662],[34.8903194022,-1.4185568316],[34.8903045811,-1.4269172952],[34.8653836555,-1.4268722833],[34.865398565,-1.4185120817],[34.8570917935,-1.4184971066],[34.8571070427,-1.4099128561],[34.8571106801,-1.4099169304],[34.8572961765,-1.410124687],[34.8646177561,-1.418324888]]]}},{"type":"Feature","properties":{"country":"Kenya","country_code":"KEN","species_name":"Eucalyptus_grandis","genus":"Eucalyptus","species":"grandis","suitability_name":"Marginally suitable","suitability_rank":3,"source_layer":"KCFP_SSMT_Kenya","tz":null,"soil_description":null},"geometry":{"type":"Polygon","coordinates":[[[34.6414814171,-1.2268369577],[34.641484227,-1.226838541],[34.6414694206,-1.2342131419],[34.6414814171,-1.2268369577]]]}},{"type":"Feature","properties":{"country":"Kenya","country_code":"KEN","species_name":"Eucalyptus_grandis","genus":"Eucalyptus","species":"grandis","suitability_name":"Marginally suitable","suitability_rank":3,"source_layer":"KCFP_SSMT_Kenya","tz":null,"soil_description":null},"geometry":{"type":"Polygon","coordinates":[[[34.8661798262,-1.2170874729],[34.8657351362,-1.2169657027],[34.8466285879,-1.2117336849],[34.8411215872,-1.209455486],[34.8323180216,-1.2058135344],[34.8355780761,-1.1937486227],[34.8693134342,-1.168882754],[34.8872587922,-1.1477812861],[34.8797431601,-1.140652589],[34.8655204962,-1.1499031537],[34.8478661362,-1.159594864],[34.8311939929,-1.155824517],[34.8285430741,-1.1368629417],[34.8297389168,-1.1245483789],[34.8224375434,-1.1215246409],[34.8118912078,-1.1280744732],[34.808982931,-1.1150373083],[34.8070046296,-1.0974559562],[34.8021613653,-1.0923607254],[34.8013269344,-1.0914828869],[34.8005685111,-1.0923584815],[34.7994698058,-1.0936269238],[34.7933363849,-1.1007077805],[34.7918970707,-1.1023694015],[34.791146446,-1.1066405235],[34.7892517447,-1.1174208772],[34.7881306629,-1.1237990933],[34.7828120426,-1.1272035502],[34.7782635482,-1.1301150081],[34.7750698346,-1.1341189466],[34.7744959729,-1.1348383875],[34.7697526494,-1.1407849442],[34.7606263701,-1.1424567953],[34.758999096,-1.1427548925],[34.7578742313,-1.1429982258],[34.7501889812,-1.1446606907],[34.7584136699,-1.1215264078],[34.7761058247,-1.0876219353],[34.7836143722,-1.0790190161],[34.7963682829,-1.0675976022],[34.8056957701,-1.0634097511],[34.8182593237,-1.06226761],[34.8222568191,-1.0674072453],[34.8244070845,-1.0780049099],[34.8249218144,-1.0805418701],[34.8260639568,-1.0917729266],[34.8291096661,-1.098816131],[34.8346300159,-1.1016714838],[34.8458610715,-1.102242555],[34.8551885586,-1.1022425552],[34.8641359492,-1.1009708719],[34.8807960682,-1.111442981],[34.9011933186,-1.1040508643],[34.9038158421,-1.1008628483],[34.9200505799,-1.08112666],[34.9405494503,-1.0511368594],[34.9557721765,-1.0229428515],[34.9770899079,-1.0135027722],[34.9823073727,-1.0130508681],[34.9942451173,-1.0120168538],[35.005954067,-1.0027372678],[35.0154855138,-0.9839497079],[35.0182267087,-0.9785462621],[35.017323393,-0.9679282768],[35.0211191206,-0.9622312495],[35.0219367723,-0.9542325118],[35.0271829774,-0.949844631],[35.0334358703,-0.9409101864],[35.0386829206,-0.9425592024],[35.0488376773,-0.9365041706],[35.0526394312,-0.9417331152],[35.0739261628,-0.9402676831],[35.0822415588,-0.9302022133],[35.0841788519,-0.9180190491],[35.0844295962,-0.9171462596],[35.088668809,-0.9023991534],[35.0946235751,-0.8777798683],[35.0936535311,-0.8597998607],[35.0935961112,-0.8563430945],[35.0844677627,-0.8636452727],[35.0739885425,-0.8591937863],[35.0674061956,-0.8536166748],[35.0564344328,-0.8528487082],[35.048250577,-0.8486486487],[35.0464736799,-0.8424157167],[35.0489525525,-0.8398513252],[35.0517879584,-0.836918074],[35.0655681341,-0.8385865153],[35.0659515829,-0.8386329411],[35.0736632107,-0.8453671375],[35.0791509653,-0.8458686938],[35.0828363564,-0.8424355757],[35.0835664218,-0.8345259156],[35.0738867642,-0.8271330714],[35.0708811327,-0.8248375358],[35.0680420228,-0.8112215534],[35.0738277115,-0.8041123416],[35.0891679987,-0.801916187],[35.1072036323,-0.805038237],[35.1217416086,-0.8152768084],[35.1312532242,-0.8254844272],[35.1420652712,-0.8188764845],[35.1517355342,-0.8120251463],[35.1645154921,-0.8087542821],[35.1684402294,-0.8168628776],[35.1684474627,-0.8168778205],[35.1697300203,-0.8195276484],[35.1696073467,-0.8252422907],[35.1694277481,-0.8336054691],[35.1693292758,-0.8381893002],[35.1674993695,-0.8419520709],[35.1613944022,-0.8545051327],[35.1605074047,-0.8670497681],[35.1603359142,-0.8694748078],[35.1624459365,-0.8823962232],[35.1652182863,-0.8859741653],[35.1674772066,-0.8888895036],[35.172347022,-0.9059754297],[35.1777554021,-0.9405320495],[35.1811265248,-0.9476850896],[35.1808148047,-0.9566578046],[35.1804104219,-0.959068107],[35.1798504996,-0.9624054299],[35.1767520879,-0.9766577617],[35.175831415,-0.9841531881],[35.1748087469,-0.9924783138],[35.1841389236,-1.0023582155],[35.1822460325,-1.0174226381],[35.1810403435,-1.029509691],[35.1846366789,-1.0425514842],[35.1965093979,-1.0481169942],[35.2065758095,-1.0522886196],[35.2088351523,-1.0532249159],[35.2120360995,-1.061892105],[35.2065541303,-1.0700586271],[35.2030144381,-1.0753316113],[35.2025828449,-1.07617045],[35.1947021352,-1.0914868414],[35.1831983669,-1.1053403182],[35.1784554996,-1.1012304786],[35.1752291232,-1.0984347351],[35.1608426908,-1.0937673727],[35.1581897058,-1.0973021341],[35.1507731904,-1.093014185],[35.144158398,-1.0895414348],[35.1128541681,-1.1002014586],[35.1358443516,-1.0575157452],[35.1147080799,-1.0765499985],[35.1102842042,-1.079485491],[35.0942918966,-1.0901050064],[35.0763980721,-1.1009407983],[35.0699336216,-1.1127705675],[35.0715970922,-1.1223523532],[35.0712240704,-1.1308152461],[35.0571826034,-1.1596206964],[35.0568767438,-1.1602481177],[35.0518142477,-1.1706328004],[35.0273701932,-1.2110972794],[35.0121641221,-1.2345037647],[34.9819725973,-1.2526968663],[34.9671178533,-1.2617876459],[34.9623100506,-1.2573003636],[34.9508886378,-1.2503999267],[34.9411328477,-1.2484963582],[34.9356600876,-1.2451651128],[34.9334375939,-1.2430537403],[34.9309011654,-1.2406441366],[34.9204315369,-1.2373128915],[34.9128172614,-1.2392164609],[34.9028235261,-1.2404061906],[34.8909262204,-1.2368369994],[34.881408376,-1.2311262923],[34.8740301365,-1.2243305397],[34.8723664241,-1.2227981791],[34.8670120125,-1.2178556417],[34.8661798262,-1.2170874729]],[[35.0987207798,-0.9171474428],[35.0987162067,-0.9171474369],[35.0844295962,-0.9171462596],[35.0987207798,-0.9171474428]],[[34.9971179263,-1.0348719233],[35.00601539,-1.0392651696],[35.0175173591,-1.0247330626],[35.030609259,-1.0134081894],[35.0512656892,-0.9975755334],[35.0604393811,-0.993299579],[35.0661978763,-0.9853233608],[35.0678745559,-0.977739855],[35.0633271304,-0.9737951107],[35.0474226977,-0.9877272433],[35.0232999876,-1.0108513023],[35.009546108,-1.0169238205],[34.9987556252,-1.025745262],[34.9971179263,-1.0348719233]]]}},{"type":"Feature","properties":{"country":"Kenya","country_code":"KEN","species_name":"Eucalyptus_grandis","genus":"Eucalyptus","species":"grandis","suitability_name":"Marginally suitable","suitability_rank":3,"source_layer":"KCFP_SSMT_Kenya","tz":null,"soil_description":null},"geometry":{"type":"Polygon","coordinates":[[[34.723199781,-1.1582593051],[34.7272542564,-1.1640514131],[34.727254256,-1.1675266788],[34.7255166236,-1.170712339],[34.72001412,-1.1712915493],[34.7124843781,-1.1672370741],[34.7087195076,-1.1594177269],[34.7049546376,-1.1498607464],[34.7023481877,-1.1426206105],[34.7046650314,-1.1376973178],[34.7078941325,-1.1376973177],[34.7121947729,-1.1403037663],[34.714801222,-1.1449374537],[34.7194349093,-1.1515983785],[34.723199781,-1.1582593051]]]}},{"type":"Feature","properties":{"country":"Kenya","country_code":"KEN","species_name":"Eucalyptus_grandis","genus":"Eucalyptus","species":"grandis","suitability_name":"Marginally suitable","suitability_rank":3,"source_layer":"KCFP_SSMT_Kenya","tz":null,"soil_description":null},"geometry":{"type":"Polygon","coordinates":[[[34.8714169898,-1.0657239482],[34.8647430143,-1.0752653768],[34.8642378471,-1.0757269973],[34.8615232073,-1.0782076203],[34.8602250598,-1.0757215113],[34.857214953,-1.0699568501],[34.8636681984,-1.0606486854],[34.8673537002,-1.0556535879],[34.8719972911,-1.0394814833],[34.8784126565,-1.0363301365],[34.8809053445,-1.04205504],[34.8783435573,-1.0523013711],[34.8714169898,-1.0657239482]]]}},{"type":"Feature","properties":{"country":"Kenya","country_code":"KEN","species_name":"Eucalyptus_grandis","genus":"Eucalyptus","species":"grandis","suitability_name":"Marginally suitable","suitability_rank":3,"source_layer":"KCFP_SSMT_Kenya","tz":null,"soil_description":null},"geometry":{"type":"Polygon","coordinates":[[[34.9076978295,-1.0344762984],[34.9131834648,-1.0338261656],[34.9147585169,-1.0402332629],[34.8996734935,-1.0857770499],[34.8935240014,-1.0825375306],[34.8905791436,-1.0763556992],[34.8989086941,-1.0551878831],[34.904232848,-1.0422142164],[34.9076978295,-1.0344762984]]]}},{"type":"Feature","properties":{"country":"Kenya","country_code":"KEN","species_name":"Eucalyptus_grandis","genus":"Eucalyptus","species":"grandis","suitability_name":"Marginally suitable","suitability_rank":3,"source_layer":"KCFP_SSMT_Kenya","tz":null,"soil_description":null},"geometry":{"type":"Polygon","coordinates":[[[34.7090703365,-1.0203160716],[34.7047059038,-1.0232497886],[34.699462482,-1.0209333666],[34.6965477996,-1.0074413938],[34.695451663,-0.9983116681],[34.6895200623,-0.9957540912],[34.6883460636,-1.0032817707],[34.6919562279,-1.0128931743],[34.6925646785,-1.0284120241],[34.6886701781,-1.0304402356],[34.6822845271,-1.0278827913],[34.6782020915,-1.0205566717],[34.6741452756,-1.0088849284],[34.6693144277,-0.9935044806],[34.6701154661,-0.9912906482],[34.6652596854,-0.9714752876],[34.6607988452,-0.9590300468],[34.6640362767,-0.9553478645],[34.6709343979,-0.952178031],[34.6807741776,-0.9506331107],[34.6910290665,-0.9539244493],[34.6939216187,-0.9627002378],[34.6989612245,-0.9848357211],[34.7091358964,-1.0063912994],[34.7090703365,-1.0203160716]],[[34.6726312926,-0.9648514697],[34.6703396444,-0.9657574236],[34.6711920152,-0.9719766107],[34.6783950472,-0.9837684111],[34.681544958,-0.9909134404],[34.6843737048,-0.9803641293],[34.6846964913,-0.9711516646],[34.6817695318,-0.9662993965],[34.6726312926,-0.9648514697]]]}},{"type":"Feature","properties":{"country":"Kenya","country_code":"KEN","species_name":"Eucalyptus_grandis","genus":"Eucalyptus","species":"grandis","suitability_name":"Marginally suitable","suitability_rank":3,"source_layer":"KCFP_SSMT_Kenya","tz":null,"soil_description":null},"geometry":{"type":"Polygon","coordinates":[[[34.6642581896,-0.903472196],[34.6624490376,-0.9006077047],[34.6615444618,-0.8981955026],[34.660489123,-0.8938233856],[34.6586799705,-0.8899035568],[34.6579261582,-0.8864360163],[34.6583046564,-0.8832188159],[34.6585663843,-0.8832191234],[34.6585687775,-0.8811582138],[34.6597667773,-0.876560078],[34.6673616009,-0.8715524172],[34.6764964988,-0.8716173708],[34.683260577,-0.8815700094],[34.6847808047,-0.8903330528],[34.6831121518,-0.8970002576],[34.6773494245,-0.9020244743],[34.6704394585,-0.9037737206],[34.6642581896,-0.903472196]]]}},{"type":"Feature","properties":{"country":"Kenya","country_code":"KEN","species_name":"Eucalyptus_grandis","genus":"Eucalyptus","species":"grandis","suitability_name":"Marginally suitable","suitability_rank":3,"source_layer":"KCFP_SSMT_Kenya","tz":null,"soil_description":null},"geometry":{"type":"Polygon","coordinates":[[[34.6586138187,-0.8414292113],[34.6503109253,-0.8414198842],[34.6503292909,-0.8247041015],[34.648064749,-0.824701606],[34.6502673863,-0.8189106799],[34.6590114003,-0.8132141363],[34.6649206612,-0.8164739409],[34.6649939472,-0.8328352148],[34.6600745414,-0.8452392452],[34.6586085118,-0.8462071512],[34.6586138187,-0.8414292113]]]}},{"type":"Feature","properties":{"country":"Kenya","country_code":"KEN","species_name":"Eucalyptus_grandis","genus":"Eucalyptus","species":"grandis","suitability_name":"Marginally suitable","suitability_rank":3,"source_layer":"KCFP_SSMT_Kenya","tz":null,"soil_description":null},"geometry":{"type":"Polygon","coordinates":[[[34.7387975731,-0.7149381772],[34.7310453237,-0.7137341039],[34.7283471406,-0.7088796304],[34.7284239988,-0.700359005],[34.7323399786,-0.6971528981],[34.7398743857,-0.6985922116],[34.7471124601,-0.7067073476],[34.7481862484,-0.7136259563],[34.7472319284,-0.7175345489],[34.7387975731,-0.7149381772]]]}},{"type":"Feature","properties":{"country":"Kenya","country_code":"KEN","species_name":"Eucalyptus_grandis","genus":"Eucalyptus","species":"grandis","suitability_name":"Marginally suitable","suitability_rank":3,"source_layer":"KCFP_SSMT_Kenya","tz":null,"soil_description":null},"geometry":{"type":"Polygon","coordinates":[[[34.7520339786,-0.6208066851],[34.7532305876,-0.6141388001],[34.7594826219,-0.6063433183],[34.7616328427,-0.5957574901],[34.7678603293,-0.5898161496],[34.7718208016,-0.6066544521],[34.7676299333,-0.6149180394],[34.7648011721,-0.623885518],[34.7584277432,-0.6215410297],[34.7520339786,-0.6208066851]]]}},{"type":"Feature","properties":{"country":"Kenya","country_code":"KEN","species_name":"Eucalyptus_grandis","genus":"Eucalyptus","species":"grandis","suitability_name":"Marginally suitable","suitability_rank":3,"source_layer":"KCFP_SSMT_Kenya","tz":null,"soil_description":null},"geometry":{"type":"Polygon","coordinates":[[[34.7584914114,-0.5843990993],[34.7584929051,-0.5824080237],[34.7600107681,-0.5824091764],[34.7587674448,-0.5842188081],[34.7584914114,-0.5843990993]]]}},{"type":"Feature","properties":{"country":"Kenya","country_code":"KEN","species_name":"Eucalyptus_grandis","genus":"Eucalyptus","species":"grandis","suitability_name":"Marginally suitable","suitability_rank":3,"source_layer":"KCFP_SSMT_Kenya","tz":null,"soil_description":null},"geometry":{"type":"Polygon","coordinates":[[[34.7667965195,-0.5824143203],[34.7600107681,-0.5824091764],[34.7657509267,-0.5740543497],[34.7668027224,-0.574055136],[34.7667965195,-0.5824143203]]]}},{"type":"Feature","properties":{"country":"Kenya","country_code":"KEN","species_name":"Eucalyptus_grandis","genus":"Eucalyptus","species":"grandis","suitability_name":"Marginally suitable","suitability_rank":3,"source_layer":"KCFP_SSMT_Kenya","tz":null,"soil_description":null},"geometry":{"type":"Polygon","coordinates":[[[34.8135441034,-0.5689189017],[34.8068743969,-0.5739476922],[34.7972558235,-0.575958623],[34.7949946252,-0.5724877395],[34.7971225691,-0.5655830587],[34.7949189586,-0.5565850626],[34.7983937107,-0.5506194315],[34.8098446525,-0.548623972],[34.8253867143,-0.5489572147],[34.8326183715,-0.5584467998],[34.8263865887,-0.5648593636],[34.8192922014,-0.5659627463],[34.8135441034,-0.5689189017]]]}},{"type":"Feature","properties":{"country":"Kenya","country_code":"KEN","species_name":"Eucalyptus_grandis","genus":"Eucalyptus","species":"grandis","suitability_name":"Marginally suitable","suitability_rank":3,"source_layer":"KCFP_SSMT_Kenya","tz":null,"soil_description":null},"geometry":{"type":"Polygon","coordinates":[[[34.7734337936,-0.5557524296],[34.7671145671,-0.5720695334],[34.7657509267,-0.5740543497],[34.7501956067,-0.5740427133],[34.7502052365,-0.5608706798],[34.7510027711,-0.5595250663],[34.7527317871,-0.5573265417],[34.7585112805,-0.5573307419],[34.7585165199,-0.5499708733],[34.7593018914,-0.5489722083],[34.7668207922,-0.5489775812],[34.7668266373,-0.5406183957],[34.7761872999,-0.5406249698],[34.7734337936,-0.5557524296]]]}},{"type":"Feature","properties":{"country":"Kenya","country_code":"KEN","species_name":"Eucalyptus_grandis","genus":"Eucalyptus","species":"grandis","suitability_name":"Marginally suitable","suitability_rank":3,"source_layer":"KCFP_SSMT_Kenya","tz":null,"soil_description":null},"geometry":{"type":"Polygon","coordinates":[[[34.7645503402,-0.0373188103],[34.7753164133,-0.0400799062],[34.7753157303,-0.0517144383],[34.7728101723,-0.0535715771],[34.7719280304,-0.0641448855],[34.7585476045,-0.0641437688],[34.7590574517,-0.0603788803],[34.7536840281,-0.0510805132],[34.7529030692,-0.0474073243],[34.7526014403,-0.0459886549],[34.757238759,-0.0390978135],[34.7587132665,-0.0387390474],[34.7645503402,-0.0373188103]]]}},{"type":"Feature","properties":{"country":"Kenya","country_code":"KEN","species_name":"Eucalyptus_grandis","genus":"Eucalyptus","species":"grandis","suitability_name":"Marginally suitable","suitability_rank":3,"source_layer":"KCFP_SSMT_Kenya","tz":null,"soil_description":null},"geometry":{"type":"Polygon","coordinates":[[[34.836385728,-0.0197341699],[34.8417467414,-0.0154305643],[34.8417465775,-0.0223506531],[34.8832715948,-0.0223518329],[34.891576145,-0.0223520674],[34.90818167,-0.022352534],[34.9081813955,-0.0306952822],[34.9081813948,-0.0307132392],[34.9164861746,-0.0306956023],[34.9164864485,-0.0223527681],[34.9330962649,-0.022353232],[34.9330959921,-0.0306962406],[34.9663166592,-0.0307154678],[34.9663166598,-0.0306975094],[34.9663169304,-0.0223541568],[34.9663209904,-0.0223541569],[34.974408244,-0.0223543807],[34.9699746308,-0.0287128711],[34.9580109541,-0.0401492663],[34.9580110062,-0.0390763761],[34.9414006707,-0.0390755685],[34.9414005326,-0.0418489709],[34.9330954496,-0.0426906641],[34.9330956318,-0.0390751635],[34.9164896807,-0.0390743512],[34.883270954,-0.0390727163],[34.8666621137,-0.039071893],[34.8601272311,-0.0390715694],[34.8599797999,-0.0390536386],[34.8583541905,-0.0388559264],[34.8583545471,-0.030711303],[34.8186689149,-0.0307097457],[34.8209859538,-0.0269944615],[34.8251421165,-0.0250350374],[34.836385728,-0.0197341699]]]}},{"type":"Feature","properties":{"country":"Kenya","country_code":"KEN","species_name":"Eucalyptus_grandis","genus":"Eucalyptus","species":"grandis","suitability_name":"Marginally suitable","suitability_rank":3,"source_layer":"KCFP_SSMT_Kenya","tz":null,"soil_description":null},"geometry":{"type":"Polygon","coordinates":[[[34.9416411286,-0.0094264289],[34.8859638864,-0.0121271687],[34.8796668451,-0.0057719247],[34.8805557703,0.0023935049],[34.8967118346,0.0060097926],[34.9487999182,0.0050759583],[34.9524091213,-0.0012671299],[34.9416411286,-0.0094264289]]]}},{"type":"Feature","properties":{"country":"Kenya","country_code":"KEN","species_name":"Eucalyptus_grandis","genus":"Eucalyptus","species":"grandis","suitability_name":"Marginally suitable","suitability_rank":3,"source_layer":"KCFP_SSMT_Kenya","tz":null,"soil_description":null},"geometry":{"type":"Polygon","coordinates":[[[34.6673818225,-0.0053692863],[34.6839863174,0.0014209324],[34.6839862989,-0.005629496],[34.6673818207,-0.0056293718],[34.6673818225,-0.0053692863]]]}},{"type":"Feature","properties":{"country":"Kenya","country_code":"KEN","species_name":"Eucalyptus_grandis","genus":"Eucalyptus","species":"grandis","suitability_name":"Marginally suitable","suitability_rank":3,"source_layer":"KCFP_SSMT_Kenya","tz":null,"soil_description":null},"geometry":{"type":"Polygon","coordinates":[[[34.6839863174,0.0014209324],[34.6839863138,0.0027287877],[34.6871844666,0.0027288002],[34.6839863174,0.0014209324]]]}},{"type":"Feature","properties":{"country":"Kenya","country_code":"KEN","species_name":"Eucalyptus_grandis","genus":"Eucalyptus","species":"grandis","suitability_name":"Marginally suitable","suitability_rank":3,"source_layer":"KCFP_SSMT_Kenya","tz":null,"soil_description":null},"geometry":{"type":"Polygon","coordinates":[[[34.7001562069,0.008033592],[34.7005911218,0.0078134198],[34.7005911567,0.0027288486],[34.6871844666,0.0027288002],[34.7001562069,0.008033592]]]}},{"type":"Feature","properties":{"country":"Kenya","country_code":"KEN","species_name":"Eucalyptus_grandis","genus":"Eucalyptus","species":"grandis","suitability_name":"Marginally suitable","suitability_rank":3,"source_layer":"KCFP_SSMT_Kenya","tz":null,"soil_description":null},"geometry":{"type":"Polygon","coordinates":[[[34.8831900378,0.353867987],[34.8831909373,0.3518229736],[34.883193686,0.3455075483],[34.8748891067,0.3455039168],[34.8748870452,0.3502432976],[34.8748854512,0.3538642667],[34.8831900378,0.353867987]]]}},{"type":"Feature","properties":{"country":"Kenya","country_code":"KEN","species_name":"Eucalyptus_grandis","genus":"Eucalyptus","species":"grandis","suitability_name":"Marginally suitable","suitability_rank":3,"source_layer":"KCFP_SSMT_Kenya","tz":null,"soil_description":null},"geometry":{"type":"Polygon","coordinates":[[[34.8498802032,0.5210547181],[34.8498690664,0.5377748773],[34.8415646264,0.5377691779],[34.8415542521,0.552860045],[34.8635595811,0.5321345032],[34.8860234341,0.5185107745],[34.8896186773,0.5148787953],[34.8887509336,0.5003581976],[34.8869802884,0.4894683456],[34.8748078723,0.4993048932],[34.8748047062,0.5043505273],[34.8665000456,0.5043452142],[34.8664947187,0.5127054725],[34.8581901351,0.5127000605],[34.858184709,0.5210602284],[34.8498802032,0.5210547181]]]}},{"type":"Feature","properties":{"country":"Kenya","country_code":"KEN","species_name":"Eucalyptus_grandis","genus":"Eucalyptus","species":"grandis","suitability_name":"Marginally suitable","suitability_rank":3,"source_layer":"KCFP_SSMT_Kenya","tz":null,"soil_description":null},"geometry":{"type":"Polygon","coordinates":[[[34.8415542521,0.552860045],[34.8398257817,0.5544879358],[34.841553116,0.5544891605],[34.8415542521,0.552860045]]]}},{"type":"Feature","properties":{"country":"Kenya","country_code":"KEN","species_name":"Eucalyptus_grandis","genus":"Eucalyptus","species":"grandis","suitability_name":"Marginally suitable","suitability_rank":3,"source_layer":"KCFP_SSMT_Kenya","tz":null,"soil_description":null},"geometry":{"type":"Polygon","coordinates":[[[34.8332487404,0.5544832713],[34.8332443718,0.5606862971],[34.8398257817,0.5544879358],[34.8332487404,0.5544832713]]]}},{"type":"Feature","properties":{"country":"Kenya","country_code":"KEN","species_name":"Eucalyptus_grandis","genus":"Eucalyptus","species":"grandis","suitability_name":"Marginally suitable","suitability_rank":3,"source_layer":"KCFP_SSMT_Kenya","tz":null,"soil_description":null},"geometry":{"type":"Polygon","coordinates":[[[34.8332428414,0.5628431738],[34.8332443718,0.5606862971],[34.8309559246,0.5628415248],[34.8332428414,0.5628431738]]]}},{"type":"Feature","properties":{"country":"Kenya","country_code":"KEN","species_name":"Eucalyptus_grandis","genus":"Eucalyptus","species":"grandis","suitability_name":"Marginally suitable","suitability_rank":3,"source_layer":"KCFP_SSMT_Kenya","tz":null,"soil_description":null},"geometry":{"type":"Polygon","coordinates":[[[34.8249385424,0.5628371849],[34.8249344794,0.5685123705],[34.8309559246,0.5628415248],[34.8249385424,0.5628371849]]]}},{"type":"Feature","properties":{"country":"Kenya","country_code":"KEN","species_name":"Eucalyptus_grandis","genus":"Eucalyptus","species":"grandis","suitability_name":"Marginally suitable","suitability_rank":3,"source_layer":"KCFP_SSMT_Kenya","tz":null,"soil_description":null},"geometry":{"type":"Polygon","coordinates":[[[34.8069021501,0.5894214746],[34.7925343018,0.5930566521],[34.7893700062,0.5962491326],[34.7916975115,0.5962509272],[34.7916911074,0.6046103807],[34.7999951133,0.6046168653],[34.7999886328,0.612976409],[34.816596936,0.6129895179],[34.8165903931,0.6213492392],[34.8331990758,0.6213624763],[34.8332041201,0.6149017913],[34.8332120217,0.6046426763],[34.8249076617,0.6046362426],[34.8249202794,0.5879166201],[34.8332246144,0.5879228768],[34.8332307784,0.5795629761],[34.8249264555,0.5795568084],[34.8249344794,0.5685123705],[34.8114062897,0.581252515],[34.8069021501,0.5894214746]]]}},{"type":"Feature","properties":{"country":"Kenya","country_code":"KEN","species_name":"Eucalyptus_grandis","genus":"Eucalyptus","species":"grandis","suitability_name":"Marginally suitable","suitability_rank":3,"source_layer":"KCFP_SSMT_Kenya","tz":null,"soil_description":null},"geometry":{"type":"Polygon","coordinates":[[[34.7667730983,0.6129500348],[34.7667752699,0.610183043],[34.7642230171,0.6129480014],[34.7667730983,0.6129500348]]]}},{"type":"Feature","properties":{"country":"Kenya","country_code":"KEN","species_name":"Eucalyptus_grandis","genus":"Eucalyptus","species":"grandis","suitability_name":"Marginally suitable","suitability_rank":3,"source_layer":"KCFP_SSMT_Kenya","tz":null,"soil_description":null},"geometry":{"type":"Polygon","coordinates":[[[34.7556845389,0.6221979073],[34.7530914776,0.6296571882],[34.7584560812,0.6296615935],[34.7584644919,0.6191863565],[34.7556845389,0.6221979073]]]}},{"type":"Feature","properties":{"country":"Kenya","country_code":"KEN","species_name":"Eucalyptus_grandis","genus":"Eucalyptus","species":"grandis","suitability_name":"Marginally suitable","suitability_rank":3,"source_layer":"KCFP_SSMT_Kenya","tz":null,"soil_description":null},"geometry":{"type":"Polygon","coordinates":[[[34.7501455624,0.6381311888],[34.7530914776,0.6296571882],[34.750152485,0.6296547729],[34.7501455624,0.6381311888]]]}},{"type":"Feature","properties":{"country":"Kenya","country_code":"KEN","species_name":"Eucalyptus_grandis","genus":"Eucalyptus","species":"grandis","suitability_name":"Marginally suitable","suitability_rank":3,"source_layer":"KCFP_SSMT_Kenya","tz":null,"soil_description":null},"geometry":{"type":"Polygon","coordinates":[[[34.7501455624,0.6381311888],[34.7443758898,0.6547268518],[34.7501317366,0.6547317763],[34.7501455624,0.6381311888]]]}},{"type":"Feature","properties":{"country":"Kenya","country_code":"KEN","species_name":"Eucalyptus_grandis","genus":"Eucalyptus","species":"grandis","suitability_name":"Marginally suitable","suitability_rank":3,"source_layer":"KCFP_SSMT_Kenya","tz":null,"soil_description":null},"geometry":{"type":"Polygon","coordinates":[[[34.8414766517,0.6548090233],[34.8469158034,0.6548135702],[34.849781267,0.6548159632],[34.8497881101,0.6464558887],[34.8414835084,0.6464490365],[34.8414826745,0.6474704666],[34.8414766517,0.6548090233]]]}},{"type":"Feature","properties":{"country":"Kenya","country_code":"KEN","species_name":"Eucalyptus_grandis","genus":"Eucalyptus","species":"grandis","suitability_name":"Marginally suitable","suitability_rank":3,"source_layer":"KCFP_SSMT_Kenya","tz":null,"soil_description":null},"geometry":{"type":"Polygon","coordinates":[[[34.7418281911,0.6547246712],[34.7418219459,0.6620725151],[34.7443758898,0.6547268518],[34.7418281911,0.6547246712]]]}},{"type":"Feature","properties":{"country":"Kenya","country_code":"KEN","species_name":"Eucalyptus_grandis","genus":"Eucalyptus","species":"grandis","suitability_name":"Marginally suitable","suitability_rank":3,"source_layer":"KCFP_SSMT_Kenya","tz":null,"soil_description":null},"geometry":{"type":"Polygon","coordinates":[[[34.7418210811,0.6630835806],[34.7418219459,0.6620725151],[34.7414705163,0.6630832756],[34.7418210811,0.6630835806]]]}},{"type":"Feature","properties":{"country":"Kenya","country_code":"KEN","species_name":"Eucalyptus_grandis","genus":"Eucalyptus","species":"grandis","suitability_name":"Marginally suitable","suitability_rank":3,"source_layer":"KCFP_SSMT_Kenya","tz":null,"soil_description":null},"geometry":{"type":"Polygon","coordinates":[[[34.7335176112,0.6630763699],[34.7335011479,0.6820020432],[34.7358077529,0.6793695746],[34.7414705163,0.6630832756],[34.7335176112,0.6630763699]]]}},{"type":"Feature","properties":{"country":"Kenya","country_code":"KEN","species_name":"Eucalyptus_grandis","genus":"Eucalyptus","species":"grandis","suitability_name":"Marginally suitable","suitability_rank":3,"source_layer":"KCFP_SSMT_Kenya","tz":null,"soil_description":null},"geometry":{"type":"Polygon","coordinates":[[[34.7334956967,0.6881528233],[34.7335011479,0.6820020432],[34.7281159278,0.6881479686],[34.7334956967,0.6881528233]]]}},{"type":"Feature","properties":{"country":"Kenya","country_code":"KEN","species_name":"Eucalyptus_grandis","genus":"Eucalyptus","species":"grandis","suitability_name":"Marginally suitable","suitability_rank":3,"source_layer":"KCFP_SSMT_Kenya","tz":null,"soil_description":null},"geometry":{"type":"Polygon","coordinates":[[[34.7251922758,0.6881453263],[34.7251892875,0.6914879684],[34.7281159278,0.6881479686],[34.7251922758,0.6881453263]]]}},{"type":"Feature","properties":{"country":"Kenya","country_code":"KEN","species_name":"Eucalyptus_grandis","genus":"Eucalyptus","species":"grandis","suitability_name":"Marginally suitable","suitability_rank":3,"source_layer":"KCFP_SSMT_Kenya","tz":null,"soil_description":null},"geometry":{"type":"Polygon","coordinates":[[[34.7204391813,0.696499709],[34.725184776,0.6965040532],[34.7251892875,0.6914879684],[34.7214139861,0.6957964413],[34.7204391813,0.696499709]]]}},{"type":"Feature","properties":{"country":"Kenya","country_code":"KEN","species_name":"Eucalyptus_grandis","genus":"Eucalyptus","species":"grandis","suitability_name":"Marginally suitable","suitability_rank":3,"source_layer":"KCFP_SSMT_Kenya","tz":null,"soil_description":null},"geometry":{"type":"Polygon","coordinates":[[[34.7204391813,0.696499709],[34.7168814302,0.6964964505],[34.7168791001,0.6990680981],[34.7204391813,0.696499709]]]}},{"type":"Feature","properties":{"country":"Kenya","country_code":"KEN","species_name":"Eucalyptus_grandis","genus":"Eucalyptus","species":"grandis","suitability_name":"Marginally suitable","suitability_rank":3,"source_layer":"KCFP_SSMT_Kenya","tz":null,"soil_description":null},"geometry":{"type":"Polygon","coordinates":[[[34.7168791001,0.6990680981],[34.7088678531,0.7048476524],[34.7168738252,0.7048550849],[34.7168791001,0.6990680981]]]}},{"type":"Feature","properties":{"country":"Kenya","country_code":"KEN","species_name":"Eucalyptus_grandis","genus":"Eucalyptus","species":"grandis","suitability_name":"Marginally suitable","suitability_rank":3,"source_layer":"KCFP_SSMT_Kenya","tz":null,"soil_description":null},"geometry":{"type":"Polygon","coordinates":[[[34.7085703585,0.7050622719],[34.7088678531,0.7048476524],[34.7085705547,0.7048473762],[34.7085703585,0.7050622719]]]}},{"type":"Feature","properties":{"country":"Kenya","country_code":"KEN","species_name":"Eucalyptus_grandis","genus":"Eucalyptus","species":"grandis","suitability_name":"Marginally suitable","suitability_rank":3,"source_layer":"KCFP_SSMT_Kenya","tz":null,"soil_description":null},"geometry":{"type":"Polygon","coordinates":[[[34.7002518351,0.7215565541],[34.7002596507,0.7131981035],[34.7085628451,0.7132059187],[34.7085703585,0.7050622719],[34.6899618465,0.7184865337],[34.6919477951,0.7225269838],[34.6919487177,0.7215486322],[34.7002518351,0.7215565541]]]}},{"type":"Feature","properties":{"country":"Kenya","country_code":"KEN","species_name":"Eucalyptus_grandis","genus":"Eucalyptus","species":"grandis","suitability_name":"Marginally suitable","suitability_rank":3,"source_layer":"KCFP_SSMT_Kenya","tz":null,"soil_description":null},"geometry":{"type":"Polygon","coordinates":[[[34.6919327802,0.7382653476],[34.6919340576,0.7369393411],[34.6915825644,0.7382650054],[34.6919327802,0.7382653476]]]}},{"type":"Feature","properties":{"country":"Kenya","country_code":"KEN","species_name":"Eucalyptus_grandis","genus":"Eucalyptus","species":"grandis","suitability_name":"Marginally suitable","suitability_rank":3,"source_layer":"KCFP_SSMT_Kenya","tz":null,"soil_description":null},"geometry":{"type":"Polygon","coordinates":[[[34.6621129506,0.7330083213],[34.6255072439,0.7419223644],[34.6255026685,0.7465575622],[34.6338050968,0.7465658859],[34.6337967914,0.7549235957],[34.6670074905,0.754957101],[34.6670238858,0.738240939],[34.6857008329,0.7382592538],[34.6764744954,0.7330060238],[34.6621129506,0.7330083213]]]}},{"type":"Feature","properties":{"country":"Kenya","country_code":"KEN","species_name":"Eucalyptus_grandis","genus":"Eucalyptus","species":"grandis","suitability_name":"Marginally suitable","suitability_rank":3,"source_layer":"KCFP_SSMT_Kenya","tz":null,"soil_description":null},"geometry":{"type":"Polygon","coordinates":[[[34.7026902398,1.0308227104],[34.6999018217,1.0284022192],[34.6998985777,1.0308189103],[34.7026902398,1.0308227104]]]}},{"type":"Feature","properties":{"country":"Kenya","country_code":"KEN","species_name":"Eucalyptus_grandis","genus":"Eucalyptus","species":"grandis","suitability_name":"Marginally suitable","suitability_rank":3,"source_layer":"KCFP_SSMT_Kenya","tz":null,"soil_description":null},"geometry":{"type":"Polygon","coordinates":[[[34.7026902398,1.0308227104],[34.7164903345,1.042802036],[34.7165064397,1.0308414802],[34.7026902398,1.0308227104]]]}},{"type":"Feature","properties":{"country":"Kenya","country_code":"KEN","species_name":"Eucalyptus_grandis","genus":"Eucalyptus","species":"grandis","suitability_name":"Marginally suitable","suitability_rank":3,"source_layer":"KCFP_SSMT_Kenya","tz":null,"soil_description":null},"geometry":{"type":"Polygon","coordinates":[[[34.7196973722,1.0455859737],[34.7164903345,1.042802036],[34.7164838769,1.0475587114],[34.7211170806,1.0475650935],[34.7196973722,1.0455859737]]]}},{"type":"Feature","properties":{"country":"Kenya","country_code":"KEN","species_name":"Eucalyptus_grandis","genus":"Eucalyptus","species":"grandis","suitability_name":"Marginally suitable","suitability_rank":3,"source_layer":"KCFP_SSMT_Kenya","tz":null,"soil_description":null},"geometry":{"type":"Polygon","coordinates":[[[34.7068892948,1.1391304981],[34.6664563585,1.1869794116],[34.6664523033,1.189576626],[34.6996686953,1.1896290241],[34.6996816148,1.1812706026],[34.7079859161,1.1812835471],[34.7080365849,1.1478494892],[34.7246452658,1.1478745737],[34.724682169,1.1227984749],[34.7163778543,1.1227862181],[34.7163899977,1.1144276085],[34.7246942891,1.1144397741],[34.7247063185,1.1060810726],[34.7164020504,1.1060689993],[34.7164258834,1.0893517762],[34.7247301056,1.089363668],[34.7247535303,1.0726462609],[34.7455394164,1.0726754713],[34.7496666055,1.0726812532],[34.7496713002,1.0692795037],[34.7496895343,1.0559632983],[34.7413851303,1.0559518383],[34.7413964815,1.0475929507],[34.7211170806,1.0475650935],[34.7268583971,1.0555687509],[34.7196530909,1.0637332319],[34.7061581591,1.0728031631],[34.7024458213,1.1209820318],[34.7068892948,1.1391304981]]]}},{"type":"Feature","properties":{"country":"Kenya","country_code":"KEN","species_name":"Eucalyptus_grandis","genus":"Eucalyptus","species":"grandis","suitability_name":"Marginally suitable","suitability_rank":3,"source_layer":"KCFP_SSMT_Kenya","tz":null,"soil_description":null},"geometry":{"type":"Polygon","coordinates":[[[34.6415568436,1.1812019087],[34.6415560907,1.1816840885],[34.6498479523,1.1874489468],[34.6498577261,1.1811924079],[34.6408283617,1.181178141],[34.6415568436,1.1812019087]]]}},{"type":"Feature","properties":{"country":"Kenya","country_code":"KEN","species_name":"Eucalyptus_grandis","genus":"Eucalyptus","species":"grandis","suitability_name":"Marginally suitable","suitability_rank":3,"source_layer":"KCFP_SSMT_Kenya","tz":null,"soil_description":null},"geometry":{"type":"Polygon","coordinates":[[[34.6600596411,1.1945486135],[34.6664563585,1.1869794116],[34.6664653217,1.1812185718],[34.6581614779,1.1812055032],[34.6581484356,1.1895634639],[34.6528773067,1.1895550959],[34.6600596411,1.1945486135]]]}},{"type":"Feature","properties":{"country":"Kenya","country_code":"KEN","species_name":"Eucalyptus_grandis","genus":"Eucalyptus","species":"grandis","suitability_name":"Marginally suitable","suitability_rank":3,"source_layer":"KCFP_SSMT_Kenya","tz":null,"soil_description":null},"geometry":{"type":"Polygon","coordinates":[[[34.9736197897,1.2820208626],[34.9736066634,1.2903822078],[34.981914211,1.2903954477],[34.9818964676,1.3016354208],[34.9818877565,1.3071183068],[34.993549035,1.3071370861],[34.9985032158,1.3071450491],[34.9985164312,1.2987834492],[35.006824261,1.2987966938],[35.0068373644,1.2904350079],[35.0151452518,1.29044814],[35.0151582436,1.2820863674],[35.021459173,1.2820962445],[35.0234661887,1.2820993883],[35.0234721247,1.2782525797],[35.0234790692,1.273737531],[35.0258347269,1.2737411929],[35.0317870719,1.2737504392],[35.0317351517,1.3071982025],[35.0400433466,1.3072114222],[35.0400301835,1.3155734471],[35.0317219612,1.3155601418],[35.0316953277,1.3322840193],[35.0483119671,1.3323109383],[35.04829858,1.3406730445],[35.0666970226,1.3407029047],[35.0732242513,1.3407134648],[35.0732108657,1.3490758216],[35.0815196169,1.3490893223],[35.0813383512,1.4578246862],[35.0813283792,1.4661634348],[35.0896331176,1.4661780687],[35.0896330763,1.466201791],[35.0896230845,1.4745405915],[35.0979279043,1.4745552769],[35.0979424483,1.4661926797],[35.1062518618,1.4662072597],[35.1062662516,1.4578682697],[35.0979614418,1.4578537796],[35.0979758213,1.4494911492],[35.1062805999,1.4495055552],[35.1085477174,1.4494858237],[35.1029181175,1.4237497786],[35.1030039281,1.3927940402],[35.1093230482,1.3800881296],[35.1183255511,1.3719223767],[35.130000409,1.3719281103],[35.1323229691,1.3742835303],[35.1396479206,1.3742954729],[35.1396359815,1.3817000469],[35.140559498,1.3826366384],[35.1562488329,1.3826856936],[35.1562408583,1.3905922503],[35.1704810649,1.3500679512],[35.1646711578,1.310753964],[35.164308984,1.3083036032],[35.1646756388,1.3078097879],[35.1649748002,1.3074068747],[35.1711602435,1.2990761147],[35.1730069883,1.2965888109],[35.185940145,1.2791690847],[35.2145895407,1.2737531568],[35.214703005,1.273731706],[35.2160860938,1.2740528393],[35.2312039561,1.2775629772],[35.2523401527,1.2824704215],[35.2577802858,1.2837335116],[35.262190205,1.2908261576],[35.2747762441,1.3110692185],[35.2747503135,1.3210569474],[35.2612117662,1.344658923],[35.2654647389,1.3494041735],[35.2726487178,1.3494152771],[35.2726614296,1.3410509263],[35.3059047137,1.3411017126],[35.3058921156,1.3494663803],[35.3142031617,1.349479085],[35.3141905136,1.3578438307],[35.3225016654,1.3578565855],[35.3224761917,1.3745862312],[35.3557218095,1.3746375893],[35.3556703909,1.4080981227],[35.3639821061,1.4081112016],[35.3639690878,1.4164764104],[35.3722809098,1.4164895362],[35.3722678441,1.4248548227],[35.3805797728,1.424867996],[35.3805402043,1.4499640825],[35.3888523002,1.4499774573],[35.3888389875,1.4583428955],[35.4054577102,1.4583696979],[35.4054634692,1.4583697063],[35.4054501791,1.4667115667],[35.4054367368,1.4751008881],[35.4137491541,1.4751144012],[35.4137625277,1.4667487349],[35.4220750272,1.4667384081],[35.4220882563,1.4583963949],[35.4303949091,1.4584096838],[35.4303742154,1.4751413339],[35.4386868616,1.4751547536],[35.4387001426,1.4667888574],[35.4470128318,1.4668021709],[35.4470521298,1.4417042501],[35.4387395688,1.4416675294],[35.4387525107,1.4333252672],[35.4470591593,1.4333382658],[35.447103471,1.4082403473],[35.4504271013,1.4082454492],[35.4504278484,1.4082219421],[35.4505956734,1.4029401771],[35.4554359262,1.3910575511],[35.4554418993,1.3910428866],[35.4554906005,1.3580567663],[35.4638030562,1.358069035],[35.463827256,1.3413367672],[35.4887649023,1.3413729473],[35.4887287796,1.3664486777],[35.4887043029,1.3831813278],[35.4886544194,1.4166701603],[35.5135873415,1.4167080936],[35.5135873768,1.4166845523],[35.5135935527,1.4166845617],[35.5136184139,1.3999749452],[35.5219253278,1.399987375],[35.5219253624,1.3999638984],[35.5219315707,1.3999639068],[35.5219560771,1.3832540749],[35.5302692148,1.383266336],[35.530281346,1.3748996069],[35.5385945285,1.3749117648],[35.5386303946,1.3498113498],[35.5552568073,1.349835136],[35.5552449832,1.3582020895],[35.5801852352,1.358237775],[35.5801970077,1.3498473169],[35.5802086423,1.3415034275],[35.5885156849,1.3415151104],[35.5968357283,1.3415267831],[35.596886202,1.2996901669],[35.5926806009,1.299684454],[35.5885792578,1.299678876],[35.5886016248,1.2829213466],[35.5886345549,1.2578426162],[35.5969478623,1.2578535512],[35.5969587079,1.2494633265],[35.5969694221,1.2411188975],[35.6005919066,1.2411235911],[35.6052762207,1.2411296532],[35.6219030239,1.2411511028],[35.6219030539,1.2411282361],[35.6219096455,1.2411282437],[35.6219411815,1.2160484739],[35.6302546471,1.2160589432],[35.6302752809,1.1993237047],[35.6385821103,1.1993339964],[35.6385922953,1.190966304],[35.630285491,1.1909560841],[35.6303354682,1.1491179731],[35.6220222028,1.1491080802],[35.6220320077,1.1407405291],[35.6303386262,1.1407503421],[35.6303483346,1.1323827174],[35.6220417399,1.1323729773],[35.62204481,1.1240054164],[35.6137382793,1.1239957237],[35.6136791175,1.1741779891],[35.6136790903,1.1742005991],[35.6137603435,1.0988932699],[35.6137603687,1.0988709506],[35.6137478925,1.1156282421],[35.6220543998,1.1156378627],[35.6220893551,1.0905129188],[35.6220827638,1.0905129122],[35.6220920419,1.0821676432],[35.6137856267,1.0821583113],[35.6138222348,1.0486662458],[35.6138156759,1.0486662396],[35.6138246186,1.0403208783],[35.6055183532,1.0403118862],[35.6055536087,1.0068202607],[35.6055470814,1.0068202539],[35.6055894788,0.9650051331],[35.5972834441,0.9649967708],[35.5973554568,0.889669124],[35.597348962,0.889669118],[35.5973641456,0.8729559305],[35.5890583626,0.8729483484],[35.5890658937,0.8645596522],[35.5890594305,0.8645596464],[35.5890742182,0.847846505],[35.5807685293,0.8478391221],[35.5807758419,0.8394719159],[35.5890815131,0.839479225],[35.5890887365,0.8311119454],[35.5807830819,0.8311047074],[35.5807973622,0.8143490689],[35.5808021988,0.8008811121],[35.5797398743,0.7976349775],[35.5724993404,0.7976289069],[35.5725062516,0.7892406441],[35.5725308348,0.7504873874],[35.5710757204,0.7474249321],[35.5642278241,0.7473985724],[35.5642328863,0.7325618484],[35.5614180471,0.718487687],[35.5578488557,0.6973699697],[35.5570370338,0.6888448124],[35.5559599764,0.6888232878],[35.5559616758,0.6775533785],[35.5548745295,0.6661395446],[35.5547350643,0.6637215273],[35.5476598743,0.6637165558],[35.5477091836,0.5884145383],[35.5393978951,0.5884093493],[35.5394275434,0.5382084341],[35.547738761,0.5382131802],[35.5477480343,0.521479392],[35.5560593029,0.5214839805],[35.5560638189,0.5131170124],[35.5643751506,0.5131215164],[35.5643839413,0.4963874325],[35.5726953239,0.4963917791],[35.5726996001,0.4880246635],[35.581011045,0.4880289275],[35.5810193591,0.4712945485],[35.5893308565,0.4712986554],[35.5893348854,0.4629512643],[35.5893348949,0.462931394],[35.5893413577,0.4629313962],[35.5976464548,0.4629354182],[35.5976542957,0.4462007464],[35.6059659087,0.4462046158],[35.6059697116,0.4378372075],[35.6142813873,0.437840995],[35.6143059318,0.3792686241],[35.6226176194,0.3792718969],[35.6226270381,0.3541692327],[35.6256589573,0.3541703456],[35.6309387751,0.3541722814],[35.6309417632,0.3458046543],[35.6266665043,0.3458031241],[35.6226300353,0.3458016775],[35.6226358121,0.3290665668],[35.6286813806,0.3290686278],[35.6309475276,0.3290693995],[35.6309515292,0.3169281321],[35.630955636,0.303966516],[35.6226439421,0.3039638995],[35.6226465086,0.2955963434],[35.639269957,0.2956014262],[35.6392728882,0.2856922876],[35.6392794587,0.2621306249],[35.6642150962,0.2621373443],[35.6642172765,0.2537694291],[35.6725292917,0.2537715858],[35.6725313969,0.2454036003],[35.6891556284,0.2454077576],[35.6891535337,0.2537758849],[35.697465761,0.2537780273],[35.6974678505,0.2454098285],[35.7057801409,0.2454118942],[35.7057821553,0.2370436248],[35.722406938,0.2370476004],[35.7224028591,0.2537844188],[35.7390279396,0.2537886536],[35.7390236054,0.2705257527],[35.7473362615,0.2705280011],[35.7473384576,0.2621593826],[35.7629631998,0.2621634631],[35.7670966551,0.2449364381],[35.7582056241,0.2287063551],[35.753521367,0.2203176438],[35.7482980867,0.2159168926],[35.7390364461,0.2172263559],[35.7293730371,0.2185926038],[35.7224126162,0.2115500358],[35.7141088808,0.2031484179],[35.7096410438,0.1986279675],[35.7096722501,0.1922892651],[35.7204050277,0.1868367602],[35.7224176919,0.1858142702],[35.7390442141,0.1773674156],[35.7473575456,0.1731438761],[35.7533378548,0.1701055847],[35.7556709266,0.1689202637],[35.7556780306,0.1689166546],[35.7737511743,0.159734424],[35.7898879859,0.1796918413],[35.7915892491,0.2033319262],[35.7972269623,0.2138131208],[35.8007311418,0.220327936],[35.8023182451,0.22327864],[35.8062598929,0.2538055607],[35.8062623557,0.2538246312],[35.8073428604,0.2621940486],[35.8119197458,0.2976516426],[35.8036141268,0.343910357],[35.8040836553,0.3458649964],[35.805502313,0.3517709509],[35.8055095985,0.3518012795],[35.8121299171,0.3793638931],[35.8138105871,0.3863615746],[35.8141401658,0.387733842],[35.8168901776,0.3991843467],[35.8168695243,0.4044536756],[35.8167937519,0.4237268022],[35.8146381137,0.4295603151],[35.8137926276,0.4318483093],[35.813785291,0.4318681621],[35.811538591,0.4379479399],[35.80845362,0.4462959607],[35.8067625752,0.45087188],[35.8073431194,0.4546844318],[35.8124404363,0.4881634509],[35.8137634948,0.4968543977],[35.8146384777,0.5026022656],[35.8137592531,0.5056226075],[35.8115328817,0.5132705554],[35.8054313956,0.5342289712],[35.8042304228,0.5383540749],[35.8027564327,0.5434168411],[35.8054180997,0.5457119152],[35.8054253924,0.5457182026],[35.8220448702,0.5600488354],[35.8269826049,0.5643065974],[35.8265813673,0.5718632087],[35.8261380051,0.5802119325],[35.8261369251,0.5802322587],[35.825010746,0.6014329601],[35.8303224391,0.61111699],[35.8303298235,0.6111304523],[35.8317350006,0.6136923335],[35.8317462242,0.6137127963],[35.8455221601,0.638829362],[35.8469319622,0.6413998071],[35.8469394101,0.6414133854],[35.8509267981,0.6486835226],[35.8507317245,0.6555509552],[35.8502554739,0.6723102537],[35.8500181295,0.6806588748],[35.8500175408,0.6806795883],[35.8487866447,0.7239384919],[35.8378624701,0.7483622145],[35.8279728783,0.7447132425],[35.8249452746,0.7308787288],[35.8249406984,0.7308578179],[35.8139527933,0.6806557164],[35.8136526233,0.6792844376],[35.8121205103,0.6722853155],[35.8121159823,0.672264631],[35.8053559005,0.6644051328],[35.8053486106,0.6643967652],[35.8049257575,0.6639114558],[35.804907756,0.6638907952],[35.7986418702,0.6566994373],[35.7970477333,0.655872663],[35.7970404728,0.6558688979],[35.7964002264,0.6555368448],[35.7963604255,0.6555162029],[35.7887296961,0.6515586597],[35.7804261803,0.6472522107],[35.7802435329,0.6471574839],[35.7802037944,0.6471368751],[35.7721083344,0.6429383537],[35.7640474061,0.6387577618],[35.7637977513,0.6386282856],[35.7617892274,0.6375866209],[35.752841483,0.6248854722],[35.7555023132,0.6096454369],[35.7583883729,0.5931137703],[35.7555171695,0.5843248997],[35.751425509,0.571800553],[35.7503939164,0.568642978],[35.7555395311,0.5571245955],[35.7564500971,0.5550862621],[35.7576676235,0.5523607727],[35.755538158,0.5465567899],[35.7525184469,0.538326543],[35.7472370805,0.5239325764],[35.7469922321,0.5232652728],[35.7462737437,0.5048487604],[35.7461795551,0.5024351259],[35.7433558689,0.4964787065],[35.7354289385,0.4797576715],[35.734575075,0.4779565736],[35.7347302078,0.44436063],[35.7401763271,0.4353179897],[35.750950527,0.4434938199],[35.7581550642,0.4416998569],[35.7622153216,0.4211693729],[35.7472849316,0.4211631081],[35.7472814234,0.4295317234],[35.7306559032,0.4295245743],[35.7306411092,0.462998477],[35.7223284157,0.4629946082],[35.722324534,0.4713630132],[35.7140119001,0.4713590664],[35.7140039088,0.4880957355],[35.7223165628,0.4880998225],[35.7223083126,0.5048366317],[35.7139956369,0.5048324027],[35.7139827075,0.5299374029],[35.7056700698,0.5299329543],[35.7056518087,0.5634060032],[35.7222772464,0.5634154516],[35.722247905,0.6136258586],[35.7305608028,0.6136309849],[35.7305556823,0.6219994549],[35.7388686615,0.622004638],[35.7388582379,0.6387417175],[35.7305522398,0.6387363986],[35.7305452192,0.6387569448],[35.7305345065,0.6554733329],[35.7388475393,0.655478794],[35.7388529228,0.6471102564],[35.7471660111,0.647115635],[35.7471606404,0.6554842431],[35.7554738115,0.6554896774],[35.7554683856,0.6638583546],[35.7637816403,0.6638638434],[35.7637761596,0.6722325894],[35.7804029009,0.6722436655],[35.78039738,0.6806125491],[35.7887108674,0.6806181332],[35.7887052925,0.6889870851],[35.7803989898,0.6889814372],[35.7803917758,0.6890021764],[35.780386133,0.6973503152],[35.7637664408,0.6973388304],[35.7637592912,0.6973596026],[35.763747726,0.7140763153],[35.7886881434,0.7141147806],[35.7886895428,0.7224628954],[35.7969959405,0.7224688034],[35.7969959259,0.722489677],[35.7969972883,0.7308587334],[35.8053110331,0.7308646998],[35.80530508,0.7392338181],[35.7969913206,0.7392277843],[35.7969791795,0.7559658841],[35.8052929703,0.7559720545],[35.8052805894,0.7727102904],[35.7803393232,0.7726913174],[35.7803329821,0.7810602283],[35.7553922828,0.7810409022],[35.7553792954,0.7977783095],[35.7720064271,0.7977914872],[35.7720129206,0.789422645],[35.7803265727,0.7894291407],[35.7803135489,0.8061669615],[35.7719998642,0.806160329],[35.7719797645,0.8312668511],[35.7802935016,0.8312736902],[35.7802866813,0.8396425992],[35.7886005043,0.8396494893],[35.7885866961,0.8563874426],[35.8052146166,0.8564014434],[35.8052215199,0.8480323296],[35.8135355637,0.8480392347],[35.8135491298,0.8313008706],[35.8218632068,0.8313076209],[35.8218698711,0.8229383707],[35.8301839973,0.8229450365],[35.8301905778,0.8145757181],[35.8384973291,0.8145822921],[35.8384973466,0.8145610636],[35.8385047707,0.8145610685],[35.8385176777,0.7978435247],[35.8302035343,0.7978370782],[35.8302162226,0.7810984377],[35.8385303328,0.7811047481],[35.8385365597,0.7727353592],[35.8302224658,0.7727291165],[35.8302286418,0.7643597957],[35.8468494081,0.7643721233],[35.8468554848,0.7560026671],[35.8385488132,0.7559965811],[35.8385548379,0.747627192],[35.8468614947,0.7476332097],[35.8468674524,0.7392428132],[35.8468749078,0.7392428176],[35.8468807699,0.7308942991],[35.8551874303,0.7309001684],[35.8551989654,0.7141402742],[35.8635131184,0.7141459972],[35.8635187488,0.7057972479],[35.8552120993,0.7057915951],[35.8552232197,0.6890525428],[35.8635298409,0.6890580606],[35.8635512245,0.6555796811],[35.8552446597,0.6555744314],[35.8552498655,0.6471843177],[35.855242377,0.647184313],[35.8552600513,0.6304453231],[35.855265044,0.6220758267],[35.8552673417,0.6053368259],[35.8469534355,0.6053319622],[35.8469812628,0.5551153716],[35.8386674966,0.5551108989],[35.8386762591,0.5383721683],[35.8303625829,0.5383678191],[35.8303668752,0.529998521],[35.8220532784,0.5299942282],[35.8220575136,0.5216249977],[35.8303711012,0.5216292236],[35.8303912167,0.4797827272],[35.8220776825,0.4797788412],[35.8220815149,0.4714096091],[35.8302066798,0.471413341],[35.8256236541,0.4635958631],[35.8304062168,0.4460309472],[35.8304131296,0.4295866727],[35.8304131378,0.4295669249],[35.830420529,0.429566928],[35.8348882103,0.429568794],[35.8384372327,0.4165326171],[35.8389312439,0.3960929924],[35.8387399148,0.3960929188],[35.8387520752,0.3626154394],[35.8304385976,0.3626125101],[35.8304442903,0.3458739045],[35.8470712838,0.3458794845],[35.8470684849,0.3542489233],[35.8553820898,0.3542517701],[35.8553848805,0.3458822649],[35.8594810631,0.3458836317],[35.8609254076,0.3375145622],[35.8553876044,0.3375127595],[35.8553902617,0.329143254],[35.8623696833,0.3291454682],[35.8637063035,0.3213998421],[35.8637090117,0.3124067464],[35.8470818059,0.3124017321],[35.8470842703,0.3040322933],[35.8387707737,0.3040298437],[35.8387755133,0.2872911007],[35.8304620971,0.2872887799],[35.8304643718,0.2789194757],[35.8387777812,0.278921729],[35.8387799838,0.2705523571],[35.8304665783,0.2705501715],[35.8304727972,0.2454422579],[35.8387861864,0.2454442398],[35.8387899861,0.2287054958],[35.8304766069,0.2287036474],[35.8304849543,0.1868571213],[35.8221716659,0.1868556088],[35.8221758774,0.1617478945],[35.8388025013,0.1617505112],[35.8388011715,0.1701198854],[35.8634844089,0.1701239445],[35.860237831,0.1581050885],[35.8485934084,0.1399673923],[35.8468126438,0.1381523614],[35.8621506987,0.1309389037],[35.878321835,0.1400293182],[35.8828121208,0.1445671241],[35.8872608031,0.1590675258],[35.8803681833,0.174650598],[35.8803675417,0.1784964105],[35.8886812942,0.1784978298],[35.8886798533,0.1868676058],[35.9385637714,0.1868764367],[35.9385702112,0.1450255827],[35.9468844076,0.1450267152],[35.9468874845,0.1199160051],[35.9552017383,0.1199169391],[35.9552055588,0.0780654303],[35.9718342392,0.0780666402],[35.9718336078,0.0864370709],[35.9801480462,0.0864377389],[35.9801465946,0.1031787312],[35.9967756714,0.1031803164],[35.996774854,0.111550942],[36.0050975547,0.1115517958],[36.0050983691,0.1031996013],[36.0134050015,0.1032003883],[36.0134050032,0.1031818938],[36.0148262421,0.1031820291],[36.0209046704,0.0831693371],[36.0272348949,0.0768414648],[36.0348005544,0.0864605083],[36.0383508981,0.0864607875],[36.0383508995,0.0864423567],[36.0466658443,0.0864614401],[36.0466733925,0.0948140165],[36.0632952511,0.094815442],[36.0632952495,0.094833904],[36.0633028032,0.1031865752],[36.0716096516,0.1031873467],[36.07160965,0.1032058413],[36.0716163168,0.1199297367],[36.0799232006,0.1199306318],[36.0799231977,0.1199491907],[36.0799306348,0.1283018901],[36.0882375499,0.128302844],[36.0882375487,0.1283214356],[36.0882449573,0.1366741647],[36.0965603233,0.136675178],[36.0965622102,0.1199509753],[36.1048776324,0.1199518621],[36.104878835,0.1079032609],[36.0902995794,0.0769686829],[36.0903995424,0.0524199937],[36.1238418448,0.0253099982],[36.1391759391,0.0235284066],[36.1473344456,0.0108617515],[36.1554501955,0.0108776381],[36.1635104984,0.021764467],[36.1634909509,0.0271999538],[36.1687906467,0.0534822271],[36.1633385001,0.0643424046],[36.1325817513,0.0942659551],[36.1182500189,0.073401492],[36.111055107,0.0706693726],[36.1038214825,0.0760900736],[36.1037796377,0.0887722233],[36.111621995,0.1032095278],[36.1464572745,0.103212696],[36.1464538032,0.136699828],[36.1381380701,0.1366988318],[36.138125039,0.1701857181],[36.1381237738,0.1785574391],[36.1381310297,0.186910344],[36.1464381721,0.1869117059],[36.1464367873,0.1953023061],[36.1464424497,0.2120458729],[36.1381266845,0.2120443263],[36.1381251183,0.2203971003],[36.1423185196,0.2203979115],[36.1464322787,0.2203987062],[36.1464306501,0.2287894352],[36.146437575,0.2371612184],[36.1547534158,0.2371629432],[36.1547516748,0.2455347871],[36.1630675811,0.2455365676],[36.1630693161,0.2371646638],[36.1713852775,0.2371663786],[36.171388559,0.2204224496],[36.1797045708,0.2204240387],[36.179706117,0.2120520146],[36.2046544964,0.2120565737],[36.2046497247,0.2371541738],[36.2046497208,0.2371731866],[36.2046408866,0.2371731848],[36.1963335203,0.2371714928],[36.1963300346,0.2538967047],[36.1963300296,0.2539157815],[36.1963212268,0.2539157795],[36.1880138792,0.2539139627],[36.1880120391,0.2622860464],[36.1796959421,0.2622841611],[36.1796879655,0.2957530184],[36.1796858158,0.3041442795],[36.1796770777,0.3041442772],[36.1713697497,0.3041420878],[36.1713593112,0.3418689005],[36.1796721947,0.3223946545],[36.2003443401,0.2739626482],[36.2046341427,0.2686717607],[36.2098230669,0.262271855],[36.2129526727,0.2584118283],[36.2129615417,0.2584008888],[36.2165943398,0.2539201931],[36.231140233,0.2359788924],[36.2407233667,0.2204166061],[36.2711835216,0.170948354],[36.2711926151,0.1709335862],[36.27164109,0.1702052122],[36.2768073738,0.1618145068],[36.279502012,0.1574380164],[36.2795111368,0.1574231951],[36.2819505636,0.1534611723],[36.2871167292,0.1450703848],[36.2878203981,0.1439274867],[36.2878295543,0.1439126146],[36.2891940516,0.1416963961],[36.290421374,0.1283252239],[36.2920208087,0.1108975857],[36.2821682285,0.0963813146],[36.2712008887,0.0958797017],[36.2614406529,0.0954332993],[36.2515764954,0.0836354528],[36.2407213714,0.093579337],[36.2326351061,0.0890330814],[36.2316405566,0.1116804067],[36.2414925173,0.1261962122],[36.2396077153,0.1366921725],[36.2387277686,0.1415921757],[36.2296043427,0.1464716362],[36.2233721714,0.1498047429],[36.2152201451,0.1606593654],[36.2129700908,0.1596828543],[36.2089274741,0.1579283841],[36.2061543158,0.145060459],[36.2053919931,0.1415232687],[36.2046564242,0.1397816328],[36.1946689785,0.1161346287],[36.1947309509,0.1034515229],[36.2046608488,0.0953266199],[36.2046711575,0.0953181843],[36.2046608501,0.0952991743],[36.199865313,0.0864547031],[36.196345882,0.0799638702],[36.1953256353,0.07808226],[36.1903610061,0.0689262435],[36.189136325,0.0613560547],[36.1880400613,0.0545799125],[36.1880312926,0.0545257184],[36.1877788857,0.0529655961],[36.1850727173,0.0362396462],[36.1798036924,0.0036778391],[36.1797253135,0.0035534147],[36.1797165756,0.0035395431],[36.1792200821,0.002751373],[36.179208673,0.0027332625],[36.1714093282,-0.0096478273],[36.1714006216,-0.0096616473],[36.1686723726,-0.0139925443],[36.1686610056,-0.0140105894],[36.1654733867,-0.0190706557],[36.16309328,-0.0214754179],[36.1630846058,-0.0214841828],[36.1622134443,-0.0223643638],[36.1621956165,-0.0223823761],[36.1547772621,-0.0298774989],[36.154768621,-0.0298862302],[36.1539097114,-0.0307540211],[36.1467876997,-0.0379496298],[36.1467052532,-0.0391076321],[36.1464610955,-0.042536815],[36.1464524809,-0.0426578034],[36.1461078922,-0.0474973086],[36.1449812283,-0.063318467],[36.1448106043,-0.0725946522],[36.1445693434,-0.0857041837],[36.1455059818,-0.1117834825],[36.1479507619,-0.127378702],[36.1394326603,-0.1267421069],[36.138139416,-0.1248230029],[36.1283480404,-0.1102933417],[36.1267500682,-0.0814436433],[36.1267258873,-0.0726113176],[36.1266918207,-0.0602096471],[36.1190165675,-0.0474783828],[36.1106103174,-0.0384265593],[36.1042262063,-0.0356215137],[36.0894536691,-0.0502976264],[36.06646112,-0.0628511048],[36.0457007806,-0.0546473661],[36.0352584393,-0.0437430313],[36.0375268596,-0.0202054853],[36.0257314078,0.0006597389],[35.9309802313,0.0412329593],[35.9012807715,0.0330225544],[35.8950461419,0.0130847715],[35.8699551213,-0.0205108446],[35.8615846777,-0.0307457648],[35.8565497107,-0.0369021484],[35.8471345556,-0.0523337639],[35.8471351326,-0.0390968341],[35.8388217194,-0.0390965191],[35.8388219992,-0.0307271124],[35.8138821631,-0.0307263649],[35.8138823774,-0.0223571625],[35.8055692339,-0.0223569814],[35.8055694605,-0.0056187102],[35.7972563863,-0.0056186643],[35.7972563979,0.0027504016],[35.7889433908,0.0027503791],[35.7889433343,0.0111193775],[35.780630396,0.0111192854],[35.7806280866,0.069701791],[35.7723152107,0.0697012176],[35.7723135774,0.090550978],[35.7569472837,0.0835396453],[35.7434418232,0.0798899153],[35.7370896498,0.0916493465],[35.728093554,0.0907254267],[35.7244668581,0.0970568896],[35.7648794145,0.1253033811],[35.7666519429,0.1334573637],[35.7612213643,0.1397851543],[35.7556824501,0.1397735888],[35.747369764,0.1397562309],[35.7390501065,0.139738854],[35.7350924771,0.1397305871],[35.7307372859,0.141908579],[35.7260762279,0.1442395172],[35.7224315994,0.1433987428],[35.7224246248,0.143397134],[35.7062694677,0.1396703562],[35.6864669464,0.1396289532],[35.6764309913,0.153356349],[35.6891740362,0.1533583401],[35.6891727131,0.1617264695],[35.6808606049,0.1617251013],[35.680859209,0.1700931598],[35.6725471676,0.1700917163],[35.6725456977,0.1784597037],[35.6559218196,0.1784566663],[35.6559202714,0.1868245111],[35.6309849753,0.1868197095],[35.6309861876,0.1803493996],[35.6079345649,0.1803001554],[35.5925872942,0.1920379513],[35.5907125552,0.2092370735],[35.600441046,0.2509988609],[35.5913823267,0.2636548504],[35.5662350909,0.2473015802],[35.5544917794,0.2563295783],[35.560379627,0.2704760463],[35.5644740984,0.2704772152],[35.5644717066,0.2788442617],[35.5727828778,0.2788467034],[35.5727764392,0.3002631142],[35.5743101799,0.3039485561],[35.5810865457,0.3039507204],[35.5810812869,0.3202193655],[35.5812751283,0.3206851718],[35.5893924811,0.320687901],[35.5893645983,0.3959932863],[35.5823591638,0.3959903783],[35.581051487,0.4001029344],[35.5810425609,0.4210914085],[35.5743783612,0.4210884598],[35.5727289101,0.4262753584],[35.5727237304,0.4378219648],[35.5690574702,0.4378202748],[35.558414836,0.4712833293],[35.5584085063,0.4713032275],[35.5560880115,0.4785988517],[35.5560816673,0.4786187967],[35.5557476584,0.4796689029],[35.5544161212,0.4838551355],[35.5500450061,0.488012992],[35.5477708969,0.4901761321],[35.5477645919,0.4901821298],[35.5412536672,0.4963752805],[35.541232653,0.496395268],[35.5394556091,0.4980855637],[35.5394493364,0.4980915305],[35.535428589,0.501915974],[35.5326207345,0.504737487],[35.532600812,0.5047575071],[35.5311401876,0.5062252284],[35.5311339462,0.5062314995],[35.5159570264,0.5214818335],[35.5145090533,0.5229367792],[35.5128363848,0.5246174959],[35.5124027245,0.5298464641],[35.5109571492,0.5472742403],[35.514487535,0.5500229451],[35.5226181461,0.5563533601],[35.5227945043,0.5569626994],[35.5228006976,0.5569840982],[35.5246286639,0.5633000244],[35.5310883973,0.5856206114],[35.534315767,0.596772945],[35.5386690906,0.6118167653],[35.5383570339,0.6135091337],[35.5368144125,0.6218749256],[35.5323063895,0.6463198735],[35.5376237407,0.6827380103],[35.5313267781,0.6863735405],[35.5227258485,0.6725542877],[35.5227196488,0.672544328],[35.5143163715,0.6590429906],[35.5124836136,0.6763907502],[35.5196180592,0.7018181043],[35.541071528,0.7545788076],[35.5365383014,0.7781945904],[35.537643598,0.7892326696],[35.5391754726,0.8045328232],[35.5392462556,0.8046382051],[35.5457628122,0.8143401897],[35.547547477,0.816997264],[35.5626318495,0.8394558852],[35.5641498153,0.8417159797],[35.5724361405,0.8634871505],[35.5731864549,0.8654683219],[35.5724296032,0.8707470195],[35.5649672333,0.9227818378],[35.5765747888,0.956476997],[35.5764750466,0.9565867883],[35.5723436284,0.9611344024],[35.5666717839,0.9673775275],[35.572335987,0.9687598008],[35.58065271,0.9707893829],[35.5806501342,0.9733471722],[35.5911779285,0.9733579111],[35.5927123358,0.9737323609],[35.5914176784,0.9817254582],[35.5889541198,0.9817229266],[35.5889455945,0.990090198],[35.5806331147,0.9900815705],[35.5806244961,0.9984487684],[35.5887073628,0.9984572306],[35.5881512865,1.0018898459],[35.5889312702,1.0039908676],[35.5888929212,1.0402938191],[35.5972056011,1.0403028641],[35.5971965909,1.0486702046],[35.58888389,1.0486610887],[35.5888683218,1.0570283488],[35.5805621339,1.0570191441],[35.5805529348,1.0653863379],[35.5888591449,1.0653956164],[35.5971783547,1.065404885],[35.5971691269,1.0737722249],[35.6021900375,1.0737778531],[35.6025240972,1.082123368],[35.6032097732,1.0992584288],[35.6094586857,1.1146996851],[35.6092705103,1.1938132107],[35.6064280696,1.2076387053],[35.6064233961,1.2076614375],[35.6053248976,1.2076600554],[35.6053182042,1.213036729],[35.6053116366,1.2130686707],[35.6047081168,1.2160039201],[35.6047034368,1.2160266838],[35.5969947237,1.2160169035],[35.5927382953,1.2160114937],[35.5984855113,1.1938120942],[35.5886235178,1.1856364527],[35.5637429009,1.2157217308],[35.5637426098,1.2159516917],[35.5720555364,1.2159623406],[35.5720342565,1.2326964961],[35.5803472781,1.2327301006],[35.580336584,1.2410744164],[35.5720235073,1.241063573],[35.5720017607,1.2578206554],[35.5719462256,1.2996330941],[35.5636394031,1.299621721],[35.5636330352,1.2996217114],[35.5636330048,1.2996448034],[35.5636216765,1.3079887098],[35.5530865415,1.3079741541],[35.5532682572,1.3084284918],[35.5397599578,1.3238652537],[35.5316567318,1.3247713313],[35.5245408649,1.3497678199],[35.5245342387,1.3497910938],[35.5220042757,1.3497874496],[35.5219915226,1.3587223625],[35.521985284,1.3587442759],[35.5197788032,1.3664942027],[35.5197721586,1.3665175413],[35.5136673175,1.366508622],[35.5136552033,1.3748752041],[35.4979923228,1.3748521085],[35.499768304,1.3581217815],[35.5053603125,1.3581299353],[35.5054373158,1.3079308816],[35.5050943436,1.3079304004],[35.5059841886,1.299542026],[35.5054488979,1.299541279],[35.4888176252,1.2995180413],[35.4888291554,1.291151709],[35.4805227767,1.2911401373],[35.4805274923,1.2833000425],[35.4706775362,1.2837955986],[35.4555854311,1.2914086495],[35.455579476,1.2914116526],[35.4555682299,1.2994943398],[35.455556548,1.3078372808],[35.4489001719,1.3078278012],[35.4472502862,1.3078254476],[35.4472350734,1.3144099016],[35.4472206245,1.3245805303],[35.4472086575,1.3329465135],[35.4471844954,1.3496784789],[35.4471723353,1.3580211471],[35.4388659499,1.3580088319],[35.4388229071,1.3831298503],[35.4387851411,1.4082040495],[35.4304786251,1.4081912491],[35.43047277,1.4081912401],[35.4304599528,1.4165805719],[35.4304473923,1.4247539162],[35.430447132,1.4249228245],[35.4302362068,1.4249224952],[35.4221406001,1.424909841],[35.405516055,1.4248837654],[35.405510296,1.4248837563],[35.405523206,1.4165417325],[35.4055454046,1.4020814786],[35.405548905,1.399787066],[35.4020385401,1.3997816427],[35.3972368685,1.3997742146],[35.3972495786,1.3914321686],[35.3972748788,1.3746777492],[35.3972806062,1.3746777579],[35.3990134894,1.3746803917],[35.4055868291,1.3746903702],[35.4056116951,1.3579825498],[35.4056577934,1.326451484],[35.4056663739,1.3244969689],[35.4060743031,1.3244975641],[35.413972472,1.3245090934],[35.4139844749,1.3161434459],[35.4086808566,1.3161357563],[35.4067980723,1.3211021792],[35.4056761959,1.3176711649],[35.4024433044,1.3077842587],[35.4024357405,1.3077611282],[35.3973728749,1.3077538111],[35.3973768517,1.304965391],[35.389776651,1.3011187031],[35.3828931808,1.2910020697],[35.3807734962,1.2909990311],[35.3807778894,1.2878932556],[35.3724892366,1.2757116683],[35.3715138434,1.2742781756],[35.3656128621,1.2656058235],[35.3716183899,1.2575477091],[35.3791453983,1.2474477984],[35.3728854336,1.2347331791],[35.3758948793,1.2324576526],[35.3759250159,1.2324348657],[35.3392990212,1.232384392],[35.3392875461,1.2407493498],[35.3309766511,1.240737747],[35.3309881521,1.2323728684],[35.3226773608,1.2323613188],[35.3226925253,1.221268782],[35.3227001805,1.2156317138],[35.3143895176,1.2156202963],[35.3144120767,1.1988908468],[35.3227226872,1.198902108],[35.3227338248,1.1905373029],[35.2978023005,1.1905036797],[35.2978134329,1.182139112],[35.3061238387,1.1821502659],[35.3061458204,1.1654209682],[35.3227667669,1.1654428865],[35.3227775906,1.1570780799],[35.3310881566,1.1570889237],[35.3311078148,1.1417069536],[35.2883856759,1.1737845342],[35.2812020479,1.1791779304],[35.2787115312,1.1810477599],[35.2781172215,1.18213521],[35.2543483976,1.2256232012],[35.2651096894,1.2283499744],[35.2704661986,1.2446949076],[35.2578627601,1.2555868047],[35.2380817412,1.2619363314],[35.2013172344,1.2410427175],[35.1788565272,1.2455751128],[35.1730813344,1.2428056954],[35.1618061883,1.2373988601],[35.1410806901,1.2637194513],[35.0943164904,1.287395563],[35.0899244219,1.2906573178],[35.0772127562,1.3000973532],[35.0701166543,1.3072590436],[35.0700202261,1.3073563619],[35.0695354599,1.3072581268],[35.056664028,1.3046497843],[35.0439643123,1.3109757704],[35.0359161284,1.3028026231],[35.0369232173,1.258233844],[35.0456603794,1.2319614133],[35.0468837616,1.2282824684],[35.0424402317,1.2119417645],[35.0280405216,1.2219217919],[35.0262310975,1.228275143],[35.0108854902,1.2564081486],[35.0068854812,1.2592535472],[34.9929037901,1.2691991364],[34.9875866136,1.2409683755],[34.9863173585,1.2402334729],[34.9813118531,1.2373352774],[34.9651466172,1.2391442642],[34.9628912178,1.2401975592],[34.9166005339,1.2618143739],[34.9049336205,1.2590864616],[34.8897384029,1.2354831363],[34.8753917404,1.2273091906],[34.8583391695,1.227302063],[34.8466110003,1.2499848518],[34.817872046,1.2554164953],[34.8160753764,1.2564138688],[34.8161463435,1.2566872518],[34.8241394908,1.2567001479],[34.8241127128,1.2734196901],[34.8324186427,1.2734332417],[34.8323502834,1.3152325291],[34.8240477351,1.3152185394],[34.8240441796,1.3152416695],[34.8240302526,1.3235783],[34.815727734,1.3235641916],[34.8157242095,1.323587354],[34.8157101684,1.3319238633],[34.8074076775,1.3319096377],[34.8074041849,1.3319328314],[34.8073757411,1.3486288052],[34.7990732517,1.3486143735],[34.7990378644,1.3690608024],[34.8004791692,1.3708366569],[34.7990252919,1.3742983193],[34.7990116806,1.3820523456],[34.807317706,1.3820671405],[34.807302975,1.3904267236],[34.8322216683,1.3904712039],[34.8322176317,1.3927667443],[34.8322069349,1.3988310529],[34.8488198986,1.3988607376],[34.8488560609,1.3781671554],[34.8488636571,1.3737806561],[34.853845013,1.3737893739],[34.8571701837,1.373795188],[34.8571768468,1.3699282103],[34.8571845651,1.3654350717],[34.8597003384,1.3654394408],[34.8654911501,1.3654494874],[34.8655087854,1.3551071138],[34.8655336833,1.3403688667],[34.8572271814,1.340354715],[34.8572690078,1.3152743536],[34.8655754264,1.3152882386],[34.8655891645,1.3069280281],[34.8738956434,1.3069417991],[34.8738819318,1.3153020977],[34.8821885247,1.3153159273],[34.8821608943,1.3320366991],[34.8987744518,1.3320646269],[34.8987605624,1.3404251875],[34.8989226832,1.3404254603],[34.9070675,1.3404391963],[34.90708121,1.3321707387],[34.9070813624,1.3320785501],[34.9071721735,1.3320787021],[34.9153883589,1.3320924443],[34.9154020743,1.3237515054],[34.9154021067,1.3237317092],[34.9154216072,1.3237317416],[34.9237091621,1.3237454884],[34.9237182723,1.3181639732],[34.9237227957,1.3153846655],[34.9281601518,1.315391968],[34.9320299099,1.3153983299],[34.9320338381,1.3129745207],[34.9320702101,1.2903155964],[34.940377328,1.2903289721],[34.9403905628,1.2819679737],[34.9486977408,1.2819812367],[34.9487108619,1.2736201502],[34.9653254221,1.2736464216],[34.9653123545,1.2820076815],[34.9736197897,1.2820208626]],[[35.5227141985,0.6887989565],[35.5227141834,0.6888196951],[35.5227196488,0.672544328],[35.5227141985,0.6887989565]],[[35.3724501119,1.2993754466],[35.3558274399,1.299328253],[35.372455743,1.2993754548],[35.3724501119,1.2993754466]],[[35.564177865,0.8014738887],[35.5643303593,0.8018008236],[35.5641772999,0.8021509696],[35.5625002032,0.8059875562],[35.5607168886,0.8100670762],[35.5563856999,0.8059823498],[35.5558690166,0.8054950698],[35.5490673513,0.7990804959],[35.5491261207,0.7672916328],[35.5536261239,0.7645653984],[35.5559003963,0.7672528633],[35.5590049415,0.7709214629],[35.5562820453,0.7845462363],[35.564177865,0.8014738887]],[[35.4804818333,1.316238895],[35.4804878804,1.3162389045],[35.4971130021,1.3162856429],[35.4804818333,1.316238895]],[[35.6219857928,1.1741881147],[35.6219515609,1.2076809265],[35.6219857656,1.174210724],[35.6219857928,1.1741881147]],[[35.6054661886,1.0821266869],[35.6054539474,1.0988614514],[35.6054539221,1.0988837713],[35.6054661886,1.0821266869]],[[35.5969808125,1.2321858903],[35.5969743273,1.2321771081],[35.594802017,1.2292351236],[35.5936147822,1.2243799216],[35.5969841975,1.2243842329],[35.5969808125,1.2321858903]],[[35.6143296674,0.3123480522],[35.6143296736,0.3123287602],[35.6143283607,0.3360041546],[35.6143296674,0.3123480522]],[[35.6060233468,0.2955912356],[35.6060246432,0.3123260605],[35.6060246361,0.3123453524],[35.6060233468,0.2955912356]],[[35.8138481711,0.2370691069],[35.8138515298,0.2538265176],[35.8138481668,0.2370881137],[35.8138481711,0.2370691069]],[[36.1621243941,0.1442421056],[36.1621362041,0.1415243696],[36.1630885684,0.1260350987],[36.1838020743,0.1315133088],[36.1927711429,0.1414971669],[36.1864164678,0.152445881],[36.17468968,0.1569511559],[36.1621243941,0.1442421056]],[[36.1547722834,0.1115852911],[36.1630881287,0.1115861002],[36.163087296,0.1199580053],[36.1547714474,0.1199571345],[36.1547722834,0.1115852911]],[[36.0669922427,0.0487499194],[36.0732463741,0.0614442685],[36.0731543779,0.085992601],[36.0677027327,0.0950400117],[36.056058212,0.0787112942],[36.0579813124,0.0496378062],[36.0669922427,0.0487499194]]]}},{"type":"Feature","properties":{"country":"Kenya","country_code":"KEN","species_name":"Eucalyptus_grandis","genus":"Eucalyptus","species":"grandis","suitability_name":"Marginally suitable","suitability_rank":3,"source_layer":"KCFP_SSMT_Kenya","tz":null,"soil_description":null},"geometry":{"type":"Polygon","coordinates":[[[35.2825228812,-1.6458760288],[35.2646515139,-1.6503107443],[35.2532926643,-1.6572091196],[35.2471848115,-1.660313541],[35.247197934,-1.6533507015],[35.238886377,-1.6533348546],[35.2388705732,-1.6616988557],[35.2444382127,-1.6617095286],[35.2389429252,-1.6645025332],[35.2318364563,-1.6674183495],[35.2320859108,-1.6700614493],[35.2305380544,-1.6700468044],[35.2305539517,-1.6616945698],[35.2139362556,-1.6616625508],[35.2139471428,-1.6532988134],[35.2056409281,-1.6532828365],[35.2056518018,-1.6449191792],[35.18903463,-1.6448872737],[35.1890455557,-1.636523778],[35.1724287125,-1.6364918966],[35.1724396885,-1.6281285624],[35.1558231759,-1.6280967077],[35.1558342025,-1.6197335365],[35.1475284687,-1.6197176447],[35.1475394816,-1.6113545558],[35.1309234977,-1.6113228238],[35.1309345583,-1.602959899],[35.1143189064,-1.6029281965],[35.1143300164,-1.5945654365],[35.1139190404,-1.5945646547],[35.0977146976,-1.594533765],[35.0977258556,-1.5861711706],[35.0894206093,-1.5861553712],[35.0894160899,-1.5861433895],[35.089431749,-1.5777928603],[35.0811220769,-1.5777771033],[35.0811377094,-1.5694146828],[35.0728281516,-1.5693989763],[35.0728611059,-1.5516603344],[35.0785066099,-1.5457022421],[35.0952578055,-1.5344101919],[35.1203928355,-1.5419053054],[35.1501233721,-1.5430425378],[35.166331541,-1.5497878068],[35.1703347783,-1.5726486276],[35.1828980413,-1.5887827503],[35.1885550481,-1.5880816293],[35.2433518164,-1.6097261171],[35.2578065645,-1.6032117789],[35.2548014671,-1.5969990311],[35.2734134382,-1.5937377316],[35.2839108021,-1.5993023552],[35.287713253,-1.6155398605],[35.297081904,-1.6195000633],[35.2981820626,-1.6274981573],[35.2926410316,-1.6370496318],[35.2825228812,-1.6458760288]]]}},{"type":"Feature","properties":{"country":"Kenya","country_code":"KEN","species_name":"Eucalyptus_grandis","genus":"Eucalyptus","species":"grandis","suitability_name":"Marginally suitable","suitability_rank":3,"source_layer":"KCFP_SSMT_Kenya","tz":null,"soil_description":null},"geometry":{"type":"Polygon","coordinates":[[[34.9732145897,-1.5190399927],[34.9732300521,-1.5106786697],[34.964921818,-1.5106631348],[34.9649372265,-1.5023018969],[34.9566291095,-1.5022864173],[34.9566597321,-1.4855641098],[34.9483517635,-1.4855487704],[34.9483821047,-1.4688266325],[34.931766549,-1.4687962091],[34.931814874,-1.4418729682],[34.947112333,-1.4324003061],[34.963885018,-1.4174605955],[34.9827488632,-1.4075388262],[34.9904489707,-1.4105830649],[34.9922158249,-1.423606544],[34.9864384418,-1.4356650906],[34.9657698652,-1.4510277678],[34.9640624223,-1.4706492695],[34.9726297231,-1.4935389201],[34.9935375415,-1.511082811],[34.9981654027,-1.5051842486],[34.9981552663,-1.51072508],[35.006463842,-1.5107404868],[35.0064485055,-1.519102153],[35.0147571968,-1.5191176131],[35.0147418083,-1.5274793637],[34.9920148471,-1.5274367668],[34.9898158934,-1.5274326324],[34.9898313774,-1.5190711378],[34.9732145897,-1.5190399927]]]}},{"type":"Feature","properties":{"country":"Kenya","country_code":"KEN","species_name":"Eucalyptus_grandis","genus":"Eucalyptus","species":"grandis","suitability_name":"Marginally suitable","suitability_rank":3,"source_layer":"KCFP_SSMT_Kenya","tz":null,"soil_description":null},"geometry":{"type":"Polygon","coordinates":[[[35.006479092,-1.5023788197],[35.0003752624,-1.502367567],[35.0021125673,-1.5001531836],[35.0064927583,-1.4948461341],[35.006479092,-1.5023788197]]]}},{"type":"Feature","properties":{"country":"Kenya","country_code":"KEN","species_name":"Eucalyptus_grandis","genus":"Eucalyptus","species":"grandis","suitability_name":"Marginally suitable","suitability_rank":3,"source_layer":"KCFP_SSMT_Kenya","tz":null,"soil_description":null},"geometry":{"type":"Polygon","coordinates":[[[35.2009617782,-1.486780835],[35.1864404036,-1.467277697],[35.1748123062,-1.4591959786],[35.1546877731,-1.4581383052],[35.1358967713,-1.463705219],[35.1143990516,-1.4630959897],[35.0931289017,-1.4606487122],[35.0738767183,-1.468500817],[35.0770448076,-1.4755994971],[35.0953306768,-1.4780215716],[35.116802747,-1.4836607399],[35.1267168858,-1.4834415099],[35.1268371281,-1.4896722319],[35.1233807224,-1.4946671914],[35.1174331942,-1.4950819415],[35.0899983361,-1.4921342379],[35.0732873161,-1.4933777368],[35.0563525623,-1.4910483343],[35.0563619974,-1.4857457321],[35.0480530117,-1.4857307681],[35.0480826102,-1.4690065807],[35.0647005433,-1.4690361389],[35.064729685,-1.4523116126],[35.0730387157,-1.4523261776],[35.0730674629,-1.4356014786],[35.0647584926,-1.4355870815],[35.0647441306,-1.443949347],[35.0564352136,-1.4439348355],[35.0564207386,-1.4522970162],[35.0481118741,-1.4522823901],[35.0480972841,-1.4606444867],[35.0397884739,-1.4606297456],[35.0397737693,-1.4689917551],[35.0314650125,-1.4689768986],[35.0314501931,-1.4773388246],[35.0231414896,-1.4773238515],[35.023111536,-1.4940475298],[35.007175923,-1.4940184005],[35.0101641813,-1.4903977483],[35.0270326693,-1.4587933844],[35.0262127827,-1.4409821095],[35.01624719,-1.4199030302],[35.0188313955,-1.4080514905],[35.0359642021,-1.4111452201],[35.0508467163,-1.4085117795],[35.0654928003,-1.4093027042],[35.0838525084,-1.3978011865],[35.0935837557,-1.3736630949],[35.1016823799,-1.3559172801],[35.1113019529,-1.3514204802],[35.1260115675,-1.3396588529],[35.141628772,-1.326300356],[35.164232046,-1.3253362575],[35.1747243219,-1.34160248],[35.1672990784,-1.362783631],[35.159470902,-1.3727756597],[35.1555248858,-1.3839398479],[35.1638562266,-1.4098009103],[35.1786122447,-1.4329695797],[35.1984719963,-1.4413338246],[35.2202428016,-1.4341859526],[35.2236780748,-1.4342110942],[35.2293879864,-1.4367635349],[35.228193669,-1.4449771878],[35.2178435467,-1.4554009609],[35.2180458482,-1.4620268066],[35.2349381335,-1.4694606779],[35.2557457913,-1.4718985145],[35.2762969578,-1.4795819162],[35.3102569149,-1.4624740813],[35.3368516865,-1.4526230319],[35.3389741991,-1.4540448222],[35.3389627429,-1.4611285821],[35.314027959,-1.4610874995],[35.3140142669,-1.4694522346],[35.3472609246,-1.4695072641],[35.3472744939,-1.4611422138],[35.3495751115,-1.4611459817],[35.3516724506,-1.462550915],[35.3465696705,-1.475529467],[35.3295910945,-1.4847654897],[35.2997805131,-1.4975670634],[35.2764025682,-1.5049306921],[35.2512527675,-1.5001808085],[35.2286457257,-1.4922467857],[35.2011702295,-1.489667768],[35.2009617782,-1.486780835]],[[35.3057027963,-1.4694384],[35.305688996,-1.4778030565],[35.3140004966,-1.4778169699],[35.3140142669,-1.4694522346],[35.3057027963,-1.4694384]]]}},{"type":"Feature","properties":{"country":"Kenya","country_code":"KEN","species_name":"Eucalyptus_grandis","genus":"Eucalyptus","species":"grandis","suitability_name":"Marginally suitable","suitability_rank":3,"source_layer":"KCFP_SSMT_Kenya","tz":null,"soil_description":null},"geometry":{"type":"Polygon","coordinates":[[[35.0412699861,-0.543469466],[35.0499042165,-0.5492856574],[35.0515143674,-0.5575361977],[35.0529672875,-0.5649814226],[35.0532658644,-0.5798663837],[35.0496136405,-0.5815540585],[35.0445761213,-0.5819766279],[35.0410554341,-0.5918622344],[35.0382677351,-0.6213462845],[35.0309511269,-0.6208393371],[35.0298631506,-0.5906364731],[35.0334310396,-0.549161946],[35.0334489177,-0.5489540531],[35.0412699861,-0.543469466]]]}},{"type":"Feature","properties":{"country":"Kenya","country_code":"KEN","species_name":"Eucalyptus_grandis","genus":"Eucalyptus","species":"grandis","suitability_name":"Marginally suitable","suitability_rank":3,"source_layer":"KCFP_SSMT_Kenya","tz":null,"soil_description":null},"geometry":{"type":"Polygon","coordinates":[[[34.9490758192,-0.4990830956],[34.9473652029,-0.5105940351],[34.9336203342,-0.5141860232],[34.9292144574,-0.5135223249],[34.9270587156,-0.5054277012],[34.9219387528,-0.5007308154],[34.9376324607,-0.4999317634],[34.9404522288,-0.4914232445],[34.9405378979,-0.4828912417],[34.9412829714,-0.4759869027],[34.9470725409,-0.468424169],[34.9573640111,-0.4671070965],[34.9747089441,-0.4711366119],[34.980908251,-0.4681783972],[34.983023546,-0.462203742],[34.9796639054,-0.4548071195],[34.9728181979,-0.4524543731],[34.9698887585,-0.4478267437],[34.9704226355,-0.440841451],[34.9713728703,-0.4404224189],[34.9745042851,-0.4404241249],[34.9745050247,-0.4390457281],[34.9828126772,-0.4353941883],[34.9828099928,-0.4404286426],[34.9874185251,-0.4404311467],[34.9873158305,-0.4474393283],[34.9872087798,-0.4541622323],[34.9933136438,-0.4622699003],[34.9941032398,-0.4761034931],[34.9839677473,-0.4836363839],[34.980767148,-0.4847446132],[34.9755219409,-0.4824354748],[34.9694088965,-0.475712161],[34.9600300983,-0.476566474],[34.9521533313,-0.487579303],[34.9490758192,-0.4990830956]]]}},{"type":"Feature","properties":{"country":"Kenya","country_code":"KEN","species_name":"Eucalyptus_grandis","genus":"Eucalyptus","species":"grandis","suitability_name":"Marginally suitable","suitability_rank":3,"source_layer":"KCFP_SSMT_Kenya","tz":null,"soil_description":null},"geometry":{"type":"Polygon","coordinates":[[[35.014033027,-0.4237219458],[35.0160423985,-0.4237229889],[35.0160466344,-0.4153611695],[35.0312690604,-0.4153688921],[35.0414028699,-0.4291659394],[35.0431610689,-0.4331719999],[35.0470017098,-0.4418804634],[35.047099117,-0.4450835917],[35.0435439453,-0.4448533724],[35.0380279469,-0.4475758054],[35.0393457831,-0.4535822716],[35.040851587,-0.4644205024],[35.036174264,-0.4819180843],[35.0325471132,-0.4745665419],[35.028080384,-0.4599592762],[35.0239501808,-0.4375790075],[35.014033027,-0.4237219458]]]}},{"type":"Feature","properties":{"country":"Kenya","country_code":"KEN","species_name":"Eucalyptus_grandis","genus":"Eucalyptus","species":"grandis","suitability_name":"Marginally suitable","suitability_rank":3,"source_layer":"KCFP_SSMT_Kenya","tz":null,"soil_description":null},"geometry":{"type":"Polygon","coordinates":[[[35.0409887053,-0.3651846831],[35.0409812017,-0.3819255029],[35.032674961,-0.3819216411],[35.0326589283,-0.4153695967],[35.0312690604,-0.4153688921],[35.0242274525,-0.4057820841],[35.0143025447,-0.3913915286],[35.0156276483,-0.3838884132],[35.0152974125,-0.3818969282],[35.0125628185,-0.3654070954],[35.0164026331,-0.3612480533],[35.0202142032,-0.3600116744],[35.0278315758,-0.3620179276],[35.0360289273,-0.365063929],[35.040989191,-0.3640724453],[35.0409887053,-0.3651846831]]]}},{"type":"Feature","properties":{"country":"Kenya","country_code":"KEN","species_name":"Eucalyptus_grandis","genus":"Eucalyptus","species":"grandis","suitability_name":"Marginally suitable","suitability_rank":3,"source_layer":"KCFP_SSMT_Kenya","tz":null,"soil_description":null},"geometry":{"type":"Polygon","coordinates":[[[34.9745449507,-0.3568102065],[34.9844701397,-0.3568145802],[34.9803081837,-0.3714365715],[34.978832567,-0.3822602308],[34.9757843865,-0.3916837293],[34.9712623316,-0.3861259169],[34.9732414027,-0.3688594597],[34.9728986558,-0.3651708565],[34.974541268,-0.3651715983],[34.9745449507,-0.3568102065]]]}},{"type":"Feature","properties":{"country":"Kenya","country_code":"KEN","species_name":"Eucalyptus_grandis","genus":"Eucalyptus","species":"grandis","suitability_name":"Marginally suitable","suitability_rank":3,"source_layer":"KCFP_SSMT_Kenya","tz":null,"soil_description":null},"geometry":{"type":"Polygon","coordinates":[[[35.1323709646,-0.3453051762],[35.1343082015,-0.3454033341],[35.1505920039,-0.3399753225],[35.1541823866,-0.3480694196],[35.1465469986,-0.357927464],[35.1328004706,-0.360147631],[35.1265925774,-0.3637950856],[35.1315736425,-0.3700498672],[35.1310708593,-0.3751184524],[35.1239502619,-0.3785318756],[35.1085589982,-0.3865004882],[35.1008236657,-0.3823041138],[35.0939530854,-0.3824863634],[35.0906164757,-0.3720937818],[35.0775902396,-0.3715524274],[35.0669041371,-0.3652614256],[35.0606848995,-0.3695962509],[35.0510518081,-0.3734565617],[35.0515868955,-0.3647055394],[35.0475561455,-0.356842127],[35.0492986199,-0.3568428817],[35.0493010213,-0.3511794856],[35.0513680473,-0.3484815973],[35.0646588234,-0.3484872053],[35.0745353089,-0.3551691675],[35.0898208308,-0.3591817171],[35.0947891671,-0.3484998488],[35.0991416618,-0.3485016664],[35.0991381751,-0.3568643276],[35.1323662012,-0.3568784746],[35.1323709646,-0.3453051762]]]}},{"type":"Feature","properties":{"country":"Kenya","country_code":"KEN","species_name":"Eucalyptus_grandis","genus":"Eucalyptus","species":"grandis","suitability_name":"Marginally suitable","suitability_rank":3,"source_layer":"KCFP_SSMT_Kenya","tz":null,"soil_description":null},"geometry":{"type":"Polygon","coordinates":[[[35.0465164566,-0.3548138731],[35.0475561455,-0.356842127],[35.0461458415,-0.3568415159],[35.0465164566,-0.3548138731]]]}},{"type":"Feature","properties":{"country":"Kenya","country_code":"KEN","species_name":"Eucalyptus_grandis","genus":"Eucalyptus","species":"grandis","suitability_name":"Marginally suitable","suitability_rank":3,"source_layer":"KCFP_SSMT_Kenya","tz":null,"soil_description":null},"geometry":{"type":"Polygon","coordinates":[[[35.1317661375,-0.2967561332],[35.1323942162,-0.2959370743],[35.1361642998,-0.2910205877],[35.1404968165,-0.2899603526],[35.1407034765,-0.2899097796],[35.1508314618,-0.2874312703],[35.1556670275,-0.2899825208],[35.1490059616,-0.2899802381],[35.1490001379,-0.3067065553],[35.1323857147,-0.3067005161],[35.1323826674,-0.3150635097],[35.1240755726,-0.3150603965],[35.1240724367,-0.3234233073],[35.132379539,-0.3234265023],[35.1323763278,-0.3317894966],[35.1240692185,-0.331786218],[35.1240659183,-0.3401491286],[35.1323730345,-0.3401524888],[35.1323709646,-0.3453051762],[35.1292822848,-0.3451486749],[35.1217236321,-0.3462463238],[35.1098106213,-0.3489433738],[35.1074542802,-0.3457262283],[35.1030244766,-0.3396782171],[35.1058746035,-0.3286335085],[35.1074609739,-0.3289044958],[35.1170560207,-0.3305435489],[35.1225923926,-0.3250508342],[35.1224073575,-0.3150429038],[35.1222898315,-0.3086896516],[35.123966325,-0.2994744854],[35.1240858803,-0.2994328185],[35.1272824243,-0.2983187786],[35.1317661375,-0.2967561332]]]}},{"type":"Feature","properties":{"country":"Kenya","country_code":"KEN","species_name":"Eucalyptus_grandis","genus":"Eucalyptus","species":"grandis","suitability_name":"Marginally suitable","suitability_rank":3,"source_layer":"KCFP_SSMT_Kenya","tz":null,"soil_description":null},"geometry":{"type":"Polygon","coordinates":[[[35.2110070055,-0.2845824072],[35.2051038339,-0.2797047531],[35.1922215955,-0.2876900492],[35.1811768428,-0.294993368],[35.1724877065,-0.2951702698],[35.1583386154,-0.291392061],[35.1556670275,-0.2899825208],[35.1573132819,-0.2899830843],[35.1573160663,-0.2816198434],[35.1739309409,-0.2816253538],[35.1739311639,-0.2809417103],[35.1845170527,-0.2795754118],[35.1957830907,-0.2727330691],[35.2029116657,-0.2686215382],[35.2200014499,-0.275643867],[35.2403161942,-0.2803803828],[35.2552181325,-0.276554624],[35.2640034062,-0.2662401014],[35.2656985442,-0.2649267663],[35.2902492069,-0.2649342011],[35.2902516383,-0.2566433623],[35.2918379649,-0.2565701339],[35.3234867714,-0.2565622451],[35.3234870724,-0.2555069646],[35.3294888303,-0.2565639823],[35.3285101666,-0.2652554177],[35.326415322,-0.2693955206],[35.3364297966,-0.2743031561],[35.3549329889,-0.2781016533],[35.3733351257,-0.2791393343],[35.3780179246,-0.2794033921],[35.4013722949,-0.2774729851],[35.4100739091,-0.2800567126],[35.378069558,-0.2950274534],[35.3539071016,-0.2900486488],[35.3306154428,-0.2855640632],[35.3226482463,-0.2818206389],[35.3128437703,-0.2776096107],[35.3114405579,-0.2812868476],[35.3138825326,-0.2891396229],[35.3134295605,-0.2900354314],[35.3101629195,-0.2964955361],[35.3060172887,-0.2990095211],[35.3018758772,-0.2983962726],[35.2967659776,-0.2976396155],[35.2929997837,-0.2970845243],[35.2878277121,-0.2869011089],[35.2856272454,-0.2769754234],[35.2799326433,-0.2748667745],[35.2686735932,-0.2805603169],[35.2628716987,-0.2902091845],[35.2548495802,-0.2922315248],[35.2381500053,-0.2918965485],[35.223771693,-0.2991316974],[35.2145382284,-0.299120918],[35.2143372233,-0.2983662572],[35.2123261903,-0.2908160831],[35.2110070055,-0.2845824072]]]}},{"type":"Feature","properties":{"country":"Kenya","country_code":"KEN","species_name":"Eucalyptus_grandis","genus":"Eucalyptus","species":"grandis","suitability_name":"Marginally suitable","suitability_rank":3,"source_layer":"KCFP_SSMT_Kenya","tz":null,"soil_description":null},"geometry":{"type":"Polygon","coordinates":[[[35.2154797067,-0.2481837823],[35.2154791649,-0.2500801254],[35.2139218509,-0.2481833328],[35.2154797067,-0.2481837823]]]}},{"type":"Feature","properties":{"country":"Kenya","country_code":"KEN","species_name":"Eucalyptus_grandis","genus":"Eucalyptus","species":"grandis","suitability_name":"Marginally suitable","suitability_rank":3,"source_layer":"KCFP_SSMT_Kenya","tz":null,"soil_description":null},"geometry":{"type":"Polygon","coordinates":[[[34.9613547071,-0.0471013373],[34.9647356014,-0.0474201024],[34.9586027003,-0.0474197416],[34.9613547071,-0.0471013373]]]}},{"type":"Feature","properties":{"country":"Kenya","country_code":"KEN","species_name":"Eucalyptus_grandis","genus":"Eucalyptus","species":"grandis","suitability_name":"Marginally suitable","suitability_rank":3,"source_layer":"KCFP_SSMT_Kenya","tz":null,"soil_description":null},"geometry":{"type":"Polygon","coordinates":[[[35.0057738552,-0.02933522],[34.9969382178,-0.0242399248],[34.9992637815,-0.022109106],[34.992266126,-0.0139932944],[34.999539148,-0.0139753964],[34.9995392472,-0.0056317658],[35.0078449672,-0.0056318232],[35.0078448683,-0.013975538],[35.0078448689,-0.0139935622],[35.0078490877,-0.0139935623],[35.0161506728,-0.0139937046],[35.0161504907,-0.0223375367],[35.0161504893,-0.0223555286],[35.0161547414,-0.0223555288],[35.024456379,-0.0223557556],[35.0244561628,-0.0293014986],[35.0229967128,-0.0306996502],[35.0214298581,-0.032200689],[35.0106382635,-0.0348725437],[35.0078443788,-0.0316921594],[35.0078444156,-0.0307170402],[35.0069877294,-0.0307170079],[35.0057738552,-0.02933522]]]}},{"type":"Feature","properties":{"country":"Kenya","country_code":"KEN","species_name":"Eucalyptus_grandis","genus":"Eucalyptus","species":"grandis","suitability_name":"Marginally suitable","suitability_rank":3,"source_layer":"KCFP_SSMT_Kenya","tz":null,"soil_description":null},"geometry":{"type":"Polygon","coordinates":[[[35.0667284265,-0.0219880627],[35.049378942,-0.0220215184],[35.0410684193,-0.0220375439],[35.0410685932,-0.01399413],[35.0493747347,-0.0139942703],[35.0493748329,-0.0056321076],[35.0576810588,-0.0056321644],[35.0576809602,-0.0139763867],[35.0818095607,-0.0139948197],[35.0667284265,-0.0219880627]]]}},{"type":"Feature","properties":{"country":"Kenya","country_code":"KEN","species_name":"Eucalyptus_grandis","genus":"Eucalyptus","species":"grandis","suitability_name":"Marginally suitable","suitability_rank":3,"source_layer":"KCFP_SSMT_Kenya","tz":null,"soil_description":null},"geometry":{"type":"Polygon","coordinates":[[[35.1425034067,-0.041742464],[35.1571695839,-0.0374519877],[35.1709578609,-0.0294705997],[35.1882257535,-0.0217266019],[35.1791901251,-0.0073270642],[35.1629884913,-0.0091685893],[35.1540354555,-0.0209237494],[35.1460989856,-0.0217083006],[35.1410613731,-0.0232926808],[35.1298599265,-0.0225269428],[35.1224807788,-0.0298622912],[35.1263716887,-0.0390843741],[35.1162286174,-0.0390839028],[35.1158261367,-0.0378792461],[35.1158264257,-0.0307210527],[35.1128680867,-0.0307209443],[35.1115164147,-0.0279467448],[35.1065099081,-0.0256125619],[35.1027434334,-0.0307205724],[35.0909062515,-0.0307201365],[35.0909059057,-0.0390827183],[35.0857890338,-0.039082478],[35.0815024984,-0.035596652],[35.0679988743,-0.0371246087],[35.0627785345,-0.047443692],[35.0244596085,-0.0474414827],[35.0244596095,-0.0474235871],[35.0244553252,-0.0474235878],[35.0244554865,-0.0445281169],[35.032308728,-0.0367313024],[35.0391787108,-0.0356232838],[35.0515208003,-0.036160714],[35.0657270962,-0.0321067602],[35.0847268741,-0.0210484345],[35.1026768529,-0.007385426],[35.1117384509,-0.0209963154],[35.1269775277,-0.0055282159],[35.1404819571,-0.0083073477],[35.1530475317,0.0017624981],[35.1739817766,0.0024611728],[35.1818526719,0.002723866],[35.1822892671,0.0029734018],[35.2025084418,0.0145298636],[35.2106464755,0.0278400641],[35.2141430055,0.0335589723],[35.2100560868,0.0361856157],[35.2193354134,0.036186007],[35.2238221402,0.0361861945],[35.2238224465,0.0278223007],[35.2487465162,0.0278231023],[35.2487467409,0.0194589675],[35.2570549241,0.0194591535],[35.2570550691,0.0110949397],[35.260057396,0.0110949771],[35.2653633295,0.0110950455],[35.2653633999,-0.0004866582],[35.2592940135,-0.0056154431],[35.2570602865,-0.0075029843],[35.2493958027,-0.0139795527],[35.2413665185,-0.0207642764],[35.2311102643,-0.0277621887],[35.2216985142,-0.0327762299],[35.2326335691,-0.0365384934],[35.248932423,-0.0297191414],[35.26566718,-0.0207173807],[35.2861972037,-0.0056336787],[35.290293949,-0.0056337041],[35.3069058713,-0.0056338114],[35.3069057803,-0.0139985013],[35.2985971248,-0.0139983693],[35.2985970103,-0.019964123],[35.2971804748,-0.0206565641],[35.2784131319,-0.0284315814],[35.267617932,-0.0348243053],[35.2653678449,-0.0368405136],[35.2581633952,-0.0432960506],[35.2445756294,-0.0547350806],[35.2261829981,-0.0656940387],[35.225849158,-0.0769808692],[35.2177968898,-0.0826977666],[35.2239264794,-0.0880353155],[35.2234136533,-0.0942631191],[35.214129613,-0.1101096838],[35.2176911485,-0.1214254748],[35.2142064063,-0.1283192743],[35.2221848572,-0.131590248],[35.2193092309,-0.1467914135],[35.2225126592,-0.1524242492],[35.2128908726,-0.1542062183],[35.2085511794,-0.1575354606],[35.2050870934,-0.156690855],[35.2042918331,-0.1433156878],[35.2078391433,-0.1295073375],[35.2076881883,-0.1198235807],[35.2009939431,-0.1128307065],[35.2034585946,-0.1071244282],[35.2106565869,-0.0935626175],[35.2065740426,-0.0905472925],[35.1969526709,-0.0920945996],[35.1902909817,-0.095509822],[35.1855467422,-0.0993377775],[35.1846045039,-0.0922531621],[35.1972634712,-0.0821838528],[35.2104001237,-0.0707467222],[35.2116236868,-0.0603815677],[35.2071175835,-0.0525161316],[35.2023629633,-0.0476378965],[35.2035745329,-0.0391191197],[35.2020553122,-0.0289674292],[35.2036979747,-0.0250273279],[35.1981638033,-0.0216712329],[35.1879084367,-0.0253925809],[35.1772441969,-0.0337573663],[35.1648993343,-0.0423423464],[35.1557173421,-0.0473554068],[35.1407464835,-0.0491071645],[35.1407465763,-0.0474481213],[35.1324395209,-0.0474476536],[35.1324398585,-0.0409294452],[35.1425034067,-0.041742464]]]}},{"type":"Feature","properties":{"country":"Kenya","country_code":"KEN","species_name":"Eucalyptus_grandis","genus":"Eucalyptus","species":"grandis","suitability_name":"Marginally suitable","suitability_rank":3,"source_layer":"KCFP_SSMT_Kenya","tz":null,"soil_description":null},"geometry":{"type":"Polygon","coordinates":[[[35.1304921278,0.0161978672],[35.1247867225,0.0194561436],[35.1372563319,0.0194564319],[35.1304921278,0.0161978672]]]}},{"type":"Feature","properties":{"country":"Kenya","country_code":"KEN","species_name":"Eucalyptus_grandis","genus":"Eucalyptus","species":"grandis","suitability_name":"Marginally suitable","suitability_rank":3,"source_layer":"KCFP_SSMT_Kenya","tz":null,"soil_description":null},"geometry":{"type":"Polygon","coordinates":[[[35.1925556002,0.2892940177],[35.2213068754,0.2828425099],[35.2069531634,0.2764999982],[35.1566607608,0.2738037409],[35.1925556002,0.2892940177]]]}},{"type":"Feature","properties":{"country":"Kenya","country_code":"KEN","species_name":"Eucalyptus_grandis","genus":"Eucalyptus","species":"grandis","suitability_name":"Marginally suitable","suitability_rank":3,"source_layer":"KCFP_SSMT_Kenya","tz":null,"soil_description":null},"geometry":{"type":"Polygon","coordinates":[[[35.1698641592,0.4293060817],[35.1815536145,0.4265750676],[35.188720363,0.433833667],[35.1931792009,0.4538046187],[35.210267751,0.4320043159],[35.2219393163,0.4347207242],[35.2246437203,0.4292714378],[35.192352441,0.413766875],[35.1734851618,0.4128712343],[35.1932959451,0.3892530196],[35.1735384908,0.383819136],[35.1663695628,0.3756531989],[35.1564790759,0.3820150387],[35.152008338,0.3792945252],[35.1489791885,0.3716627731],[35.1314375575,0.3274713582],[35.1377444727,0.3120333974],[35.1135158447,0.3066049594],[35.1349541016,0.3711356645],[35.144809251,0.384746532],[35.1451865419,0.3874535708],[35.1483514503,0.4101639381],[35.1645367614,0.3992590196],[35.1681112179,0.4083353608],[35.1609108499,0.4219580122],[35.1698641592,0.4293060817]]]}},{"type":"Feature","properties":{"country":"Kenya","country_code":"KEN","species_name":"Eucalyptus_grandis","genus":"Eucalyptus","species":"grandis","suitability_name":"Marginally suitable","suitability_rank":3,"source_layer":"KCFP_SSMT_Kenya","tz":null,"soil_description":null},"geometry":{"type":"Polygon","coordinates":[[[35.1904449844,0.5129281789],[35.1987529666,0.5129331592],[35.1987578681,0.5045694834],[35.1904498957,0.5045645844],[35.1904449844,0.5129281789]]]}},{"type":"Feature","properties":{"country":"Kenya","country_code":"KEN","species_name":"Eucalyptus_grandis","genus":"Eucalyptus","species":"grandis","suitability_name":"Marginally suitable","suitability_rank":3,"source_layer":"KCFP_SSMT_Kenya","tz":null,"soil_description":null},"geometry":{"type":"Polygon","coordinates":[[[35.0584912608,0.6466235779],[35.0697912177,0.6556740861],[35.0780511716,0.6466388523],[35.0805830558,0.6438692753],[35.0823551751,0.642527439],[35.084181387,0.6411446381],[35.1003180164,0.6511245035],[35.1156045473,0.644764347],[35.1251655749,0.6466958991],[35.1238929121,0.6466949195],[35.1238865179,0.6550578519],[35.1155790603,0.6550513677],[35.1155593427,0.6801399154],[35.1104536264,0.6801357699],[35.1076805657,0.688496293],[35.1155526064,0.6885027645],[35.1155318996,0.7135913089],[35.107224425,0.7135842291],[35.1072173434,0.7219469938],[35.1129571916,0.7219519443],[35.1136521031,0.7202041858],[35.1280166128,0.7174767108],[35.1441611969,0.7274583953],[35.1585237774,0.7274544251],[35.1647987182,0.7338077352],[35.166537331,0.757411815],[35.1907356115,0.7838255015],[35.182618583,0.8019849615],[35.205021028,0.8192307339],[35.2032066285,0.8274022158],[35.181881654,0.8343555881],[35.175348761,0.8364856835],[35.1627906229,0.8337640188],[35.1475044051,0.8419369719],[35.1196735883,0.8392173496],[35.1160721004,0.847388157],[35.1438667332,0.8647243322],[35.1486129527,0.8703726122],[35.1504007307,0.8725001853],[35.1569110576,0.8802479702],[35.1574342957,0.8808706669],[35.16446199,0.8892342763],[35.1735169787,0.8906797467],[35.1985665797,0.8946784371],[35.2102611912,0.886506113],[35.2237882583,0.8647144097],[35.238148854,0.8647124445],[35.2461889958,0.8874100743],[35.2658945639,0.9091990447],[35.2784824445,0.8992100021],[35.2911096346,0.8765086746],[35.2938367198,0.8647043016],[35.3046530629,0.8419115583],[35.3136359459,0.8428179299],[35.3333568456,0.8609750539],[35.3360498458,0.8646975725],[35.3485914099,0.8783163078],[35.3755667513,0.8646000327],[35.4151627249,0.8328085953],[35.4206450906,0.7882183142],[35.4386301301,0.7745912134],[35.4485102331,0.7736801774],[35.4655501791,0.7882058889],[35.4709033332,0.8082750887],[35.4780194068,0.814281115],[35.481660364,0.8173541317],[35.4888516328,0.8109949312],[35.4838601623,0.8058987128],[35.4810677555,0.8030477218],[35.4810617146,0.8030415544],[35.4780911924,0.8000087244],[35.4749081936,0.7891795628],[35.4749019824,0.7891584326],[35.4727745397,0.7819206985],[35.4727685429,0.7819002964],[35.4727527586,0.7818465976],[35.4727686718,0.7817460542],[35.4727747175,0.781707855],[35.4729199058,0.7807905185],[35.4782144496,0.7473339959],[35.4656383543,0.7437054281],[35.4644931771,0.7457096092],[35.4644955152,0.7427757498],[35.438744258,0.7218279049],[35.4208029663,0.7082121799],[35.4190338036,0.6918665321],[35.4396380222,0.6341279294],[35.4396439195,0.6341114037],[35.4396407034,0.6301962039],[35.4154093735,0.6301794534],[35.4110586044,0.6345672095],[35.4011889077,0.6345715108],[35.395808764,0.6309414317],[35.398092563,0.6257553757],[35.3980982979,0.625742354],[35.3981066193,0.61343628],[35.4064167061,0.6134419115],[35.4064117095,0.6208775316],[35.41289518,0.6191283476],[35.4147211933,0.6219065416],[35.4147268683,0.6134475301],[35.4230371083,0.6134531358],[35.4230480798,0.5967215397],[35.4147378669,0.5967160869],[35.4147480034,0.5716189157],[35.4064436922,0.5716136839],[35.4064437048,0.5715933984],[35.4064488732,0.5632277841],[35.4064539653,0.5548621687],[35.4064589693,0.5465167427],[35.4064532118,0.5465167401],[35.3898390673,0.5465066978],[35.3898489151,0.5297757098],[35.3815391019,0.5297708239],[35.3815439224,0.5214054076],[35.3732341961,0.521400587],[35.3732389507,0.5130352477],[35.364929313,0.5130304945],[35.3649340005,0.5046652325],[35.3566244505,0.5046605461],[35.3566197514,0.5130257305],[35.3334979074,0.5130124172],[35.3268542362,0.5237322165],[35.3214645614,0.5210110577],[35.3185603164,0.5046389426],[35.3150778593,0.504636954],[35.3150871296,0.4879073666],[35.3233962716,0.4879119481],[35.3234007794,0.4795470755],[35.3092920736,0.4795394221],[35.3067814114,0.4817379309],[35.3067780666,0.487902773],[35.2997456249,0.4878988779],[35.2972761765,0.4900612471],[35.2882694312,0.5009623936],[35.2882376377,0.5183051344],[35.2702842813,0.5164989195],[35.2621937546,0.5210431543],[35.2513518268,0.5564593151],[35.2405811712,0.5546487379],[35.2280449634,0.5392200565],[35.2046576018,0.5601138483],[35.1875974876,0.5583062657],[35.1701844353,0.5463695806],[35.1655009322,0.5463665689],[35.1654955808,0.5547299174],[35.1571878669,0.5547244834],[35.1571768983,0.5714510147],[35.1488692414,0.5714454066],[35.1488636229,0.5798085893],[35.1405560356,0.5798028869],[35.1405503232,0.5881659879],[35.1322428064,0.588160189],[35.1322369998,0.5965232072],[35.1239295517,0.5965173143],[35.1239029275,0.6333738436],[35.1057605106,0.6210742799],[35.0976600075,0.6338773553],[35.0933287436,0.6299255279],[35.0896042214,0.6265273091],[35.0806198393,0.6274385172],[35.0671296738,0.6384275369],[35.0501005838,0.6256345364],[35.0366314743,0.6256395842],[35.0267595277,0.618381525],[35.0222533176,0.6320896915],[35.0276269931,0.6375340475],[35.048266519,0.6384343704],[35.0584912608,0.6466235779]],[[35.4635621397,0.7473390133],[35.4561705537,0.7602747146],[35.4561810287,0.7473330176],[35.4635621397,0.7473390133]],[[35.1322052323,0.6403446545],[35.1322004382,0.6467013082],[35.1294062929,0.6466991609],[35.1322052323,0.6403446545]],[[35.131224507,0.638337547],[35.1322067359,0.6383382919],[35.1322062382,0.6390031204],[35.131224507,0.638337547]],[[35.2687035884,0.8537215987],[35.2722814177,0.8647075523],[35.2803512673,0.8710622486],[35.2740467343,0.8765110179],[35.2615018937,0.864709131],[35.2615198058,0.8573546025],[35.2687035884,0.8537215987]],[[35.1995151771,0.8765203227],[35.1950391157,0.8701655572],[35.2004439502,0.8647174853],[35.2130244368,0.8556366894],[35.2157070869,0.8647154906],[35.1995151771,0.8765203227]],[[35.3549938008,0.8264649983],[35.3568267125,0.8073952696],[35.3703121308,0.8028517006],[35.375677745,0.8092069739],[35.3648902585,0.8201063789],[35.3648585,0.8300951754],[35.3576643841,0.8346370115],[35.3549938008,0.8264649983]],[[35.2741792885,0.8192175057],[35.2678819648,0.8219426792],[35.2562194606,0.8137732922],[35.2607375008,0.8046927211],[35.2768863438,0.8137690697],[35.2741792885,0.8192175057]],[[35.2931567379,0.7591949132],[35.2832837171,0.761013573],[35.2796541027,0.7764502995],[35.266170246,0.7809935051],[35.2787258682,0.7919770646],[35.2751213106,0.7983337647],[35.2607582247,0.7928891612],[35.2544999957,0.7791803883],[35.2671155538,0.7582939629],[35.2859992858,0.7501169387],[35.3236996887,0.7564623819],[35.3128848198,0.7746258202],[35.2931567379,0.7591949132]],[[35.3604856613,0.7764293035],[35.3497215382,0.7727999634],[35.3425489386,0.7619053042],[35.3479765073,0.7482829446],[35.354266501,0.7455568823],[35.3596398299,0.7519117234],[35.353327039,0.7628103188],[35.3631925809,0.7709801505],[35.3604856613,0.7764293035]],[[35.2078192855,0.7710201667],[35.2069691507,0.75195426],[35.2186796924,0.734700665],[35.2141983813,0.7301623445],[35.2034174641,0.7328891508],[35.1998378514,0.7256269371],[35.204332692,0.7210860963],[35.2196198583,0.7138181585],[35.2294573995,0.7301579295],[35.2176812541,0.7782811674],[35.2078192855,0.7710201667]],[[35.3552357796,0.7100513339],[35.3812602959,0.7209394274],[35.3551921598,0.7292114733],[35.3507282478,0.7182253976],[35.3552357796,0.7100513339]],[[35.1837050283,0.7082909605],[35.1927051071,0.7028408244],[35.1989672955,0.7082862632],[35.1908668449,0.7201821661],[35.1684325598,0.712925744],[35.1622076649,0.684693047],[35.169387239,0.6837828096],[35.1837050283,0.7082909605]],[[35.2125099188,0.6774128995],[35.2349334318,0.6883003177],[35.2609751076,0.690107316],[35.2654527757,0.6964615737],[35.2358045018,0.7055508926],[35.2089065192,0.6837695397],[35.2125099188,0.6774128995]],[[35.305897288,0.6819195363],[35.274479149,0.6746669808],[35.270003756,0.663772895],[35.2879794054,0.657410144],[35.3103941104,0.6782858321],[35.305897288,0.6819195363]],[[35.3688579099,0.6318612368],[35.3760349351,0.6345823877],[35.3741830756,0.667364956],[35.3652380005,0.6491161916],[35.3688579099,0.6318612368]],[[35.3328856872,0.6601166962],[35.3239146539,0.655580054],[35.3275246016,0.6427753259],[35.3482071706,0.6291459353],[35.3535872148,0.6327758649],[35.3328856872,0.6601166962]],[[35.275466918,0.6228208498],[35.2817494163,0.6282661176],[35.2817149637,0.6455179134],[35.2754237511,0.6510591085],[35.268249992,0.6456140633],[35.2700768511,0.6291789649],[35.275466918,0.6228208498]],[[35.2584049158,0.6264599026],[35.2503137051,0.6310030416],[35.2485336224,0.621016273],[35.2665460372,0.5974013745],[35.2692277667,0.6046639725],[35.2584049158,0.6264599026]],[[35.1380811467,0.6274163608],[35.140829353,0.599272216],[35.1480181255,0.5974534598],[35.1659546672,0.6074322911],[35.1731618976,0.595626879],[35.1785449798,0.5956245333],[35.1830203464,0.6065172097],[35.1749120084,0.6174151708],[35.1560579282,0.6174228676],[35.1380811467,0.6274163608]],[[35.3212721136,0.6218932257],[35.3141073049,0.6155401722],[35.3078660479,0.5910264908],[35.311519492,0.5573372685],[35.3248948636,0.6100872289],[35.3212721136,0.6218932257]],[[35.3393960856,0.5409782901],[35.3680786606,0.5727457918],[35.3662608027,0.578195144],[35.3366695818,0.5600486748],[35.3393960856,0.5409782901]],[[35.2063627535,0.6083230742],[35.2135383471,0.6110437606],[35.2099313715,0.6192165194],[35.1793553851,0.6373867451],[35.1712864224,0.6373898674],[35.1766880479,0.6274011101],[35.2063627535,0.6083230742]],[[35.3910472023,0.7618913797],[35.4009202537,0.7637046923],[35.398207981,0.776418965],[35.4026842962,0.7836825962],[35.3972656755,0.7963975271],[35.3891968072,0.787318624],[35.3910472023,0.7618913797]]]}},{"type":"Feature","properties":{"country":"Kenya","country_code":"KEN","species_name":"Eucalyptus_grandis","genus":"Eucalyptus","species":"grandis","suitability_name":"Marginally suitable","suitability_rank":3,"source_layer":"KCFP_SSMT_Kenya","tz":null,"soil_description":null},"geometry":{"type":"Polygon","coordinates":[[[34.9780591186,0.7284085805],[34.9645909726,0.7284117398],[34.9592372696,0.7166136408],[34.9655549549,0.6993667515],[34.9539277388,0.6793111083],[34.960231136,0.6711404811],[34.9790704983,0.6756730637],[34.9907454955,0.6720388279],[34.9827153482,0.6493495858],[34.9890439923,0.6266555804],[34.9800762112,0.6257511618],[34.9719587983,0.6411842579],[34.9746113638,0.6620595155],[34.9476694333,0.6647908609],[34.9502448267,0.7229692681],[34.9573972219,0.7374898056],[34.9726489744,0.7402093908],[34.9933227068,0.7311279895],[35.0212040479,0.7057054219],[35.0373404272,0.7165937211],[35.0453680484,0.7383772835],[35.0741166206,0.7320159312],[35.0804197038,0.7229365768],[35.0903064614,0.7174872222],[35.0804448428,0.7138588175],[35.0543933567,0.7202201785],[35.0391796491,0.6956246647],[35.0239232577,0.6910904884],[34.9969676168,0.7038966141],[34.9780591186,0.7284085805]]]}},{"type":"Feature","properties":{"country":"Kenya","country_code":"KEN","species_name":"Eucalyptus_grandis","genus":"Eucalyptus","species":"grandis","suitability_name":"Marginally suitable","suitability_rank":3,"source_layer":"KCFP_SSMT_Kenya","tz":null,"soil_description":null},"geometry":{"type":"Polygon","coordinates":[[[35.1154838758,0.7634924026],[35.1159046528,0.7637477478],[35.1189463049,0.7655935515],[35.1197076805,0.7637512108],[35.1234486969,0.7546986836],[35.1105852455,0.7303127036],[35.1072101783,0.7303097572],[35.1071956207,0.7470143292],[35.1071854591,0.7584566002],[35.1154838758,0.7634924026]]]}},{"type":"Feature","properties":{"country":"Kenya","country_code":"KEN","species_name":"Eucalyptus_grandis","genus":"Eucalyptus","species":"grandis","suitability_name":"Marginally suitable","suitability_rank":3,"source_layer":"KCFP_SSMT_Kenya","tz":null,"soil_description":null},"geometry":{"type":"Polygon","coordinates":[[[35.0257113848,1.0846748773],[35.060815437,1.0491880781],[35.0698628137,1.0228641608],[35.0671939426,1.0137863168],[35.0609092404,1.0119702678],[35.0473847759,1.0373857177],[35.0158992082,1.0583496858],[35.0024317942,1.0601629282],[34.9764203367,1.0482682572],[34.9683183564,1.0592495353],[34.9745744265,1.0710501433],[34.9655833667,1.0755866954],[34.9538711037,1.0901065325],[34.9565564252,1.0955529267],[34.9475664991,1.1009966773],[34.9493076293,1.1182420071],[34.9591627452,1.1274116255],[34.9861112043,1.1227893895],[35.0059249659,1.0955634464],[35.0257113848,1.0846748773]]]}},{"type":"Feature","properties":{"country":"Kenya","country_code":"KEN","species_name":"Eucalyptus_grandis","genus":"Eucalyptus","species":"grandis","suitability_name":"Marginally suitable","suitability_rank":3,"source_layer":"KCFP_SSMT_Kenya","tz":null,"soil_description":null},"geometry":{"type":"Polygon","coordinates":[[[35.1562408583,1.3905922503],[35.1562360376,1.3906059649],[35.1562401554,1.3910254821],[35.1562408583,1.3905922503]]]}},{"type":"Feature","properties":{"country":"Kenya","country_code":"KEN","species_name":"Eucalyptus_grandis","genus":"Eucalyptus","species":"grandis","suitability_name":"Marginally suitable","suitability_rank":3,"source_layer":"KCFP_SSMT_Kenya","tz":null,"soil_description":null},"geometry":{"type":"Polygon","coordinates":[[[35.1645450778,1.3910391004],[35.1562401554,1.3910254821],[35.1561991286,1.416115028],[35.1645041382,1.416128892],[35.1645450778,1.3910391004]]]}},{"type":"Feature","properties":{"country":"Kenya","country_code":"KEN","species_name":"Eucalyptus_grandis","genus":"Eucalyptus","species":"grandis","suitability_name":"Marginally suitable","suitability_rank":3,"source_layer":"KCFP_SSMT_Kenya","tz":null,"soil_description":null},"geometry":{"type":"Polygon","coordinates":[[[35.1145900755,1.4494962797],[35.114623693,1.4296680898],[35.1137509475,1.4494948286],[35.1145900755,1.4494962797]]]}},{"type":"Feature","properties":{"country":"Kenya","country_code":"KEN","species_name":"Eucalyptus_grandis","genus":"Eucalyptus","species":"grandis","suitability_name":"Marginally suitable","suitability_rank":3,"source_layer":"KCFP_SSMT_Kenya","tz":null,"soil_description":null},"geometry":{"type":"Polygon","coordinates":[[[35.1561159437,1.465665872],[35.1561991286,1.416115028],[35.1561111559,1.4656601019],[35.1561159437,1.465665872]]]}},{"type":"Feature","properties":{"country":"Kenya","country_code":"KEN","species_name":"Eucalyptus_grandis","genus":"Eucalyptus","species":"grandis","suitability_name":"Marginally suitable","suitability_rank":3,"source_layer":"KCFP_SSMT_Kenya","tz":null,"soil_description":null},"geometry":{"type":"Polygon","coordinates":[[[35.2492942363,1.4079281145],[35.2143832184,1.4078712556],[35.2143696676,1.4162350384],[35.2060593431,1.4162213451],[35.2060456814,1.4245850472],[35.1894252138,1.4245574089],[35.1894114134,1.4329209479],[35.1811012696,1.4329070023],[35.1810592907,1.4579973696],[35.1893695236,1.4580115595],[35.1893411932,1.4747386299],[35.181030899,1.4747242771],[35.181025954,1.4776176834],[35.1835858721,1.4782664517],[35.203298566,1.4928043914],[35.2293745648,1.4828326076],[35.2410745179,1.4755757721],[35.2558217624,1.4745561488],[35.2558491449,1.4581002686],[35.2596790646,1.4581066839],[35.2537415533,1.4456203744],[35.2555752201,1.4320019973],[35.2511373951,1.4128419934],[35.2492942363,1.4079281145]]]}},{"type":"Feature","properties":{"country":"Kenya","country_code":"KEN","species_name":"Eucalyptus_grandis","genus":"Eucalyptus","species":"grandis","suitability_name":"Marginally suitable","suitability_rank":3,"source_layer":"KCFP_SSMT_Kenya","tz":null,"soil_description":null},"geometry":{"type":"Polygon","coordinates":[[[35.1620420954,1.4728065029],[35.1561159437,1.465665872],[35.1561005422,1.4746572756],[35.1644057635,1.474671713],[35.1644057219,1.4746954699],[35.1643961726,1.4830587679],[35.1727063364,1.4830732646],[35.1726774373,1.4997761506],[35.1809877448,1.499790779],[35.181025954,1.4776176834],[35.1620420954,1.4728065029]]]}},{"type":"Feature","properties":{"country":"Kenya","country_code":"KEN","species_name":"Eucalyptus_grandis","genus":"Eucalyptus","species":"grandis","suitability_name":"Marginally suitable","suitability_rank":3,"source_layer":"KCFP_SSMT_Kenya","tz":null,"soil_description":null},"geometry":{"type":"Polygon","coordinates":[[[35.2224676342,1.5417065731],[35.2307734986,1.5417214058],[35.2307785848,1.5417214149],[35.2307340728,1.5667890971],[35.2224229814,1.5667981262],[35.2224079368,1.5751619768],[35.2307190179,1.5751771399],[35.2306735025,1.6002689249],[35.2389847635,1.6002842978],[35.2389695088,1.6086240299],[35.2389694652,1.6086483034],[35.2389643465,1.6086482947],[35.2223469561,1.6086173657],[35.2223315104,1.6169812104],[35.2140203423,1.6169656095],[35.2140047825,1.6253293744],[35.2223159846,1.6253450551],[35.2223003785,1.633708899],[35.2971050901,1.6338492103],[35.2971203889,1.6254846477],[35.3054323851,1.6254999866],[35.3054475704,1.6171353442],[35.3137596111,1.61715057],[35.3137896816,1.600421126],[35.3221017323,1.6004361605],[35.3221314221,1.5837065551],[35.3138194372,1.5836916787],[35.3138341981,1.5753269534],[35.2972105305,1.5752972564],[35.2971957464,1.5836376455],[35.2971957034,1.583661824],[35.2722554452,1.5836167819],[35.2556377474,1.5835866028],[35.2556227182,1.5919265613],[35.2556226754,1.591950772],[35.2556174929,1.5919507617],[35.2473112883,1.5919355467],[35.2473712314,1.5584791867],[35.2556824864,1.558494091],[35.2556972396,1.5501299185],[35.2640085415,1.550144711],[35.2640231846,1.541780457],[35.2723345326,1.5417951363],[35.2723635147,1.5250664691],[35.2640470154,1.5250519401],[35.2557410256,1.5250373971],[35.2557410671,1.5250134445],[35.2557554617,1.5166732214],[35.2474392169,1.5166587091],[35.2391282349,1.516644173],[35.2142007919,1.5166003807],[35.2142153069,1.5082366061],[35.189283562,1.5081927622],[35.1892689938,1.5165323744],[35.1975745687,1.5165470934],[35.197574526,1.5165710118],[35.1975648677,1.5249106815],[35.2058705228,1.5249254495],[35.2058704807,1.5249494007],[35.2224970018,1.5249788673],[35.2224676342,1.5417065731]]]}},{"type":"Feature","properties":{"country":"Kenya","country_code":"KEN","species_name":"Eucalyptus_grandis","genus":"Eucalyptus","species":"grandis","suitability_name":"Marginally suitable","suitability_rank":3,"source_layer":"KCFP_SSMT_Kenya","tz":null,"soil_description":null},"geometry":{"type":"Polygon","coordinates":[[[35.2138774099,1.6922394521],[35.2138611266,1.7006032083],[35.2055496923,1.7005867651],[35.2055168128,1.7173141122],[35.2221399059,1.717347287],[35.2221563142,1.7089834527],[35.2304679457,1.7089999057],[35.2305004503,1.6922720724],[35.2138774099,1.6922394521]]]}},{"type":"Feature","properties":{"country":"Kenya","country_code":"KEN","species_name":"Eucalyptus_grandis","genus":"Eucalyptus","species":"grandis","suitability_name":"Marginally suitable","suitability_rank":3,"source_layer":"KCFP_SSMT_Kenya","tz":null,"soil_description":null},"geometry":{"type":"Polygon","coordinates":[[[35.1966847538,1.9627319198],[35.1966723505,1.9682047985],[35.2008340284,1.9682143547],[35.2049849358,1.9682238748],[35.204972558,1.9736826181],[35.204965957,1.9765875187],[35.207174904,1.9765926022],[35.2132786625,1.9766066335],[35.2132405463,1.9933340791],[35.2215534163,1.9933533138],[35.2216103454,1.9682619003],[35.2299231712,1.9682808521],[35.229941945,1.9599169649],[35.2382548106,1.959935794],[35.2382920369,1.9432078567],[35.2466049563,1.9432009221],[35.2466417262,1.9264983812],[35.2383289444,1.9264799145],[35.2383472783,1.9181159418],[35.2300346176,1.9180975158],[35.2300162435,1.926461408],[35.2050786201,1.9264056413],[35.2050550525,1.9347692798],[35.1967476236,1.9347505392],[35.196728984,1.9430885456],[35.1967102067,1.9514520789],[35.1966847538,1.9627319198]]]}},{"type":"Feature","properties":{"country":"Kenya","country_code":"KEN","species_name":"Eucalyptus_grandis","genus":"Eucalyptus","species":"grandis","suitability_name":"Marginally suitable","suitability_rank":3,"source_layer":"KCFP_SSMT_Kenya","tz":null,"soil_description":null},"geometry":{"type":"Polygon","coordinates":[[[35.1384088053,2.0015220616],[35.1383892286,2.0098592315],[35.1383694483,2.0182480321],[35.1549941221,2.0182618606],[35.1550136964,2.0099245602],[35.1716336881,2.0099638921],[35.1716580204,2.0016005903],[35.1716531576,2.0016005789],[35.1633455939,2.0015810207],[35.163345654,2.0015552366],[35.1633650238,1.9932177883],[35.1633601925,1.9932177769],[35.1550527208,1.9931982594],[35.1550721108,1.984835107],[35.1384431587,1.9847703573],[35.1384478939,1.9847703685],[35.1384865348,1.9680701098],[35.1384817996,1.9680700988],[35.1301746027,1.9680507025],[35.1301746619,1.9680250476],[35.1301938702,1.9596877941],[35.1385057621,1.9597071188],[35.138515437,1.9554854116],[35.1218917339,1.9554658525],[35.1218628112,1.9680055991],[35.1218434196,1.9763683913],[35.1217846898,2.0014825445],[35.138404071,2.0015220512],[35.1384088053,2.0015220616]]]}},{"type":"Feature","properties":{"country":"Kenya","country_code":"KEN","species_name":"Eucalyptus_grandis","genus":"Eucalyptus","species":"grandis","suitability_name":"Marginally suitable","suitability_rank":3,"source_layer":"KCFP_SSMT_Kenya","tz":null,"soil_description":null},"geometry":{"type":"Polygon","coordinates":[[[35.1713882838,2.1145196628],[35.1714141542,2.1019602743],[35.1631012443,2.1019397237],[35.1547932161,2.1019191407],[35.1547106554,2.1353453827],[35.1630187956,2.1353925929],[35.1630443618,2.1270293898],[35.1674850371,2.1270405043],[35.171357437,2.127050186],[35.1713882838,2.1145196628]]]}},{"type":"Feature","properties":{"country":"Kenya","country_code":"KEN","species_name":"Eucalyptus_grandis","genus":"Eucalyptus","species":"grandis","suitability_name":"Marginally suitable","suitability_rank":3,"source_layer":"KCFP_SSMT_Kenya","tz":null,"soil_description":null},"geometry":{"type":"Polygon","coordinates":[[[35.0712563315,2.260594398],[35.0711655842,2.2940435328],[35.0545397199,2.2939705506],[35.0545625541,2.2856353446],[35.0462497596,2.285612318],[35.0462268776,2.29394744],[35.0462268036,2.2939743485],[35.0462224197,2.2939743354],[35.0379140452,2.2939511893],[35.0378678586,2.3106481036],[35.0378211862,2.3273989569],[35.0295083184,2.3273754114],[35.0294848445,2.3357372658],[35.0128592639,2.3356898579],[35.012831351,2.3440515281],[35.0045228939,2.3440276782],[35.0044991809,2.3523621422],[35.0044991036,2.3523892741],[35.0044948803,2.3523892619],[34.9961864276,2.3523652764],[34.9961384923,2.3690882945],[35.0127641288,2.3691365816],[35.0127401333,2.3774982599],[35.0459882361,2.3775945617],[35.0459883137,2.3775673318],[35.0459926978,2.3775673444],[35.0460164169,2.3692325569],[35.0543252833,2.3692564133],[35.0543253604,2.3692292166],[35.0543297768,2.3692292292],[35.0543769419,2.3525322197],[35.0626902089,2.3525558705],[35.0627137308,2.3441665805],[35.0627370173,2.335831491],[35.0710457905,2.3358549117],[35.0711197094,2.3107680934],[35.0794328994,2.3107912251],[35.0794786778,2.2940664978],[35.0961051165,2.2941122838],[35.0961277847,2.2857497508],[35.1044410799,2.2857724867],[35.1044860719,2.2690472524],[35.1127993562,2.2690697739],[35.1128216796,2.2607070709],[35.1211349973,2.2607294635],[35.1211571926,2.2523666756],[35.1128439213,2.2523443677],[35.1128614414,2.24398165],[35.1045529396,2.2439593893],[35.1045307326,2.2523220115],[35.0962176989,2.2522728591],[35.0962398808,2.2439370689],[35.0962353048,2.2439370575],[35.0879269059,2.2439147021],[35.0879046047,2.2522771558],[35.079591665,2.2522546581],[35.0795692342,2.2606170288],[35.0712563315,2.260594398]],[[35.0543725255,2.3525322072],[35.0460637579,2.3525085194],[35.0461107618,2.3357844768],[35.0544238485,2.3358080085],[35.0543770183,2.3525050871],[35.0543769419,2.3525322197],[35.0543725255,2.3525322072]],[[35.054516655,2.3023595696],[35.0628296295,2.3023827164],[35.062806602,2.3107449121],[35.0544935792,2.3107216821],[35.054516655,2.3023595696]],[[35.0961952914,2.2606621447],[35.0961503691,2.2773872166],[35.0795241227,2.2773417657],[35.079546721,2.2689793983],[35.0878597546,2.2690020632],[35.0878822212,2.260639611],[35.0961952914,2.2606621447]]]}},{"type":"Feature","properties":{"country":"Kenya","country_code":"KEN","species_name":"Eucalyptus_grandis","genus":"Eucalyptus","species":"grandis","suitability_name":"Marginally suitable","suitability_rank":3,"source_layer":"KCFP_SSMT_Kenya","tz":null,"soil_description":null},"geometry":{"type":"Polygon","coordinates":[[[35.0270261678,3.0882985407],[35.0103903586,3.0882358334],[35.0103234214,3.1049589223],[35.0020097722,3.1049273175],[35.0019783544,3.1132587227],[35.0019467365,3.1216201538],[35.0102646605,3.1216820389],[35.0102330234,3.1300435853],[35.018551212,3.1300753972],[35.0185828961,3.1216836725],[35.0186456712,3.1049904959],[35.0269637485,3.105021987],[35.0270261678,3.0882985407]]]}},{"type":"Feature","properties":{"country":"Kenya","country_code":"KEN","species_name":"Eucalyptus_grandis","genus":"Eucalyptus","species":"grandis","suitability_name":"Marginally suitable","suitability_rank":3,"source_layer":"KCFP_SSMT_Kenya","tz":null,"soil_description":null},"geometry":{"type":"Polygon","coordinates":[[[35.0352819106,3.1050534126],[35.0269637485,3.105021987],[35.0269324128,3.1133837077],[35.0352506391,3.1134152181],[35.0352819106,3.1050534126]]]}},{"type":"Feature","properties":{"country":"Kenya","country_code":"KEN","species_name":"Eucalyptus_grandis","genus":"Eucalyptus","species":"grandis","suitability_name":"Marginally suitable","suitability_rank":3,"source_layer":"KCFP_SSMT_Kenya","tz":null,"soil_description":null},"geometry":{"type":"Polygon","coordinates":[[[35.0517260747,3.1552576487],[35.0517304923,3.1552576656],[35.0517619409,3.1469259219],[35.0434432823,3.1468942049],[35.0434116543,3.1552560868],[35.0517259596,3.1552878713],[35.0517260747,3.1552576487]]]}},{"type":"Feature","properties":{"country":"Kenya","country_code":"KEN","species_name":"Eucalyptus_grandis","genus":"Eucalyptus","species":"grandis","suitability_name":"Marginally suitable","suitability_rank":3,"source_layer":"KCFP_SSMT_Kenya","tz":null,"soil_description":null},"geometry":{"type":"Polygon","coordinates":[[[35.3467962508,-1.7288348101],[35.3339047182,-1.7287983483],[35.3420696287,-1.7221423887],[35.3468095412,-1.7218779429],[35.3672536462,-1.7207371859],[35.3924028482,-1.726182993],[35.420783324,-1.7268479066],[35.4269195099,-1.7344332445],[35.4163712549,-1.7386959126],[35.3834169512,-1.737072154],[35.3797240342,-1.744130629],[35.3831561085,-1.7456356593],[35.3883252205,-1.7479024105],[35.3929685238,-1.7499385804],[35.3973195004,-1.7540285401],[35.3993397451,-1.7559275922],[35.3965761493,-1.7595602167],[35.3867383934,-1.7574281227],[35.3702967034,-1.7509033716],[35.355870813,-1.7519378196],[35.3543144046,-1.7541531099],[35.3467263472,-1.7499214519],[35.3467962508,-1.7288348101]]]}},{"type":"Feature","properties":{"country":"Kenya","country_code":"KEN","species_name":"Eucalyptus_grandis","genus":"Eucalyptus","species":"grandis","suitability_name":"Marginally suitable","suitability_rank":3,"source_layer":"KCFP_SSMT_Kenya","tz":null,"soil_description":null},"geometry":{"type":"Polygon","coordinates":[[[35.3254330065,-1.720428458],[35.3301867981,-1.7204376756],[35.3301707729,-1.7287910805],[35.3339047182,-1.7287983483],[35.3273580566,-1.7341349924],[35.3249961392,-1.737803073],[35.3132836564,-1.7312686088],[35.3254330065,-1.720428458]]]}},{"type":"Feature","properties":{"country":"Kenya","country_code":"KEN","species_name":"Eucalyptus_grandis","genus":"Eucalyptus","species":"grandis","suitability_name":"Marginally suitable","suitability_rank":3,"source_layer":"KCFP_SSMT_Kenya","tz":null,"soil_description":null},"geometry":{"type":"Polygon","coordinates":[[[35.3303209162,-1.6488612315],[35.3365150028,-1.649482006],[35.3377165707,-1.653532739],[35.3394326814,-1.6593181929],[35.3405466984,-1.6657205024],[35.3442504537,-1.6740410649],[35.339544171,-1.681933674],[35.3313115805,-1.679586601],[35.3251958078,-1.6688098158],[35.3066855046,-1.6638743584],[35.2921899089,-1.6617802672],[35.2916349429,-1.6543917695],[35.2932613087,-1.6491546628],[35.3118094046,-1.6470059064],[35.3303209162,-1.6488612315]]]}},{"type":"Feature","properties":{"country":"Kenya","country_code":"KEN","species_name":"Eucalyptus_grandis","genus":"Eucalyptus","species":"grandis","suitability_name":"Marginally suitable","suitability_rank":3,"source_layer":"KCFP_SSMT_Kenya","tz":null,"soil_description":null},"geometry":{"type":"Polygon","coordinates":[[[35.3463848044,-1.6117237157],[35.3481784797,-1.6073135777],[35.3394392982,-1.6033461913],[35.3374417566,-1.6024393521],[35.3221640529,-1.5938724208],[35.301620896,-1.5832183592],[35.2702748026,-1.5829878706],[35.2691713658,-1.5740665038],[35.2824871055,-1.5652651284],[35.2996926372,-1.5574033497],[35.3055505677,-1.5561369087],[35.3242103233,-1.5521026323],[35.3289771076,-1.5580727697],[35.3330453852,-1.5699795662],[35.3394852062,-1.5631707437],[35.3399917875,-1.5535844691],[35.344123259,-1.5513318845],[35.3546101815,-1.5591738449],[35.356121798,-1.5767673859],[35.3709439754,-1.5871547192],[35.3720240858,-1.5981306607],[35.3717204043,-1.6125148519],[35.374796551,-1.6201401569],[35.3765492394,-1.6244848589],[35.3736798611,-1.6317138309],[35.3441812666,-1.6282986628],[35.3330676491,-1.6308312591],[35.3276967358,-1.6281787885],[35.3144345599,-1.625789052],[35.307835141,-1.62025863],[35.3140284006,-1.6173422298],[35.3277761966,-1.6128717772],[35.3458621659,-1.6130087192],[35.3463848044,-1.6117237157]]]}},{"type":"Feature","properties":{"country":"Kenya","country_code":"KEN","species_name":"Eucalyptus_grandis","genus":"Eucalyptus","species":"grandis","suitability_name":"Marginally suitable","suitability_rank":3,"source_layer":"KCFP_SSMT_Kenya","tz":null,"soil_description":null},"geometry":{"type":"Polygon","coordinates":[[[35.3444382904,-1.5348945693],[35.3621605978,-1.531622303],[35.3637743724,-1.5328529618],[35.3739245219,-1.5405934442],[35.3805293917,-1.5474865811],[35.386950378,-1.5441117661],[35.3966088498,-1.5352739245],[35.4041495573,-1.5373867653],[35.4050100372,-1.5485873424],[35.407930106,-1.5586570377],[35.4182398439,-1.5580424918],[35.4312758829,-1.5588256532],[35.4430774957,-1.5785594225],[35.4373177119,-1.5853689258],[35.4180938928,-1.5859064082],[35.4077876577,-1.5878837703],[35.4029357749,-1.5953919797],[35.4076844167,-1.6070752947],[35.4078749989,-1.6139267561],[35.4019048076,-1.6173100085],[35.3834225564,-1.6064392266],[35.3773636248,-1.5833228996],[35.3758405449,-1.5680067466],[35.3713171978,-1.5583864196],[35.3537514369,-1.5482070154],[35.34713379,-1.5424444539],[35.3389401172,-1.5353095424],[35.3444382904,-1.5348945693]]]}},{"type":"Feature","properties":{"country":"Kenya","country_code":"KEN","species_name":"Eucalyptus_grandis","genus":"Eucalyptus","species":"grandis","suitability_name":"Marginally suitable","suitability_rank":3,"source_layer":"KCFP_SSMT_Kenya","tz":null,"soil_description":null},"geometry":{"type":"Polygon","coordinates":[[[35.33350019,-1.250941595],[35.3240027105,-1.2289522667],[35.3247352314,-1.2184510781],[35.3235711677,-1.2101710614],[35.3231923242,-1.2074764477],[35.3283134766,-1.1874125442],[35.3300997335,-1.1828287755],[35.3324915972,-1.1767110685],[35.3327470616,-1.1705413451],[35.3380627813,-1.1586102135],[35.3360492707,-1.1456900194],[35.3117890324,-1.150759794],[35.2978644095,-1.1472165915],[35.2978695623,-1.1432054736],[35.289559317,-1.143194663],[35.2895676277,-1.1367118092],[35.2777618237,-1.1375093663],[35.2737961598,-1.1276494292],[35.2750807546,-1.1228690282],[35.2755558061,-1.1192191435],[35.2787428529,-1.1242645936],[35.2895875918,-1.1209830359],[35.2895912198,-1.118101086],[35.2812811242,-1.1180904892],[35.2812916252,-1.1097260414],[35.2972802595,-1.1097462571],[35.2996533205,-1.1050028299],[35.311131991,-1.0952629947],[35.3230297493,-1.0969377433],[35.3310392814,-1.0960783733],[35.3406639857,-1.0929486976],[35.35023616,-1.0998715361],[35.3589385252,-1.0992446],[35.3614781113,-1.0949198228],[35.3569572235,-1.0821004871],[35.3672891168,-1.0750957761],[35.383986758,-1.074747714],[35.397685546,-1.0664815861],[35.416346667,-1.0555599814],[35.4319189165,-1.0515533579],[35.4475784899,-1.0438632755],[35.4488647435,-1.0432312805],[35.4536317929,-1.0502756146],[35.4527164559,-1.0513758196],[35.4542024369,-1.0513775216],[35.4558837286,-1.0546240889],[35.4558779142,-1.0597455284],[35.4623533257,-1.0597529881],[35.4636815684,-1.0606778561],[35.4710060241,-1.0611816154],[35.4737078235,-1.0698785069],[35.4711091546,-1.0796121496],[35.4851490206,-1.0706472152],[35.5005502261,-1.0561287611],[35.5065390321,-1.0474853976],[35.5111773302,-1.0347265349],[35.5132888937,-1.0219523112],[35.5133374884,-1.0121311023],[35.5174754693,-1.0071308068],[35.5278139849,-0.9987512237],[35.5438051798,-1.0045726245],[35.5662648949,-0.9985471611],[35.5831860494,-1.0007258581],[35.59390822,-1.0085624869],[35.6032171751,-1.0259807112],[35.6159395388,-1.0454855674],[35.6419252737,-1.0685110276],[35.6687890973,-1.1011350302],[35.6970218031,-1.1323956057],[35.6974036235,-1.1353284459],[35.6968600098,-1.1353278193],[35.6968504673,-1.1436960139],[35.6885366495,-1.1436863616],[35.6885270127,-1.1520544841],[35.6802132411,-1.1520447377],[35.6802105681,-1.1543493643],[35.6410243099,-1.1167002998],[35.6272938775,-1.1157005854],[35.620383575,-1.1245610383],[35.6221619458,-1.1364536046],[35.6349133497,-1.1500218671],[35.6567869564,-1.172785203],[35.6718679405,-1.1789242935],[35.6718600937,-1.1855068847],[35.663546366,-1.185496804],[35.6635363028,-1.1938647115],[35.6552226202,-1.1938545345],[35.6552022308,-1.210590204],[35.6468885696,-1.2105798587],[35.6468782421,-1.2189476215],[35.6385646266,-1.2189371789],[35.6385437082,-1.2356725583],[35.6302301116,-1.2356619471],[35.6302088556,-1.2523971803],[35.6218952784,-1.252386398],[35.6218845167,-1.260753942],[35.6301981202,-1.2607647964],[35.6301764349,-1.2775000249],[35.6218627781,-1.2774890273],[35.6218518021,-1.2858565694],[35.6301654849,-1.28586764],[35.6301433703,-1.3026028655],[35.6218296323,-1.3025916499],[35.6218184403,-1.3109591901],[35.6384460427,-1.3109817368],[35.6384348341,-1.3193494203],[35.64674877,-1.3193607224],[35.6467375178,-1.327728477],[35.6799940812,-1.3277736957],[35.6799828705,-1.3361417338],[35.6966116308,-1.3361643173],[35.6966004059,-1.3445324961],[35.7047362728,-1.3445435727],[35.7050474583,-1.3445439958],[35.713229504,-1.3445551066],[35.7132203769,-1.3513547018],[35.7132182646,-1.3529234256],[35.7144026418,-1.3529250425],[35.7215329472,-1.3529347583],[35.7215103153,-1.3696715363],[35.7298251247,-1.3696829803],[35.729802273,-1.3864198946],[35.7381172097,-1.3864314501],[35.7380715909,-1.419335211],[35.7380479654,-1.419330822],[35.7297516783,-1.4177943431],[35.7153728762,-1.4151313334],[35.718790626,-1.4183583299],[35.718754455,-1.4252121474],[35.7166466312,-1.4352431677],[35.71820552,-1.444401351],[35.7243864488,-1.4439842668],[35.7297223322,-1.4385329058],[35.7308274372,-1.4374038727],[35.7347241866,-1.4365218742],[35.7338526453,-1.4533860639],[35.733431713,-1.4668988103],[35.7379816224,-1.4772705697],[35.739765852,-1.4813378646],[35.7394228945,-1.5048693015],[35.7396877962,-1.5119741854],[35.7402321711,-1.5265788412],[35.7505156621,-1.5293891734],[35.7598675716,-1.537914819],[35.7723783119,-1.5549075581],[35.7849334428,-1.5600223536],[35.7946555065,-1.5852263446],[35.8053270389,-1.6033605259],[35.826377749,-1.6067123001],[35.8380368266,-1.6099889636],[35.8541804241,-1.6272412868],[35.8576291495,-1.6309268863],[35.8690689084,-1.6314673473],[35.8757490111,-1.6237471729],[35.878341253,-1.6126033745],[35.8791611939,-1.6126046407],[35.8791483992,-1.6209743052],[35.881345711,-1.6209777154],[35.8786619296,-1.6365667985],[35.8692260181,-1.6467738456],[35.8624664575,-1.6470467085],[35.8547921715,-1.647356466],[35.848348785,-1.6539366819],[35.8419406941,-1.653204615],[35.8375192956,-1.6495650414],[35.8375118789,-1.6495589366],[35.837517452,-1.6460290623],[35.8332153886,-1.6460221857],[35.833201076,-1.646010405],[35.8321381574,-1.6451354406],[35.8292128406,-1.6430377537],[35.8292054531,-1.6430324565],[35.8292139405,-1.6376465347],[35.8216777813,-1.6376345138],[35.821661303,-1.6376226963],[35.8209055659,-1.6370807728],[35.8125910508,-1.6311186033],[35.8126071253,-1.6208817803],[35.8029717222,-1.6208664823],[35.7927013438,-1.6098903419],[35.7770044436,-1.5957066109],[35.7733333553,-1.5923894245],[35.7637027221,-1.5873168322],[35.7544612084,-1.582449187],[35.7495826841,-1.5798795908],[35.7485485318,-1.5789242696],[35.7212433244,-1.5535596786],[35.6919278521,-1.5255417958],[35.6802527892,-1.5256925416],[35.6861574435,-1.5369290846],[35.7002470489,-1.5566740682],[35.7045894371,-1.5683739724],[35.7074737191,-1.5761453847],[35.708792984,-1.5788612601],[35.7140432154,-1.5896696426],[35.723380255,-1.5993350071],[35.7377728342,-1.6051580727],[35.7418196333,-1.6207206581],[35.7460738736,-1.6276392958],[35.7469926191,-1.62913345],[35.747041818,-1.6292134621],[35.7559909046,-1.63751674],[35.7582126137,-1.6395781238],[35.7590559225,-1.6458904373],[35.7601983926,-1.6544424353],[35.7626580367,-1.657383967],[35.7713409012,-1.6677679956],[35.777246793,-1.6769516549],[35.7714776677,-1.687190911],[35.7761100247,-1.6961313363],[35.7762317553,-1.6963662762],[35.7773328609,-1.6961333875],[35.7792279031,-1.6957325749],[35.7856277904,-1.6943789387],[35.8014727966,-1.6853545045],[35.8041867275,-1.685827855],[35.8041834734,-1.6878207545],[35.829133745,-1.687850288],[35.8291446523,-1.6811109373],[35.8322388819,-1.6794977109],[35.837471542,-1.6795062453],[35.8457810336,-1.6795197688],[35.8457810523,-1.6795081392],[35.8457923871,-1.6724312122],[35.8466570949,-1.6719803636],[35.8485488959,-1.6795126359],[35.8491032336,-1.6859305259],[35.8382945743,-1.6940828362],[35.8137571748,-1.7012101472],[35.8029848027,-1.7045619845],[35.7946452097,-1.7129118319],[35.7884884004,-1.7190760542],[35.7874969152,-1.7199874327],[35.7861056163,-1.7212663182],[35.7815844642,-1.7254221311],[35.7730815084,-1.7313023148],[35.7685935995,-1.7296052601],[35.7589111243,-1.7259439184],[35.7487793269,-1.6915979525],[35.736095243,-1.6668260099],[35.7233278299,-1.6557712007],[35.7210750757,-1.6547536038],[35.7198627963,-1.6542060001],[35.7127654437,-1.65100003],[35.7109889089,-1.650197544],[35.6830859926,-1.6447393823],[35.6746343225,-1.640787571],[35.6545916682,-1.621681676],[35.63525107,-1.5986919257],[35.6197542425,-1.583962214],[35.6081153389,-1.576792407],[35.5964584098,-1.5732823908],[35.5877534423,-1.5743633316],[35.577886967,-1.5788622418],[35.5744712128,-1.576325599],[35.5728916406,-1.5715097524],[35.577274888,-1.5644663311],[35.5938157062,-1.5543037603],[35.5947747777,-1.5444903003],[35.5913753702,-1.5387515528],[35.5828933278,-1.5400658666],[35.5739232691,-1.5484484252],[35.56358376,-1.5575131945],[35.5553267628,-1.5608810722],[35.548928371,-1.5567226225],[35.5443921523,-1.5493791282],[35.5432441429,-1.5445004387],[35.5481023056,-1.5411791869],[35.5612399699,-1.5234573744],[35.5702593566,-1.5043381564],[35.5749298789,-1.4847188917],[35.5749431991,-1.457388499],[35.577130929,-1.4556200847],[35.5893202057,-1.445763459],[35.5999037037,-1.4346428503],[35.6086741939,-1.4212268938],[35.6112566484,-1.4070884657],[35.6094934698,-1.3933657062],[35.6143815713,-1.3764986133],[35.6130571537,-1.3675744668],[35.6107651496,-1.3577809879],[35.6142773096,-1.3533920038],[35.6078674967,-1.3515490785],[35.5834364154,-1.3378977467],[35.561901438,-1.3432241028],[35.5440299621,-1.3469866639],[35.5265734596,-1.3603366921],[35.5178582573,-1.3634731614],[35.5048634815,-1.3531053064],[35.4893203072,-1.3495647808],[35.4804345478,-1.3495031869],[35.4705534628,-1.3494346559],[35.4554986192,-1.348445714],[35.4511023624,-1.3481569132],[35.4222458199,-1.3511233654],[35.4220292323,-1.3511456296],[35.4137771866,-1.3441434018],[35.4122302816,-1.3428568851],[35.4108783002,-1.3378177743],[35.4176096357,-1.3184508931],[35.4178900554,-1.3093211366],[35.4152079281,-1.2942208115],[35.4162575614,-1.2771806066],[35.4097694477,-1.2836784392],[35.3987436183,-1.2929685767],[35.3943401646,-1.3032131811],[35.3919874862,-1.3139673758],[35.3905971137,-1.3203176161],[35.3761549772,-1.326605212],[35.364102571,-1.3243730014],[35.3505407239,-1.3218611916],[35.3521855579,-1.3138789977],[35.3558081546,-1.3126999705],[35.3604417025,-1.3111918984],[35.3604499491,-1.3082236293],[35.3531705762,-1.3010906669],[35.3621267292,-1.2933900607],[35.3676567691,-1.2852075469],[35.358557523,-1.2737268226],[35.3346760933,-1.2520108594],[35.33350019,-1.250941595]],[[35.3477113516,-1.1599999792],[35.3476787838,-1.1850951976],[35.3484830476,-1.1850962662],[35.3537531661,-1.1807373474],[35.3599927346,-1.1675407342],[35.3668759875,-1.1627908801],[35.3734872739,-1.1678608222],[35.3879379027,-1.1613375459],[35.3975770778,-1.155904103],[35.4049962713,-1.1517219382],[35.4058942372,-1.1512157531],[35.4083500957,-1.1498313776],[35.414209548,-1.1480316749],[35.41421534,-1.1480298953],[35.4142211615,-1.1433542902],[35.3944581399,-1.1433293474],[35.3809669336,-1.1507615946],[35.3809657771,-1.1516776388],[35.3793079279,-1.151675517],[35.3792873083,-1.1516868754],[35.3726535216,-1.1526212674],[35.3726441018,-1.1600322994],[35.3477113516,-1.1599999792]],[[35.4225325658,-1.1433647391],[35.4225428969,-1.134998969],[35.4142315165,-1.1349885966],[35.4142211615,-1.1433542902],[35.4225325658,-1.1433647391]],[[35.4058782373,-1.1684406637],[35.4058849356,-1.1631658767],[35.3959195638,-1.1684278069],[35.4058782373,-1.1684406637]],[[35.3559565072,-1.2102016764],[35.3476455194,-1.2101904115],[35.3476115555,-1.2352856189],[35.3548193961,-1.2352955918],[35.3559264283,-1.2325031516],[35.3559565072,-1.2102016764]],[[35.4475633788,-1.0572261578],[35.4369719883,-1.0597236709],[35.4475605183,-1.0597359268],[35.4475692985,-1.0572247614],[35.4475633788,-1.0572261578]],[[35.41419608,-1.1587773162],[35.4117242912,-1.1600825118],[35.4141944326,-1.1600856674],[35.4142018754,-1.1587742563],[35.41419608,-1.1587773162]],[[35.684244995,-1.4130820063],[35.6746364714,-1.413699004],[35.6632413952,-1.4125837886],[35.6574734925,-1.41221335],[35.6533185187,-1.4185763078],[35.654620717,-1.4318335549],[35.653178674,-1.4365315203],[35.6502114165,-1.4461980933],[35.6442490574,-1.44638156],[35.6384965805,-1.4541088031],[35.6268158143,-1.4556235681],[35.6171995323,-1.4562398823],[35.6132863518,-1.4599538054],[35.6109857756,-1.4621372141],[35.6125480162,-1.4703706182],[35.6108869609,-1.4815571959],[35.6009701561,-1.4974759169],[35.6004761425,-1.5047776641],[35.6027167732,-1.5123379076],[35.6142040455,-1.5046527694],[35.6281898545,-1.500867828],[35.6318744205,-1.4963266671],[35.6325022401,-1.4950741724],[35.6411170588,-1.4778870959],[35.647358935,-1.4660512613],[35.6535683117,-1.459929381],[35.6615507477,-1.4661584509],[35.6734748088,-1.463037695],[35.6835977694,-1.4523737533],[35.6902961331,-1.4398550327],[35.685996648,-1.4288600712],[35.6872017987,-1.4185878198],[35.684244995,-1.4130820063]]]}},{"type":"Feature","properties":{"country":"Kenya","country_code":"KEN","species_name":"Eucalyptus_grandis","genus":"Eucalyptus","species":"grandis","suitability_name":"Marginally suitable","suitability_rank":3,"source_layer":"KCFP_SSMT_Kenya","tz":null,"soil_description":null},"geometry":{"type":"Polygon","coordinates":[[[35.2645403264,-1.2059704578],[35.2666762087,-1.2017150044],[35.2707654573,-1.1933697649],[35.2707720627,-1.1933562852],[35.270858174,-1.1931805491],[35.2695498951,-1.1806103353],[35.2719041762,-1.167606699],[35.2803837381,-1.1637887219],[35.281219582,-1.1659091309],[35.2821535238,-1.1682784119],[35.2839948955,-1.1729497632],[35.2843605985,-1.1850103301],[35.2843610083,-1.185023853],[35.2843964637,-1.1861934214],[35.281476321,-1.19337089],[35.2811820998,-1.1940940517],[35.2788384658,-1.1998543425],[35.2777551112,-1.2017302413],[35.2729205779,-1.2101014012],[35.2703003896,-1.214638245],[35.2578988708,-1.2232288895],[35.2537836038,-1.2232051447],[35.2439570884,-1.2203882343],[35.2378210992,-1.2132736509],[35.2349051687,-1.1997726354],[35.2392752672,-1.1954653479],[35.2451912395,-1.2019075089],[35.2522580636,-1.2085730057],[35.2593418714,-1.2095358474],[35.2645403264,-1.2059704578]]]}},{"type":"Feature","properties":{"country":"Kenya","country_code":"KEN","species_name":"Eucalyptus_grandis","genus":"Eucalyptus","species":"grandis","suitability_name":"Marginally suitable","suitability_rank":3,"source_layer":"KCFP_SSMT_Kenya","tz":null,"soil_description":null},"geometry":{"type":"Polygon","coordinates":[[[35.2380528783,-1.117817724],[35.2397391654,-1.1122689339],[35.2405277225,-1.1096741089],[35.2419995259,-1.1048309024],[35.2480617866,-1.1020022672],[35.2511643142,-1.1005546198],[35.2545595082,-1.1081192945],[35.2563581215,-1.1085662793],[35.2621091345,-1.1099954999],[35.2675989093,-1.1098022676],[35.2684876723,-1.1143744693],[35.2646513212,-1.1217259124],[35.2643305698,-1.1223405481],[35.2621670999,-1.1264440504],[35.2583333582,-1.1337154453],[35.2590040894,-1.1431683881],[35.2594033691,-1.1487962871],[35.2603729941,-1.1515207624],[35.2614387012,-1.1545152366],[35.2641157324,-1.1682408575],[35.2581505794,-1.1720834984],[35.2545121343,-1.1668052211],[35.2470180715,-1.1553343882],[35.2436277743,-1.1459494075],[35.2432399051,-1.1333878029],[35.2380528783,-1.117817724]]]}},{"type":"Feature","properties":{"country":"Kenya","country_code":"KEN","species_name":"Eucalyptus_grandis","genus":"Eucalyptus","species":"grandis","suitability_name":"Marginally suitable","suitability_rank":3,"source_layer":"KCFP_SSMT_Kenya","tz":null,"soil_description":null},"geometry":{"type":"Polygon","coordinates":[[[35.2896155124,-1.0986095112],[35.2979315504,-1.0938073343],[35.2979222225,-1.1013824471],[35.2896120947,-1.1013720312],[35.2896155124,-1.0986095112]]]}},{"type":"Feature","properties":{"country":"Kenya","country_code":"KEN","species_name":"Eucalyptus_grandis","genus":"Eucalyptus","species":"grandis","suitability_name":"Marginally suitable","suitability_rank":3,"source_layer":"KCFP_SSMT_Kenya","tz":null,"soil_description":null},"geometry":{"type":"Polygon","coordinates":[[[35.3062427023,-1.0930281525],[35.2992957882,-1.0930195322],[35.3049817607,-1.0897360453],[35.3062470894,-1.0894365438],[35.3062427023,-1.0930281525]]]}},{"type":"Feature","properties":{"country":"Kenya","country_code":"KEN","species_name":"Eucalyptus_grandis","genus":"Eucalyptus","species":"grandis","suitability_name":"Marginally suitable","suitability_rank":3,"source_layer":"KCFP_SSMT_Kenya","tz":null,"soil_description":null},"geometry":{"type":"Polygon","coordinates":[[[35.3478148738,-1.0763492125],[35.3422691979,-1.0763425143],[35.3428028618,-1.0760699946],[35.3478174653,-1.0741715068],[35.3478148738,-1.0763492125]]]}},{"type":"Feature","properties":{"country":"Kenya","country_code":"KEN","species_name":"Eucalyptus_grandis","genus":"Eucalyptus","species":"grandis","suitability_name":"Marginally suitable","suitability_rank":3,"source_layer":"KCFP_SSMT_Kenya","tz":null,"soil_description":null},"geometry":{"type":"Polygon","coordinates":[[[35.3642402109,-1.0412728021],[35.3525792156,-1.0386749747],[35.3478533836,-1.038718051],[35.3470502439,-1.0387253714],[35.3381665041,-1.0388060232],[35.3182521205,-1.0409601017],[35.3063568864,-1.0417878975],[35.2985862152,-1.0401366784],[35.2974715262,-1.0316819251],[35.2987134322,-1.0239511432],[35.3059801204,-1.0228319056],[35.3282248464,-1.0120217223],[35.3395819176,-1.0043516823],[35.3424009106,-1.0024478305],[35.3470205644,-1.0052946638],[35.3478966037,-1.005399935],[35.3478921122,-1.0094285597],[35.36451305,-1.0094473299],[35.3645037097,-1.0178125684],[35.3779252196,-1.017827789],[35.3792091065,-1.0194480251],[35.3924455296,-1.027989687],[35.4116347745,-1.0342834068],[35.4329722279,-1.0214097736],[35.4435288054,-1.0162238948],[35.4476073521,-1.0240221365],[35.4475255492,-1.0409187982],[35.4487338351,-1.0430052312],[35.4392740166,-1.0429944607],[35.4392824568,-1.0354662891],[35.4370184797,-1.0385709593],[35.4309637969,-1.0420428438],[35.4309627348,-1.0429849734],[35.4293240529,-1.0429830994],[35.4292995623,-1.0429971431],[35.4260037723,-1.0448869918],[35.4226418487,-1.0463823384],[35.4114902031,-1.0513423818],[35.4113318826,-1.0514127996],[35.4102474135,-1.0513409421],[35.4060201042,-1.0510608382],[35.4060198052,-1.0513220019],[35.3810870351,-1.05129298],[35.3810675941,-1.0680237618],[35.365282445,-1.0680049887],[35.3721331557,-1.0659888399],[35.3769727052,-1.058711226],[35.3731815953,-1.045066102],[35.3711495897,-1.0452923374],[35.3642402109,-1.0412728021]],[[35.4060284722,-1.0437246744],[35.4079858861,-1.0429586297],[35.4060293451,-1.0429563797],[35.4060284722,-1.0437246744]]]}},{"type":"Feature","properties":{"country":"Kenya","country_code":"KEN","species_name":"Eucalyptus_grandis","genus":"Eucalyptus","species":"grandis","suitability_name":"Marginally suitable","suitability_rank":3,"source_layer":"KCFP_SSMT_Kenya","tz":null,"soil_description":null},"geometry":{"type":"Polygon","coordinates":[[[35.3250312988,-0.8934392888],[35.3242623862,-0.901740404],[35.3214575331,-0.9086193177],[35.3122348381,-0.9173010201],[35.2964180503,-0.9211016265],[35.2883758859,-0.9251929628],[35.2827971476,-0.9355068171],[35.2814869636,-0.9356524517],[35.2750072658,-0.9363726936],[35.2717278664,-0.9340765764],[35.2706905108,-0.9333502576],[35.2714323582,-0.9264560451],[35.2783823881,-0.9170713969],[35.2889689511,-0.9100053343],[35.2955472961,-0.9155733704],[35.3026992809,-0.9094141149],[35.3098515036,-0.9020979649],[35.3181830501,-0.8917803286],[35.3250312988,-0.8934392888]]]}},{"type":"Feature","properties":{"country":"Kenya","country_code":"KEN","species_name":"Eucalyptus_grandis","genus":"Eucalyptus","species":"grandis","suitability_name":"Marginally suitable","suitability_rank":3,"source_layer":"KCFP_SSMT_Kenya","tz":null,"soil_description":null},"geometry":{"type":"Polygon","coordinates":[[[35.284481338,-0.8760993757],[35.2911656651,-0.8696936319],[35.3024502552,-0.8626225046],[35.3095199609,-0.8642900741],[35.3099016395,-0.8721283189],[35.3015999102,-0.8796762561],[35.2855430253,-0.8837195266],[35.2826049809,-0.880237604],[35.284481338,-0.8760993757]]]}},{"type":"Feature","properties":{"country":"Kenya","country_code":"KEN","species_name":"Eucalyptus_grandis","genus":"Eucalyptus","species":"grandis","suitability_name":"Marginally suitable","suitability_rank":3,"source_layer":"KCFP_SSMT_Kenya","tz":null,"soil_description":null},"geometry":{"type":"Polygon","coordinates":[[[35.3748257008,-0.8769616872],[35.3745280229,-0.8841041469],[35.3710673797,-0.8870766344],[35.363920843,-0.892786396],[35.3552165749,-0.8938810341],[35.3469835607,-0.8935992923],[35.3383127549,-0.891923977],[35.3358800646,-0.8836077205],[35.3426193121,-0.872358779],[35.3523602865,-0.8583639188],[35.361472645,-0.8383678662],[35.3678183841,-0.8226468889],[35.3703764502,-0.8163258243],[35.3714518898,-0.8144961586],[35.3710183736,-0.7957767843],[35.3662748829,-0.7899794885],[35.3588909187,-0.7719558323],[35.3655868405,-0.7648516311],[35.3825456859,-0.7824213456],[35.38365032,-0.7903137176],[35.3876493411,-0.7998595659],[35.3853194656,-0.8074026229],[35.3815613334,-0.8182150098],[35.3787291722,-0.8274150459],[35.3701010731,-0.8446502367],[35.3578374962,-0.8597795956],[35.3503594348,-0.8763249588],[35.3569665213,-0.8786810425],[35.3661424097,-0.8759745148],[35.3748257008,-0.8769616872]]]}},{"type":"Feature","properties":{"country":"Kenya","country_code":"KEN","species_name":"Eucalyptus_grandis","genus":"Eucalyptus","species":"grandis","suitability_name":"Marginally suitable","suitability_rank":3,"source_layer":"KCFP_SSMT_Kenya","tz":null,"soil_description":null},"geometry":{"type":"Polygon","coordinates":[[[35.3431986023,-0.835245574],[35.3337689956,-0.8400164558],[35.3261513369,-0.8475733069],[35.3232432281,-0.8406426607],[35.3290515077,-0.8314583246],[35.3375811396,-0.8248326971],[35.3438491507,-0.8142717258],[35.3506208262,-0.8000168705],[35.3615880533,-0.8014806518],[35.3596858724,-0.8090773331],[35.3529565781,-0.8187066817],[35.3506080377,-0.8256067131],[35.3431986023,-0.835245574]]]}},{"type":"Feature","properties":{"country":"Kenya","country_code":"KEN","species_name":"Eucalyptus_grandis","genus":"Eucalyptus","species":"grandis","suitability_name":"Marginally suitable","suitability_rank":3,"source_layer":"KCFP_SSMT_Kenya","tz":null,"soil_description":null},"geometry":{"type":"Polygon","coordinates":[[[35.3376373923,-0.5970619059],[35.3398796599,-0.6028340901],[35.3494381133,-0.6079723748],[35.3541820702,-0.6144565777],[35.349047301,-0.6252620589],[35.3391478848,-0.6318823506],[35.3363139651,-0.641082522],[35.3321324684,-0.6488903168],[35.3272184061,-0.6603829753],[35.3224413346,-0.6578181109],[35.3193235592,-0.6485801938],[35.3141423308,-0.640014709],[35.3050683925,-0.6314270078],[35.3065056459,-0.6252068392],[35.3148333214,-0.6151219987],[35.3219773461,-0.6094013674],[35.3243157343,-0.6034242836],[35.3323930248,-0.5961001231],[35.3376373923,-0.5970619059]]]}},{"type":"Feature","properties":{"country":"Kenya","country_code":"KEN","species_name":"Eucalyptus_grandis","genus":"Eucalyptus","species":"grandis","suitability_name":"Marginally suitable","suitability_rank":3,"source_layer":"KCFP_SSMT_Kenya","tz":null,"soil_description":null},"geometry":{"type":"Polygon","coordinates":[[[35.2298396072,-0.2571280826],[35.2229401621,-0.2610041554],[35.2206680175,-0.2593787998],[35.2192512827,-0.2565487182],[35.223785232,-0.256550068],[35.2237876474,-0.2481861762],[35.2294546197,-0.2481878061],[35.2298396072,-0.2571280826]]]}},{"type":"Feature","properties":{"country":"Kenya","country_code":"KEN","species_name":"Eucalyptus_grandis","genus":"Eucalyptus","species":"grandis","suitability_name":"Marginally suitable","suitability_rank":3,"source_layer":"KCFP_SSMT_Kenya","tz":null,"soil_description":null},"geometry":{"type":"Polygon","coordinates":[[[35.2293426151,-0.1819717473],[35.2307766138,-0.1752988537],[35.2266906767,-0.1711245964],[35.229895333,-0.1706845303],[35.2366961151,-0.1629703462],[35.2458365814,-0.1783950085],[35.2484449443,-0.1947726019],[35.2510731569,-0.2077018486],[35.2715986427,-0.2138304328],[35.2763327096,-0.2219231586],[35.2689506972,-0.2292580834],[35.258458778,-0.2259631736],[35.2488442775,-0.2272828142],[35.2444694183,-0.231634645],[35.2421223742,-0.237612171],[35.2404120534,-0.236712066],[35.2337051868,-0.2331824033],[35.2360089794,-0.2315765279],[35.2359448093,-0.2314444586],[35.2310657063,-0.2214027964],[35.2221748199,-0.2176618911],[35.2078584875,-0.2074230151],[35.2031743068,-0.1991408383],[35.2104861039,-0.1943043031],[35.2139827965,-0.1875012844],[35.2155518476,-0.1901865783],[35.2205781567,-0.1909109579],[35.2293426151,-0.1819717473]]]}},{"type":"Feature","properties":{"country":"Kenya","country_code":"KEN","species_name":"Eucalyptus_grandis","genus":"Eucalyptus","species":"grandis","suitability_name":"Marginally suitable","suitability_rank":3,"source_layer":"KCFP_SSMT_Kenya","tz":null,"soil_description":null},"geometry":{"type":"Polygon","coordinates":[[[35.2741953649,-0.1734034168],[35.2704520874,-0.1565567662],[35.2656598403,-0.1497769549],[35.2753318372,-0.1480580808],[35.2916697624,-0.1622123807],[35.3068961419,-0.1643917541],[35.3235079432,-0.1667694545],[35.3235051314,-0.1812783352],[35.323505127,-0.1812957215],[35.3235105653,-0.1812957226],[35.3318140586,-0.1812974204],[35.3318123378,-0.189644991],[35.3401213457,-0.1896641191],[35.3401195484,-0.1980291227],[35.3531243434,-0.198032012],[35.3510222462,-0.2017729141],[35.3345065797,-0.207205384],[35.3148611389,-0.2043155393],[35.2906279742,-0.2032439895],[35.2778949505,-0.1950926874],[35.2741953649,-0.1734034168]]]}},{"type":"Feature","properties":{"country":"Kenya","country_code":"KEN","species_name":"Eucalyptus_grandis","genus":"Eucalyptus","species":"grandis","suitability_name":"Marginally suitable","suitability_rank":3,"source_layer":"KCFP_SSMT_Kenya","tz":null,"soil_description":null},"geometry":{"type":"Polygon","coordinates":[[[35.3068950065,-0.139468862],[35.2985863268,-0.1394675462],[35.298587596,-0.1311029348],[35.2902789968,-0.1311016952],[35.290280191,-0.1227371629],[35.2736632358,-0.1227348341],[35.2736643546,-0.1143704604],[35.2653559988,-0.1143693717],[35.2653580056,-0.0976407833],[35.2570497316,-0.0976398518],[35.2570514263,-0.0809114228],[35.2653596957,-0.0809121947],[35.2653610691,-0.0641836059],[35.2701834041,-0.0641839607],[35.267533757,-0.0710108223],[35.2713058187,-0.084408515],[35.2817904399,-0.0886159754],[35.3021892436,-0.0834369352],[35.3151174594,-0.0701432508],[35.3235208852,-0.0676504539],[35.3318534069,-0.0651786632],[35.3464723944,-0.0678033842],[35.3567569095,-0.0679612694],[35.371165606,-0.0681824676],[35.3859677984,-0.0770259406],[35.3905433489,-0.0892890929],[35.3908820926,-0.0901969958],[35.3886365736,-0.1116280399],[35.3860218437,-0.1229120035],[35.3909355886,-0.1363096156],[35.3839078334,-0.1478288148],[35.383897147,-0.1478463288],[35.3835104088,-0.1484802226],[35.3733651675,-0.1524472584],[35.3650609077,-0.1556943835],[35.3637467575,-0.156208237],[35.3539053356,-0.1600563634],[35.3484414816,-0.1612725725],[35.3401320397,-0.1631221696],[35.3235079432,-0.1667694545],[35.3235083507,-0.164566027],[35.3151995042,-0.1645644815],[35.315201003,-0.1561997127],[35.3068976116,-0.1561982433],[35.3068922389,-0.1561982424],[35.306892241,-0.1561807598],[35.3068950065,-0.139468862]]]}},{"type":"Feature","properties":{"country":"Kenya","country_code":"KEN","species_name":"Eucalyptus_grandis","genus":"Eucalyptus","species":"grandis","suitability_name":"Marginally suitable","suitability_rank":3,"source_layer":"KCFP_SSMT_Kenya","tz":null,"soil_description":null},"geometry":{"type":"Polygon","coordinates":[[[35.2736694146,-0.0641842169],[35.2701834041,-0.0641839607],[35.2705676219,-0.0631940019],[35.2736695767,-0.0618945752],[35.2736694146,-0.0641842169]]]}},{"type":"Feature","properties":{"country":"Kenya","country_code":"KEN","species_name":"Eucalyptus_grandis","genus":"Eucalyptus","species":"grandis","suitability_name":"Marginally suitable","suitability_rank":3,"source_layer":"KCFP_SSMT_Kenya","tz":null,"soil_description":null},"geometry":{"type":"Polygon","coordinates":[[[35.3567593777,-0.012185429],[35.361429092,-0.0139993615],[35.3782109117,-0.0205182804],[35.4169296657,-0.0204344968],[35.4232350288,-0.0180407392],[35.4241198839,-0.0177048121],[35.4250287968,-0.0204279164],[35.4232349273,-0.0226465927],[35.4186289832,-0.0283432195],[35.4084232088,-0.0455807494],[35.3898868306,-0.0461591582],[35.3737439387,-0.0349923005],[35.3522326114,-0.0364817897],[35.3237723633,-0.0471447915],[35.3069044561,-0.0506229392],[35.2944424707,-0.0531925434],[35.2736695767,-0.0618945752],[35.2736708776,-0.0390910947],[35.290287799,-0.0390918355],[35.2902881263,-0.0307273035],[35.2985967052,-0.0307275941],[35.2985970103,-0.019964123],[35.3250286572,-0.0070433702],[35.3457482908,-0.00790826],[35.3484502929,-0.0089578259],[35.3567593777,-0.012185429]]]}},{"type":"Feature","properties":{"country":"Kenya","country_code":"KEN","species_name":"Eucalyptus_grandis","genus":"Eucalyptus","species":"grandis","suitability_name":"Marginally suitable","suitability_rank":3,"source_layer":"KCFP_SSMT_Kenya","tz":null,"soil_description":null},"geometry":{"type":"Polygon","coordinates":[[[35.2901647222,0.4795289995],[35.2848821428,0.4795261115],[35.2901633922,0.4819915677],[35.2901647222,0.4795289995]]]}},{"type":"Feature","properties":{"country":"Kenya","country_code":"KEN","species_name":"Eucalyptus_grandis","genus":"Eucalyptus","species":"grandis","suitability_name":"Marginally suitable","suitability_rank":3,"source_layer":"KCFP_SSMT_Kenya","tz":null,"soil_description":null},"geometry":{"type":"Polygon","coordinates":[[[35.2730321651,0.4846273152],[35.2780950964,0.4795223941],[35.2652385057,0.4795153363],[35.2652357133,0.4846318318],[35.2730321651,0.4846273152]]]}},{"type":"Feature","properties":{"country":"Kenya","country_code":"KEN","species_name":"Eucalyptus_grandis","genus":"Eucalyptus","species":"grandis","suitability_name":"Marginally suitable","suitability_rank":3,"source_layer":"KCFP_SSMT_Kenya","tz":null,"soil_description":null},"geometry":{"type":"Polygon","coordinates":[[[35.1904349178,0.5296553672],[35.1821269937,0.5296502124],[35.1821240941,0.5343596644],[35.1867447461,0.5383330948],[35.2002007983,0.5401421024],[35.2487592312,0.5009845401],[35.2523520673,0.5009825366],[35.2617389747,0.4878776987],[35.2486168235,0.4878703362],[35.2486121449,0.496234496],[35.2403037021,0.4962297409],[35.2402989336,0.5045938194],[35.23199056,0.5045889735],[35.2319857011,0.5129529723],[35.1987529666,0.5129331592],[35.1987479845,0.5212968347],[35.1904399915,0.5212917723],[35.1904349178,0.5296553672]]]}},{"type":"Feature","properties":{"country":"Kenya","country_code":"KEN","species_name":"Eucalyptus_grandis","genus":"Eucalyptus","species":"grandis","suitability_name":"Marginally suitable","suitability_rank":3,"source_layer":"KCFP_SSMT_Kenya","tz":null,"soil_description":null},"geometry":{"type":"Polygon","coordinates":[[[35.3810256123,1.098595996],[35.38103174,1.0934978981],[35.3760569345,1.0985899262],[35.3810256123,1.098595996]]]}},{"type":"Feature","properties":{"country":"Kenya","country_code":"KEN","species_name":"Eucalyptus_grandis","genus":"Eucalyptus","species":"grandis","suitability_name":"Marginally suitable","suitability_rank":3,"source_layer":"KCFP_SSMT_Kenya","tz":null,"soil_description":null},"geometry":{"type":"Polygon","coordinates":[[[35.3727046065,1.1069511186],[35.3727105998,1.1020150653],[35.3678938461,1.1069451834],[35.3727046065,1.1069511186]]]}},{"type":"Feature","properties":{"country":"Kenya","country_code":"KEN","species_name":"Eucalyptus_grandis","genus":"Eucalyptus","species":"grandis","suitability_name":"Marginally suitable","suitability_rank":3,"source_layer":"KCFP_SSMT_Kenya","tz":null,"soil_description":null},"geometry":{"type":"Polygon","coordinates":[[[35.3477413129,1.1320154115],[35.3477468772,1.1275654744],[35.3434042906,1.1320099031],[35.3477413129,1.1320154115]]]}},{"type":"Feature","properties":{"country":"Kenya","country_code":"KEN","species_name":"Eucalyptus_grandis","genus":"Eucalyptus","species":"grandis","suitability_name":"Marginally suitable","suitability_rank":3,"source_layer":"KCFP_SSMT_Kenya","tz":null,"soil_description":null},"geometry":{"type":"Polygon","coordinates":[[[35.3394201203,1.1403698157],[35.3394263172,1.1354606325],[35.3328996965,1.1403614507],[35.3394201203,1.1403698157]]]}},{"type":"Feature","properties":{"country":"Kenya","country_code":"KEN","species_name":"Eucalyptus_grandis","genus":"Eucalyptus","species":"grandis","suitability_name":"Marginally suitable","suitability_rank":3,"source_layer":"KCFP_SSMT_Kenya","tz":null,"soil_description":null},"geometry":{"type":"Polygon","coordinates":[[[35.3058666842,1.3661957135],[35.2975556596,1.3661828216],[35.297568443,1.3578182343],[35.2729717241,1.3577801488],[35.2800167636,1.3656407749],[35.2832090194,1.3912539092],[35.305827949,1.3912897062],[35.3058666842,1.3661957135]]]}},{"type":"Feature","properties":{"country":"Kenya","country_code":"KEN","species_name":"Eucalyptus_grandis","genus":"Eucalyptus","species":"grandis","suitability_name":"Marginally suitable","suitability_rank":3,"source_layer":"KCFP_SSMT_Kenya","tz":null,"soil_description":null},"geometry":{"type":"Polygon","coordinates":[[[35.3057618221,1.4331130151],[35.3140731589,1.4331265066],[35.314086512,1.4247617683],[35.3057752043,1.4247483546],[35.3057885072,1.4163836933],[35.2891661886,1.4163569339],[35.2891794731,1.4079924301],[35.2808684597,1.4079790858],[35.2808884279,1.3953408288],[35.2594629864,1.4079445772],[35.2642466724,1.4079523054],[35.2642198474,1.4246808355],[35.2725307604,1.4246943994],[35.2725172584,1.433058743],[35.2808282813,1.4330723563],[35.2808010996,1.4498011994],[35.2891122627,1.4498149411],[35.2890985843,1.4581794413],[35.305721205,1.4582069912],[35.3057618221,1.4331130151]]]}},{"type":"Feature","properties":{"country":"Kenya","country_code":"KEN","species_name":"Eucalyptus_grandis","genus":"Eucalyptus","species":"grandis","suitability_name":"Marginally suitable","suitability_rank":3,"source_layer":"KCFP_SSMT_Kenya","tz":null,"soil_description":null},"geometry":{"type":"Polygon","coordinates":[[[35.3555638431,1.4750191564],[35.3389401617,1.4749916635],[35.338926433,1.4833566336],[35.3472382659,1.4833704728],[35.3472244906,1.4917355211],[35.3638484503,1.491763262],[35.3638621633,1.4833980599],[35.3555501763,1.4833842815],[35.3555638431,1.4750191564]]]}},{"type":"Feature","properties":{"country":"Kenya","country_code":"KEN","species_name":"Eucalyptus_grandis","genus":"Eucalyptus","species":"grandis","suitability_name":"Marginally suitable","suitability_rank":3,"source_layer":"KCFP_SSMT_Kenya","tz":null,"soil_description":null},"geometry":{"type":"Polygon","coordinates":[[[35.3721190391,1.516872922],[35.3804313069,1.5168869464],[35.3804589924,1.5001562352],[35.3721467878,1.5001423647],[35.3721605466,1.4917770858],[35.3638484503,1.491763262],[35.3638207928,1.5084936649],[35.3721329519,1.5085076446],[35.3721190391,1.516872922]]]}},{"type":"Feature","properties":{"country":"Kenya","country_code":"KEN","species_name":"Eucalyptus_grandis","genus":"Eucalyptus","species":"grandis","suitability_name":"Marginally suitable","suitability_rank":3,"source_layer":"KCFP_SSMT_Kenya","tz":null,"soil_description":null},"geometry":{"type":"Polygon","coordinates":[[[35.2806313833,1.5501741953],[35.2889429218,1.5501888889],[35.2889574667,1.5418243972],[35.2972690525,1.541838979],[35.2972834865,1.5334744083],[35.280660459,1.5334453708],[35.2806313833,1.5501741953]]]}},{"type":"Feature","properties":{"country":"Kenya","country_code":"KEN","species_name":"Eucalyptus_grandis","genus":"Eucalyptus","species":"grandis","suitability_name":"Marginally suitable","suitability_rank":3,"source_layer":"KCFP_SSMT_Kenya","tz":null,"soil_description":null},"geometry":{"type":"Polygon","coordinates":[[[35.3719847253,1.5921603783],[35.363677873,1.5921456348],[35.3636631991,1.6004865823],[35.3636334923,1.6172412088],[35.3553209845,1.6172261876],[35.3553060022,1.6255913002],[35.3386811959,1.6255366582],[35.3386962023,1.6171960438],[35.3303839272,1.6171809203],[35.330368887,1.6255214567],[35.3137444589,1.6255152921],[35.3137292284,1.6338800107],[35.3054171205,1.6338646282],[35.3053964016,1.642229258],[35.2970897126,1.6422137711],[35.2970743018,1.6505538954],[35.2970431544,1.6672829496],[35.2970274166,1.6756720088],[35.3014088306,1.6756803482],[35.3053396204,1.6756878215],[35.3053149184,1.6888003883],[35.3053080703,1.6924170927],[35.3072731188,1.6924208639],[35.3136204231,1.6924330286],[35.3135886313,1.7091624538],[35.3219011337,1.7091785104],[35.3218851563,1.7175433008],[35.3301977718,1.7175593989],[35.3302137142,1.709194531],[35.3385263718,1.7092105155],[35.338557996,1.692456021],[35.3385736221,1.6841156698],[35.3468807167,1.6841313726],[35.3468862526,1.6841313839],[35.3468862984,1.6841068177],[35.346901811,1.6757663552],[35.3552144829,1.675781956],[35.3551990036,1.6841224952],[35.3551989588,1.6841470626],[35.3635061428,1.6841626951],[35.3635117434,1.6841627057],[35.3634749341,1.7008930602],[35.3551676783,1.7008772723],[35.3551360881,1.7176074785],[35.3634434156,1.7176234219],[35.3634490144,1.7176234326],[35.3634331864,1.7259638843],[35.3551201769,1.7259725808],[35.3551041883,1.7343376821],[35.3717302638,1.7343698638],[35.3717461798,1.726004608],[35.3800593442,1.7259958391],[35.3800751003,1.717655232],[35.3883882587,1.7176710774],[35.3883566954,1.7343771403],[35.3883407272,1.7427673104],[35.3966483437,1.7427833405],[35.3966540711,1.7427833506],[35.3966381583,1.7511240122],[35.3966220739,1.7595143228],[35.4087987327,1.7595379754],[35.4132491372,1.7595466001],[35.4132637434,1.7518941742],[35.4132809884,1.7428153217],[35.4185609377,1.7428254431],[35.4215945605,1.7428312507],[35.4216044054,1.7376149238],[35.4216260797,1.7260750867],[35.4216572022,1.7093683773],[35.4299648506,1.7093839541],[35.4299707056,1.7093839651],[35.4299707521,1.7093592991],[35.4299861411,1.7010181687],[35.4382937972,1.7010336324],[35.4382996845,1.7010336443],[35.4382997298,1.7010090096],[35.4383454281,1.6759360186],[35.43003199,1.6759207715],[35.430016782,1.6842865714],[35.4217033853,1.6842712125],[35.4217338384,1.6675152612],[35.4217788371,1.6424425878],[35.4229317008,1.642444666],[35.4300920603,1.6424575641],[35.4301010326,1.6340917504],[35.4217936995,1.63407686],[35.4218085288,1.6256867879],[35.421809236,1.6252855663],[35.4218378306,1.6089796715],[35.4218320073,1.6089796621],[35.4135248207,1.6089649657],[35.4135539286,1.5922336574],[35.4218610482,1.5922482001],[35.4218793481,1.5850055653],[35.4219098626,1.5671510104],[35.4135970192,1.5671366861],[35.4135953548,1.5681135255],[35.4135769401,1.575502334],[35.4052699307,1.5754879109],[35.405284251,1.5671223306],[35.395498277,1.5671053874],[35.3896325768,1.5670952087],[35.3886589853,1.5670694008],[35.3886599547,1.5665040851],[35.3886732543,1.5587280905],[35.3803607484,1.5587137121],[35.3803560531,1.5614572774],[35.3803464476,1.5670549463],[35.3803464062,1.5670790621],[35.380340743,1.5670790522],[35.3720339444,1.5670645743],[35.3720195341,1.5754056981],[35.372019183,1.5756084125],[35.3719847253,1.5921603783]],[[35.3883883051,1.7176463818],[35.3884039479,1.7093056653],[35.3883982529,1.7093056545],[35.3800908264,1.7092898971],[35.3800908726,1.7092652324],[35.3801064746,1.7009245604],[35.380100812,1.7009245506],[35.3717934657,1.7009088345],[35.3718498035,1.667447779],[35.3635426431,1.667432337],[35.3635676805,1.6506775152],[35.3635426881,1.6674078335],[35.3635884156,1.6423367763],[35.3719011022,1.6423519969],[35.3719393513,1.6210340279],[35.3808268831,1.6084112022],[35.3802786165,1.6060280823],[35.380317491,1.5838097615],[35.3886300957,1.5838243715],[35.3885566309,1.625651491],[35.380243858,1.6256364941],[35.3802289008,1.6340018385],[35.405167551,1.6340469539],[35.4051526627,1.6423881223],[35.4051225279,1.6591436753],[35.4051167692,1.6591436648],[35.3968094649,1.6591284396],[35.3967789984,1.6758594292],[35.3884659421,1.6758440053],[35.388450558,1.6842094218],[35.3967636504,1.6842249228],[35.3967482258,1.6925904146],[35.4216822435,1.6926369245],[35.4216880679,1.6926369353],[35.4216668491,1.7010026463],[35.413359281,1.7009871089],[35.413343774,1.7093527534],[35.4050304228,1.7093370934],[35.4050148036,1.7177026603],[35.3966957655,1.7176868766],[35.3883882587,1.7176710774],[35.3883883051,1.7176463818]],[[35.3469632726,1.6423062337],[35.3469480682,1.6506468268],[35.3386355347,1.6506558631],[35.3386355794,1.6506314253],[35.3386508173,1.6422909091],[35.3469632726,1.6423062337]],[[35.3386201734,1.6590208154],[35.3303077267,1.6590053014],[35.3303077718,1.6589808313],[35.3303231218,1.6506404265],[35.3386300313,1.6506558529],[35.3386355347,1.6506558631],[35.3386201734,1.6590208154]],[[35.3302922528,1.6673701755],[35.3219798492,1.6673545472],[35.3219953579,1.6589897516],[35.3303077267,1.6590053014],[35.3302922528,1.6673701755]],[[35.4049991099,1.7260682255],[35.4049833857,1.7344090287],[35.3966699558,1.7344178641],[35.3966857622,1.7260523758],[35.4049933502,1.7260682145],[35.4049991099,1.7260682255]]]}},{"type":"Feature","properties":{"country":"Kenya","country_code":"KEN","species_name":"Eucalyptus_grandis","genus":"Eucalyptus","species":"grandis","suitability_name":"Marginally suitable","suitability_rank":3,"source_layer":"KCFP_SSMT_Kenya","tz":null,"soil_description":null},"geometry":{"type":"Polygon","coordinates":[[[35.3717935117,1.7008842025],[35.3718554346,1.6674477894],[35.3718498035,1.667447779],[35.3717935117,1.7008842025]]]}},{"type":"Feature","properties":{"country":"Kenya","country_code":"KEN","species_name":"Eucalyptus_grandis","genus":"Eucalyptus","species":"grandis","suitability_name":"Marginally suitable","suitability_rank":3,"source_layer":"KCFP_SSMT_Kenya","tz":null,"soil_description":null},"geometry":{"type":"Polygon","coordinates":[[[35.2715256113,1.9516208141],[35.2715753003,1.9265535262],[35.2632675279,1.9265351938],[35.2632309208,1.9432380531],[35.2632308637,1.9432636154],[35.2632256488,1.9432636038],[35.2549178415,1.9432450693],[35.2548994071,1.9515836055],[35.2548807779,1.959973328],[35.2631938818,1.9599920331],[35.2632124124,1.9516278243],[35.2715203076,1.9516463975],[35.2715256113,1.9516208141]]]}},{"type":"Feature","properties":{"country":"Kenya","country_code":"KEN","species_name":"Eucalyptus_grandis","genus":"Eucalyptus","species":"grandis","suitability_name":"Marginally suitable","suitability_rank":3,"source_layer":"KCFP_SSMT_Kenya","tz":null,"soil_description":null},"geometry":{"type":"Polygon","coordinates":[[[35.2298381887,2.0057020952],[35.2298281556,2.0100744521],[35.229808841,2.0184641517],[35.2366859225,2.0184801967],[35.2381219966,2.0184835436],[35.2381313872,2.0143999203],[35.2381412097,2.0101195822],[35.239646457,2.0101230744],[35.246454404,2.0101388522],[35.2464734951,2.0017748096],[35.2547867262,2.0017939562],[35.2548056966,1.9934298316],[35.2631137494,1.9934488451],[35.2631190235,1.9934231015],[35.2631752718,1.9683562408],[35.2548569432,1.9683374442],[35.246549062,1.9683186295],[35.2465302899,1.9766826763],[35.2382172637,1.9766637272],[35.238179397,1.9933916572],[35.2298663666,1.9933725065],[35.2298381887,2.0057020952]]]}},{"type":"Feature","properties":{"country":"Kenya","country_code":"KEN","species_name":"Eucalyptus_grandis","genus":"Eucalyptus","species":"grandis","suitability_name":"Marginally suitable","suitability_rank":3,"source_layer":"KCFP_SSMT_Kenya","tz":null,"soil_description":null},"geometry":{"type":"Polygon","coordinates":[[[35.3921574955,-1.7752548747],[35.4215366203,-1.7701889312],[35.4313178025,-1.7685021803],[35.4335319168,-1.7708300604],[35.4370059801,-1.7744826336],[35.4319357594,-1.7801517108],[35.4129164561,-1.7868370647],[35.3921574955,-1.7752548747]]]}},{"type":"Feature","properties":{"country":"Kenya","country_code":"KEN","species_name":"Eucalyptus_grandis","genus":"Eucalyptus","species":"grandis","suitability_name":"Marginally suitable","suitability_rank":3,"source_layer":"KCFP_SSMT_Kenya","tz":null,"soil_description":null},"geometry":{"type":"Polygon","coordinates":[[[35.47322343,-1.7653886139],[35.4633688829,-1.7666826475],[35.4476262813,-1.7581128896],[35.4291444077,-1.7474723521],[35.4342052578,-1.7415699448],[35.4469425622,-1.735665313],[35.4578203185,-1.7339851186],[35.4749817015,-1.7354778378],[35.4806731211,-1.7412340256],[35.4805974522,-1.7556377226],[35.47322343,-1.7653886139]]]}},{"type":"Feature","properties":{"country":"Kenya","country_code":"KEN","species_name":"Eucalyptus_grandis","genus":"Eucalyptus","species":"grandis","suitability_name":"Marginally suitable","suitability_rank":3,"source_layer":"KCFP_SSMT_Kenya","tz":null,"soil_description":null},"geometry":{"type":"Polygon","coordinates":[[[35.4382955315,-1.7000888403],[35.4488040862,-1.6908767828],[35.4516153832,-1.6962479183],[35.4570886303,-1.6994837309],[35.4722222806,-1.6948061025],[35.4806906652,-1.6950991825],[35.484269486,-1.6872648412],[35.4857881258,-1.6839403362],[35.4826396056,-1.6718157825],[35.4860016606,-1.6621690803],[35.486134663,-1.6617874493],[35.4849507217,-1.6585591613],[35.5001865601,-1.6445349115],[35.5149125316,-1.6288779492],[35.5257490155,-1.6150249405],[35.5342352706,-1.6083300796],[35.5353845721,-1.6100695765],[35.5454439411,-1.6126570517],[35.5550744705,-1.6095312273],[35.5662403546,-1.6194372436],[35.5818122468,-1.6186406114],[35.585454476,-1.6227739043],[35.5712133183,-1.6318039254],[35.5517005837,-1.6428539874],[35.551526331,-1.6307454302],[35.5451380052,-1.6263622836],[35.5364253953,-1.6306355127],[35.5255983991,-1.6440311228],[35.5206823662,-1.663415324],[35.5189683406,-1.6848699543],[35.510452877,-1.6946313408],[35.5030155902,-1.7149036742],[35.4931375105,-1.7219115624],[35.4650274131,-1.7132478066],[35.4632125035,-1.7132572696],[35.4467213182,-1.7133431749],[35.4379052461,-1.7082339436],[35.4369292018,-1.7032209909],[35.4382955315,-1.7000888403]]]}},{"type":"Feature","properties":{"country":"Kenya","country_code":"KEN","species_name":"Eucalyptus_grandis","genus":"Eucalyptus","species":"grandis","suitability_name":"Marginally suitable","suitability_rank":3,"source_layer":"KCFP_SSMT_Kenya","tz":null,"soil_description":null},"geometry":{"type":"Polygon","coordinates":[[[35.4604824481,-1.5320857106],[35.4654909944,-1.5369261783],[35.4604097329,-1.5455654088],[35.4434280474,-1.5545779356],[35.4276732214,-1.5480655062],[35.4181276919,-1.534295035],[35.4211279013,-1.5297467349],[35.4302813809,-1.5286759961],[35.4465098518,-1.5338146921],[35.446898738,-1.5337665728],[35.4604824481,-1.5320857106]]]}},{"type":"Feature","properties":{"country":"Kenya","country_code":"KEN","species_name":"Eucalyptus_grandis","genus":"Eucalyptus","species":"grandis","suitability_name":"Marginally suitable","suitability_rank":3,"source_layer":"KCFP_SSMT_Kenya","tz":null,"soil_description":null},"geometry":{"type":"Polygon","coordinates":[[[35.4107749379,-1.4967763798],[35.408508695,-1.4912801788],[35.4092258646,-1.4844372041],[35.4152212983,-1.4762550939],[35.4257679512,-1.4724467783],[35.4305448307,-1.4777353652],[35.4263709282,-1.4895846411],[35.4233621474,-1.4950478652],[35.414416123,-1.4986308586],[35.4107749379,-1.4967763798]]]}},{"type":"Feature","properties":{"country":"Kenya","country_code":"KEN","species_name":"Eucalyptus_grandis","genus":"Eucalyptus","species":"grandis","suitability_name":"Marginally suitable","suitability_rank":3,"source_layer":"KCFP_SSMT_Kenya","tz":null,"soil_description":null},"geometry":{"type":"Polygon","coordinates":[[[35.4553473397,-1.452950584],[35.4553421333,-1.4562826537],[35.4521465113,-1.4600823919],[35.4505584903,-1.4613090342],[35.4470214998,-1.4613034013],[35.4470346249,-1.452937428],[35.4553473397,-1.452950584]]]}},{"type":"Feature","properties":{"country":"Kenya","country_code":"KEN","species_name":"Eucalyptus_grandis","genus":"Eucalyptus","species":"grandis","suitability_name":"Marginally suitable","suitability_rank":3,"source_layer":"KCFP_SSMT_Kenya","tz":null,"soil_description":null},"geometry":{"type":"Polygon","coordinates":[[[35.437191282,-1.4445559049],[35.4387422715,-1.4399294158],[35.4387350657,-1.4445583432],[35.437191282,-1.4445559049]]]}},{"type":"Feature","properties":{"country":"Kenya","country_code":"KEN","species_name":"Eucalyptus_grandis","genus":"Eucalyptus","species":"grandis","suitability_name":"Marginally suitable","suitability_rank":3,"source_layer":"KCFP_SSMT_Kenya","tz":null,"soil_description":null},"geometry":{"type":"Polygon","coordinates":[[[35.4534562568,-1.4283422754],[35.4571384025,-1.4244835494],[35.4612501662,-1.42543165],[35.4568333732,-1.4397839785],[35.4510526682,-1.4511684119],[35.4432620599,-1.452939769],[35.442861589,-1.4412811496],[35.4488677866,-1.431053561],[35.4534562568,-1.4283422754]]]}},{"type":"Feature","properties":{"country":"Kenya","country_code":"KEN","species_name":"Eucalyptus_grandis","genus":"Eucalyptus","species":"grandis","suitability_name":"Marginally suitable","suitability_rank":3,"source_layer":"KCFP_SSMT_Kenya","tz":null,"soil_description":null},"geometry":{"type":"Polygon","coordinates":[[[35.4892822813,-0.9091887506],[35.4966655261,-0.9091959792],[35.4941446963,-0.9144118502],[35.4708107892,-0.9411717082],[35.4556083565,-0.9532551431],[35.4404309105,-0.9621232195],[35.4246078703,-0.967306745],[35.4127352084,-0.9630826574],[35.4149191771,-0.9490699081],[35.42375188,-0.9321057118],[35.4394031715,-0.9210955932],[35.4393940968,-0.9301825802],[35.4446142423,-0.9271887606],[35.4706649723,-0.9039034814],[35.4799534114,-0.892446971],[35.4726756557,-0.8924399445],[35.4726676386,-0.9008061838],[35.4643564019,-0.9007980674],[35.4643482909,-0.9091642309],[35.4547797937,-0.909154775],[35.4686970818,-0.8944399793],[35.4821591487,-0.8740115573],[35.4952904712,-0.8641843269],[35.4976372694,-0.8629246673],[35.4976313193,-0.8693990719],[35.5064271455,-0.8582065851],[35.508834215,-0.8551439995],[35.5114198231,-0.8518458176],[35.5218625493,-0.8366972046],[35.5308652517,-0.8275342901],[35.5377490389,-0.8257342068],[35.5392213525,-0.8264276426],[35.5432150703,-0.8283086216],[35.5403603102,-0.8407425654],[35.5392075523,-0.8422026953],[35.5391170481,-0.8423173311],[35.5325161526,-0.8506781722],[35.5137640242,-0.874522468],[35.5048472877,-0.8840648865],[35.4887663297,-0.9010289125],[35.4726392798,-0.9237238751],[35.4709107438,-0.9259031633],[35.4726371241,-0.9259048948],[35.480954507,-0.9259132249],[35.4809627294,-0.9175469117],[35.4892741537,-0.9175551411],[35.4892822813,-0.9091887506]],[[35.4643235088,-0.9342627203],[35.4643235636,-0.9342079653],[35.4642801678,-0.9342626763],[35.4643235088,-0.9342627203]],[[35.4809948721,-0.8840816517],[35.480988163,-0.8911706674],[35.4829364617,-0.888767546],[35.4864806632,-0.8840868874],[35.4809948721,-0.8840816517]]]}},{"type":"Feature","properties":{"country":"Kenya","country_code":"KEN","species_name":"Eucalyptus_grandis","genus":"Eucalyptus","species":"grandis","suitability_name":"Marginally suitable","suitability_rank":3,"source_layer":"KCFP_SSMT_Kenya","tz":null,"soil_description":null},"geometry":{"type":"Polygon","coordinates":[[[35.4477177815,-0.9175138004],[35.444499275,-0.9175105783],[35.4477200203,-0.9152448199],[35.4477177815,-0.9175138004]]]}},{"type":"Feature","properties":{"country":"Kenya","country_code":"KEN","species_name":"Eucalyptus_grandis","genus":"Eucalyptus","species":"grandis","suitability_name":"Marginally suitable","suitability_rank":3,"source_layer":"KCFP_SSMT_Kenya","tz":null,"soil_description":null},"geometry":{"type":"Polygon","coordinates":[[[35.4491298064,-0.7857067099],[35.4644593532,-0.7797843989],[35.4649692245,-0.7795874154],[35.4659171457,-0.7836880315],[35.4669442647,-0.7881313294],[35.4644497239,-0.7912279611],[35.4637856156,-0.7920523562],[35.4623237756,-0.7938670138],[35.4498612358,-0.8048437773],[35.4249867687,-0.8231208658],[35.4146890763,-0.823285644],[35.4122310505,-0.8165802969],[35.4166345446,-0.8103836426],[35.428633478,-0.8000959559],[35.4491298064,-0.7857067099]]]}},{"type":"Feature","properties":{"country":"Kenya","country_code":"KEN","species_name":"Eucalyptus_grandis","genus":"Eucalyptus","species":"grandis","suitability_name":"Marginally suitable","suitability_rank":3,"source_layer":"KCFP_SSMT_Kenya","tz":null,"soil_description":null},"geometry":{"type":"Polygon","coordinates":[[[35.4095314379,-0.6152820911],[35.4066270992,-0.6318699958],[35.4063980929,-0.6323958193],[35.4024219918,-0.6415252274],[35.3895819781,-0.6453613618],[35.3775190208,-0.6625665132],[35.3697363414,-0.6632096778],[35.3684726003,-0.6521314231],[35.3795814933,-0.6381410632],[35.3888976158,-0.6199885412],[35.3895340591,-0.6008601502],[35.3993709195,-0.6079543689],[35.4095314379,-0.6152820911]]]}},{"type":"Feature","properties":{"country":"Kenya","country_code":"KEN","species_name":"Eucalyptus_grandis","genus":"Eucalyptus","species":"grandis","suitability_name":"Marginally suitable","suitability_rank":3,"source_layer":"KCFP_SSMT_Kenya","tz":null,"soil_description":null},"geometry":{"type":"Polygon","coordinates":[[[35.3894664933,0.9898554544],[35.3894608,0.9898554481],[35.3894607762,0.989877344],[35.3894239494,1.0233172053],[35.397045688,1.023325842],[35.4075593757,1.0147054629],[35.4381320421,1.0028080237],[35.4507248581,0.9937259039],[35.4615522257,0.9746537766],[35.4687007558,0.9732090893],[35.4642777376,0.9732044197],[35.4642864228,0.9648382915],[35.4559810932,0.9648295829],[35.4559751438,0.9648295767],[35.4559751212,0.9648513775],[35.4559664383,0.9731956292],[35.4393440655,0.9731779867],[35.4393614821,0.9564461845],[35.4476725904,0.9564548641],[35.4476896652,0.9397229081],[35.4393785966,0.9397143803],[35.4393863972,0.9319875749],[35.4382941639,0.932790122],[35.4310734718,0.9339132948],[35.4310676036,0.9397058327],[35.422762508,0.9396972712],[35.4227566863,0.9396972652],[35.4227481049,0.9480847502],[35.4227394923,0.9564287646],[35.4144344015,0.9564200306],[35.4144286112,0.9564200245],[35.4144285886,0.9564417918],[35.4143932309,0.9898827115],[35.3894664933,0.9898554544]]]}},{"type":"Feature","properties":{"country":"Kenya","country_code":"KEN","species_name":"Eucalyptus_grandis","genus":"Eucalyptus","species":"grandis","suitability_name":"Marginally suitable","suitability_rank":3,"source_layer":"KCFP_SSMT_Kenya","tz":null,"soil_description":null},"geometry":{"type":"Polygon","coordinates":[[[35.4386465638,1.5002524366],[35.4386735049,1.483520649],[35.4303608277,1.4835071522],[35.4303338259,1.5002387885],[35.4386465638,1.5002524366]]]}},{"type":"Feature","properties":{"country":"Kenya","country_code":"KEN","species_name":"Eucalyptus_grandis","genus":"Eucalyptus","species":"grandis","suitability_name":"Marginally suitable","suitability_rank":3,"source_layer":"KCFP_SSMT_Kenya","tz":null,"soil_description":null},"geometry":{"type":"Polygon","coordinates":[[[35.4301654421,1.6006285369],[35.4248588562,1.6006192238],[35.421852389,1.6006139413],[35.4218378306,1.6089796715],[35.4238248627,1.6089831825],[35.4301509174,1.6089943434],[35.4301654421,1.6006285369]]]}},{"type":"Feature","properties":{"country":"Kenya","country_code":"KEN","species_name":"Eucalyptus_grandis","genus":"Eucalyptus","species":"grandis","suitability_name":"Marginally suitable","suitability_rank":3,"source_layer":"KCFP_SSMT_Kenya","tz":null,"soil_description":null},"geometry":{"type":"Polygon","coordinates":[[[35.4836864434,-1.777116875],[35.4876882722,-1.7758691909],[35.4953028637,-1.7874817926],[35.4911345542,-1.7968193131],[35.4875153821,-1.7993672921],[35.4824265099,-1.7981218335],[35.4796814506,-1.798100057],[35.4714429774,-1.7980346771],[35.4643259861,-1.8030137994],[35.4549478904,-1.8004239517],[35.4492964703,-1.7880488353],[35.4495083904,-1.7875928913],[35.4529984046,-1.780084063],[35.4610218307,-1.778548537],[35.4662401678,-1.7872646634],[35.4712500902,-1.7902679434],[35.4804297007,-1.7869114803],[35.4836864434,-1.777116875]]]}},{"type":"Feature","properties":{"country":"Kenya","country_code":"KEN","species_name":"Eucalyptus_grandis","genus":"Eucalyptus","species":"grandis","suitability_name":"Marginally suitable","suitability_rank":3,"source_layer":"KCFP_SSMT_Kenya","tz":null,"soil_description":null},"geometry":{"type":"Polygon","coordinates":[[[35.5391076823,-1.6861628791],[35.5446389177,-1.6800347377],[35.5515439962,-1.671179276],[35.5630018622,-1.669210305],[35.5767090324,-1.6741109808],[35.5915438265,-1.6835857934],[35.598583885,-1.6943735449],[35.5967222636,-1.7012092591],[35.5880021885,-1.7038856539],[35.580701189,-1.69949336],[35.570441708,-1.6907430658],[35.5612881041,-1.6904416802],[35.555555551,-1.6933679184],[35.5424523185,-1.7030955662],[35.5270724275,-1.7112002405],[35.5234586775,-1.7027257189],[35.5294606207,-1.6934046347],[35.5391076823,-1.6861628791]]]}},{"type":"Feature","properties":{"country":"Kenya","country_code":"KEN","species_name":"Eucalyptus_grandis","genus":"Eucalyptus","species":"grandis","suitability_name":"Marginally suitable","suitability_rank":3,"source_layer":"KCFP_SSMT_Kenya","tz":null,"soil_description":null},"geometry":{"type":"Polygon","coordinates":[[[35.5016300823,-1.5618501274],[35.5148076055,-1.5598972835],[35.5195517447,-1.5577961279],[35.5269240298,-1.5629496246],[35.5291835662,-1.569827825],[35.5287054853,-1.5741601641],[35.5192753839,-1.582084493],[35.5041408089,-1.587230923],[35.4915225566,-1.5928423063],[35.4844046264,-1.5973657881],[35.4791140574,-1.6030363607],[35.4692587516,-1.6047895518],[35.469532034,-1.5963410285],[35.4769126045,-1.5861134775],[35.4881628076,-1.5795700699],[35.492790021,-1.5700161064],[35.5016300823,-1.5618501274]]]}},{"type":"Feature","properties":{"country":"Kenya","country_code":"KEN","species_name":"Eucalyptus_grandis","genus":"Eucalyptus","species":"grandis","suitability_name":"Marginally suitable","suitability_rank":3,"source_layer":"KCFP_SSMT_Kenya","tz":null,"soil_description":null},"geometry":{"type":"Polygon","coordinates":[[[35.5139690068,-1.4548166277],[35.5185836166,-1.4477730612],[35.5264190586,-1.4368616693],[35.5408794347,-1.4285109443],[35.5488737588,-1.4331338943],[35.5428594248,-1.4442866617],[35.5357534397,-1.4465245276],[35.5265757446,-1.4519387156],[35.5192261099,-1.456454732],[35.5139690068,-1.4548166277]]]}},{"type":"Feature","properties":{"country":"Kenya","country_code":"KEN","species_name":"Eucalyptus_grandis","genus":"Eucalyptus","species":"grandis","suitability_name":"Marginally suitable","suitability_rank":3,"source_layer":"KCFP_SSMT_Kenya","tz":null,"soil_description":null},"geometry":{"type":"Polygon","coordinates":[[[35.547933231,-1.3917857571],[35.5375824762,-1.4003944602],[35.5307284515,-1.3980581646],[35.5307590774,-1.3928021921],[35.5301009219,-1.3873224666],[35.5239392509,-1.3822501958],[35.5267247574,-1.3744988973],[35.5374974221,-1.3718363758],[35.5510034578,-1.3712526762],[35.5718365655,-1.3713990734],[35.5667668709,-1.3772957423],[35.547933231,-1.3917857571]]]}},{"type":"Feature","properties":{"country":"Kenya","country_code":"KEN","species_name":"Eucalyptus_grandis","genus":"Eucalyptus","species":"grandis","suitability_name":"Marginally suitable","suitability_rank":3,"source_layer":"KCFP_SSMT_Kenya","tz":null,"soil_description":null},"geometry":{"type":"Polygon","coordinates":[[[35.4837310584,-0.9833577943],[35.4771114035,-0.981468183],[35.4778782132,-0.9713509626],[35.4855006707,-0.9633490894],[35.4982620778,-0.9544928718],[35.5040944407,-0.9558866789],[35.5129990267,-0.9580178111],[35.508323622,-0.9697194345],[35.4991004809,-0.9788609994],[35.4837310584,-0.9833577943]]]}},{"type":"Feature","properties":{"country":"Kenya","country_code":"KEN","species_name":"Eucalyptus_grandis","genus":"Eucalyptus","species":"grandis","suitability_name":"Marginally suitable","suitability_rank":3,"source_layer":"KCFP_SSMT_Kenya","tz":null,"soil_description":null},"geometry":{"type":"Polygon","coordinates":[[[35.5007070527,-0.9008334284],[35.4975956176,-0.9072714959],[35.497601796,-0.9008304218],[35.5007070527,-0.9008334284]]]}},{"type":"Feature","properties":{"country":"Kenya","country_code":"KEN","species_name":"Eucalyptus_grandis","genus":"Eucalyptus","species":"grandis","suitability_name":"Marginally suitable","suitability_rank":3,"source_layer":"KCFP_SSMT_Kenya","tz":null,"soil_description":null},"geometry":{"type":"Polygon","coordinates":[[[35.5644328056,-0.390519612],[35.5546165383,-0.3905155626],[35.5478104946,-0.3905127481],[35.5478204168,-0.3654120533],[35.5449766694,-0.3654109514],[35.5428084368,-0.3654101107],[35.5311984462,-0.3654056007],[35.5312039054,-0.3509015627],[35.5312047249,-0.3486720979],[35.5228938648,-0.3486690078],[35.5228998635,-0.3319356544],[35.5168182242,-0.3319334964],[35.5145890914,-0.3319327048],[35.514591987,-0.3235661026],[35.5149243519,-0.3235662177],[35.5229027522,-0.3235689761],[35.5229083083,-0.3068356217],[35.531219134,-0.3068383409],[35.5312217952,-0.298471588],[35.5395326881,-0.2984742277],[35.5395345209,-0.2925583211],[35.5395377775,-0.2817405744],[35.556159759,-0.2817455383],[35.5561645328,-0.2650115904],[35.5644756218,-0.2650139175],[35.5644778923,-0.256646869],[35.5727890486,-0.2566491163],[35.5727912419,-0.2482819953],[35.6060365713,-0.2482906391],[35.6060343992,-0.2566580523],[35.6143459182,-0.2566602716],[35.6143436796,-0.2650277561],[35.622655274,-0.2650300431],[35.6226529702,-0.2733975997],[35.6309646419,-0.2733999532],[35.6309669419,-0.2650323245],[35.6392786803,-0.2650346003],[35.6392830534,-0.248299199],[35.6411135786,-0.2482996678],[35.6475948515,-0.2483013258],[35.647596926,-0.2399335542],[35.6559087909,-0.2399356034],[35.65591705,-0.2031340042],[35.662260363,-0.2163718669],[35.6698343884,-0.2141131064],[35.671250237,-0.2095106936],[35.6694670075,-0.2032748892],[35.6668811991,-0.1980812798],[35.6649715939,-0.1942458683],[35.6655532697,-0.1897304106],[35.668827414,-0.1897310462],[35.6739180537,-0.1917671972],[35.6783054264,-0.187639419],[35.6821726389,-0.1897424522],[35.6840567694,-0.1980847515],[35.6841535806,-0.1985134075],[35.6893601836,-0.2057031738],[35.6936760931,-0.1980866894],[35.6947018879,-0.1962764008],[35.6936725936,-0.1831209452],[35.6909995967,-0.1745775469],[35.6857222383,-0.1756916447],[35.681855185,-0.1740595257],[35.676368022,-0.1731003722],[35.6725460631,-0.1764214664],[35.6725466655,-0.1729957923],[35.6642346935,-0.1729943214],[35.6642380986,-0.1522746318],[35.6642387635,-0.1478905723],[35.6725507289,-0.1478743077],[35.6725519375,-0.139523842],[35.680863967,-0.1395250253],[35.680864407,-0.1363588935],[35.682681398,-0.150822574],[35.6933699115,-0.1519352498],[35.6976369175,-0.1630293433],[35.7019417503,-0.1729835385],[35.7086403309,-0.188473386],[35.7262461591,-0.2064789779],[35.7224136678,-0.2064781821],[35.7224082123,-0.2315662118],[35.7224082083,-0.2315834122],[35.7224151832,-0.2315834138],[35.7307207013,-0.2315853468],[35.7307187474,-0.2399538265],[35.7390313129,-0.2399558269],[35.7390292956,-0.2483243753],[35.7473419354,-0.2483264392],[35.7473398534,-0.2566950589],[35.7556525684,-0.256697187],[35.7556504237,-0.2650658741],[35.7639632131,-0.265068066],[35.763961008,-0.2734197836],[35.7639587269,-0.28180558],[35.7722787627,-0.2818079063],[35.7805845343,-0.2818102227],[35.780582205,-0.2901621418],[35.7805797969,-0.2985480119],[35.7889000473,-0.2985504638],[35.7972059028,-0.2985529051],[35.797203449,-0.3069050249],[35.8055166056,-0.3069244421],[35.8055114982,-0.3236626414],[35.8304514264,-0.3236705266],[35.830448793,-0.33203983],[35.8387622431,-0.3320425123],[35.8387595495,-0.340411884],[35.8470730746,-0.3404146258],[35.8470674991,-0.3571535026],[35.8636947783,-0.3571592343],[35.8636994268,-0.3655288099],[35.8720056537,-0.3655317283],[35.8720027279,-0.3738847115],[35.8719997239,-0.3822710056],[35.8720072759,-0.3822710093],[35.8803135526,-0.3822740532],[35.8803105032,-0.3906271677],[35.8803041849,-0.4073831688],[35.8886181064,-0.407386408],[35.8886148601,-0.4157561791],[35.8969288554,-0.4157594761],[35.8969255519,-0.4241293124],[35.9052396219,-0.4241326677],[35.9052362615,-0.4325025709],[35.9218723608,-0.4325093869],[35.9384932324,-0.4325161609],[35.9384828693,-0.4576266593],[35.946797303,-0.4576302301],[35.9467900881,-0.4743706913],[35.9551046061,-0.4743743827],[35.9550933306,-0.4994852681],[35.9634079439,-0.4994891444],[35.9634001246,-0.5162298633],[35.9717148237,-0.5162338586],[35.9717108283,-0.5246042816],[35.9800256026,-0.5246083315],[35.980021554,-0.5329788197],[35.996651316,-0.5329870131],[35.9966430729,-0.5497282453],[36.010790284,-0.5497353986],[36.0132731363,-0.5497366495],[36.0132703728,-0.5552659768],[36.0132689419,-0.5581073945],[36.0145448369,-0.5581080472],[36.0215840804,-0.5581116429],[36.0215798345,-0.5664824505],[36.046525664,-0.5664953149],[36.0465213908,-0.5748663124],[36.0548368049,-0.5748706396],[36.0548324821,-0.5832416997],[36.06314797,-0.5832460776],[36.06313916,-0.5999883227],[36.0712397836,-0.5999926977],[36.0714547359,-0.5999928136],[36.071454624,-0.6002030558],[36.0714457021,-0.6167351829],[36.0797697202,-0.6167397907],[36.0797651317,-0.6250953455],[36.088072516,-0.6250999932],[36.0880631537,-0.6418583023],[36.0880715397,-0.6418583071],[36.0880570548,-0.6669566993],[36.0934135605,-0.6669598892],[36.0932544699,-0.6684343778],[36.0993731244,-0.6783634416],[36.0997473175,-0.6846315493],[36.1072068349,-0.6959902371],[36.1129767247,-0.6999936631],[36.1129849135,-0.700473008],[36.1129797652,-0.708829129],[36.121287408,-0.7088343401],[36.1212845411,-0.7134583441],[36.1196423157,-0.7145261123],[36.1202815259,-0.7198428127],[36.1212883536,-0.7209783815],[36.1212854438,-0.7255928209],[36.1212716027,-0.7339643677],[36.1212801174,-0.7339643732],[36.1212747398,-0.7423206835],[36.1295824723,-0.7423261241],[36.1295824624,-0.7423413658],[36.1295910095,-0.7423413723],[36.1295632458,-0.7841843518],[36.1378796665,-0.7841900894],[36.1378564171,-0.817676905],[36.1461729659,-0.8176828703],[36.1461670191,-0.8260546348],[36.1522711325,-0.8260590453],[36.1520665915,-0.824107259],[36.1521322192,-0.8178745186],[36.1481326233,-0.8040100478],[36.1462078955,-0.7894636179],[36.150605044,-0.784185667],[36.1617200007,-0.7925933737],[36.1544983485,-0.7925883817],[36.1544926001,-0.8009601757],[36.1628092027,-0.8009659841],[36.1627975692,-0.8176947402],[36.1627975587,-0.8177096922],[36.1628062337,-0.8177096984],[36.1695035197,-0.817714462],[36.1696426369,-0.8299921249],[36.1665171865,-0.8428131379],[36.1710964017,-0.8428164902],[36.171096391,-0.8428313466],[36.1711050984,-0.8428313521],[36.1710867034,-0.8679323307],[36.17939486,-0.8679385815],[36.179394849,-0.8679533413],[36.1794035888,-0.867953347],[36.1793975102,-0.876113557],[36.18065132,-0.8778298389],[36.184256662,-0.8836235049],[36.1841275163,-0.8846862206],[36.1876992867,-0.8846889494],[36.1876929373,-0.8930756747],[36.1877017087,-0.8930756823],[36.1876757709,-0.9265492694],[36.1847630486,-0.92654694],[36.185441741,-0.9370113328],[36.1753592125,-0.938323225],[36.1741806018,-0.9349104218],[36.1544010636,-0.9348943302],[36.1543874523,-0.9516379677],[36.1460705454,-0.9516310462],[36.1460774012,-0.9432592891],[36.1377605748,-0.9432524076],[36.1377327073,-0.9767391928],[36.1294158619,-0.9767320464],[36.1294087224,-0.9851036803],[36.1210919165,-0.9850964527],[36.1210990766,-0.9767248812],[36.1044656904,-0.9767104868],[36.1044799077,-0.9599675864],[36.0992761748,-0.9599631445],[36.0878468498,-0.9599533586],[36.0878539068,-0.9515820331],[36.0795374897,-0.9515749497],[36.0795514579,-0.9348324212],[36.0629188892,-0.9348184461],[36.0629462356,-0.9013338834],[36.0546301228,-0.9013271176],[36.0546368224,-0.8929560393],[36.0380048204,-0.8929425759],[36.0380114948,-0.8845716234],[36.0213797826,-0.8845582122],[36.0213864311,-0.8761873854],[36.0047550089,-0.876174027],[36.0047616298,-0.8678033283],[35.9881304986,-0.8677900241],[35.9881370932,-0.8594194524],[35.9715062531,-0.859406204],[35.9715193228,-0.8426653174],[35.9632040357,-0.8426587955],[35.9631975157,-0.8510291742],[35.9465670978,-0.8510159468],[35.9465658121,-0.842645693],[35.9465722914,-0.8342903282],[35.9382650563,-0.8342838242],[35.9382650687,-0.8342689402],[35.938257258,-0.834268934],[35.9382700694,-0.8175435146],[35.9216479909,-0.8175307098],[35.9216543498,-0.8091457082],[35.9216466048,-0.8091457023],[35.9216590919,-0.7924206393],[35.9133443288,-0.7924144055],[35.9133318071,-0.809139336],[35.9050247571,-0.8091329595],[35.9050247467,-0.8091479406],[35.8800732657,-0.8091286843],[35.880085934,-0.792389303],[35.8634571328,-0.7923766512],[35.8634634003,-0.7840070936],[35.8468348985,-0.7839945092],[35.846847298,-0.7672556625],[35.830219129,-0.767243281],[35.8302252618,-0.7588739917],[35.8219112941,-0.7588678458],[35.8219173737,-0.750498623],[35.7969759236,-0.7504802909],[35.7969819845,-0.7421112731],[35.7637277321,-0.7420868834],[35.7637397712,-0.7253493968],[35.7471131184,-0.7253373851],[35.7471190653,-0.7169687798],[35.7388058583,-0.7169628205],[35.7387998964,-0.7253313562],[35.7304867417,-0.7253253121],[35.7304806952,-0.7336937785],[35.7387938652,-0.7336998915],[35.7387815952,-0.7504369611],[35.7221552642,-0.7504244384],[35.7221614651,-0.7420560435],[35.7138484195,-0.7420498285],[35.7138606425,-0.7253131778],[35.7055476974,-0.7253070876],[35.705566584,-0.708570581],[35.7138725875,-0.7085765256],[35.7138784554,-0.700208199],[35.7221914361,-0.7001986668],[35.7221972196,-0.6918302382],[35.7222029335,-0.6834618073],[35.7222211185,-0.6667404778],[35.7305271357,-0.6667305173],[35.730532616,-0.6583775749],[35.722226623,-0.6583720794],[35.7222304498,-0.6416352769],[35.7139245222,-0.6416299075],[35.7056116881,-0.6416245201],[35.7056101011,-0.6332562566],[35.7139228885,-0.6332615738],[35.7139281298,-0.6248932441],[35.7056153645,-0.6248723101],[35.7056205471,-0.6165040188],[35.7056256521,-0.6081514777],[35.6973129719,-0.6081463585],[35.6973180284,-0.5997781678],[35.6806929054,-0.5997680332],[35.6807028579,-0.5830319355],[35.6723904268,-0.5830269907],[35.6724001226,-0.5662910338],[35.647463325,-0.5662765536],[35.6474728077,-0.5495410226],[35.6308486796,-0.5495315973],[35.6308624369,-0.5244287308],[35.639174432,-0.5244332332],[35.6391832252,-0.5076978438],[35.6474952699,-0.5077021936],[35.6474995498,-0.499334426],[35.6391875157,-0.4993301497],[35.6391917331,-0.4909624534],[35.6475037569,-0.4909666599],[35.6475078937,-0.4825988926],[35.6391958801,-0.4825947588],[35.6392039612,-0.4658593669],[35.6308920379,-0.4658553657],[35.630899853,-0.4491201166],[35.6225880204,-0.4491162505],[35.6225918296,-0.4407486976],[35.6142800798,-0.4407448942],[35.6142762603,-0.4491123749],[35.6059645721,-0.4491084898],[35.6059606722,-0.4574758988],[35.5893374928,-0.457467954],[35.5893414117,-0.4491006922],[35.5727185408,-0.4490928557],[35.5727146029,-0.4574599724],[35.5560920046,-0.4574519513],[35.5560998444,-0.4407180101],[35.5644110888,-0.4407218795],[35.5644148904,-0.4323548356],[35.5893490325,-0.432366166],[35.589351086,-0.4277468316],[35.589359921,-0.4072643752],[35.5759082185,-0.4072586262],[35.5644258582,-0.4072537026],[35.5644309633,-0.3950261604],[35.5644328056,-0.390519612]],[[35.946758641,-0.5413325263],[35.9439236492,-0.5413310874],[35.9135008775,-0.541315561],[35.9135172961,-0.5078356956],[35.9063496004,-0.507832243],[35.9052030617,-0.50783169],[35.9052108998,-0.4910918874],[35.888582672,-0.4910841091],[35.8885939947,-0.4659748011],[35.8802800107,-0.4659710951],[35.880287248,-0.4492316884],[35.8636595164,-0.4492245169],[35.8636630549,-0.440854946],[35.8553492977,-0.4408514135],[35.8553527788,-0.4324819104],[35.8387254822,-0.4324749504],[35.8387289155,-0.4241055817],[35.8207109901,-0.424098145],[35.8137885016,-0.4240952766],[35.8137905197,-0.4191378903],[35.8137918942,-0.4157261101],[35.8088833638,-0.4157241127],[35.7971653067,-0.4157193317],[35.7971685595,-0.4075745117],[35.797168649,-0.4073503025],[35.7968460799,-0.4073501733],[35.7888554653,-0.4073469695],[35.7888576509,-0.4017929504],[35.7888619618,-0.3906090464],[35.7805488638,-0.3906058413],[35.7805520166,-0.3822369486],[35.7722389951,-0.3822338049],[35.7722420893,-0.3738649809],[35.7556162678,-0.3738588058],[35.7556193072,-0.3654901189],[35.7473065083,-0.3654870889],[35.7473094865,-0.3571184721],[35.7389967641,-0.3571155039],[35.7389996816,-0.3487469574],[35.7146674154,-0.3487384295],[35.7140619498,-0.3487382165],[35.7140560007,-0.3654748926],[35.7306811149,-0.3654810057],[35.7306749182,-0.3822179602],[35.7389875956,-0.382221146],[35.7389811907,-0.3988265209],[35.7389811388,-0.3989582391],[35.7306684441,-0.3989549148],[35.7306651031,-0.4073233904],[35.7389778062,-0.4073267845],[35.7389673923,-0.4324324221],[35.7555930578,-0.4324396014],[35.7555858069,-0.4491769699],[35.7638987602,-0.4491806843],[35.7638950419,-0.4575494374],[35.7722080733,-0.4575532113],[35.7722042952,-0.4659220342],[35.7888305854,-0.4659296895],[35.7888267585,-0.4742986497],[35.7971400144,-0.4743025315],[35.7971281564,-0.4994096134],[35.8054415118,-0.4994136893],[35.8054414591,-0.4995208378],[35.8043662324,-0.4995578203],[35.7943575683,-0.5186446911],[35.7836769089,-0.535640186],[35.7778171832,-0.5499026655],[35.7780255595,-0.5533617584],[35.7832644766,-0.5552380298],[35.7907053527,-0.5426033505],[35.7965123497,-0.5334121571],[35.8041746893,-0.5207768204],[35.8058932021,-0.516152112],[35.8137467319,-0.5161560827],[35.8137382583,-0.5328944079],[35.8303653941,-0.5329030518],[35.8303566946,-0.5496416475],[35.8469841449,-0.5496505165],[35.846979718,-0.558019949],[35.8552935561,-0.5580244333],[35.8552890731,-0.5663939328],[35.8636029898,-0.5663984725],[35.8635891797,-0.5915071705],[35.8802172827,-0.5915166147],[35.8802125722,-0.5998863138],[35.8968409659,-0.599895841],[35.8968362136,-0.6082656727],[35.9051505212,-0.6082704826],[35.9051443561,-0.6189897708],[35.8826194835,-0.6027094602],[35.8780526531,-0.6008319293],[35.8743288328,-0.6081912096],[35.8766964416,-0.6245808491],[35.8818201081,-0.6333504363],[35.8821106655,-0.6338477537],[35.8887420057,-0.6341195671],[35.8906424644,-0.6333557778],[35.8960907557,-0.6311661083],[35.896171752,-0.6333591164],[35.8962784008,-0.636246838],[35.8973565161,-0.6429385223],[35.9014393956,-0.6471173933],[35.9069862783,-0.6411594383],[35.9140269684,-0.6472001323],[35.9181351422,-0.6488430235],[35.9236450573,-0.6461093947],[35.9346183224,-0.6482593188],[35.9341213428,-0.6333975341],[35.9383939543,-0.6334000791],[35.9383988382,-0.6250299181],[35.9521231225,-0.6250379613],[35.955028224,-0.6250396601],[35.9550267784,-0.627544005],[35.9550236314,-0.6329581498],[35.9525928432,-0.6350021052],[35.95533093,-0.6458673895],[35.9565822461,-0.6493256718],[35.9512361065,-0.6580552304],[35.9543661833,-0.6661574998],[35.9550038192,-0.6660329161],[35.9550032917,-0.6668911095],[35.9633181499,-0.666896285],[35.9633024572,-0.6920073457],[35.9716174227,-0.6920127014],[35.9716066681,-0.7087535365],[35.9799217264,-0.7087590068],[35.9799162685,-0.7171294884],[35.9882314068,-0.7171350082],[35.9882203274,-0.7338760993],[35.9965355601,-0.7338817324],[35.99652994,-0.7422523417],[36.0048452519,-0.7422580234],[36.004833852,-0.758999369],[36.013149259,-0.7590051637],[36.0131434797,-0.7673758989],[36.0214589653,-0.7673817414],[36.02144725,-0.784123339],[36.0297628323,-0.7841292915],[36.0297592354,-0.789211868],[36.0297568959,-0.7925001537],[36.0336708965,-0.7925029795],[36.0380725579,-0.7925061529],[36.0380697814,-0.7964018717],[36.0380665751,-0.8008770791],[36.042728313,-0.8008804694],[36.0463823167,-0.8008831238],[36.0463788188,-0.805750665],[36.0463640425,-0.8259960878],[36.054679898,-0.8260023047],[36.0546736986,-0.8343733546],[36.0629896341,-0.8343796177],[36.0629833898,-0.8427507301],[36.0546674367,-0.8427444041],[36.0546611123,-0.8511154541],[36.0629770832,-0.8511218429],[36.0629707142,-0.8594929544],[36.0712867654,-0.859499387],[36.0712803522,-0.8678705608],[36.0877642075,-0.8678833829],[36.0879126774,-0.8678834981],[36.087910836,-0.8702857503],[36.0878931756,-0.8929973922],[36.0899703998,-0.8929990494],[36.0962094865,-0.8930040188],[36.096196214,-0.9097467364],[36.1045126245,-0.9097534699],[36.104505915,-0.91812489],[36.1211389595,-0.9181384199],[36.121125433,-0.9348815056],[36.137758799,-0.934895204],[36.1377722583,-0.9181373079],[36.1377788794,-0.9097802077],[36.1294622241,-0.9097735512],[36.129468815,-0.9014019458],[36.1211522397,-0.9013953324],[36.1211587999,-0.8930091266],[36.1211589492,-0.8928174204],[36.1211652876,-0.8846375501],[36.1211948199,-0.8454820795],[36.1211968088,-0.842779658],[36.1212029189,-0.8344229656],[36.1140249795,-0.8344176684],[36.112895034,-0.8344168331],[36.1128877724,-0.8327405302],[36.1128926386,-0.826030421],[36.1128986438,-0.8176738543],[36.1045908216,-0.8176678258],[36.1046116156,-0.7758106902],[36.1046200665,-0.7758106961],[36.1129278042,-0.775816415],[36.1129445649,-0.7507019475],[36.1046368753,-0.7506964146],[36.1046284244,-0.750696408],[36.1046393327,-0.7339382775],[36.1046446808,-0.7255821226],[36.0963370659,-0.7255767595],[36.0963392073,-0.7088340183],[36.0880232666,-0.7088287578],[36.0880336093,-0.6920861459],[36.0797177599,-0.692080995],[36.0797228623,-0.6836942839],[36.079727884,-0.6753385064],[36.0714204474,-0.6753334708],[36.0714121253,-0.6753334658],[36.0714220386,-0.6585755382],[36.0714268883,-0.6502199179],[36.0631195242,-0.6502150559],[36.0631160438,-0.6418439304],[36.0464931745,-0.6418342861],[36.0464849486,-0.6418342813],[36.0464752203,-0.6585607073],[36.0464752112,-0.6585762705],[36.0298524732,-0.6585663188],[36.0215370867,-0.6585613197],[36.0215289571,-0.6585613148],[36.0215339075,-0.650174916],[36.0215387765,-0.6418197058],[36.0132316093,-0.6418148249],[36.013223512,-0.6418148202],[36.0132283493,-0.6334284205],[36.013233114,-0.6250576464],[36.0132378058,-0.6167025956],[36.0049226452,-0.6166978881],[36.004923529,-0.6151160293],[36.0049272953,-0.6083272089],[35.9882971986,-0.6083021293],[35.9883018026,-0.5999473338],[35.9739556633,-0.5999393587],[35.9716719774,-0.5999380856],[35.9716673393,-0.6083085068],[35.946723045,-0.6082943445],[35.9467277221,-0.5999241182],[35.9384209083,-0.5999194415],[35.9384222825,-0.5831791143],[35.938430092,-0.5831791186],[35.9467368801,-0.5831836648],[35.9467368886,-0.583167814],[35.9467413619,-0.5748134377],[35.9384267756,-0.5748089525],[35.9384312055,-0.5664387904],[35.9467457789,-0.5664432103],[35.9467548711,-0.5488115252],[35.946758641,-0.5413325263]],[[35.8426678315,-0.5916067394],[35.8311378615,-0.6012225077],[35.8265927619,-0.5970356191],[35.8214882469,-0.6053110972],[35.8135829958,-0.6193319791],[35.8107652369,-0.6266894773],[35.8120586859,-0.6354632791],[35.8178132683,-0.6322677655],[35.8261902738,-0.6161814189],[35.8293443035,-0.6215113816],[35.8281148321,-0.6314207711],[35.8365268142,-0.6377037434],[35.8386263782,-0.6399473193],[35.8417325442,-0.6432665532],[35.8414168476,-0.6531838845],[35.8427021272,-0.6624198641],[35.8470271347,-0.6654481336],[35.8557596274,-0.662275888],[35.856559557,-0.6491336058],[35.8496796708,-0.6333308532],[35.8451779281,-0.6176861994],[35.8455139594,-0.6063921924],[35.8469938085,-0.5939464135],[35.8426678315,-0.5916067394]],[[35.620383295,-0.3205808428],[35.6293734664,-0.3132501052],[35.6387700705,-0.3119308992],[35.644144085,-0.2997434437],[35.6411908501,-0.2969594379],[35.6350084989,-0.2969152966],[35.6306315932,-0.3008069551],[35.6228349947,-0.3030653007],[35.6156715856,-0.3099403725],[35.6114282591,-0.3246698794],[35.6148241946,-0.3288475714],[35.620383295,-0.3205808428]],[[35.6388013712,-0.3601291842],[35.6489751176,-0.3479705497],[35.6559178947,-0.3394840852],[35.6580338828,-0.3321099904],[35.655531732,-0.3309459483],[35.6500404857,-0.3306831689],[35.6471304014,-0.323978253],[35.6383179516,-0.3366057688],[35.6315920705,-0.3467034735],[35.6290178742,-0.3529190666],[35.6351968453,-0.353878094],[35.6353658499,-0.3596456684],[35.6388013712,-0.3601291842]],[[35.6036225366,-0.3792805562],[35.605308323,-0.3691369758],[35.6013929394,-0.3469779949],[35.5966254995,-0.3427934291],[35.5924350445,-0.3501522116],[35.5883071763,-0.3519696211],[35.5853025206,-0.3551795862],[35.5832143795,-0.3583971376],[35.5886734826,-0.3616571026],[35.5913570487,-0.3690502261],[35.5947721146,-0.371380881],[35.5986141318,-0.3767078756],[35.6036225366,-0.3792805562]]]}},{"type":"Feature","properties":{"country":"Kenya","country_code":"KEN","species_name":"Eucalyptus_grandis","genus":"Eucalyptus","species":"grandis","suitability_name":"Marginally suitable","suitability_rank":3,"source_layer":"KCFP_SSMT_Kenya","tz":null,"soil_description":null},"geometry":{"type":"Polygon","coordinates":[[[35.4564748377,0.0110974154],[35.456474488,0.0278295776],[35.4730947908,0.0278300798],[35.4730945047,0.0361963109],[35.4980255214,0.0361972847],[35.4980251629,0.0445637419],[35.5063356514,0.0445641405],[35.5063352197,0.0529306723],[35.5146457834,0.0529311427],[35.5146452788,0.061297749],[35.506334714,0.061297204],[35.5063344092,0.0658276973],[35.5063341341,0.0696637348],[35.4897132242,0.0696624898],[35.4897125671,0.0780288719],[35.4730919518,0.0780274707],[35.4730912169,0.0863937035],[35.4564708974,0.0863921448],[35.4564691952,0.1031243056],[35.4647793214,0.103125237],[35.464780208,0.0947590815],[35.4730904072,0.0947599344],[35.4730885633,0.1114923979],[35.4808543338,0.1114933346],[35.4812791734,0.1029858827],[35.4929971119,0.0984833638],[35.4983646877,0.1075478151],[35.4983029458,0.1220331473],[35.4932291301,0.1282276504],[35.5063280014,0.1282294565],[35.5063268279,0.1365959878],[35.5146374114,0.1365972042],[35.5146361677,0.1449638099],[35.5161881046,0.1449640506],[35.5229468281,0.1449650968],[35.5229441253,0.1616984567],[35.5312548658,0.1616998897],[35.5312562508,0.1533331356],[35.5395670615,0.1533344913],[35.5395683698,0.1449676632],[35.5478792509,0.1449689427],[35.5478837393,0.1115013334],[35.5561946828,0.1115023154],[35.5561956196,0.1031353387],[35.5645066339,0.1031362439],[35.5645074956,0.0947691946],[35.5811297384,0.0947708532],[35.581131876,0.0696692649],[35.5894431012,0.069669872],[35.5894436673,0.0613026032],[35.6060663316,0.0613036677],[35.6060678653,0.0278340112],[35.5977565017,0.0278337698],[35.5977567048,0.0194664282],[35.5894454129,0.019466259],[35.5894456057,0.0027317212],[35.6060682597,0.0027317686],[35.6060682473,-0.0056356456],[35.6143796828,-0.0056356944],[35.6143795985,-0.0140031809],[35.6226911061,-0.0140033018],[35.6226911902,-0.005635743],[35.6310027692,-0.0056357915],[35.6310026853,-0.0140034214],[35.639314336,-0.0140035426],[35.6393139548,-0.0307389479],[35.6310023041,-0.0307386839],[35.6310020059,-0.0391063147],[35.6143854735,-0.03910564],[35.6143789149,-0.0391056406],[35.6143789156,-0.0390877006],[35.6143792146,-0.0307381541],[35.6060677779,-0.0307378882],[35.6060680063,-0.022370474],[35.5728229834,-0.0223696952],[35.5728231414,-0.0140025723],[35.5645120673,-0.0140024497],[35.5645119089,-0.0223694993],[35.5395791234,-0.0223689089],[35.5395788905,-0.0307357376],[35.536144613,-0.0307356254],[35.5146467638,-0.0307349196],[35.5146469984,-0.0223683142],[35.4897155386,-0.0223677152],[35.4897157004,-0.014001332],[35.4814053629,-0.0140012073],[35.4814054504,-0.0056349001],[35.4730951877,-0.0056348485],[35.4730952007,0.0027313836],[35.4647850127,0.002731358],[35.4647849508,0.0110975147],[35.4564748377,0.0110974154]]]}},{"type":"Feature","properties":{"country":"Kenya","country_code":"KEN","species_name":"Eucalyptus_grandis","genus":"Eucalyptus","species":"grandis","suitability_name":"Marginally suitable","suitability_rank":3,"source_layer":"KCFP_SSMT_Kenya","tz":null,"soil_description":null},"geometry":{"type":"Polygon","coordinates":[[[35.4901598175,0.1319748617],[35.4932291301,0.1282276504],[35.4897070616,0.1282271638],[35.4897091945,0.1114944001],[35.4808543338,0.1114933346],[35.4802845439,0.1229009558],[35.4901598175,0.1319748617]]]}},{"type":"Feature","properties":{"country":"Kenya","country_code":"KEN","species_name":"Eucalyptus_grandis","genus":"Eucalyptus","species":"grandis","suitability_name":"Marginally suitable","suitability_rank":3,"source_layer":"KCFP_SSMT_Kenya","tz":null,"soil_description":null},"geometry":{"type":"Polygon","coordinates":[[[35.5743101799,0.3039485561],[35.5727752843,0.3039480644],[35.5727764392,0.3002631142],[35.560379627,0.2704760463],[35.5561630058,0.2704748411],[35.5561581375,0.2872087888],[35.5478471063,0.2872062617],[35.5478445564,0.2955731618],[35.5561555938,0.2955757624],[35.5561357428,0.3541445735],[35.5644469018,0.3541476821],[35.5644373207,0.3792488188],[35.5727485756,0.3792521397],[35.5727418398,0.3959863765],[35.5644305704,0.3959829091],[35.5644235269,0.4127169985],[35.5561123125,0.4127133767],[35.5561011753,0.437814288],[35.5690574702,0.4378202748],[35.5727289101,0.4262753584],[35.5727311931,0.4210877301],[35.5743783612,0.4210884598],[35.581051487,0.4001029344],[35.5810531828,0.3959898355],[35.5823591638,0.3959903783],[35.586381207,0.3833409119],[35.5865880304,0.333452469],[35.5812751283,0.3206851718],[35.5810811323,0.3206851065],[35.5810812869,0.3202193655],[35.5743101799,0.3039485561]]]}},{"type":"Feature","properties":{"country":"Kenya","country_code":"KEN","species_name":"Eucalyptus_grandis","genus":"Eucalyptus","species":"grandis","suitability_name":"Marginally suitable","suitability_rank":3,"source_layer":"KCFP_SSMT_Kenya","tz":null,"soil_description":null},"geometry":{"type":"Polygon","coordinates":[[[35.4574571093,1.2827417936],[35.4555914646,1.2827391914],[35.4555859819,1.2867126187],[35.4555919503,1.2866999527],[35.4574462676,1.2827648028],[35.4574571093,1.2827417936]]]}},{"type":"Feature","properties":{"country":"Kenya","country_code":"KEN","species_name":"Eucalyptus_grandis","genus":"Eucalyptus","species":"grandis","suitability_name":"Marginally suitable","suitability_rank":3,"source_layer":"KCFP_SSMT_Kenya","tz":null,"soil_description":null},"geometry":{"type":"Polygon","coordinates":[[[35.6458922487,-1.9051018867],[35.6476031379,-1.905592928],[35.6603895993,-1.9114029301],[35.6624100832,-1.911263394],[35.6812370627,-1.9099630632],[35.6974749349,-1.9128299065],[35.704853316,-1.9037497941],[35.685874803,-1.8560848419],[35.6882365718,-1.8426193225],[35.7015416046,-1.8374661063],[35.7139360056,-1.831846467],[35.7217389703,-1.8277980488],[35.7331219957,-1.8415916092],[35.7477695082,-1.8421519684],[35.7608515016,-1.8363162666],[35.7802435256,-1.8490219417],[35.7944353826,-1.8514124042],[35.801589437,-1.8405004344],[35.7950050816,-1.829485772],[35.7813325806,-1.81750498],[35.7836422322,-1.8127223341],[35.7935125165,-1.8084480959],[35.8182576866,-1.8068054007],[35.8216441019,-1.8152913209],[35.8079779578,-1.8446609425],[35.8039905074,-1.8635924889],[35.7872377901,-1.8723282945],[35.7872385753,-1.8718974667],[35.7706039759,-1.8718666982],[35.77057318,-1.8886042097],[35.7622559051,-1.8885886275],[35.762271377,-1.8802199409],[35.7456371121,-1.8801887963],[35.7456059409,-1.8969258903],[35.7372888315,-1.8969101188],[35.737280942,-1.9011126632],[35.7293138573,-1.9105614952],[35.725363228,-1.9224040903],[35.7276474669,-1.9251755559],[35.7228019469,-1.9296980301],[35.7028823554,-1.9300075299],[35.7023580964,-1.9303162879],[35.6948369026,-1.9347457706],[35.6913032399,-1.9420665156],[35.5933572578,-1.8874489336],[35.6000797984,-1.8865057476],[35.6158384952,-1.8932478207],[35.6304575258,-1.9006719318],[35.6457891469,-1.9050722956],[35.6458922487,-1.9051018867]]]}},{"type":"Feature","properties":{"country":"Kenya","country_code":"KEN","species_name":"Eucalyptus_grandis","genus":"Eucalyptus","species":"grandis","suitability_name":"Marginally suitable","suitability_rank":3,"source_layer":"KCFP_SSMT_Kenya","tz":null,"soil_description":null},"geometry":{"type":"Polygon","coordinates":[[[35.7070468858,-1.7915879174],[35.7068017537,-1.7961541236],[35.7117762716,-1.8064687695],[35.7098771424,-1.8131861774],[35.7087451905,-1.8171899],[35.7041669655,-1.8144072992],[35.6996140656,-1.8116400883],[35.6921208435,-1.8003844602],[35.6910180674,-1.7964153805],[35.6883052856,-1.7866517893],[35.6947431769,-1.781670774],[35.7025115743,-1.7847000333],[35.7047319283,-1.788072133],[35.7070468858,-1.7915879174]]]}},{"type":"Feature","properties":{"country":"Kenya","country_code":"KEN","species_name":"Eucalyptus_grandis","genus":"Eucalyptus","species":"grandis","suitability_name":"Marginally suitable","suitability_rank":3,"source_layer":"KCFP_SSMT_Kenya","tz":null,"soil_description":null},"geometry":{"type":"Polygon","coordinates":[[[35.6752362615,-1.7452038041],[35.6629462821,-1.7320849115],[35.6650470013,-1.724791145],[35.6726082059,-1.7230208781],[35.6803521972,-1.7313064459],[35.6837737207,-1.734525481],[35.6880980398,-1.7391256388],[35.6905559626,-1.7494229203],[35.6827592335,-1.7525656724],[35.6752362615,-1.7452038041]]]}},{"type":"Feature","properties":{"country":"Kenya","country_code":"KEN","species_name":"Eucalyptus_grandis","genus":"Eucalyptus","species":"grandis","suitability_name":"Marginally suitable","suitability_rank":3,"source_layer":"KCFP_SSMT_Kenya","tz":null,"soil_description":null},"geometry":{"type":"Polygon","coordinates":[[[35.6472448656,-1.7132356635],[35.6331015798,-1.703993215],[35.6247171052,-1.6868010952],[35.6281988246,-1.6786009767],[35.6364340844,-1.6786601715],[35.6480395517,-1.692684512],[35.6521045365,-1.7029985826],[35.6586943442,-1.7140113696],[35.6545367958,-1.7203730275],[35.6472448656,-1.7132356635]]]}},{"type":"Feature","properties":{"country":"Kenya","country_code":"KEN","species_name":"Eucalyptus_grandis","genus":"Eucalyptus","species":"grandis","suitability_name":"Marginally suitable","suitability_rank":3,"source_layer":"KCFP_SSMT_Kenya","tz":null,"soil_description":null},"geometry":{"type":"Polygon","coordinates":[[[35.7461462742,-1.4227338037],[35.7448773127,-1.4205996142],[35.7411651229,-1.4199099454],[35.7463859145,-1.4199173531],[35.7463824529,-1.4223883435],[35.7461462742,-1.4227338037]]]}},{"type":"Feature","properties":{"country":"Kenya","country_code":"KEN","species_name":"Eucalyptus_grandis","genus":"Eucalyptus","species":"grandis","suitability_name":"Marginally suitable","suitability_rank":3,"source_layer":"KCFP_SSMT_Kenya","tz":null,"soil_description":null},"geometry":{"type":"Polygon","coordinates":[[[35.7380715909,-1.419335211],[35.7411651229,-1.4199099454],[35.7380707898,-1.4199055493],[35.7380715909,-1.419335211]]]}},{"type":"Feature","properties":{"country":"Kenya","country_code":"KEN","species_name":"Eucalyptus_grandis","genus":"Eucalyptus","species":"grandis","suitability_name":"Marginally suitable","suitability_rank":3,"source_layer":"KCFP_SSMT_Kenya","tz":null,"soil_description":null},"geometry":{"type":"Polygon","coordinates":[[[35.6885162925,-1.1612924962],[35.6879670908,-1.1618017744],[35.686529206,-1.1604202613],[35.6885173056,-1.1604226069],[35.6885162925,-1.1612924962]]]}},{"type":"Feature","properties":{"country":"Kenya","country_code":"KEN","species_name":"Eucalyptus_grandis","genus":"Eucalyptus","species":"grandis","suitability_name":"Marginally suitable","suitability_rank":3,"source_layer":"KCFP_SSMT_Kenya","tz":null,"soil_description":null},"geometry":{"type":"Polygon","coordinates":[[[35.7387938652,-0.7336998915],[35.7387998964,-0.7253313562],[35.7471131184,-0.7253373851],[35.7471071025,-0.7337059899],[35.7387938652,-0.7336998915]]]}},{"type":"Feature","properties":{"country":"Kenya","country_code":"KEN","species_name":"Eucalyptus_grandis","genus":"Eucalyptus","species":"grandis","suitability_name":"Marginally suitable","suitability_rank":3,"source_layer":"KCFP_SSMT_Kenya","tz":null,"soil_description":null},"geometry":{"type":"Polygon","coordinates":[[[35.6974939852,-0.0893181813],[35.6974932016,-0.0976863817],[35.6808689565,-0.097684731],[35.680864407,-0.1363588935],[35.6770420579,-0.1059375976],[35.6666065306,-0.0739293307],[35.6718975437,-0.0641940631],[35.6749123092,-0.0586469028],[35.6808790022,-0.0558162153],[35.6854713277,-0.0536375338],[35.6891912027,-0.054208512],[35.6975033144,-0.0554843757],[35.7058090587,-0.0567592722],[35.7320426408,-0.0670601206],[35.7507681615,-0.0724764046],[35.7551911395,-0.0809546751],[35.7473690856,-0.0809540435],[35.7473697186,-0.072585423],[35.705807562,-0.0725823913],[35.7058062101,-0.0893189331],[35.6974939852,-0.0893181813]]]}},{"type":"Feature","properties":{"country":"Kenya","country_code":"KEN","species_name":"Eucalyptus_grandis","genus":"Eucalyptus","species":"grandis","suitability_name":"Marginally suitable","suitability_rank":3,"source_layer":"KCFP_SSMT_Kenya","tz":null,"soil_description":null},"geometry":{"type":"Polygon","coordinates":[[[35.6349505246,0.1803578662],[35.6485057298,0.1721469128],[35.6620098809,0.1730811153],[35.6764309913,0.153356349],[35.6545320272,0.1533529117],[35.6476142164,0.1533518209],[35.647615484,0.1449840472],[35.6309920592,0.1449815604],[35.6309907853,0.1533491897],[35.6226791769,0.1533478705],[35.622676408,0.1700829856],[35.6143648644,0.170081518],[35.6143633698,0.1784490045],[35.6309865359,0.1784520796],[35.6309861876,0.1803493996],[35.6349505246,0.1803578662]]]}},{"type":"Feature","properties":{"country":"Kenya","country_code":"KEN","species_name":"Eucalyptus_grandis","genus":"Eucalyptus","species":"grandis","suitability_name":"Marginally suitable","suitability_rank":3,"source_layer":"KCFP_SSMT_Kenya","tz":null,"soil_description":null},"geometry":{"type":"Polygon","coordinates":[[[35.6137478925,1.1156282421],[35.6137603435,1.0988932699],[35.6136791175,1.1741779891],[35.6137478925,1.1156282421]]]}},{"type":"Feature","properties":{"country":"Kenya","country_code":"KEN","species_name":"Eucalyptus_grandis","genus":"Eucalyptus","species":"grandis","suitability_name":"Marginally suitable","suitability_rank":3,"source_layer":"KCFP_SSMT_Kenya","tz":null,"soil_description":null},"geometry":{"type":"Polygon","coordinates":[[[35.7953524526,-1.9807197019],[35.7953363416,-1.9890781832],[35.8119651524,-1.9891106134],[35.8119563692,-1.9974797138],[35.820267221,-1.9974959267],[35.8202745649,-1.9975063455],[35.8202584436,-2.0058650942],[35.836895161,-2.0058975567],[35.8368333085,-2.0232109517],[35.7860443867,-1.9948955993],[35.7875012154,-1.9923384406],[35.7881323733,-1.9806951587],[35.7953524526,-1.9807197019]]]}},{"type":"Feature","properties":{"country":"Kenya","country_code":"KEN","species_name":"Eucalyptus_grandis","genus":"Eucalyptus","species":"grandis","suitability_name":"Marginally suitable","suitability_rank":3,"source_layer":"KCFP_SSMT_Kenya","tz":null,"soil_description":null},"geometry":{"type":"Polygon","coordinates":[[[35.8896328685,-1.9935702369],[35.8818790945,-1.9864303748],[35.8763827423,-1.9863869873],[35.8587178306,-1.9928784022],[35.8452221916,-1.9975362502],[35.8451688601,-1.9975546566],[35.8366841669,-2.0004829349],[35.8253760224,-1.9975162765],[35.8241100959,-1.9971841615],[35.821053376,-1.9891387043],[35.8180159382,-1.9811441017],[35.8165186354,-1.9556534066],[35.8163374583,-1.952569634],[35.8287117424,-1.9345928439],[35.8287036741,-1.9389275531],[35.8370217355,-1.938943222],[35.8370061491,-1.9473125176],[35.8536425551,-1.9473438674],[35.8536269825,-1.9557132969],[35.861945327,-1.9557289763],[35.8619608576,-1.9473594806],[35.8785976636,-1.9473905835],[35.8785511195,-1.9724994708],[35.8868697452,-1.9725151603],[35.8868852853,-1.9641454652],[35.8952039359,-1.9641610466],[35.8952193694,-1.9557912842],[35.9035380458,-1.9558067577],[35.9035533705,-1.947436929],[35.9118643544,-1.9474522809],[35.9118720726,-1.9474522951],[35.9118872713,-1.9390930295],[35.9119325533,-1.9139727043],[35.920251157,-1.9139877647],[35.9202361763,-1.9223577302],[35.9368736614,-1.9223878627],[35.9368586953,-1.9307579585],[35.9534886456,-1.9307880439],[35.9202133604,-1.9307383444],[35.953496522,-1.9307880581],[35.9535113882,-1.9224285293],[35.9535114072,-1.9224178326],[35.961822469,-1.9224327424],[35.9618224501,-1.9224434391],[35.9618598732,-1.9056921709],[35.9655139165,-1.9056986563],[35.964688718,-1.9184896369],[35.964625664,-1.930808102],[35.9618155151,-1.9308137113],[35.9618076054,-1.930813698],[35.9617777412,-1.9475436128],[35.9534665583,-1.9475285081],[35.9534665393,-1.9475391081],[35.9534435823,-1.9559092839],[35.9451323909,-1.9558940736],[35.9368134061,-1.9558682386],[35.9368436641,-1.9391280525],[35.9285248072,-1.9391128755],[35.9284944491,-1.9558634985],[35.9284560667,-1.972603471],[35.9450941097,-1.972634308],[35.9450324569,-2.0061147938],[35.9533517442,-2.0061304106],[35.9533461779,-2.009133837],[35.9516189916,-2.0228572507],[35.9450090865,-2.0228550449],[35.945001242,-2.0228550309],[35.9449539502,-2.0479551658],[35.936642329,-2.0479391948],[35.9366423096,-2.047949408],[35.9366344965,-2.047949393],[35.9366185725,-2.056309261],[35.9199798133,-2.0562770277],[35.9199958226,-2.0479172899],[35.9033574321,-2.0478748026],[35.9033734626,-2.0395152291],[35.8953007786,-2.0394995703],[35.896338994,-2.0237784325],[35.8942544825,-2.014388299],[35.8923933412,-2.0060046212],[35.895125783,-2.0060098435],[35.8951338932,-1.9976400714],[35.890534453,-1.9976313148],[35.8896328685,-1.9935702369]],[[35.9201139656,-1.9893174181],[35.9284330039,-1.9893330296],[35.9284484687,-1.980963006],[35.9201294703,-1.9809474593],[35.9201139656,-1.9893174181]]]}},{"type":"Feature","properties":{"country":"Kenya","country_code":"KEN","species_name":"Eucalyptus_grandis","genus":"Eucalyptus","species":"grandis","suitability_name":"Marginally suitable","suitability_rank":3,"source_layer":"KCFP_SSMT_Kenya","tz":null,"soil_description":null},"geometry":{"type":"Polygon","coordinates":[[[35.886806923,-2.005993929],[35.8868227082,-1.9976346438],[35.890534453,-1.9976313148],[35.8905367634,-1.9976417252],[35.8923933412,-2.0060046212],[35.886806923,-2.005993929]]]}},{"type":"Feature","properties":{"country":"Kenya","country_code":"KEN","species_name":"Eucalyptus_grandis","genus":"Eucalyptus","species":"grandis","suitability_name":"Marginally suitable","suitability_rank":3,"source_layer":"KCFP_SSMT_Kenya","tz":null,"soil_description":null},"geometry":{"type":"Polygon","coordinates":[[[35.7787598925,-1.9544290431],[35.7864931819,-1.963964674],[35.787058099,-1.964661253],[35.7896917237,-1.9679086853],[35.7912514597,-1.9700883906],[35.7895012768,-1.9723393966],[35.7885166017,-1.9736058335],[35.7881323733,-1.9806951587],[35.7870345445,-1.9806930168],[35.7870506289,-1.9723346346],[35.7870434139,-1.9723241198],[35.7787328316,-1.972307944],[35.778748889,-1.963949663],[35.7787649174,-1.9555703137],[35.7787577146,-1.9555702989],[35.7704472509,-1.95555422],[35.7704566592,-1.9506318881],[35.7783146857,-1.9538800773],[35.7787598925,-1.9544290431]]]}},{"type":"Feature","properties":{"country":"Kenya","country_code":"KEN","species_name":"Eucalyptus_grandis","genus":"Eucalyptus","species":"grandis","suitability_name":"Marginally suitable","suitability_rank":3,"source_layer":"KCFP_SSMT_Kenya","tz":null,"soil_description":null},"geometry":{"type":"Polygon","coordinates":[[[35.8038122153,-1.9054041966],[35.8038257209,-1.8980713894],[35.8048757606,-1.8970371182],[35.8204630071,-1.8970660306],[35.8204934643,-1.8803276983],[35.8371289571,-1.8803581285],[35.8371465003,-1.8705976337],[35.8373886271,-1.8704711452],[35.8422097681,-1.8636286479],[35.853794591,-1.8636495238],[35.8538241964,-1.8469106443],[35.8470482781,-1.8468985529],[35.8419567122,-1.8273234478],[35.843610417,-1.8186469004],[35.8504894639,-1.8159614451],[35.8543503389,-1.8223838317],[35.8567401142,-1.8475405392],[35.8547456872,-1.8779117001],[35.8440386603,-1.9111924679],[35.8287117424,-1.9345928439],[35.8287192339,-1.9305583242],[35.8204012806,-1.930542683],[35.8203856811,-1.9389118431],[35.7954321066,-1.9388644673],[35.7954939073,-1.9057560678],[35.7959455484,-1.9053894827],[35.8038122153,-1.9054041966]]]}},{"type":"Feature","properties":{"country":"Kenya","country_code":"KEN","species_name":"Eucalyptus_grandis","genus":"Eucalyptus","species":"grandis","suitability_name":"Marginally suitable","suitability_rank":3,"source_layer":"KCFP_SSMT_Kenya","tz":null,"soil_description":null},"geometry":{"type":"Polygon","coordinates":[[[35.8113857006,-1.793234017],[35.8119977877,-1.7875367386],[35.8092682225,-1.7775793321],[35.8123572347,-1.7733437484],[35.8135159989,-1.7717548635],[35.8195533131,-1.7713036261],[35.8234738985,-1.7748995838],[35.823419268,-1.7799136442],[35.8232750507,-1.7931393236],[35.8113857006,-1.793234017]]]}},{"type":"Feature","properties":{"country":"Kenya","country_code":"KEN","species_name":"Eucalyptus_grandis","genus":"Eucalyptus","species":"grandis","suitability_name":"Marginally suitable","suitability_rank":3,"source_layer":"KCFP_SSMT_Kenya","tz":null,"soil_description":null},"geometry":{"type":"Polygon","coordinates":[[[35.8281725088,-1.7477038704],[35.8282422089,-1.7355918515],[35.8353497863,-1.7329058268],[35.8479074543,-1.7405348621],[35.8596243006,-1.7335398602],[35.8635336927,-1.730595044],[35.867760522,-1.7298302775],[35.8724383119,-1.7381500667],[35.8740140663,-1.7409526765],[35.893541649,-1.7724000702],[35.8975101955,-1.7809847792],[35.8930753631,-1.7884029008],[35.8925363283,-1.7893045285],[35.8826868603,-1.7910586579],[35.8749256006,-1.7850597526],[35.8678755953,-1.7756421775],[35.8514160189,-1.7700332222],[35.833148937,-1.7603070293],[35.8281725088,-1.7477038704]]]}},{"type":"Feature","properties":{"country":"Kenya","country_code":"KEN","species_name":"Eucalyptus_grandis","genus":"Eucalyptus","species":"grandis","suitability_name":"Marginally suitable","suitability_rank":3,"source_layer":"KCFP_SSMT_Kenya","tz":null,"soil_description":null},"geometry":{"type":"Polygon","coordinates":[[[35.7876315711,-1.6375798513],[35.7876581132,-1.6208420766],[35.8029717222,-1.6208664823],[35.8125106037,-1.6310609165],[35.8125910508,-1.6311186033],[35.8125807894,-1.6376199652],[35.8216777813,-1.6376345138],[35.8292054531,-1.6430324565],[35.8292007408,-1.6460157609],[35.8332153886,-1.6460221857],[35.8375118789,-1.6495589366],[35.8375042187,-1.6543983562],[35.8458210318,-1.6544116894],[35.8457923871,-1.6724312122],[35.8322388819,-1.6794977109],[35.8291472637,-1.679492662],[35.8291446523,-1.6811109373],[35.8172694255,-1.6873021483],[35.8083452415,-1.6865531575],[35.8041940252,-1.6858291281],[35.8041867275,-1.685827855],[35.804197117,-1.6794517355],[35.7958805556,-1.6794263933],[35.7958941466,-1.671069071],[35.7875776705,-1.67105539],[35.7875912474,-1.6626865073],[35.7792748736,-1.6626728606],[35.7792884188,-1.6543040448],[35.7709721484,-1.6542904319],[35.7709990999,-1.6375529357],[35.7876315711,-1.6375798513]]]}},{"type":"Feature","properties":{"country":"Kenya","country_code":"KEN","species_name":"Eucalyptus_grandis","genus":"Eucalyptus","species":"grandis","suitability_name":"Marginally suitable","suitability_rank":3,"source_layer":"KCFP_SSMT_Kenya","tz":null,"soil_description":null},"geometry":{"type":"Polygon","coordinates":[[[35.8819631589,-1.6173909601],[35.887475051,-1.6146876176],[35.8874654404,-1.620987198],[35.881345711,-1.6209777154],[35.8819631589,-1.6173909601]]]}},{"type":"Feature","properties":{"country":"Kenya","country_code":"KEN","species_name":"Eucalyptus_grandis","genus":"Eucalyptus","species":"grandis","suitability_name":"Marginally suitable","suitability_rank":3,"source_layer":"KCFP_SSMT_Kenya","tz":null,"soil_description":null},"geometry":{"type":"Polygon","coordinates":[[[35.9373941173,-1.604323573],[35.9457037065,-1.6043360824],[35.9540290468,-1.6043485815],[35.9540166058,-1.6127307282],[35.9539915801,-1.6294593559],[35.9456739814,-1.629446673],[35.945648611,-1.6461870546],[35.9422282104,-1.6461817763],[35.9400587128,-1.6317465038],[35.9359895601,-1.6212060678],[35.9300241341,-1.6213893489],[35.921301125,-1.6265900784],[35.9119093619,-1.626972828],[35.9031776856,-1.6330795741],[35.8970491092,-1.6227560478],[35.889766259,-1.613563868],[35.887475051,-1.6146876176],[35.887503524,-1.5958780005],[35.8958205299,-1.5958906579],[35.8958079343,-1.6042604579],[35.9041250407,-1.6042731488],[35.9041376019,-1.5959032825],[35.9124547396,-1.5959158743],[35.9124672006,-1.5875459412],[35.9291016059,-1.5875708892],[35.9290892108,-1.5959409539],[35.9373987328,-1.5959534327],[35.937406544,-1.5959534435],[35.9374065263,-1.5959653967],[35.9373941173,-1.604323573]]]}},{"type":"Feature","properties":{"country":"Kenya","country_code":"KEN","species_name":"Eucalyptus_grandis","genus":"Eucalyptus","species":"grandis","suitability_name":"Marginally suitable","suitability_rank":3,"source_layer":"KCFP_SSMT_Kenya","tz":null,"soil_description":null},"geometry":{"type":"Polygon","coordinates":[[[35.8816479476,-1.5807212671],[35.880963355,-1.588132851],[35.880446864,-1.5958791855],[35.8797296422,-1.6066345498],[35.878341253,-1.6126033745],[35.8625273794,-1.612578887],[35.8625401753,-1.6042093554],[35.8542234023,-1.604196495],[35.8542361642,-1.5958270289],[35.8459194916,-1.5958142028],[35.8459265557,-1.591175044],[35.8470488259,-1.5924611119],[35.8625531497,-1.5907103017],[35.8660649382,-1.5903137162],[35.8816479476,-1.5807212671]]]}},{"type":"Feature","properties":{"country":"Kenya","country_code":"KEN","species_name":"Eucalyptus_grandis","genus":"Eucalyptus","species":"grandis","suitability_name":"Marginally suitable","suitability_rank":3,"source_layer":"KCFP_SSMT_Kenya","tz":null,"soil_description":null},"geometry":{"type":"Polygon","coordinates":[[[35.837624409,-1.5816612077],[35.8426670281,-1.5874397844],[35.8376156479,-1.5874320091],[35.837624409,-1.5816612077]]]}},{"type":"Feature","properties":{"country":"Kenya","country_code":"KEN","species_name":"Eucalyptus_grandis","genus":"Eucalyptus","species":"grandis","suitability_name":"Marginally suitable","suitability_rank":3,"source_layer":"KCFP_SSMT_Kenya","tz":null,"soil_description":null},"geometry":{"type":"Polygon","coordinates":[[[35.8210155785,-1.5657571564],[35.826764288,-1.570676739],[35.8210081612,-1.5706679272],[35.8210155785,-1.5657571564]]]}},{"type":"Feature","properties":{"country":"Kenya","country_code":"KEN","species_name":"Eucalyptus_grandis","genus":"Eucalyptus","species":"grandis","suitability_name":"Marginally suitable","suitability_rank":3,"source_layer":"KCFP_SSMT_Kenya","tz":null,"soil_description":null},"geometry":{"type":"Polygon","coordinates":[[[35.7712126739,-1.5032020597],[35.7712364387,-1.5036405939],[35.771212029,-1.5036405576],[35.7712126739,-1.5032020597]]]}},{"type":"Feature","properties":{"country":"Kenya","country_code":"KEN","species_name":"Eucalyptus_grandis","genus":"Eucalyptus","species":"grandis","suitability_name":"Marginally suitable","suitability_rank":3,"source_layer":"KCFP_SSMT_Kenya","tz":null,"soil_description":null},"geometry":{"type":"Polygon","coordinates":[[[35.7690760284,-1.4927201619],[35.7661245529,-1.4868954322],[35.7712365117,-1.4869029691],[35.7712327848,-1.4894630265],[35.7690760284,-1.4927201619]]]}},{"type":"Feature","properties":{"country":"Kenya","country_code":"KEN","species_name":"Eucalyptus_grandis","genus":"Eucalyptus","species":"grandis","suitability_name":"Marginally suitable","suitability_rank":3,"source_layer":"KCFP_SSMT_Kenya","tz":null,"soil_description":null},"geometry":{"type":"Polygon","coordinates":[[[35.7629301039,-1.4805912477],[35.7661245529,-1.4868954322],[35.762920937,-1.4868907019],[35.7629301039,-1.4805912477]]]}},{"type":"Feature","properties":{"country":"Kenya","country_code":"KEN","species_name":"Eucalyptus_grandis","genus":"Eucalyptus","species":"grandis","suitability_name":"Marginally suitable","suitability_rank":3,"source_layer":"KCFP_SSMT_Kenya","tz":null,"soil_description":null},"geometry":{"type":"Polygon","coordinates":[[[35.7629301039,-1.4805912477],[35.7576369795,-1.4701454912],[35.7629452065,-1.4701532487],[35.7629301039,-1.4805912477]]]}},{"type":"Feature","properties":{"country":"Kenya","country_code":"KEN","species_name":"Eucalyptus_grandis","genus":"Eucalyptus","species":"grandis","suitability_name":"Marginally suitable","suitability_rank":3,"source_layer":"KCFP_SSMT_Kenya","tz":null,"soil_description":null},"geometry":{"type":"Polygon","coordinates":[[[35.7546418264,-1.4617724314],[35.7463264832,-1.4617603096],[35.7463814124,-1.4231302115],[35.7530451294,-1.4343643273],[35.7564060475,-1.4512906119],[35.7565361961,-1.4542779482],[35.7572334611,-1.4693491707],[35.7576369795,-1.4701454912],[35.7546297636,-1.4701410894],[35.7546418264,-1.4617724314]]]}},{"type":"Feature","properties":{"country":"Kenya","country_code":"KEN","species_name":"Eucalyptus_grandis","genus":"Eucalyptus","species":"grandis","suitability_name":"Marginally suitable","suitability_rank":3,"source_layer":"KCFP_SSMT_Kenya","tz":null,"soil_description":null},"geometry":{"type":"Polygon","coordinates":[[[35.788649887,-0.7672120469],[35.7886436078,-0.7755809951],[35.780329947,-0.7755746299],[35.7803362432,-0.7672057504],[35.788649887,-0.7672120469]]]}},{"type":"Feature","properties":{"country":"Kenya","country_code":"KEN","species_name":"Eucalyptus_grandis","genus":"Eucalyptus","species":"grandis","suitability_name":"Marginally suitable","suitability_rank":3,"source_layer":"KCFP_SSMT_Kenya","tz":null,"soil_description":null},"geometry":{"type":"Polygon","coordinates":[[[35.7554143404,-0.7420807467],[35.7637277321,-0.7420868834],[35.7637216103,-0.7504556261],[35.7554082021,-0.7504494203],[35.7554143404,-0.7420807467]]]}},{"type":"Feature","properties":{"country":"Kenya","country_code":"KEN","species_name":"Eucalyptus_grandis","genus":"Eucalyptus","species":"grandis","suitability_name":"Marginally suitable","suitability_rank":3,"source_layer":"KCFP_SSMT_Kenya","tz":null,"soil_description":null},"geometry":{"type":"Polygon","coordinates":[[[35.7716952975,-0.1730130542],[35.7676893446,-0.1869836842],[35.7577578146,-0.1984568337],[35.7430458858,-0.2055189116],[35.7276977442,-0.2079635492],[35.7262461591,-0.2064789779],[35.730726147,-0.2064799069],[35.7307294297,-0.1897429465],[35.73904197,-0.1897445276],[35.739043503,-0.1813759775],[35.7639815237,-0.1813804885],[35.7639829773,-0.1730117302],[35.7716952975,-0.1730130542]]]}},{"type":"Feature","properties":{"country":"Kenya","country_code":"KEN","species_name":"Eucalyptus_grandis","genus":"Eucalyptus","species":"grandis","suitability_name":"Marginally suitable","suitability_rank":3,"source_layer":"KCFP_SSMT_Kenya","tz":null,"soil_description":null},"geometry":{"type":"Polygon","coordinates":[[[35.7722957877,-0.172995731],[35.7716952975,-0.1730130542],[35.7717002936,-0.172995628],[35.7722961371,-0.1709175797],[35.7722957877,-0.172995731]]]}},{"type":"Feature","properties":{"country":"Kenya","country_code":"KEN","species_name":"Eucalyptus_grandis","genus":"Eucalyptus","species":"grandis","suitability_name":"Marginally suitable","suitability_rank":3,"source_layer":"KCFP_SSMT_Kenya","tz":null,"soil_description":null},"geometry":{"type":"Polygon","coordinates":[[[35.7723050918,-0.1598686457],[35.7731009885,-0.1681105769],[35.7723033093,-0.1708925689],[35.7722961371,-0.1709175797],[35.7722979353,-0.159794548],[35.7723050918,-0.1598686457]]]}},{"type":"Feature","properties":{"country":"Kenya","country_code":"KEN","species_name":"Eucalyptus_grandis","genus":"Eucalyptus","species":"grandis","suitability_name":"Marginally suitable","suitability_rank":3,"source_layer":"KCFP_SSMT_Kenya","tz":null,"soil_description":null},"geometry":{"type":"Polygon","coordinates":[[[35.7723020078,-0.1311690193],[35.7723080666,-0.139537848],[35.7806137622,-0.1395389949],[35.7806125901,-0.1479078914],[35.7723068906,-0.1479066757],[35.7722979353,-0.159794548],[35.7707828973,-0.1441074421],[35.7693119842,-0.1311686305],[35.7723020078,-0.1311690193]]]}},{"type":"Feature","properties":{"country":"Kenya","country_code":"KEN","species_name":"Eucalyptus_grandis","genus":"Eucalyptus","species":"grandis","suitability_name":"Marginally suitable","suitability_rank":3,"source_layer":"KCFP_SSMT_Kenya","tz":null,"soil_description":null},"geometry":{"type":"Polygon","coordinates":[[[35.7639892154,-0.1311679374],[35.7639921354,-0.106061661],[35.7647798826,-0.106061744],[35.7673715995,-0.1141023552],[35.7693119842,-0.1311686305],[35.7639892154,-0.1311679374]]]}},{"type":"Feature","properties":{"country":"Kenya","country_code":"KEN","species_name":"Eucalyptus_grandis","genus":"Eucalyptus","species":"grandis","suitability_name":"Marginally suitable","suitability_rank":3,"source_layer":"KCFP_SSMT_Kenya","tz":null,"soil_description":null},"geometry":{"type":"Polygon","coordinates":[[[35.7639944921,-0.0802403141],[35.7639944365,-0.080955384],[35.7723072146,-0.0809560508],[35.7723049193,-0.1060625358],[35.7647798826,-0.106061744],[35.7591010381,-0.0884442849],[35.755383965,-0.0813242993],[35.7551911395,-0.0809546751],[35.7556817271,-0.0809547146],[35.7556823585,-0.0725860248],[35.7639950663,-0.072586625],[35.7639944921,-0.0802403141]]]}},{"type":"Feature","properties":{"country":"Kenya","country_code":"KEN","species_name":"Eucalyptus_grandis","genus":"Eucalyptus","species":"grandis","suitability_name":"Marginally suitable","suitability_rank":3,"source_layer":"KCFP_SSMT_Kenya","tz":null,"soil_description":null},"geometry":{"type":"Polygon","coordinates":[[[35.7639639626,0.2621637229],[35.7629631998,0.2621634631],[35.7625143006,0.2640342652],[35.7639634567,0.2641285512],[35.7639639626,0.2621637229]]]}},{"type":"Feature","properties":{"country":"Kenya","country_code":"KEN","species_name":"Eucalyptus_grandis","genus":"Eucalyptus","species":"grandis","suitability_name":"Marginally suitable","suitability_rank":3,"source_layer":"KCFP_SSMT_Kenya","tz":null,"soil_description":null},"geometry":{"type":"Polygon","coordinates":[[[35.7722574675,0.3291164914],[35.7722499937,0.3515764369],[35.7793522352,0.3311765004],[35.7827665305,0.2789255999],[35.7832038267,0.2722304086],[35.776922326,0.2649716952],[35.7722833419,0.2646698688],[35.7639634567,0.2641285512],[35.7639595241,0.2789012379],[35.7722723924,0.2789035383],[35.7722652381,0.3040100155],[35.7639523524,0.3040075081],[35.7639445609,0.3291137769],[35.7722574675,0.3291164914]]]}},{"type":"Feature","properties":{"country":"Kenya","country_code":"KEN","species_name":"Eucalyptus_grandis","genus":"Eucalyptus","species":"grandis","suitability_name":"Marginally suitable","suitability_rank":3,"source_layer":"KCFP_SSMT_Kenya","tz":null,"soil_description":null},"geometry":{"type":"Polygon","coordinates":[[[35.7722490797,0.3542229658],[35.7722499937,0.3515764369],[35.7713286806,0.3542226427],[35.7722490797,0.3542229658]]]}},{"type":"Feature","properties":{"country":"Kenya","country_code":"KEN","species_name":"Eucalyptus_grandis","genus":"Eucalyptus","species":"grandis","suitability_name":"Marginally suitable","suitability_rank":3,"source_layer":"KCFP_SSMT_Kenya","tz":null,"soil_description":null},"geometry":{"type":"Polygon","coordinates":[[[35.7639361525,0.3542200442],[35.7639285503,0.3754765213],[35.7713286806,0.3542226427],[35.7639361525,0.3542200442]]]}},{"type":"Feature","properties":{"country":"Kenya","country_code":"KEN","species_name":"Eucalyptus_grandis","genus":"Eucalyptus","species":"grandis","suitability_name":"Marginally suitable","suitability_rank":3,"source_layer":"KCFP_SSMT_Kenya","tz":null,"soil_description":null},"geometry":{"type":"Polygon","coordinates":[[[35.763927127,0.37932631],[35.7639285503,0.3754765213],[35.762588258,0.3793258053],[35.763927127,0.37932631]]]}},{"type":"Feature","properties":{"country":"Kenya","country_code":"KEN","species_name":"Eucalyptus_grandis","genus":"Eucalyptus","species":"grandis","suitability_name":"Marginally suitable","suitability_rank":3,"source_layer":"KCFP_SSMT_Kenya","tz":null,"soil_description":null},"geometry":{"type":"Polygon","coordinates":[[[35.7556142445,0.3793231733],[35.7556078674,0.3960605445],[35.7634066195,0.3960636172],[35.7620247081,0.3809442905],[35.762588258,0.3793258053],[35.7556142445,0.3793231733]]]}},{"type":"Feature","properties":{"country":"Kenya","country_code":"KEN","species_name":"Eucalyptus_grandis","genus":"Eucalyptus","species":"grandis","suitability_name":"Marginally suitable","suitability_rank":3,"source_layer":"KCFP_SSMT_Kenya","tz":null,"soil_description":null},"geometry":{"type":"Polygon","coordinates":[[[35.7634066195,0.3960636172],[35.763918576,0.4016654833],[35.7639207653,0.3960638196],[35.7634066195,0.3960636172]]]}},{"type":"Feature","properties":{"country":"Kenya","country_code":"KEN","species_name":"Eucalyptus_grandis","genus":"Eucalyptus","species":"grandis","suitability_name":"Marginally suitable","suitability_rank":3,"source_layer":"KCFP_SSMT_Kenya","tz":null,"soil_description":null},"geometry":{"type":"Polygon","coordinates":[[[35.7645992564,0.4091140602],[35.763918576,0.4016654833],[35.7639142209,0.4125782962],[35.7645992564,0.4091140602]]]}},{"type":"Feature","properties":{"country":"Kenya","country_code":"KEN","species_name":"Eucalyptus_grandis","genus":"Eucalyptus","species":"grandis","suitability_name":"Marginally suitable","suitability_rank":3,"source_layer":"KCFP_SSMT_Kenya","tz":null,"soil_description":null},"geometry":{"type":"Polygon","coordinates":[[[35.7639107099,0.4211700833],[35.7639142209,0.4125782962],[35.7622153216,0.4211693729],[35.7639107099,0.4211700833]]]}},{"type":"Feature","properties":{"country":"Kenya","country_code":"KEN","species_name":"Eucalyptus_grandis","genus":"Eucalyptus","species":"grandis","suitability_name":"Marginally suitable","suitability_rank":3,"source_layer":"KCFP_SSMT_Kenya","tz":null,"soil_description":null},"geometry":{"type":"Polygon","coordinates":[[[35.8384712709,0.8564292277],[35.8384781018,0.8480598424],[35.8301638556,0.848052992],[35.8301570069,0.8564223088],[35.8384712709,0.8564292277]]]}},{"type":"Feature","properties":{"country":"Kenya","country_code":"KEN","species_name":"Eucalyptus_grandis","genus":"Eucalyptus","species":"grandis","suitability_name":"Marginally suitable","suitability_rank":3,"source_layer":"KCFP_SSMT_Kenya","tz":null,"soil_description":null},"geometry":{"type":"Polygon","coordinates":[[[35.8551000018,0.8564430113],[35.855106796,0.8480734912],[35.8467924159,0.8480666758],[35.8467856029,0.8564361285],[35.8551000018,0.8564430113]]]}},{"type":"Feature","properties":{"country":"Kenya","country_code":"KEN","species_name":"Eucalyptus_grandis","genus":"Eucalyptus","species":"grandis","suitability_name":"Marginally suitable","suitability_rank":3,"source_layer":"KCFP_SSMT_Kenya","tz":null,"soil_description":null},"geometry":{"type":"Polygon","coordinates":[[[35.9703360036,-1.8136329278],[35.9703498872,-1.8052737065],[35.9703637435,-1.7968921898],[35.9786742838,-1.7969060483],[35.9786822568,-1.7969060624],[35.9786959741,-1.7885468389],[35.9786959915,-1.788535627],[35.987006527,-1.7885493839],[35.9870145314,-1.7885493971],[35.9870281471,-1.7801901408],[35.9870281654,-1.7801788972],[35.995338695,-1.7801925512],[35.9953386768,-1.7802037958],[35.9954004786,-1.746710297],[35.9870820604,-1.7466968862],[35.9871470617,-1.7054395835],[35.9931226905,-1.7079308696],[35.9993987468,-1.7165056142],[36.0033889573,-1.7416644599],[36.0037167045,-1.7430537673],[36.0036301114,-1.7969474391],[35.9953194751,-1.7969336928],[35.9953194568,-1.7969448733],[35.9952977141,-1.8053042428],[35.9869870714,-1.8052903962],[35.9869732453,-1.8136608935],[35.995283926,-1.8136748044],[35.99980937,-1.8136934801],[35.9970356701,-1.8209198686],[35.9847976186,-1.8393387269],[35.9716028612,-1.8666677289],[35.968308819,-1.8805925006],[35.9619036327,-1.8805812862],[35.9619324633,-1.8638516139],[35.9619468089,-1.8554703934],[35.9702575856,-1.8554847442],[35.9702939106,-1.8387440288],[35.9619752715,-1.8387297939],[35.9619955657,-1.8219891765],[35.9536849765,-1.8219750462],[35.9536990185,-1.8136048088],[35.9703280629,-1.8136329145],[35.9703360036,-1.8136329278]]]}},{"type":"Feature","properties":{"country":"Kenya","country_code":"KEN","species_name":"Eucalyptus_grandis","genus":"Eucalyptus","species":"grandis","suitability_name":"Marginally suitable","suitability_rank":3,"source_layer":"KCFP_SSMT_Kenya","tz":null,"soil_description":null},"geometry":{"type":"Polygon","coordinates":[[[35.985713919,-1.7048420929],[35.9851300592,-1.7048411724],[35.9854927535,-1.7047498871],[35.985713919,-1.7048420929]]]}},{"type":"Feature","properties":{"country":"Kenya","country_code":"KEN","species_name":"Eucalyptus_grandis","genus":"Eucalyptus","species":"grandis","suitability_name":"Marginally suitable","suitability_rank":3,"source_layer":"KCFP_SSMT_Kenya","tz":null,"soil_description":null},"geometry":{"type":"Polygon","coordinates":[[[35.9568717653,-1.6997955591],[35.9612699211,-1.7048034011],[35.9538756838,-1.7047916364],[35.9538824862,-1.7004630077],[35.9568717653,-1.6997955591]]]}},{"type":"Feature","properties":{"country":"Kenya","country_code":"KEN","species_name":"Eucalyptus_grandis","genus":"Eucalyptus","species":"grandis","suitability_name":"Marginally suitable","suitability_rank":3,"source_layer":"KCFP_SSMT_Kenya","tz":null,"soil_description":null},"geometry":{"type":"Polygon","coordinates":[[[35.9538824862,-1.7004630077],[35.9538746071,-1.7004647668],[35.9511504194,-1.70107302],[35.9467297595,-1.6964215892],[35.9467187502,-1.6964100051],[35.9538888202,-1.6964213852],[35.9538824862,-1.7004630077]]]}},{"type":"Feature","properties":{"country":"Kenya","country_code":"KEN","species_name":"Eucalyptus_grandis","genus":"Eucalyptus","species":"grandis","suitability_name":"Marginally suitable","suitability_rank":3,"source_layer":"KCFP_SSMT_Kenya","tz":null,"soil_description":null},"geometry":{"type":"Polygon","coordinates":[[[35.9455728312,-1.6952042671],[35.9467187502,-1.6964100051],[35.945570942,-1.6964081817],[35.9455728312,-1.6952042671]]]}},{"type":"Feature","properties":{"country":"Kenya","country_code":"KEN","species_name":"Eucalyptus_grandis","genus":"Eucalyptus","species":"grandis","suitability_name":"Marginally suitable","suitability_rank":3,"source_layer":"KCFP_SSMT_Kenya","tz":null,"soil_description":null},"geometry":{"type":"Polygon","coordinates":[[[35.9407195373,-1.6545496162],[35.9456279848,-1.6545572325],[35.9455728312,-1.6952042671],[35.9455650002,-1.695196028],[35.9398032439,-1.6815636833],[35.9389808201,-1.6641928333],[35.9407195373,-1.6545496162]]]}},{"type":"Feature","properties":{"country":"Kenya","country_code":"KEN","species_name":"Eucalyptus_grandis","genus":"Eucalyptus","species":"grandis","suitability_name":"Marginally suitable","suitability_rank":3,"source_layer":"KCFP_SSMT_Kenya","tz":null,"soil_description":null},"geometry":{"type":"Polygon","coordinates":[[[35.9422282104,-1.6461817763],[35.9407195373,-1.6545496162],[35.9373181903,-1.6545443312],[35.9373310076,-1.6461742074],[35.9422282104,-1.6461817763]]]}},{"type":"Feature","properties":{"country":"Kenya","country_code":"KEN","species_name":"Eucalyptus_grandis","genus":"Eucalyptus","species":"grandis","suitability_name":"Marginally suitable","suitability_rank":3,"source_layer":"KCFP_SSMT_Kenya","tz":null,"soil_description":null},"geometry":{"type":"Polygon","coordinates":[[[36.1209852556,-1.1022984107],[36.1209932726,-1.0939268462],[36.1459447243,-1.0939508556],[36.1459526096,-1.0855791058],[36.1574437871,-1.0855900088],[36.1470919368,-1.1107093079],[36.142329752,-1.124217576],[36.137587877,-1.1262121498],[36.1278877714,-1.1302922382],[36.1209493875,-1.1303969834],[36.117581705,-1.1304478167],[36.1146726289,-1.1274205926],[36.1126373058,-1.1253026131],[36.1102852823,-1.1228550742],[36.1101665679,-1.1190446317],[36.109879276,-1.109824909],[36.1126696003,-1.100840518],[36.1126682046,-1.1022902997],[36.1209852556,-1.1022984107]]]}},{"type":"Feature","properties":{"country":"Kenya","country_code":"KEN","species_name":"Eucalyptus_grandis","genus":"Eucalyptus","species":"grandis","suitability_name":"Marginally suitable","suitability_rank":3,"source_layer":"KCFP_SSMT_Kenya","tz":null,"soil_description":null},"geometry":{"type":"Polygon","coordinates":[[[36.1847704771,-0.8119543621],[36.1843353676,-0.8058670254],[36.1793573393,-0.7898020714],[36.180223341,-0.7842190403],[36.1877794579,-0.7842241612],[36.1877681551,-0.8009682973],[36.1960850317,-0.8009740379],[36.1960793076,-0.8093461649],[36.1877624141,-0.8093403644],[36.1877596999,-0.8132698207],[36.1847704771,-0.8119543621]]]}},{"type":"Feature","properties":{"country":"Kenya","country_code":"KEN","species_name":"Eucalyptus_grandis","genus":"Eucalyptus","species":"grandis","suitability_name":"Marginally suitable","suitability_rank":3,"source_layer":"KCFP_SSMT_Kenya","tz":null,"soil_description":null},"geometry":{"type":"Polygon","coordinates":[[[35.9633373825,-0.6347671205],[35.9626738407,-0.6341460155],[35.9618268928,-0.6334139738],[35.9633381712,-0.6334148662],[35.9633373825,-0.6347671205]]]}},{"type":"Feature","properties":{"country":"Kenya","country_code":"KEN","species_name":"Eucalyptus_grandis","genus":"Eucalyptus","species":"grandis","suitability_name":"Marginally suitable","suitability_rank":3,"source_layer":"KCFP_SSMT_Kenya","tz":null,"soil_description":null},"geometry":{"type":"Polygon","coordinates":[[[36.0797919185,-0.5746030724],[36.0797835657,-0.5745999716],[36.0762033109,-0.5732707567],[36.0754921986,-0.5665101172],[36.0754905246,-0.5664941986],[36.0797960082,-0.5664963872],[36.0797919185,-0.5746030724]]]}},{"type":"Feature","properties":{"country":"Kenya","country_code":"KEN","species_name":"Eucalyptus_grandis","genus":"Eucalyptus","species":"grandis","suitability_name":"Marginally suitable","suitability_rank":3,"source_layer":"KCFP_SSMT_Kenya","tz":null,"soil_description":null},"geometry":{"type":"Polygon","coordinates":[[[36.0714803876,-0.5664921582],[36.0714957276,-0.5350905255],[36.0732402673,-0.5451031415],[36.0754905246,-0.5664941986],[36.0714803876,-0.5664921582]]]}},{"type":"Feature","properties":{"country":"Kenya","country_code":"KEN","species_name":"Eucalyptus_grandis","genus":"Eucalyptus","species":"grandis","suitability_name":"Marginally suitable","suitability_rank":3,"source_layer":"KCFP_SSMT_Kenya","tz":null,"soil_description":null},"geometry":{"type":"Polygon","coordinates":[[[36.0711355113,-0.5330231561],[36.0711327141,-0.5330071079],[36.0714967143,-0.5330072823],[36.0714957276,-0.5350905255],[36.0714874283,-0.535042894],[36.0711355113,-0.5330231561]]]}},{"type":"Feature","properties":{"country":"Kenya","country_code":"KEN","species_name":"Eucalyptus_grandis","genus":"Eucalyptus","species":"grandis","suitability_name":"Marginally suitable","suitability_rank":3,"source_layer":"KCFP_SSMT_Kenya","tz":null,"soil_description":null},"geometry":{"type":"Polygon","coordinates":[[[36.0633503494,-0.4699509791],[36.0664785498,-0.5062976721],[36.0711327141,-0.5330071079],[36.0631812012,-0.5330032928],[36.0631851386,-0.5246321365],[36.0548696998,-0.5246281986],[36.0548735849,-0.516257104],[36.0465582196,-0.516253218],[36.0465802845,-0.4660270252],[36.0518403997,-0.4660292454],[36.0562423219,-0.4711575505],[36.0633503494,-0.4699509791]]]}},{"type":"Feature","properties":{"country":"Kenya","country_code":"KEN","species_name":"Eucalyptus_grandis","genus":"Eucalyptus","species":"grandis","suitability_name":"Marginally suitable","suitability_rank":3,"source_layer":"KCFP_SSMT_Kenya","tz":null,"soil_description":null},"geometry":{"type":"Polygon","coordinates":[[[36.0386038073,-0.4721989905],[36.0317171765,-0.4746914154],[36.0245834368,-0.4518124697],[36.0180886964,-0.4342317636],[36.0158999835,-0.4226861923],[36.0200606113,-0.4185582623],[36.0306844512,-0.4345473102],[36.0335539207,-0.4467894788],[36.0401578006,-0.4502938529],[36.0461954309,-0.4404110171],[36.0374868612,-0.4140561331],[36.0286849568,-0.3992327937],[36.0216659522,-0.3901949321],[36.015126844,-0.3788466142],[36.0058176848,-0.369097098],[36.0031492675,-0.3596177644],[36.0045540072,-0.35662637],[36.0064075477,-0.325491205],[36.0097840992,-0.3231848988],[35.9954769261,-0.3182720435],[35.9884456803,-0.3113091999],[35.9875765632,-0.3055408349],[35.9940824477,-0.2933471718],[36.006069418,-0.2832726961],[36.025120487,-0.2769360219],[36.032306844,-0.2773314293],[36.0393022257,-0.2777090469],[36.0553552132,-0.2741218322],[36.0651874293,-0.2755634851],[36.0736977077,-0.2712371449],[36.0807272056,-0.265147403],[36.0807469135,-0.2651303297],[36.0956888562,-0.2521854274],[36.1048484249,-0.2484714794],[36.1048568749,-0.2484680531],[36.1236227946,-0.2408588632],[36.1345741446,-0.2457679104],[36.1443127504,-0.2578267369],[36.1582310365,-0.2636821229],[36.1661093248,-0.267645566],[36.1799212382,-0.2984326219],[36.1895752054,-0.3220250919],[36.2012298579,-0.3521012306],[36.2053143161,-0.3572535883],[36.1713547077,-0.3572431182],[36.1713543029,-0.3585633522],[36.1602085867,-0.357142264],[36.1576492534,-0.3619749919],[36.1584716088,-0.3656109827],[36.1547200596,-0.3656097857],[36.1547173912,-0.3739816265],[36.1380855611,-0.3739761789],[36.1380828173,-0.3823478967],[36.1350129934,-0.3823468661],[36.1309848533,-0.3756522861],[36.1224356212,-0.3569052],[36.1189532763,-0.3347348257],[36.1181269763,-0.3245812266],[36.1094376123,-0.3233727501],[36.1063063468,-0.3348825774],[36.1050472388,-0.3277282532],[36.0971538035,-0.3140627496],[36.0882545833,-0.310318299],[36.0788662378,-0.3102615433],[36.0754773529,-0.3137185052],[36.0761409134,-0.3081645286],[36.0798311282,-0.3051871456],[36.0791787801,-0.3010303711],[36.0831105787,-0.2955161501],[36.081789538,-0.2895125543],[36.0680501724,-0.2892006306],[36.0566360354,-0.2863574883],[36.0490269453,-0.292312606],[36.037593083,-0.2917793356],[36.0358756541,-0.305605025],[36.0530399226,-0.3059476746],[36.0580109834,-0.3138201262],[36.0719285578,-0.3189149392],[36.0654418925,-0.3284008499],[36.0532833296,-0.3320171331],[36.0488931145,-0.3363723633],[36.0512813502,-0.3520755394],[36.0443032092,-0.3649587137],[36.0408658592,-0.3872294034],[36.0456640359,-0.3944955073],[36.0522761996,-0.3982260438],[36.0562914049,-0.4037452428],[36.0608560193,-0.4393555686],[36.0622127366,-0.456808987],[36.0632146905,-0.4569325306],[36.0632143944,-0.457662873],[36.0622866228,-0.4576624902],[36.0548990373,-0.4576594377],[36.054895588,-0.4660305331],[36.0518403997,-0.4660292454],[36.048081204,-0.4616497572],[36.0386038073,-0.4721989905]]]}},{"type":"Feature","properties":{"country":"Kenya","country_code":"KEN","species_name":"Eucalyptus_grandis","genus":"Eucalyptus","species":"grandis","suitability_name":"Marginally suitable","suitability_rank":3,"source_layer":"KCFP_SSMT_Kenya","tz":null,"soil_description":null},"geometry":{"type":"Polygon","coordinates":[[[36.0945939306,-0.4561792582],[36.0960082545,-0.4576763252],[36.0798697271,-0.4576697235],[36.088198577,-0.4552108131],[36.0945939306,-0.4561792582]]]}},{"type":"Feature","properties":{"country":"Kenya","country_code":"KEN","species_name":"Eucalyptus_grandis","genus":"Eucalyptus","species":"grandis","suitability_name":"Marginally suitable","suitability_rank":3,"source_layer":"KCFP_SSMT_Kenya","tz":null,"soil_description":null},"geometry":{"type":"Polygon","coordinates":[[[36.1214301862,-0.4409434598],[36.115152943,-0.4409410117],[36.1153475091,-0.4339620888],[36.1199253607,-0.4388013976],[36.1214321407,-0.4358269003],[36.1214301862,-0.4409434598]]]}},{"type":"Feature","properties":{"country":"Kenya","country_code":"KEN","species_name":"Eucalyptus_grandis","genus":"Eucalyptus","species":"grandis","suitability_name":"Marginally suitable","suitability_rank":3,"source_layer":"KCFP_SSMT_Kenya","tz":null,"soil_description":null},"geometry":{"type":"Polygon","coordinates":[[[36.1214333727,-0.432571866],[36.1230807,-0.4325724945],[36.1214321407,-0.4358269003],[36.1214333727,-0.432571866]]]}},{"type":"Feature","properties":{"country":"Kenya","country_code":"KEN","species_name":"Eucalyptus_grandis","genus":"Eucalyptus","species":"grandis","suitability_name":"Marginally suitable","suitability_rank":3,"source_layer":"KCFP_SSMT_Kenya","tz":null,"soil_description":null},"geometry":{"type":"Polygon","coordinates":[[[36.1251987525,-0.4099948994],[36.1283010895,-0.3945535553],[36.1297636069,-0.3923803698],[36.1297491956,-0.4325750387],[36.1230807,-0.4325724945],[36.1251987525,-0.4099948994]]]}},{"type":"Feature","properties":{"country":"Kenya","country_code":"KEN","species_name":"Eucalyptus_grandis","genus":"Eucalyptus","species":"grandis","suitability_name":"Marginally suitable","suitability_rank":3,"source_layer":"KCFP_SSMT_Kenya","tz":null,"soil_description":null},"geometry":{"type":"Polygon","coordinates":[[[36.1357224287,-0.3835259223],[36.1297636069,-0.3923803698],[36.1297669858,-0.3823450998],[36.1350129934,-0.3823468661],[36.1357224287,-0.3835259223]]]}},{"type":"Feature","properties":{"country":"Kenya","country_code":"KEN","species_name":"Eucalyptus_grandis","genus":"Eucalyptus","species":"grandis","suitability_name":"Marginally suitable","suitability_rank":3,"source_layer":"KCFP_SSMT_Kenya","tz":null,"soil_description":null},"geometry":{"type":"Polygon","coordinates":[[[36.2129686727,-0.2233169485],[36.2129669564,-0.1814557857],[36.2046507582,-0.181454493],[36.2046554283,-0.1479658012],[36.2129716127,-0.1479668553],[36.2129726286,-0.1395946225],[36.2046564464,-0.139593628],[36.2046595669,-0.1100715273],[36.2046599298,-0.1061049348],[36.1963438173,-0.1061041766],[36.1963458121,-0.0809878356],[36.2089422042,-0.0809887115],[36.2129779238,-0.0832841197],[36.212976897,-0.0967964904],[36.212976821,-0.0977334576],[36.2379256809,-0.0977355331],[36.2379263369,-0.089363123],[36.2462427394,-0.0893637521],[36.2462438694,-0.072618812],[36.2379274723,-0.0726004795],[36.2379279504,-0.0642458897],[36.2379369123,-0.0642458902],[36.2462443472,-0.064246342],[36.2462447665,-0.055873871],[36.2545612213,-0.055874264],[36.2545621258,-0.0307566773],[36.2628786361,-0.0307568925],[36.2628788218,-0.0223662899],[36.2628789468,-0.0140117166],[36.2628880067,-0.0140117176],[36.2711955152,-0.0140118143],[36.2711955154,-0.0139937675],[36.271195275,0.0278514144],[36.2795119011,0.0278516081],[36.2795116802,0.0362243123],[36.2878283648,0.0362245643],[36.2878280878,0.0445973256],[36.2961448308,0.0445976338],[36.2961436544,0.0697160938],[36.3210942389,0.0697175315],[36.3210937369,0.0780905231],[36.3294107127,0.0780910571],[36.3294095427,0.0948371554],[36.3210925624,0.094836508],[36.3210918898,0.1032095012],[36.3127749643,0.1032087935],[36.3127742317,0.1115817294],[36.3044573618,0.1115809629],[36.3044548136,0.1367182225],[36.3044538538,0.1450724712],[36.2961462171,0.1450714736],[36.2961360053,0.153444291],[36.3044620528,0.1534453505],[36.3127697184,0.1534464034],[36.3127716922,0.1367191617],[36.3210886309,0.1367014693],[36.3210895309,0.1283284771],[36.3377235662,0.1283302276],[36.3377244041,0.1199571212],[36.3460415054,0.1199579351],[36.3460422844,0.1115847719],[36.362676649,0.1115862789],[36.3626773672,0.1032130016],[36.3709946313,0.1032136963],[36.3709952905,0.0948403627],[36.3793126084,0.094840999],[36.3793142485,0.0697208314],[36.3876316168,0.0697212971],[36.3876324304,0.0529744073],[36.4125848597,0.052975462],[36.4125854449,0.0362282387],[36.4209030286,0.0362284785],[36.4209033938,0.0194811447],[36.429221032,0.0194812718],[36.4292211317,0.0111075499],[36.4458565711,0.0111076952],[36.4458566056,-0.0056399678],[36.4541744075,-0.0056400045],[36.4541743441,-0.0140138896],[36.4708101085,-0.014014072],[36.4708098214,-0.030762061],[36.4791277852,-0.0307622592],[36.4791275609,-0.0391363077],[36.4957636512,-0.0391368088],[36.4957633761,-0.0475109655],[36.5040815016,-0.0475112687],[36.5040811744,-0.0558854779],[36.5207175864,-0.0558861876],[36.5207172087,-0.0642605032],[36.5262864834,-0.0642607752],[36.5289122678,-0.0798714366],[36.5290346374,-0.0801389061],[36.5290345849,-0.081009646],[36.5294330205,-0.0810096705],[36.5361115493,-0.0956074792],[36.537843204,-0.0990568306],[36.5552347894,-0.1088747173],[36.5607788421,-0.1156971909],[36.570624376,-0.1148697803],[36.5706232208,-0.1278129614],[36.5706228924,-0.1312599601],[36.5734861567,-0.1312602401],[36.5789415073,-0.1312607727],[36.5789409651,-0.1367797516],[36.5789406776,-0.1396178859],[36.5789406758,-0.1396354545],[36.5789509538,-0.1396354556],[36.5817634639,-0.1396357472],[36.587259345,-0.139636316],[36.5872587666,-0.1451962965],[36.587258467,-0.1479935132],[36.5872584651,-0.1480110494],[36.5872687754,-0.1480110505],[36.5900407773,-0.1480113541],[36.6205336645,-0.1480146706],[36.6205345322,-0.1396397323],[36.6239221701,-0.1396400774],[36.6288527873,-0.1461571333],[36.628852591,-0.148015568],[36.6302589325,-0.1480157194],[36.6309337975,-0.1489077305],[36.6295304398,-0.1510943837],[36.6273707013,-0.1633146409],[36.6253399079,-0.1647476532],[36.6217180084,-0.1673034068],[36.6251845198,-0.1773836587],[36.628952186,-0.1774855605],[36.6323157951,-0.1647484894],[36.6328670087,-0.1626611491],[36.6402460982,-0.1567025791],[36.6617629261,-0.1579862817],[36.6704469099,-0.1579005482],[36.6704461282,-0.1647704887],[36.6787653608,-0.1647714668],[36.6787643664,-0.1731467566],[36.7003207601,-0.1731494026],[36.7014522023,-0.1757585346],[36.703721623,-0.1792483747],[36.7037213375,-0.1815252557],[36.705202382,-0.1815254451],[36.7095934145,-0.1882778995],[36.7157974417,-0.1857742902],[36.7203596307,-0.1864761001],[36.7203591847,-0.1899029117],[36.7369983069,-0.1899051138],[36.7369960338,-0.2066390669],[36.745315673,-0.2066575705],[36.7453144701,-0.2150159708],[36.7536341615,-0.2150344875],[36.7536333393,-0.2205916365],[36.7484585962,-0.2226750611],[36.7475156861,-0.2233920241],[36.7367140147,-0.2316052655],[36.7295441158,-0.2391858249],[36.7342931693,-0.2468267175],[36.7530849691,-0.2448628513],[36.761948926,-0.2468448083],[36.7619472075,-0.2569146005],[36.7660014486,-0.2569153142],[36.7638897033,-0.2677830801],[36.7732759555,-0.2680746824],[36.7754222471,-0.2664666631],[36.7785190589,-0.2708751125],[36.7869045451,-0.2696589235],[36.7869038149,-0.2736708169],[36.7952237807,-0.2736723592],[36.795220628,-0.2904242908],[36.8035406534,-0.2904259232],[36.8035390117,-0.2988019349],[36.79521898,-0.2988002564],[36.795217287,-0.3071762218],[36.803537325,-0.3071779474],[36.803532682,-0.3291211513],[36.8035301075,-0.3406819959],[36.8118502195,-0.3406839035],[36.8118401871,-0.3825641949],[36.8201603845,-0.3825663269],[36.8201515557,-0.4160707447],[36.8284718321,-0.4160730546],[36.8284622988,-0.4495776554],[36.8367826579,-0.4495801428],[36.8367801679,-0.4579563386],[36.8451005825,-0.4579588627],[36.845095487,-0.474711346],[36.8367750528,-0.4747087296],[36.8367724259,-0.4830849248],[36.8201316753,-0.483079568],[36.8201262422,-0.4998317729],[36.8284466151,-0.4998345489],[36.8284438397,-0.5082106962],[36.8367642693,-0.5082135089],[36.8367556992,-0.533342091],[36.8340739645,-0.5333411402],[36.8284352358,-0.5333391401],[36.8284231193,-0.5668437264],[36.8367436282,-0.5668468636],[36.8367373174,-0.5835992483],[36.8200962973,-0.5835927781],[36.8200864111,-0.6087210737],[36.8117659337,-0.6087176808],[36.8117590845,-0.6254697837],[36.8284001403,-0.6254767448],[36.828396672,-0.6338528881],[36.8367172829,-0.6338563961],[36.8367066448,-0.6589849652],[36.8283859931,-0.65898132],[36.8283786431,-0.6757336058],[36.836699323,-0.6757373445],[36.8366955931,-0.6841135333],[36.8427245879,-0.6841162669],[36.8450163314,-0.6841173039],[36.8450125701,-0.6924935386],[36.8418302125,-0.6924920805],[36.8366918172,-0.6924897218],[36.8366879946,-0.7008659099],[36.8283672721,-0.7008620321],[36.8283633895,-0.7092381736],[36.8200426984,-0.7092342353],[36.8200387555,-0.717610329],[36.8283594617,-0.7176143147],[36.8283554868,-0.7259904556],[36.8200347645,-0.7259864233],[36.8200183419,-0.7594907971],[36.8033769132,-0.7594823121],[36.803368358,-0.7762343097],[36.7950476812,-0.7762299489],[36.7950389071,-0.7929818519],[36.7783976281,-0.7929728907],[36.7783931382,-0.8013487466],[36.7700725517,-0.8013441936],[36.7700679976,-0.8097200015],[36.7534269339,-0.809710749],[36.7534222982,-0.8180864608],[36.7451018203,-0.8180817606],[36.745106475,-0.809706097],[36.7367860621,-0.8097014278],[36.736771905,-0.8348282727],[36.7450923689,-0.8348330868],[36.7450827259,-0.8515844114],[36.7367622274,-0.8515795007],[36.7367573151,-0.8599551141],[36.7284368458,-0.8599501369],[36.7284318681,-0.8683257024],[36.7367523565,-0.8683307281],[36.7367473481,-0.8767063398],[36.7284268422,-0.8767012656],[36.728421768,-0.8850768293],[36.7201012918,-0.8850716879],[36.7200961506,-0.8934472026],[36.7117757042,-0.8934419935],[36.7117704956,-0.9018174598],[36.7034500798,-0.9018121828],[36.7034394777,-0.9185630135],[36.6894307251,-0.9185539206],[36.6867987141,-0.9185522059],[36.6867933014,-0.9269275225],[36.6784729738,-0.9269220386],[36.6784619617,-0.9436725722],[36.670141645,-0.9436669702],[36.6701360449,-0.9520421861],[36.661815756,-0.9520365142],[36.6618043669,-0.968786845],[36.6534840881,-0.9687810527],[36.6534782986,-0.9771561664],[36.6285177005,-0.9771385159],[36.628529352,-0.9603885878],[36.6237917528,-0.9603852742],[36.6210536936,-0.9509207824],[36.6112911249,-0.9373078713],[36.6035890571,-0.9316330053],[36.6035922665,-0.9268718079],[36.5971210336,-0.9268673921],[36.5952734233,-0.9254081613],[36.5952780665,-0.9184913668],[36.5888918013,-0.9184870344],[36.5869597143,-0.9163916136],[36.5869639051,-0.9101110086],[36.5811650436,-0.9101070967],[36.5791269153,-0.9078966839],[36.5755311228,-0.9039962956],[36.5657509737,-0.8947124735],[36.5541240631,-0.8881755572],[36.5498924196,-0.8752223514],[36.5518776093,-0.8299912993],[36.5487883729,-0.8165836634],[36.5572384388,-0.819644375],[36.5637463585,-0.8344612356],[36.5695396403,-0.8531940084],[36.5726160423,-0.8684506107],[36.5722780295,-0.8813736679],[36.573584723,-0.8894554124],[36.58417689,-0.8821466322],[36.5852529253,-0.8636854729],[36.5801975841,-0.8394144823],[36.5741280279,-0.8264455379],[36.5689196872,-0.8194927909],[36.56666548,-0.8153181822],[36.5724249455,-0.8112052847],[36.5797197243,-0.8149471913],[36.5891856995,-0.8337023606],[36.5965347532,-0.8307472862],[36.6029618942,-0.8289443234],[36.6049058205,-0.8162634675],[36.6072648966,-0.7809623123],[36.626500851,-0.7543101028],[36.6268528465,-0.7409242834],[36.629649332,-0.7074796032],[36.6297672934,-0.6952268931],[36.6238528414,-0.6894354466],[36.6207257076,-0.6840105839],[36.628692507,-0.6840145553],[36.6286883689,-0.6923895318],[36.6370079207,-0.6923937155],[36.6370037469,-0.7007687423],[36.6619627468,-0.7007813561],[36.6619601758,-0.7059449558],[36.6619585673,-0.7091565333],[36.6649053791,-0.7091580314],[36.6784535388,-0.7091648948],[36.6785981788,-0.7091649678],[36.6785981405,-0.7092417711],[36.6785939806,-0.7175402443],[36.6862943842,-0.7175441731],[36.6952338185,-0.7175487186],[36.6952296005,-0.7259240928],[36.7035496095,-0.7259283559],[36.7035453579,-0.7343037807],[36.7118654293,-0.7343080765],[36.7118611444,-0.7426835491],[36.7201812808,-0.74268788],[36.7201769631,-0.7510634002],[36.7368174134,-0.75107211],[36.7368216988,-0.7426964918],[36.7451419809,-0.7427007746],[36.7451462027,-0.7343251086],[36.7617868776,-0.7343335299],[36.7617910216,-0.7259577666],[36.7701114159,-0.7259619066],[36.7701195302,-0.7092102834],[36.7784399408,-0.7092143128],[36.7784439134,-0.7008384532],[36.7867643555,-0.7008424201],[36.7867682662,-0.6924665128],[36.778447837,-0.6924625932],[36.7784517143,-0.6840867329],[36.7701313486,-0.6840828463],[36.7701351921,-0.6757070333],[36.7618148872,-0.6757031799],[36.7618186992,-0.6673274143],[36.7701389891,-0.6673312199],[36.770146442,-0.6505795924],[36.7784667524,-0.6505832886],[36.778473987,-0.6338315647],[36.7701537036,-0.6338279636],[36.7701676601,-0.6003247025],[36.7784878924,-0.6003281133],[36.7784912497,-0.5919522497],[36.7701710318,-0.5919488866],[36.7701743542,-0.5835730695],[36.7784945616,-0.5835763859],[36.7784978245,-0.5752005218],[36.7951383544,-0.5752070211],[36.7951446935,-0.5584551029],[36.7868244289,-0.5584519529],[36.786830603,-0.5417001289],[36.7951508436,-0.5417031827],[36.7951538488,-0.5333272236],[36.7868336195,-0.5333242162],[36.7868395115,-0.5165723889],[36.7701992358,-0.5165665302],[36.7701962923,-0.5249423494],[36.7535561841,-0.5249363512],[36.7535620691,-0.5081849049],[36.7618820781,-0.5081878146],[36.7618849384,-0.4998120427],[36.778525075,-0.4998177326],[36.7785278669,-0.491441867],[36.7868479969,-0.4914446477],[36.7868560584,-0.4663169053],[36.7785359603,-0.4663142659],[36.7785385626,-0.4579383975],[36.7702185206,-0.4579357958],[36.7702210861,-0.4495599758],[36.7785411195,-0.4495625308],[36.7785485033,-0.4244349266],[36.7702284985,-0.4244325143],[36.7702354846,-0.3993050511],[36.7619155532,-0.399302774],[36.7619302519,-0.3406723546],[36.7536104225,-0.3406704056],[36.7536121462,-0.3331474105],[36.7536142072,-0.3239189516],[36.7459536593,-0.3239172375],[36.7452944395,-0.3239170898],[36.7452946149,-0.3231229482],[36.7452962683,-0.3155414116],[36.7415312329,-0.3155405881],[36.7369765543,-0.3155395912],[36.7369787404,-0.3052599769],[36.7369834124,-0.2820370675],[36.7286637726,-0.2820354343],[36.7286653728,-0.2736598513],[36.720345787,-0.2736582617],[36.7203488539,-0.2569071926],[36.7129925292,-0.2569058685],[36.7120293286,-0.2569056949],[36.7120297761,-0.254373178],[36.7120322114,-0.2401547238],[36.7066244695,-0.240153811],[36.7037127442,-0.2401533178],[36.7037139122,-0.2330580574],[36.7037141181,-0.2317778806],[36.7028153395,-0.2317777338],[36.6953947047,-0.2317765196],[36.6953960356,-0.2234011315],[36.687076675,-0.2233998158],[36.6870788038,-0.2093560009],[36.6870791971,-0.2066491372],[36.6851787818,-0.2066488584],[36.6454831844,-0.206642982],[36.6454843931,-0.1982678925],[36.6038896517,-0.1982618818],[36.6038908308,-0.189887046],[36.5955720385,-0.1898858826],[36.5955731715,-0.1815110981],[36.5872544334,-0.1815099822],[36.5872565517,-0.1647605159],[36.5623006698,-0.164757456],[36.5623016623,-0.1563828783],[36.5539831417,-0.1563819036],[36.5539821458,-0.1647564291],[36.5456636738,-0.1647553986],[36.545661519,-0.1815043446],[36.5290247168,-0.1815020627],[36.5290235534,-0.1898764303],[36.5207844168,-0.1898752421],[36.5123869533,-0.189874027],[36.5123857293,-0.1982482886],[36.5040675034,-0.1982470276],[36.5040648891,-0.2149954438],[36.5123831228,-0.2149968113],[36.51237882,-0.2401024147],[36.5123756822,-0.2568681163],[36.5123857038,-0.2568681183],[36.5206939935,-0.2568697447],[36.5206923559,-0.2652269742],[36.5206889123,-0.2819926856],[36.5206989663,-0.2819926886],[36.5290072933,-0.2819944681],[36.5290036586,-0.2987262446],[36.5290036548,-0.2987432005],[36.5290137403,-0.2987432019],[36.530167864,-0.2987434633],[36.5373221005,-0.2987450807],[36.5373162689,-0.3238683365],[36.5456347856,-0.323870369],[36.5456285055,-0.3489937819],[36.5539470965,-0.3489959647],[36.5539403692,-0.3741195315],[36.562259035,-0.3741218635],[36.5622543065,-0.3908710131],[36.5607792296,-0.3908705817],[36.5206614185,-0.3908587485],[36.5206610166,-0.3922263218],[36.520656399,-0.4076073709],[36.5123379619,-0.407604786],[36.5123353645,-0.4159790438],[36.5206538103,-0.4159816818],[36.5206457281,-0.4411046133],[36.5123272553,-0.441101817],[36.5123244466,-0.449476074],[36.5206429288,-0.4494789234],[36.5206371713,-0.466227543],[36.5289557263,-0.4662304878],[36.5289527789,-0.4746048511],[36.5745946407,-0.4746211244],[36.5871841867,-0.4746255598],[36.5871870648,-0.466250832],[36.611273944,-0.466259105],[36.6204632465,-0.4662622385],[36.620460408,-0.4746371721],[36.6287795902,-0.47464005],[36.6287767112,-0.4830150333],[36.6370959537,-0.4830179518],[36.6370741262,-0.5425202548],[36.6370610837,-0.5751433087],[36.6287417187,-0.5751398336],[36.6287311177,-0.6002647728],[36.6204117659,-0.6002611331],[36.6203733211,-0.683399277],[36.6107618942,-0.6667258777],[36.6045148151,-0.6468340536],[36.6067073207,-0.631152898],[36.6155202608,-0.5912831694],[36.6229059702,-0.5564719923],[36.6140166124,-0.5254831315],[36.609616162,-0.5030696299],[36.6024005883,-0.4898681151],[36.5978623836,-0.4849907323],[36.5907969793,-0.4803258416],[36.5801757266,-0.4904199512],[36.5714183229,-0.4975204357],[36.5617514628,-0.5039154058],[36.5559536733,-0.512424726],[36.5483599052,-0.5160704733],[36.5185025892,-0.499026503],[36.5145042707,-0.4949912327],[36.5040009229,-0.4918778565],[36.5036785174,-0.4917822894],[36.4911816994,-0.4808555222],[36.4835085338,-0.467184696],[36.4777815679,-0.4578381753],[36.4790481471,-0.4578386231],[36.4790682506,-0.3961604146],[36.4814456699,-0.390846994],[36.4873880548,-0.3908487869],[36.4873929281,-0.3741005915],[36.4957111725,-0.3741029859],[36.4957135222,-0.3657288348],[36.4873952847,-0.3657264931],[36.487397588,-0.3573523936],[36.4957158179,-0.3573546826],[36.4957189012,-0.3457883602],[36.5023395497,-0.349824016],[36.5040457113,-0.3513030668],[36.5128037743,-0.3588953631],[36.5193758345,-0.3663150299],[36.527406861,-0.3642898786],[36.5272011934,-0.3503440235],[36.5265076116,-0.3489719742],[36.5133237298,-0.3228921051],[36.5052409288,-0.302988227],[36.4998376557,-0.2819881933],[36.5040523085,-0.2819891053],[36.5040528308,-0.2795274351],[36.5040557716,-0.2652406899],[36.4957375606,-0.2652389973],[36.4957438718,-0.2317423807],[36.4874257349,-0.2317408969],[36.4874324488,-0.1898703919],[36.4791143883,-0.1898691722],[36.4791167084,-0.1731210771],[36.4707987082,-0.1731199613],[36.4708008211,-0.1563719739],[36.4624828815,-0.1563709627],[36.4624847859,-0.1396230833],[36.4541669064,-0.1396221775],[36.4541693668,-0.1145005208],[36.4458515494,-0.1144997756],[36.4458529239,-0.0977521132],[36.4375351643,-0.0977514749],[36.4375378327,-0.0517610875],[36.4375379965,-0.0475088149],[36.432895988,-0.0475086404],[36.4292203013,-0.0475085037],[36.4292203572,-0.0459468945],[36.4292205828,-0.0391347818],[36.4209029431,-0.0391345245],[36.4209026607,-0.0475081914],[36.4203601453,-0.047508171],[36.4114903499,-0.0287437668],[36.4086669204,-0.0223869734],[36.4125857618,-0.0223870432],[36.4125858812,-0.0140134306],[36.4042683537,-0.0140133379],[36.404268338,-0.0153800558],[36.3535669278,0.0447896832],[36.3418773842,0.0384241119],[36.3311623353,0.0121275292],[36.3374773643,-0.0181856865],[36.3372233205,-0.0439452412],[36.3459809991,-0.0643057574],[36.3544863599,-0.0892789026],[36.3571569824,-0.1273739974],[36.3527811635,-0.1584962877],[36.3542257369,-0.173086501],[36.3543616465,-0.1744592789],[36.3551131002,-0.1820497361],[36.3609453003,-0.1968625254],[36.3569757301,-0.2332934958],[36.3583331524,-0.2633091166],[36.3536178305,-0.2808133929],[36.3450842269,-0.2883846009],[36.3348858444,-0.3035512413],[36.3239549263,-0.3237836341],[36.3196148318,-0.3496039875],[36.3165150915,-0.3573037117],[36.304410341,-0.3573001418],[36.3044070469,-0.3684219655],[36.2974568063,-0.3716209068],[36.2804856764,-0.3752093845],[36.2794540634,-0.3757543937],[36.2794545944,-0.3740381326],[36.2711468852,-0.3740355351],[36.2711468894,-0.3740188727],[36.2711377987,-0.3740188707],[36.2711428534,-0.3572902479],[36.262835185,-0.3572877574],[36.2628351891,-0.3572710319],[36.2628261299,-0.3572710291],[36.2628399568,-0.3070522493],[36.2711566424,-0.3070543903],[36.271158737,-0.298681747],[36.2628420577,-0.2986796643],[36.2628441014,-0.2903070784],[36.2711607745,-0.2903091035],[36.271162754,-0.2819364599],[36.2628460879,-0.2819344932],[36.2628480144,-0.2735619078],[36.2545314113,-0.2735599938],[36.2545332863,-0.2651874669],[36.2476956694,-0.2651859371],[36.2462167472,-0.2651856058],[36.2462203332,-0.24844067],[36.2379038633,-0.2484389203],[36.2379055737,-0.2400665107],[36.2295891676,-0.2400648166],[36.2295908253,-0.2316924661],[36.2212744829,-0.2316908244],[36.2212760856,-0.223318533],[36.2129686727,-0.2233169485]],[[36.2711875445,-0.1396015012],[36.2711884814,-0.1312288558],[36.2628718916,-0.1312279404],[36.2628727741,-0.1228553524],[36.2462397761,-0.1228536315],[36.2462379429,-0.1395985709],[36.2545544182,-0.1395995507],[36.2545512409,-0.1647171355],[36.2865650305,-0.1647215529],[36.2878177626,-0.1647217247],[36.2878199119,-0.1479762016],[36.2863143279,-0.1479760161],[36.2795032024,-0.1479751757],[36.2795041942,-0.1396024721],[36.2711875445,-0.1396015012]],[[36.3876334915,0.0111071825],[36.4042683824,0.0111073311],[36.404268126,0.0278544428],[36.3959506521,0.0278542588],[36.3959504396,0.0362277586],[36.3793156564,0.0362272764],[36.3793160275,0.0194804974],[36.3876333893,0.0194806275],[36.3876334915,0.0111071825]]]}},{"type":"Feature","properties":{"country":"Kenya","country_code":"KEN","species_name":"Eucalyptus_grandis","genus":"Eucalyptus","species":"grandis","suitability_name":"Marginally suitable","suitability_rank":3,"source_layer":"KCFP_SSMT_Kenya","tz":null,"soil_description":null},"geometry":{"type":"Polygon","coordinates":[[[36.2296133145,-0.0080709015],[36.2391800161,0.0282551162],[36.2500236048,0.0201226055],[36.2519077213,0.0001039544],[36.2500242637,-0.0056390689],[36.2456699853,-0.0189157394],[36.2328525655,-0.0400859389],[36.2276078875,-0.0656624581],[36.2251047603,-0.0725996885],[36.2250301856,-0.0728063671],[36.2135013866,-0.0835818524],[36.2129779238,-0.0832841197],[36.2129780829,-0.0809889913],[36.2089422042,-0.0809887115],[36.2052935804,-0.0789134808],[36.2012887992,-0.0645888819],[36.2034917503,-0.0558539524],[36.2081463098,-0.0373972396],[36.2270004593,-0.017991476],[36.2296133145,-0.0080709015]]]}},{"type":"Feature","properties":{"country":"Kenya","country_code":"KEN","species_name":"Eucalyptus_grandis","genus":"Eucalyptus","species":"grandis","suitability_name":"Marginally suitable","suitability_rank":3,"source_layer":"KCFP_SSMT_Kenya","tz":null,"soil_description":null},"geometry":{"type":"Polygon","coordinates":[[[36.2795114023,0.0445970164],[36.2795116802,0.0362243123],[36.2711950533,0.0362240612],[36.2711947737,0.0445967071],[36.2795114023,0.0445970164]]]}},{"type":"Feature","properties":{"country":"Kenya","country_code":"KEN","species_name":"Eucalyptus_grandis","genus":"Eucalyptus","species":"grandis","suitability_name":"Marginally suitable","suitability_rank":3,"source_layer":"KCFP_SSMT_Kenya","tz":null,"soil_description":null},"geometry":{"type":"Polygon","coordinates":[[[36.1381380701,0.1366988318],[36.1381390316,0.1283271095],[36.1298233629,0.1283261708],[36.1298223978,0.136697831],[36.1381380701,0.1366988318]]]}},{"type":"Feature","properties":{"country":"Kenya","country_code":"KEN","species_name":"Eucalyptus_grandis","genus":"Eucalyptus","species":"grandis","suitability_name":"Marginally suitable","suitability_rank":3,"source_layer":"KCFP_SSMT_Kenya","tz":null,"soil_description":null},"geometry":{"type":"Polygon","coordinates":[[[36.1547516748,0.2455347871],[36.1464358289,0.2455330006],[36.1464321551,0.2622765646],[36.1547480117,0.262278472],[36.1547516748,0.2455347871]]]}},{"type":"Feature","properties":{"country":"Kenya","country_code":"KEN","species_name":"Eucalyptus_grandis","genus":"Eucalyptus","species":"grandis","suitability_name":"Marginally suitable","suitability_rank":3,"source_layer":"KCFP_SSMT_Kenya","tz":null,"soil_description":null},"geometry":{"type":"Polygon","coordinates":[[[36.1464302274,0.2706483464],[36.1464321551,0.2622765646],[36.1381163601,0.2622746516],[36.1381144258,0.2706463714],[36.1464302274,0.2706483464]]]}},{"type":"Feature","properties":{"country":"Kenya","country_code":"KEN","species_name":"Eucalyptus_grandis","genus":"Eucalyptus","species":"grandis","suitability_name":"Marginally suitable","suitability_rank":3,"source_layer":"KCFP_SSMT_Kenya","tz":null,"soil_description":null},"geometry":{"type":"Polygon","coordinates":[[[36.1464175846,0.2873727014],[36.146426195,0.2873727027],[36.1464282391,0.2790201281],[36.1381124326,0.279018092],[36.1381103769,0.2873898125],[36.1464175799,0.2873919066],[36.1464175846,0.2873727014]]]}},{"type":"Feature","properties":{"country":"Kenya","country_code":"KEN","species_name":"Eucalyptus_grandis","genus":"Eucalyptus","species":"grandis","suitability_name":"Marginally suitable","suitability_rank":3,"source_layer":"KCFP_SSMT_Kenya","tz":null,"soil_description":null},"geometry":{"type":"Polygon","coordinates":[[[36.2233223284,0.3810980423],[36.2295588319,0.3888979183],[36.2295591696,0.3878615169],[36.2295618645,0.3794891689],[36.2295645007,0.3711168207],[36.2295670721,0.3627639689],[36.2295581406,0.3627639662],[36.2212505995,0.3627613999],[36.2212480152,0.3711337215],[36.212931593,0.3711310853],[36.2129341868,0.3627588232],[36.2046178315,0.3627562388],[36.2046203795,0.3543645725],[36.2046228556,0.3460118342],[36.2046140204,0.3460118316],[36.1963065754,0.3460093618],[36.1963015373,0.3627536468],[36.1879853026,0.3627510471],[36.1879826866,0.3711231297],[36.179666503,0.3711204612],[36.1796716965,0.3543569538],[36.1796741947,0.3460043942],[36.1796654557,0.3460043925],[36.1713580935,0.3460019007],[36.1713593112,0.3418689005],[36.1693995688,0.3464597637],[36.1656967939,0.3700960275],[36.1746506712,0.3837052594],[36.2044414577,0.3719956568],[36.2233223284,0.3810980423]]]}},{"type":"Feature","properties":{"country":"Kenya","country_code":"KEN","species_name":"Eucalyptus_grandis","genus":"Eucalyptus","species":"grandis","suitability_name":"Marginally suitable","suitability_rank":3,"source_layer":"KCFP_SSMT_Kenya","tz":null,"soil_description":null},"geometry":{"type":"Polygon","coordinates":[[[36.235441605,0.3962554712],[36.2385619949,0.4001581566],[36.2527177422,0.3962416352],[36.2545064436,0.3957467427],[36.2545090032,0.3878893016],[36.2461923311,0.3878865793],[36.2461896001,0.3962394516],[36.235441605,0.3962554712]]]}},{"type":"Feature","properties":{"country":"Kenya","country_code":"KEN","species_name":"Eucalyptus_grandis","genus":"Eucalyptus","species":"grandis","suitability_name":"Marginally suitable","suitability_rank":3,"source_layer":"KCFP_SSMT_Kenya","tz":null,"soil_description":null},"geometry":{"type":"Polygon","coordinates":[[[36.2628111801,0.404617585],[36.2628115479,0.4297550916],[36.2544857467,0.4297520813],[36.2461780593,0.4297490685],[36.2461751353,0.4378321537],[36.2462336196,0.4381215867],[36.254482727,0.4381246365],[36.2544855378,0.4548697516],[36.2496173273,0.4548678841],[36.2526831995,0.4700421568],[36.2598450207,0.4818368384],[36.2823151946,0.4954797372],[36.2912941763,0.5045610677],[36.2988684315,0.5134966901],[36.3043640471,0.513499027],[36.3043675281,0.5051261249],[36.312684736,0.505129595],[36.3126881491,0.4967566342],[36.3293227139,0.4967634279],[36.3293260493,0.4883903523],[36.3542782907,0.4884002935],[36.3542815389,0.4800270482],[36.3625990545,0.4800302848],[36.3626022365,0.471656981],[36.370919799,0.4716601511],[36.3709229151,0.4632867926],[36.3792405236,0.4632898967],[36.3792374173,0.4716633113],[36.3875550903,0.4716664614],[36.3875581868,0.4632929909],[36.3958759064,0.4632960754],[36.3958789387,0.454922548],[36.404196703,0.454925567],[36.4042025811,0.4381784013],[36.4125203827,0.4381813],[36.412523229,0.429807661],[36.4208410764,0.4298104951],[36.4208484721,0.4071813896],[36.4208544463,0.3879420229],[36.4291723046,0.3879445727],[36.4291886684,0.329328319],[36.4375065294,0.3293304756],[36.4375107,0.3125828635],[36.4458286009,0.3125849048],[36.4458344298,0.287463321],[36.454152367,0.2874651912],[36.4541541964,0.2790912757],[36.4624721807,0.2790930864],[36.4624804855,0.2372232329],[36.4707984966,0.237224767],[36.4707999919,0.2288507423],[36.4624819848,0.2288492615],[36.4624848218,0.2121013193],[36.4791208702,0.2121040571],[36.4791246965,0.1869818191],[36.4874427889,0.1869830202],[36.4874461224,0.1618606183],[36.4957642571,0.1618616555],[36.4957652574,0.1534874678],[36.5124016796,0.1534894235],[36.5124026213,0.1451151299],[36.5207209086,0.1451160498],[36.5207226278,0.1283673543],[36.5290409611,0.1283681654],[36.5290431377,0.1032449639],[36.5373615171,0.103245614],[36.5373621347,0.0948711604],[36.5456805651,0.0948717557],[36.5456811295,0.0864972504],[36.5539996083,0.0864977905],[36.5540001188,0.0781232328],[36.5623186488,0.0781237197],[36.562319511,0.0613744979],[36.5706380898,0.0613748801],[36.5706387427,0.0446255541],[36.5789573699,0.0446258304],[36.5789576187,0.0362328709],[36.578957815,0.0278764007],[36.5947817196,0.0278767282],[36.6124322394,-0.0028190818],[36.6178958341,-0.0173174753],[36.6165300821,-0.0264188255],[36.6096418168,-0.0360291926],[36.6074255146,-0.0551732353],[36.609938787,-0.0840413035],[36.6141471936,-0.1009167032],[36.6153763219,-0.1180061839],[36.6177432274,-0.1312469255],[36.6134076432,-0.1312465092],[36.6034048909,-0.1257858447],[36.5900015723,-0.1132413069],[36.5706346216,-0.1148689188],[36.5706346542,-0.1144930367],[36.5623160637,-0.1144923246],[36.5623179537,-0.0893684942],[36.5539994223,-0.0893679362],[36.5539999497,-0.0809933776],[36.5373630446,-0.0809923637],[36.5373635251,-0.0726179099],[36.5290451534,-0.0726174527],[36.5290455812,-0.0642430516],[36.5262834792,-0.0642429179],[36.5249869917,-0.0565355206],[36.5247872594,-0.0251456633],[36.5385856941,-0.0174617299],[36.540319523,-0.0011468638],[36.5239494174,0.0351592774],[36.5139831655,0.0469199224],[36.474247051,0.0676826177],[36.4669389331,0.0913183951],[36.4370953775,0.1166296714],[36.4369641576,0.1510621137],[36.4219547053,0.1702072859],[36.4208920484,0.1715627238],[36.4170348258,0.1764826555],[36.4176388752,0.1785803488],[36.4214731005,0.191895829],[36.4208885284,0.1960893979],[36.4186949762,0.2118244469],[36.4125672128,0.2187599457],[36.405110489,0.2271994656],[36.3959298532,0.2313703502],[36.3870457816,0.2354064584],[36.3789118378,0.2455619115],[36.3653112055,0.2625422529],[36.3543361743,0.2655789498],[36.3328183933,0.2715326154],[36.3293817505,0.2788011338],[36.3213497536,0.2957883744],[36.3210605767,0.2963999551],[36.3173690565,0.3042070894],[36.3137393322,0.3096353313],[36.281992657,0.3584900658],[36.2548009542,0.3956652589],[36.2545064436,0.3957467427],[36.2545034932,0.404614757],[36.2545034866,0.4046344157],[36.2628111735,0.404637243],[36.2628111801,0.404617585]]]}},{"type":"Feature","properties":{"country":"Kenya","country_code":"KEN","species_name":"Eucalyptus_grandis","genus":"Eucalyptus","species":"grandis","suitability_name":"Marginally suitable","suitability_rank":3,"source_layer":"KCFP_SSMT_Kenya","tz":null,"soil_description":null},"geometry":{"type":"Polygon","coordinates":[[[35.9294799095,1.3001196421],[35.9294775336,1.3084897397],[35.937793819,1.3084999799],[35.9378039462,1.3001298253],[35.9461202692,1.3001399707],[35.946130305,1.2917697511],[35.9294899988,1.2917495525],[35.921181611,1.2917394265],[35.9211714935,1.3001094504],[35.9294799095,1.3001196421]]]}},{"type":"Feature","properties":{"country":"Kenya","country_code":"KEN","species_name":"Eucalyptus_grandis","genus":"Eucalyptus","species":"grandis","suitability_name":"Marginally suitable","suitability_rank":3,"source_layer":"KCFP_SSMT_Kenya","tz":null,"soil_description":null},"geometry":{"type":"Polygon","coordinates":[[[36.7515026538,-2.5183343568],[36.7515169817,-2.5099672144],[36.7515169960678,-2.5099587681997724],[36.751506034,-2.5099587493],[36.7515597246,-2.4848405395],[36.7515597391,-2.4848319965],[36.7516051209,-2.4578708465],[36.751616043,-2.4513382902],[36.7516160575,-2.451329618],[36.7575886864,-2.4513396934],[36.7599323361,-2.4513436384],[36.7599473718,-2.4489127757],[36.759957224,-2.442976716],[36.7599572385,-2.4429680112],[36.7657155416,-2.4429776565],[36.7682734827,-2.4429819328],[36.7766007668,-2.4429958201],[36.7766118257,-2.4429958385],[36.7765980055,-2.4513802521],[36.7765841683,-2.4597473189],[36.784900545,-2.4597612309],[36.7849116365,-2.4597612494],[36.7849116213,-2.4597698893],[36.7848977877,-2.4681370359],[36.793214232,-2.4681509429],[36.7931697012,-2.5016542834],[36.7931585779,-2.5016542646],[36.7848419243,-2.5016401695],[36.7847995308,-2.5267675073],[36.7598050131,-2.5267243954],[36.7514882618,-2.5267099432],[36.7515026394,-2.5183427713],[36.7515026538,-2.5183343568]],[[36.7848699504,-2.4848886045],[36.7765423259,-2.4848745316],[36.7765141946,-2.5016260006],[36.7848419243,-2.5016401695],[36.7848699504,-2.4848886045]]]}},{"type":"Feature","properties":{"country":"Kenya","country_code":"KEN","species_name":"Eucalyptus_grandis","genus":"Eucalyptus","species":"grandis","suitability_name":"Marginally suitable","suitability_rank":3,"source_layer":"KCFP_SSMT_Kenya","tz":null,"soil_description":null},"geometry":{"type":"Polygon","coordinates":[[[36.7515597391,-2.4848319965],[36.751506034,-2.5099587493],[36.7431894052,-2.5099443399],[36.7432323052,-2.4848177128],[36.7515597391,-2.4848319965]]]}},{"type":"Feature","properties":{"country":"Kenya","country_code":"KEN","species_name":"Eucalyptus_grandis","genus":"Eucalyptus","species":"grandis","suitability_name":"Marginally suitable","suitability_rank":3,"source_layer":"KCFP_SSMT_Kenya","tz":null,"soil_description":null},"geometry":{"type":"Polygon","coordinates":[[[36.7218702093,-1.3899641303],[36.7363373698,-1.4018017054],[36.738667676,-1.4037084478],[36.7462858808,-1.4148150578],[36.7263370924,-1.4199472777],[36.71966983,-1.4259268985],[36.7162228092,-1.4290183637],[36.7196654863,-1.4303326465],[36.7253674237,-1.432509423],[36.7251188721,-1.4378600783],[36.7248681345,-1.443257339],[36.7099076775,-1.4593908293],[36.7089305344,-1.4629575771],[36.7029994299,-1.4629514712],[36.703007928,-1.4545760596],[36.6946858903,-1.4545675162],[36.6946773615,-1.4629428795],[36.6780333718,-1.4629256012],[36.6780160441,-1.4796761259],[36.6696940613,-1.4796673417],[36.6696676037,-1.5047929762],[36.6613455761,-1.5047840099],[36.661336626,-1.5131591695],[36.6530146174,-1.5131501212],[36.6530325303,-1.4963999006],[36.6613544765,-1.4964088487],[36.6613633271,-1.4880336868],[36.6530414132,-1.4880247897],[36.6530590267,-1.4712745641],[36.6447372251,-1.4712657352],[36.6447419019,-1.4668011789],[36.6447547014,-1.4545156083],[36.6364330106,-1.4545068491],[36.6364417042,-1.4461318346],[36.6281200941,-1.4461230952],[36.6281354904,-1.4209981898],[36.6205880704,-1.420990375],[36.6198244958,-1.420989583],[36.6198330351,-1.412627336],[36.6198415368,-1.4042524531],[36.6198496956,-1.3961681502],[36.6198583884,-1.3875026827],[36.6198584012,-1.3874899172],[36.6198479601,-1.3874899066],[36.6173312266,-1.3874873559],[36.611537101,-1.3874814743],[36.6115286712,-1.3958563401],[36.6009094738,-1.3958454565],[36.5948861656,-1.3958392618],[36.5949280824,-1.35397833],[36.5949280951,-1.3539654364],[36.5949177505,-1.3539654261],[36.5866070641,-1.3539571096],[36.5866153243,-1.3455823947],[36.5699734723,-1.3455657603],[36.5699817268,-1.3372041059],[36.5616609187,-1.3371828396],[36.5616609059,-1.3371957979],[36.5616442778,-1.3539319606],[36.5533234521,-1.35392352],[36.5533401368,-1.3371874616],[36.5533648059,-1.3120509756],[36.5533546217,-1.3120509656],[36.5480212246,-1.3120457071],[36.5462386624,-1.287760337],[36.5533766733,-1.2891664781],[36.5599189903,-1.290455259],[36.5800784492,-1.2908172023],[36.5854994885,-1.2944287066],[36.5861693665,-1.2991950583],[36.5934322073,-1.3161632744],[36.6063913796,-1.353989753],[36.6090548461,-1.3618329205],[36.6115532538,-1.3607546923],[36.6175444497,-1.3581690711],[36.6447539233,-1.3697817875],[36.6605745152,-1.3678239877],[36.6818535349,-1.3739131147],[36.7079351808,-1.3816396069],[36.7218702093,-1.3899641303]]]}},{"type":"Feature","properties":{"country":"Kenya","country_code":"KEN","species_name":"Eucalyptus_grandis","genus":"Eucalyptus","species":"grandis","suitability_name":"Marginally suitable","suitability_rank":3,"source_layer":"KCFP_SSMT_Kenya","tz":null,"soil_description":null},"geometry":{"type":"Polygon","coordinates":[[[36.5367317621,-1.3036601261],[36.5284112617,-1.303651916],[36.5284194056,-1.2952775629],[36.5200989851,-1.2952693781],[36.5201114226,-1.2824182619],[36.5257304464,-1.2835832491],[36.5374668669,-1.2860381119],[36.5365127611,-1.2885708601],[36.5367317621,-1.3036601261]]]}},{"type":"Feature","properties":{"country":"Kenya","country_code":"KEN","species_name":"Eucalyptus_grandis","genus":"Eucalyptus","species":"grandis","suitability_name":"Marginally suitable","suitability_rank":3,"source_layer":"KCFP_SSMT_Kenya","tz":null,"soil_description":null},"geometry":{"type":"Polygon","coordinates":[[[36.520351808,-1.0021684978],[36.5203580831,-0.9937941774],[36.5120385824,-0.9937878779],[36.5120571527,-0.9686650741],[36.5286960846,-0.968677335],[36.5287081203,-0.951928586],[36.4954306304,-0.951904405],[36.4954245593,-0.9602785679],[36.4800610465,-0.9602671953],[36.482701236,-0.9520831415],[36.4852983164,-0.9408408745],[36.4828216266,-0.9351614906],[36.4807774345,-0.9304739192],[36.4788099142,-0.9272021952],[36.4714872286,-0.9150256443],[36.4583059274,-0.898618538],[36.4538766319,-0.8932991813],[36.4465176311,-0.8844614506],[36.438125431,-0.8681388108],[36.4361566013,-0.8643133134],[36.4303400703,-0.8513712352],[36.4372673877,-0.8513758791],[36.4372728929,-0.8430020899],[36.4455915646,-0.8430075952],[36.4456077011,-0.817886062],[36.452807881,-0.817890672],[36.4566239593,-0.8279783342],[36.4622166808,-0.8469593381],[36.4624154599,-0.8476339853],[36.4743807949,-0.8668741253],[36.4929081535,-0.8958474619],[36.5134561985,-0.9047344805],[36.5212318519,-0.9066186104],[36.5220961115,-0.9100667148],[36.5230194671,-0.9137506312],[36.5213144028,-0.9307453593],[36.5251462479,-0.940878028],[36.535898068,-0.9430102025],[36.5532825935,-0.9470363098],[36.5736422414,-0.9501471632],[36.5825181686,-0.9610023564],[36.5867899403,-0.9727474956],[36.5903496076,-0.9947728522],[36.5916262132,-1.0206180279],[36.5868760955,-1.033760011],[36.5844511496,-1.0404688261],[36.5711003972,-1.0607318263],[36.5521704739,-1.0985618504],[36.5454674204,-1.1163550893],[36.5452206086,-1.1165852371],[36.5452657452,-1.0608087664],[36.536945914,-1.0608021086],[36.5369590596,-1.0440532636],[36.528639326,-1.0440466887],[36.5286587067,-1.0189377582],[36.5286713841,-1.0021748301],[36.520351808,-1.0021684978]],[[36.5377836032,-1.0250740058],[36.5428087433,-1.030139313],[36.5489869823,-1.0301756725],[36.553349421,-1.0279162895],[36.5579524724,-1.0210869837],[36.557606463,-1.0189599904],[36.5566120891,-1.0128474713],[36.5511336145,-1.0091563889],[36.5405870143,-1.0100060117],[36.5352852298,-1.0179763414],[36.5356255412,-1.0189431329],[36.5377836032,-1.0250740058]]]}},{"type":"Feature","properties":{"country":"Kenya","country_code":"KEN","species_name":"Eucalyptus_grandis","genus":"Eucalyptus","species":"grandis","suitability_name":"Marginally suitable","suitability_rank":3,"source_layer":"KCFP_SSMT_Kenya","tz":null,"soil_description":null},"geometry":{"type":"Polygon","coordinates":[[[36.4122977589,-0.8719292728],[36.4140942909,-0.8740910553],[36.4139943113,-0.8848694776],[36.4139941026,-0.884891955],[36.4122762098,-0.889192308],[36.4106589434,-0.893240717],[36.4079063044,-0.900131128],[36.3996186004,-0.9074220765],[36.3918139786,-0.9101291573],[36.3797919971,-0.9041450011],[36.3685741086,-0.893864315],[36.362373773,-0.8913873163],[36.3623784225,-0.8848328756],[36.3956518307,-0.8848418559],[36.3956576462,-0.8764683444],[36.4122946416,-0.8764799597],[36.4122977589,-0.8719292728]]]}},{"type":"Feature","properties":{"country":"Kenya","country_code":"KEN","species_name":"Eucalyptus_grandis","genus":"Eucalyptus","species":"grandis","suitability_name":"Marginally suitable","suitability_rank":3,"source_layer":"KCFP_SSMT_Kenya","tz":null,"soil_description":null},"geometry":{"type":"Polygon","coordinates":[[[36.3374387018,-0.8639058441],[36.3374293572,-0.8638985687],[36.3338222851,-0.8610899725],[36.3328158943,-0.8596776195],[36.3374322888,-0.8596808638],[36.3374387018,-0.8639058441]]]}},{"type":"Feature","properties":{"country":"Kenya","country_code":"KEN","species_name":"Eucalyptus_grandis","genus":"Eucalyptus","species":"grandis","suitability_name":"Marginally suitable","suitability_rank":3,"source_layer":"KCFP_SSMT_Kenya","tz":null,"soil_description":null},"geometry":{"type":"Polygon","coordinates":[[[36.3284177204,-0.8429432579],[36.3284188132,-0.8429284012],[36.3291351818,-0.8429288962],[36.3291294348,-0.8513167832],[36.3291272381,-0.8545010358],[36.327713747,-0.8525173789],[36.3284177204,-0.8429432579]]]}},{"type":"Feature","properties":{"country":"Kenya","country_code":"KEN","species_name":"Eucalyptus_grandis","genus":"Eucalyptus","species":"grandis","suitability_name":"Marginally suitable","suitability_rank":3,"source_layer":"KCFP_SSMT_Kenya","tz":null,"soil_description":null},"geometry":{"type":"Polygon","coordinates":[[[36.536292912,-0.8049648873],[36.5384592995,-0.8195244778],[36.5399338006,-0.834764673],[36.5409445978,-0.8497698998],[36.5406402509,-0.8585422484],[36.5364417821,-0.8675190112],[36.5287653579,-0.8678637552],[36.5287552702,-0.8678642086],[36.5288072207,-0.7837934704],[36.5288172883,-0.7838253546],[36.536292912,-0.8049648873]]]}},{"type":"Feature","properties":{"country":"Kenya","country_code":"KEN","species_name":"Eucalyptus_grandis","genus":"Eucalyptus","species":"grandis","suitability_name":"Marginally suitable","suitability_rank":3,"source_layer":"KCFP_SSMT_Kenya","tz":null,"soil_description":null},"geometry":{"type":"Polygon","coordinates":[[[36.4625784545,-0.6138405748],[36.462345817,-0.6174379142],[36.4623479927,-0.6128347278],[36.4625784545,-0.6138405748]]]}},{"type":"Feature","properties":{"country":"Kenya","country_code":"KEN","species_name":"Eucalyptus_grandis","genus":"Eucalyptus","species":"grandis","suitability_name":"Marginally suitable","suitability_rank":3,"source_layer":"KCFP_SSMT_Kenya","tz":null,"soil_description":null},"geometry":{"type":"Polygon","coordinates":[[[36.4594503291,-0.6001882058],[36.4540355783,-0.6001856696],[36.454055881,-0.5545716407],[36.4634572467,-0.57726742],[36.458605914,-0.5965029506],[36.4594503291,-0.6001882058]]]}},{"type":"Feature","properties":{"country":"Kenya","country_code":"KEN","species_name":"Eucalyptus_grandis","genus":"Eucalyptus","species":"grandis","suitability_name":"Marginally suitable","suitability_rank":3,"source_layer":"KCFP_SSMT_Kenya","tz":null,"soil_description":null},"geometry":{"type":"Polygon","coordinates":[[[36.4240460203,-0.4308078876],[36.4297909953,-0.4278446916],[36.4374774694,-0.4282115626],[36.4465021346,-0.4286422986],[36.4527292093,-0.4238297306],[36.4493313879,-0.4187337081],[36.4434528075,-0.4159403662],[36.4370164639,-0.412882001],[36.4423504534,-0.4041473258],[36.4444592725,-0.3986255594],[36.4432425054,-0.380151609],[36.4458537896,-0.3693190481],[36.4419932417,-0.3649126191],[36.4307140372,-0.3719991011],[36.4244341182,-0.3832634431],[36.4157549929,-0.3813658455],[36.4109844207,-0.376027686],[36.3997244384,-0.3808032813],[36.3851741569,-0.3133237799],[36.3797302113,-0.3068273506],[36.3709619525,-0.3045563288],[36.3709633612,-0.298689304],[36.3709690784,-0.273586265],[36.3709785549,-0.2735862662],[36.379286479,-0.2735880971],[36.3792882699,-0.2652147101],[36.4042407878,-0.2652200071],[36.4042457796,-0.2400821651],[36.4042566534,-0.1731109028],[36.3959391437,-0.173109754],[36.3959402581,-0.1647362541],[36.404257766,-0.1647373473],[36.4042598242,-0.1479902361],[36.3959423237,-0.147989254],[36.3959471911,-0.0977482521],[36.4024660137,-0.0977487607],[36.4030603683,-0.1131088149],[36.413871721,-0.1353336655],[36.421267254,-0.1549917585],[36.4310339412,-0.1935927418],[36.4405454143,-0.2070406939],[36.4508590799,-0.2047931841],[36.4568254452,-0.2036770269],[36.459780495,-0.2069247812],[36.461009114,-0.2149710159],[36.462602261,-0.2254050258],[36.467208276,-0.2498990147],[36.471299178,-0.2568428803],[36.4730798547,-0.2598654098],[36.4849013889,-0.2542356392],[36.4933914027,-0.2689912133],[36.4961252191,-0.271695884],[36.4994728726,-0.280570496],[36.4998376557,-0.2819881933],[36.495734086,-0.2819873048],[36.4957303986,-0.2987356118],[36.487412217,-0.2987336999],[36.4874020345,-0.3406041959],[36.4957202497,-0.3406063777],[36.4957189012,-0.3457883602],[36.4927773708,-0.3439953401],[36.4881528144,-0.3481170919],[36.4851011272,-0.3575643768],[36.4829508022,-0.3740600041],[36.4753322445,-0.3762021061],[36.4665680606,-0.3835292162],[36.4623419432,-0.3961949853],[36.460749462,-0.422493778],[36.4601130996,-0.4410676448],[36.4598480848,-0.4488004596],[36.4596633466,-0.4494414405],[36.4579485545,-0.4553911216],[36.4554560217,-0.4533925365],[36.4541048881,-0.4536751861],[36.4393934021,-0.4567527012],[36.4366672169,-0.4539661821],[36.4337849784,-0.4435594455],[36.4253142614,-0.4423497498],[36.4240460203,-0.4308078876]]]}},{"type":"Feature","properties":{"country":"Kenya","country_code":"KEN","species_name":"Eucalyptus_grandis","genus":"Eucalyptus","species":"grandis","suitability_name":"Marginally suitable","suitability_rank":3,"source_layer":"KCFP_SSMT_Kenya","tz":null,"soil_description":null},"geometry":{"type":"Polygon","coordinates":[[[36.3376659784,-0.3991754274],[36.3320108161,-0.3991735811],[36.332748395,-0.3949207989],[36.3376681466,-0.3923799524],[36.3376659784,-0.3991754274]]]}},{"type":"Feature","properties":{"country":"Kenya","country_code":"KEN","species_name":"Eucalyptus_grandis","genus":"Eucalyptus","species":"grandis","suitability_name":"Marginally suitable","suitability_rank":3,"source_layer":"KCFP_SSMT_Kenya","tz":null,"soil_description":null},"geometry":{"type":"Polygon","coordinates":[[[36.3459865404,-0.3888175204],[36.3427826933,-0.3725973722],[36.3361465098,-0.3439408479],[36.3380850825,-0.3317240261],[36.3438813513,-0.3223003638],[36.3504435182,-0.3324915403],[36.3561559345,-0.3334514336],[36.3553774939,-0.3238053091],[36.3626491944,-0.3238240727],[36.3626397503,-0.3238240712],[36.3626353113,-0.3405538254],[36.3543273835,-0.3405515328],[36.3543273789,-0.3405683246],[36.3460006829,-0.3405660177],[36.3459935544,-0.3656854979],[36.35431086,-0.3656879722],[36.3543083789,-0.3740611885],[36.3459910646,-0.3740586576],[36.3459865404,-0.3888175204]]]}},{"type":"Feature","properties":{"country":"Kenya","country_code":"KEN","species_name":"Eucalyptus_grandis","genus":"Eucalyptus","species":"grandis","suitability_name":"Marginally suitable","suitability_rank":3,"source_layer":"KCFP_SSMT_Kenya","tz":null,"soil_description":null},"geometry":{"type":"Polygon","coordinates":[[[36.3604652092,-0.3106293874],[36.3677933231,-0.3154352226],[36.3549534055,-0.3154319429],[36.3549304547,-0.3149788339],[36.3604652092,-0.3106293874]]]}},{"type":"Feature","properties":{"country":"Kenya","country_code":"KEN","species_name":"Eucalyptus_grandis","genus":"Eucalyptus","species":"grandis","suitability_name":"Marginally suitable","suitability_rank":3,"source_layer":"KCFP_SSMT_Kenya","tz":null,"soil_description":null},"geometry":{"type":"Polygon","coordinates":[[[36.406905403,-0.0810019589],[36.4042653654,-0.0883084063],[36.4042658525,-0.0810017887],[36.406905403,-0.0810019589]]]}},{"type":"Feature","properties":{"country":"Kenya","country_code":"KEN","species_name":"Eucalyptus_grandis","genus":"Eucalyptus","species":"grandis","suitability_name":"Marginally suitable","suitability_rank":3,"source_layer":"KCFP_SSMT_Kenya","tz":null,"soil_description":null},"geometry":{"type":"Polygon","coordinates":[[[36.4131011045,-0.0610161973],[36.4125844096,-0.0628904604],[36.4125845218,-0.0605708714],[36.4131011045,-0.0610161973]]]}},{"type":"Feature","properties":{"country":"Kenya","country_code":"KEN","species_name":"Eucalyptus_grandis","genus":"Eucalyptus","species":"grandis","suitability_name":"Marginally suitable","suitability_rank":3,"source_layer":"KCFP_SSMT_Kenya","tz":null,"soil_description":null},"geometry":{"type":"Polygon","coordinates":[[[36.404268338,-0.0153800558],[36.4069907167,-0.0186131364],[36.4086669204,-0.0223869734],[36.404268234,-0.0223868951],[36.404268338,-0.0153800558]]]}},{"type":"Feature","properties":{"country":"Kenya","country_code":"KEN","species_name":"Eucalyptus_grandis","genus":"Eucalyptus","species":"grandis","suitability_name":"Marginally suitable","suitability_rank":3,"source_layer":"KCFP_SSMT_Kenya","tz":null,"soil_description":null},"geometry":{"type":"Polygon","coordinates":[[[36.6596284654,0.3647667566],[36.6537188068,0.371259958],[36.6537768336,0.3796351428],[36.6620961465,0.3796374125],[36.662099618,0.3664905875],[36.6596284654,0.3647667566]]]}},{"type":"Feature","properties":{"country":"Kenya","country_code":"KEN","species_name":"Eucalyptus_grandis","genus":"Eucalyptus","species":"grandis","suitability_name":"Marginally suitable","suitability_rank":3,"source_layer":"KCFP_SSMT_Kenya","tz":null,"soil_description":null},"geometry":{"type":"Polygon","coordinates":[[[36.7452686101,0.4249758629],[36.7369598856,0.424275152],[36.7369557453,0.4382871068],[36.7535955217,0.4382723583],[36.7535979895,0.4299163955],[36.7535870374,0.4299163914],[36.745278089,0.4299139248],[36.7452780939,0.4298941628],[36.7452795295,0.4249767837],[36.7452686101,0.4249758629]]]}},{"type":"Feature","properties":{"country":"Kenya","country_code":"KEN","species_name":"Eucalyptus_grandis","genus":"Eucalyptus","species":"grandis","suitability_name":"Marginally suitable","suitability_rank":3,"source_layer":"KCFP_SSMT_Kenya","tz":null,"soil_description":null},"geometry":{"type":"Polygon","coordinates":[[[36.3209878206,0.5386251227],[36.3201677236,0.5386247595],[36.3209873987,0.5395917948],[36.3209878206,0.5386251227]]]}},{"type":"Feature","properties":{"country":"Kenya","country_code":"KEN","species_name":"Eucalyptus_grandis","genus":"Eucalyptus","species":"grandis","suitability_name":"Marginally suitable","suitability_rank":3,"source_layer":"KCFP_SSMT_Kenya","tz":null,"soil_description":null},"geometry":{"type":"Polygon","coordinates":[[[36.5510607775,1.0659269091],[36.551216189,1.0662956907],[36.5564133788,1.0786284175],[36.5562351133,1.1176853195],[36.5642545466,1.1358317416],[36.5850629311,1.1204838218],[36.5994185624,1.1359294532],[36.627416358,1.1260381824],[36.6408835605,1.1378566387],[36.6778799045,1.1316145046],[36.6887619728,1.118049967],[36.6892369538,1.1166775096],[36.6866681997,1.1166754752],[36.6866812032,1.0999247977],[36.6783604035,1.0999182921],[36.678353903,1.1082935806],[36.6700331285,1.1082870011],[36.6700461263,1.091536522],[36.6783668536,1.0915430021],[36.6783732563,1.0831677116],[36.6866833129,1.0831741108],[36.6866940101,1.0831741191],[36.6866896426,1.0747987713],[36.6783796078,1.0747924216],[36.6783859108,1.0664171301],[36.6700652507,1.0664107992],[36.6700715277,1.058035557],[36.6617509394,1.0580292534],[36.6617571882,1.0496540606],[36.6367957898,1.049635167],[36.6367831089,1.0663852497],[36.6201423386,1.0663723393],[36.6201293664,1.0831222171],[36.6118090113,1.083115627],[36.6118284614,1.0579909611],[36.628469086,1.0580038158],[36.6284817106,1.0412538325],[36.6368020713,1.0412380102],[36.6368070373,1.0345512735],[36.6367965299,1.0345552512],[36.6323416435,1.036241945],[36.5927105191,1.0288852772],[36.5628068703,1.0614279998],[36.5535721787,1.0649650181],[36.5510607775,1.0659269091]],[[36.670058926,1.074786041],[36.6617382929,1.0747796367],[36.661744641,1.0664044457],[36.6700652507,1.0664107992],[36.670058926,1.074786041]],[[36.6617254475,1.0915300188],[36.6534048193,1.0915234924],[36.6533982981,1.0998986318],[36.6450776968,1.0998920329],[36.6450907334,1.0831418525],[36.6534112888,1.0831483517],[36.6534177103,1.0747732105],[36.6617382929,1.0747796367],[36.6617254475,1.0915300188]],[[36.6118024264,1.0914905128],[36.6034821001,1.0914838486],[36.603488707,1.083109013],[36.6118090113,1.083115627],[36.6118024264,1.0914905128]],[[36.645103569,1.0663916709],[36.6451099131,1.058016579],[36.6534304009,1.0580229274],[36.653424081,1.0663980696],[36.645103569,1.0663916709]]]}},{"type":"Feature","properties":{"country":"Kenya","country_code":"KEN","species_name":"Eucalyptus_grandis","genus":"Eucalyptus","species":"grandis","suitability_name":"Marginally suitable","suitability_rank":3,"source_layer":"KCFP_SSMT_Kenya","tz":null,"soil_description":null},"geometry":{"type":"Polygon","coordinates":[[[36.5701242031,1.1835778498],[36.5701095136,1.2003270957],[36.5617891283,1.2003196384],[36.561796525,1.1919450682],[36.5534762176,1.1919376377],[36.5534835865,1.1835631192],[36.5451633561,1.1835557158],[36.5451410179,1.2086791144],[36.5285005636,1.2086639165],[36.5284929829,1.217015487],[36.5284929621,1.2170382756],[36.536803069,1.2170459308],[36.5451334674,1.2170535789],[36.5451105251,1.2421540851],[36.545110503,1.2421769707],[36.5534309341,1.2421618542],[36.5534462219,1.225435709],[36.570087092,1.225450961],[36.5700946166,1.2170763404],[36.5867356419,1.2170913858],[36.5867281678,1.2254661108],[36.5875148488,1.2254668235],[36.6033590722,1.2254811457],[36.603366515,1.2170835289],[36.5950459067,1.2170760708],[36.5950533039,1.2087013263],[36.6116945203,1.2087161142],[36.6116871743,1.2170909603],[36.6366494558,1.2171131034],[36.6366421362,1.2254881022],[36.6200005132,1.2254732651],[36.6199930915,1.233848162],[36.6033619956,1.2338331274],[36.5950412828,1.2338484214],[36.5950337331,1.2422231968],[36.6283169108,1.2422534879],[36.6283243571,1.2338785091],[36.6366452513,1.2338859654],[36.6366228397,1.2590110528],[36.6449438628,1.2590186352],[36.6449513581,1.2506435556],[36.6782358464,1.2506734149],[36.6782284577,1.2590486945],[36.6948710511,1.2590635631],[36.694878386,1.2506881846],[36.7031997303,1.2506955301],[36.7032284805,1.2171938152],[36.6949072392,1.2171866656],[36.6949143309,1.2088112851],[36.6865931651,1.2088041608],[36.6865860682,1.2171567007],[36.6948965294,1.2171638658],[36.6948893897,1.2255392132],[36.7032106233,1.2255464119],[36.7031962489,1.242297205],[36.6948749642,1.2422899088],[36.6948676767,1.2506652553],[36.6699040359,1.2506430601],[36.6699114013,1.2422678622],[36.6532692739,1.2422530329],[36.653261856,1.2506281307],[36.6449408408,1.2506206263],[36.6449556791,1.2338705306],[36.6532766419,1.2338779345],[36.6532839402,1.2255256578],[36.6449735407,1.2255183143],[36.6449952729,1.2003930669],[36.6283536384,1.2003785847],[36.6283750692,1.1752536365],[36.6221248841,1.1752482863],[36.6200544021,1.1752465105],[36.620052265,1.1777670892],[36.6200401158,1.1919963747],[36.6065658115,1.1919846155],[36.6033988337,1.191981842],[36.6034132206,1.1752321812],[36.5950927067,1.1752249805],[36.5950855139,1.1835997598],[36.5701242031,1.1835778498]],[[36.5784299487,1.2003345276],[36.5784225518,1.208709203],[36.5701020905,1.2087017183],[36.5701095136,1.2003270957],[36.5784299487,1.2003345276]]]}},{"type":"Feature","properties":{"country":"Kenya","country_code":"KEN","species_name":"Eucalyptus_grandis","genus":"Eucalyptus","species":"grandis","suitability_name":"Marginally suitable","suitability_rank":3,"source_layer":"KCFP_SSMT_Kenya","tz":null,"soil_description":null},"geometry":{"type":"Polygon","coordinates":[[[36.6616442011,1.1920322644],[36.661651245,1.1836570808],[36.6533303524,1.1836500035],[36.6533232836,1.192025137],[36.6616442011,1.1920322644]]]}},{"type":"Feature","properties":{"country":"Kenya","country_code":"KEN","species_name":"Eucalyptus_grandis","genus":"Eucalyptus","species":"grandis","suitability_name":"Marginally suitable","suitability_rank":3,"source_layer":"KCFP_SSMT_Kenya","tz":null,"soil_description":null},"geometry":{"type":"Polygon","coordinates":[[[36.6782720484,1.2087970101],[36.6782613831,1.208797],[36.6782542607,1.2171494903],[36.678264927,1.2171495005],[36.6782720484,1.2087970101]]]}},{"type":"Feature","properties":{"country":"Kenya","country_code":"KEN","species_name":"Eucalyptus_grandis","genus":"Eucalyptus","species":"grandis","suitability_name":"Marginally suitable","suitability_rank":3,"source_layer":"KCFP_SSMT_Kenya","tz":null,"soil_description":null},"geometry":{"type":"Polygon","coordinates":[[[36.6616049469,1.2255101631],[36.6616121698,1.2171578044],[36.6533017777,1.2171505359],[36.6532945292,1.2255028439],[36.6616049469,1.2255101631]]]}},{"type":"Feature","properties":{"country":"Kenya","country_code":"KEN","species_name":"Eucalyptus_grandis","genus":"Eucalyptus","species":"grandis","suitability_name":"Marginally suitable","suitability_rank":3,"source_layer":"KCFP_SSMT_Kenya","tz":null,"soil_description":null},"geometry":{"type":"Polygon","coordinates":[[[36.7766302921,-2.4317466534],[36.7766255833,-2.4346200961],[36.7738422931,-2.4346154761],[36.7682983173,-2.4346062565],[36.7683120788,-2.4262305607],[36.7766392935,-2.4262443526],[36.7766302921,-2.4317466534]]]}},{"type":"Feature","properties":{"country":"Kenya","country_code":"KEN","species_name":"Eucalyptus_grandis","genus":"Eucalyptus","species":"grandis","suitability_name":"Marginally suitable","suitability_rank":3,"source_layer":"KCFP_SSMT_Kenya","tz":null,"soil_description":null},"geometry":{"type":"Polygon","coordinates":[[[37.1773774507,-1.5301660432],[37.1773646498,-1.5304133225],[37.1769455657,-1.530412964],[37.1773648403,-1.5301866325],[37.1773774507,-1.5301660432]]]}},{"type":"Feature","properties":{"country":"Kenya","country_code":"KEN","species_name":"Eucalyptus_grandis","genus":"Eucalyptus","species":"grandis","suitability_name":"Marginally suitable","suitability_rank":3,"source_layer":"KCFP_SSMT_Kenya","tz":null,"soil_description":null},"geometry":{"type":"Polygon","coordinates":[[[37.1823546965,-1.5220396378],[37.1823471952,-1.5220518851],[37.1773774507,-1.5301660432],[37.1773842873,-1.5220476693],[37.1823546965,-1.5220396378]]]}},{"type":"Feature","properties":{"country":"Kenya","country_code":"KEN","species_name":"Eucalyptus_grandis","genus":"Eucalyptus","species":"grandis","suitability_name":"Marginally suitable","suitability_rank":3,"source_layer":"KCFP_SSMT_Kenya","tz":null,"soil_description":null},"geometry":{"type":"Polygon","coordinates":[[[37.1524100428,-1.5220140257],[37.1607347556,-1.5220211876],[37.1607276355,-1.5303990278],[37.1769455657,-1.530412964],[37.1769216355,-1.5304251655],[37.1644975616,-1.536759699],[37.1468724038,-1.5306932328],[37.1386798287,-1.5178341026],[37.1408026266,-1.5052607989],[37.1419586899,-1.4984131584],[37.1430894066,-1.4968850282],[37.144095355,-1.4955255138],[37.1441078332,-1.4955086503],[37.1440996207,-1.505251308],[37.1524242294,-1.505258423],[37.1524100428,-1.5220140257]]]}},{"type":"Feature","properties":{"country":"Kenya","country_code":"KEN","species_name":"Eucalyptus_grandis","genus":"Eucalyptus","species":"grandis","suitability_name":"Marginally suitable","suitability_rank":3,"source_layer":"KCFP_SSMT_Kenya","tz":null,"soil_description":null},"geometry":{"type":"Polygon","coordinates":[[[37.1999626545,-1.4932896837],[37.2023725516,-1.4899199956],[37.2093350457,-1.4801843998],[37.2107067167,-1.4782663768],[37.2149424991,-1.4723433855],[37.2155279756,-1.4718113514],[37.2190391704,-1.4686206451],[37.2190519333,-1.468609048],[37.2190494016,-1.4718017371],[37.2273742331,-1.4718084125],[37.2273680465,-1.4634302484],[37.2247531424,-1.4634281677],[37.2273699141,-1.4610501962],[37.2321947768,-1.4566656031],[37.2450739339,-1.4439662643],[37.2547089289,-1.4398754238],[37.2606805797,-1.4463772996],[37.260693482,-1.446391348],[37.2609770624,-1.4467001071],[37.2609885919,-1.4467126615],[37.268998591,-1.455433857],[37.2690115248,-1.4554479407],[37.2690853647,-1.4555283358],[37.2717569,-1.4634651155],[37.271761102,-1.4634775992],[37.2761080195,-1.4763918257],[37.2773023203,-1.4831495824],[37.2773152409,-1.4832226954],[37.2798309104,-1.4974575265],[37.2836312524,-1.489243167],[37.2856388016,-1.4852715917],[37.2877791412,-1.4810372735],[37.2958198814,-1.4772000351],[37.3022937536,-1.4792986606],[37.3052217762,-1.4802478284],[37.3058900519,-1.4804644604],[37.3106150164,-1.4845371169],[37.3152533446,-1.4885350909],[37.3183175741,-1.4960306326],[37.3210426396,-1.4739227156],[37.30653077,-1.4635042943],[37.3022949087,-1.4604632524],[37.3004773648,-1.4591583862],[37.295723999,-1.4435728131],[37.2964415971,-1.4351110778],[37.2951088632,-1.4245774489],[37.2868768147,-1.4215972979],[37.2856871502,-1.4211666155],[37.2773644691,-1.4181536288],[37.2773514958,-1.4181489311],[37.2713093391,-1.4159615275],[37.269041628,-1.4154283048],[37.2595585245,-1.4131984595],[37.2493241606,-1.4107919287],[37.244071835,-1.4093706421],[37.2440589879,-1.4093671661],[37.2294127286,-1.4054038198],[37.227423271,-1.4083539731],[37.2274104718,-1.4083729525],[37.2241745067,-1.4131715013],[37.2190764726,-1.4207311713],[37.2185360033,-1.4215326041],[37.2185274829,-1.4215452385],[37.2183489197,-1.4218100203],[37.2096226134,-1.425414495],[37.1944050369,-1.4495587177],[37.1940927036,-1.4497852652],[37.1747428407,-1.4638201583],[37.1690905258,-1.4694673062],[37.1667841423,-1.4717715605],[37.160835847,-1.4777142988],[37.1524411173,-1.4850656962],[37.1524327183,-1.4801250031],[37.1441206994,-1.4801180174],[37.1441276469,-1.4717402531],[37.1524521302,-1.4717472088],[37.1524590082,-1.4633694042],[37.1607834998,-1.4633762901],[37.1607903078,-1.4549984446],[37.1691148087,-1.4550052593],[37.169134904,-1.4298716027],[37.1774593516,-1.4298782693],[37.1774659421,-1.4215003446],[37.1857903994,-1.4215069419],[37.1858034044,-1.4047510101],[37.2024523144,-1.4047639615],[37.2024587,-1.3963859169],[37.2107831834,-1.3963923095],[37.2107890075,-1.3886709653],[37.2236753161,-1.3843236086],[37.2397023917,-1.3855945],[37.249523307,-1.3941220729],[37.2632435808,-1.3999228259],[37.2785931822,-1.4018592065],[37.2918523163,-1.4115496438],[37.3076649757,-1.411653034],[37.3085401165,-1.4132222081],[37.3106651028,-1.4170324238],[37.3132147996,-1.4216041736],[37.3178894937,-1.4299861695],[37.3199528349,-1.4336858648],[37.3363985176,-1.4470635317],[37.3424120892,-1.4718974572],[37.342549418,-1.4724645832],[37.3439243248,-1.4738269309],[37.3439216924,-1.4773863475],[37.3433466043,-1.4802768252],[37.3472140167,-1.4802797298],[37.3510102422,-1.4885303437],[37.3522230832,-1.4918962289],[37.3522129724,-1.5054195898],[37.3439007353,-1.5054132516],[37.343900726,-1.5054255706],[37.3438874913,-1.5054255605],[37.3438811591,-1.5137919057],[37.3355688939,-1.5137855001],[37.3355624758,-1.5221763829],[37.3355492735,-1.5221763717],[37.3355428378,-1.5305427443],[37.3272305115,-1.5305362353],[37.3272239996,-1.5389148262],[37.3134932393,-1.5389039442],[37.285596729,-1.5388815605],[37.2855900187,-1.5472599704],[37.2939154335,-1.5472667244],[37.2939149555,-1.5478647682],[37.2939087195,-1.5556451694],[37.290288074,-1.5556422199],[37.2855832711,-1.5556383779],[37.2689324875,-1.5556246958],[37.2606071499,-1.5556178053],[37.2606164736,-1.5441941871],[37.2662051996,-1.532494963],[37.2606283579,-1.5295094613],[37.2606343075,-1.522104612],[37.25512424,-1.5221001319],[37.2573715962,-1.4971017603],[37.2517420223,-1.473272576],[37.24604082,-1.4659155536],[37.2403086544,-1.4670190849],[37.2349926339,-1.4770495169],[37.2147876603,-1.4872165872],[37.2138007106,-1.5050457254],[37.2106939363,-1.5097754577],[37.2106975861,-1.505307334],[37.202372705,-1.5053004425],[37.2023658223,-1.5136784777],[37.1940409485,-1.5136715167],[37.1940213378,-1.5220495019],[37.1823546965,-1.5220396378],[37.1999626545,-1.4932896837]],[[37.3023244438,-1.4383657088],[37.3023244531,-1.4383531314],[37.3022949087,-1.4604632524],[37.3023244438,-1.4383657088]]]}},{"type":"Feature","properties":{"country":"Kenya","country_code":"KEN","species_name":"Eucalyptus_grandis","genus":"Eucalyptus","species":"grandis","suitability_name":"Marginally suitable","suitability_rank":3,"source_layer":"KCFP_SSMT_Kenya","tz":null,"soil_description":null},"geometry":{"type":"Polygon","coordinates":[[[37.1492935874,-1.4885001636],[37.1492844312,-1.4885125378],[37.1441078332,-1.4955086503],[37.144113702,-1.4885081647],[37.1492935874,-1.4885001636]]]}},{"type":"Feature","properties":{"country":"Kenya","country_code":"KEN","species_name":"Eucalyptus_grandis","genus":"Eucalyptus","species":"grandis","suitability_name":"Marginally suitable","suitability_rank":3,"source_layer":"KCFP_SSMT_Kenya","tz":null,"soil_description":null},"geometry":{"type":"Polygon","coordinates":[[[37.1492935874,-1.4885001636],[37.150718898,-1.4865738529],[37.1524286118,-1.485076647],[37.1524411173,-1.4850656962],[37.1524257625,-1.4885028072],[37.1492935874,-1.4885001636]]]}},{"type":"Feature","properties":{"country":"Kenya","country_code":"KEN","species_name":"Eucalyptus_grandis","genus":"Eucalyptus","species":"grandis","suitability_name":"Marginally suitable","suitability_rank":3,"source_layer":"KCFP_SSMT_Kenya","tz":null,"soil_description":null},"geometry":{"type":"Polygon","coordinates":[[[37.2191246874,-1.3736547127],[37.2191202433,-1.3796424292],[37.2107957813,-1.3796361426],[37.2107890075,-1.3886709653],[37.2000171222,-1.392304902],[37.2013048497,-1.3837260549],[37.2118820348,-1.3771550276],[37.2191246874,-1.3736547127]]]}},{"type":"Feature","properties":{"country":"Kenya","country_code":"KEN","species_name":"Eucalyptus_grandis","genus":"Eucalyptus","species":"grandis","suitability_name":"Marginally suitable","suitability_rank":3,"source_layer":"KCFP_SSMT_Kenya","tz":null,"soil_description":null},"geometry":{"type":"Polygon","coordinates":[[[36.9113229675,-1.1532221583],[36.9124582968,-1.153222996],[36.9230972987,-1.1612452122],[36.9129932981,-1.1678146643],[36.911312899,-1.1669469821],[36.9113229675,-1.1532221583]]]}},{"type":"Feature","properties":{"country":"Kenya","country_code":"KEN","species_name":"Eucalyptus_grandis","genus":"Eucalyptus","species":"grandis","suitability_name":"Marginally suitable","suitability_rank":3,"source_layer":"KCFP_SSMT_Kenya","tz":null,"soil_description":null},"geometry":{"type":"Polygon","coordinates":[[[36.9304769721,-1.1496238701],[36.9210522429,-1.144852666],[36.9362958953,-1.1448637536],[36.9363018661,-1.1364870128],[36.9378309763,-1.1364881124],[36.9407937932,-1.1478580974],[36.9304769721,-1.1496238701]]]}},{"type":"Feature","properties":{"country":"Kenya","country_code":"KEN","species_name":"Eucalyptus_grandis","genus":"Eucalyptus","species":"grandis","suitability_name":"Marginally suitable","suitability_rank":3,"source_layer":"KCFP_SSMT_Kenya","tz":null,"soil_description":null},"geometry":{"type":"Polygon","coordinates":[[[36.944624578,-1.1359728729],[36.944635971,-1.1197394172],[36.9537139513,-1.1197458114],[36.9642078075,-1.1347407084],[36.967606385,-1.1452783542],[36.9525168358,-1.1362661919],[36.944624578,-1.1359728729]]]}},{"type":"Feature","properties":{"country":"Kenya","country_code":"KEN","species_name":"Eucalyptus_grandis","genus":"Eucalyptus","species":"grandis","suitability_name":"Marginally suitable","suitability_rank":3,"source_layer":"KCFP_SSMT_Kenya","tz":null,"soil_description":null},"geometry":{"type":"Polygon","coordinates":[[[36.9612843846,-1.1144011907],[36.9612864637,-1.1113742455],[36.9642534278,-1.1113763059],[36.9658866669,-1.1171374424],[36.9612843846,-1.1144011907]]]}},{"type":"Feature","properties":{"country":"Kenya","country_code":"KEN","species_name":"Eucalyptus_grandis","genus":"Eucalyptus","species":"grandis","suitability_name":"Marginally suitable","suitability_rank":3,"source_layer":"KCFP_SSMT_Kenya","tz":null,"soil_description":null},"geometry":{"type":"Polygon","coordinates":[[[37.1993243108,-1.1115300203],[37.1943268081,-1.1159777043],[37.1943512713,-1.1115269633],[37.1993243108,-1.1115300203]]]}},{"type":"Feature","properties":{"country":"Kenya","country_code":"KEN","species_name":"Eucalyptus_grandis","genus":"Eucalyptus","species":"grandis","suitability_name":"Marginally suitable","suitability_rank":3,"source_layer":"KCFP_SSMT_Kenya","tz":null,"soil_description":null},"geometry":{"type":"Polygon","coordinates":[[[37.2026631211,-1.0947759335],[37.2017580358,-1.0947753862],[37.2019617091,-1.094582997],[37.2026633465,-1.0943974326],[37.2026631211,-1.0947759335]]]}},{"type":"Feature","properties":{"country":"Kenya","country_code":"KEN","species_name":"Eucalyptus_grandis","genus":"Eucalyptus","species":"grandis","suitability_name":"Marginally suitable","suitability_rank":3,"source_layer":"KCFP_SSMT_Kenya","tz":null,"soil_description":null},"geometry":{"type":"Polygon","coordinates":[[[36.977933476,-1.1082061606],[36.9779426286,-1.0946318436],[36.9862650727,-1.0946374821],[36.9862706407,-1.0862604775],[37.0029156113,-1.0862715982],[37.0029265289,-1.0695174141],[37.0195715785,-1.0695282743],[37.0195769301,-1.0611510964],[37.0278994947,-1.0611564498],[37.0279100254,-1.0444020081],[37.0445551925,-1.0444124802],[37.0445499923,-1.0527897853],[37.0528726608,-1.0527950285],[37.052877838,-1.0444176825],[37.0625313869,-1.0444236881],[37.1361065478,-1.0444684876],[37.1361015907,-1.052846242],[37.1610710503,-1.0528611702],[37.1610676654,-1.0586206078],[37.1546512188,-1.061120612],[37.1424647075,-1.0641840159],[37.1403329917,-1.0649417058],[37.121674696,-1.0568068287],[37.0969060655,-1.0648826628],[37.069823707,-1.0752426479],[37.052166002,-1.0792476924],[37.0461476034,-1.074362399],[37.0370959191,-1.0670300464],[37.02996493,-1.0743059216],[37.0267277846,-1.083892826],[37.025757758,-1.098065273],[37.0117915233,-1.0931827683],[37.001268195,-1.0905941105],[36.9930049388,-1.0953478851],[36.9915715946,-1.109520704],[36.9958849596,-1.1209820679],[36.9899001504,-1.1262082848],[36.977933476,-1.1082061606]]]}},{"type":"Feature","properties":{"country":"Kenya","country_code":"KEN","species_name":"Eucalyptus_grandis","genus":"Eucalyptus","species":"grandis","suitability_name":"Marginally suitable","suitability_rank":3,"source_layer":"KCFP_SSMT_Kenya","tz":null,"soil_description":null},"geometry":{"type":"Polygon","coordinates":[[[37.1879069582,-1.0542342279],[37.2099432105,-1.042479096],[37.2243995202,-1.0377590096],[37.2326440361,-1.0371262231],[37.2360384246,-1.0404080402],[37.2261984615,-1.047150687],[37.2181679412,-1.0484746369],[37.2020880079,-1.0598163346],[37.1901463173,-1.0661487866],[37.1727307721,-1.0664991862],[37.1693850922,-1.0684994279],[37.1693893737,-1.0612440128],[37.1610661195,-1.0612390421],[37.1610676654,-1.0586206078],[37.1714064993,-1.054592285],[37.1879069582,-1.0542342279]]]}},{"type":"Feature","properties":{"country":"Kenya","country_code":"KEN","species_name":"Eucalyptus_grandis","genus":"Eucalyptus","species":"grandis","suitability_name":"Marginally suitable","suitability_rank":3,"source_layer":"KCFP_SSMT_Kenya","tz":null,"soil_description":null},"geometry":{"type":"Polygon","coordinates":[[[37.1778485844,-0.7958898672],[37.1698569176,-0.7902305624],[37.1695283546,-0.7903260743],[37.1695157957,-0.7903297247],[37.169534395,-0.7764098943],[37.1778444409,-0.7764135078],[37.1778444465,-0.7763983839],[37.1778515381,-0.7596576425],[37.1727346008,-0.7596554668],[37.1695289683,-0.7596541007],[37.1695324752,-0.7512762075],[37.1612099602,-0.7512726879],[37.1612134439,-0.7428948336],[37.1695359432,-0.7428983121],[37.1695461139,-0.7177646267],[37.1612236608,-0.717761265],[37.1612269882,-0.7093834084],[37.1695494272,-0.7093867309],[37.1695526998,-0.7010088348],[37.1778751619,-0.7010121031],[37.177881563,-0.6842562318],[37.1695591301,-0.6842530416],[37.1695809109,-0.6241638428],[37.1695832955,-0.6172298569],[37.1779056187,-0.6172327345],[37.1779084514,-0.6088547961],[37.1945531879,-0.6088604346],[37.1945552603,-0.6026001257],[37.197551926,-0.6068242065],[37.2058801195,-0.5983342271],[37.2054757328,-0.5921079708],[37.211203526,-0.5921098347],[37.2112061929,-0.583731741],[37.2361736994,-0.5837396823],[37.2361788466,-0.5669832661],[37.2694692831,-0.5669933821],[37.2694681951,-0.5706419506],[37.2694667755,-0.5753717399],[37.272378987,-0.5753726286],[37.2777894888,-0.5753742757],[37.2777919835,-0.5669958802],[37.2861147222,-0.566998368],[37.2861171684,-0.5586199363],[37.2944399309,-0.5586223746],[37.294442328,-0.5502439061],[37.302765115,-0.5502462952],[37.3027674662,-0.541867791],[37.3360589261,-0.5418770897],[37.3360566219,-0.5502557386],[37.3610256239,-0.5502626986],[37.3610278946,-0.5418839436],[37.3693509536,-0.5418862062],[37.3693486954,-0.5502649961],[37.3776717997,-0.550267281],[37.3776740464,-0.5418884563],[37.3859971746,-0.5418906941],[37.3859949395,-0.5502695533],[37.4026413225,-0.5502740657],[37.4026390764,-0.5586529926],[37.4109623293,-0.5586552658],[37.4109645646,-0.5502763039],[37.4192878405,-0.5502785305],[37.4192900296,-0.5418995345],[37.4359366589,-0.5419038843],[37.4359344928,-0.5502829485],[37.4415259032,-0.5502844219],[37.4415553299,-0.5505914985],[37.4475011122,-0.5522407437],[37.4479214576,-0.5502861009],[37.4525812772,-0.5502873198],[37.4525834211,-0.5419081899],[37.4609068517,-0.5419103241],[37.4609089505,-0.533531162],[37.4775558869,-0.5335353313],[37.4775548593,-0.5376989366],[37.4775538107,-0.5419145607],[37.4858773389,-0.5419166604],[37.4858794028,-0.5335374003],[37.5025265337,-0.5335415016],[37.502528544,-0.5251621768],[37.5358231398,-0.5251701186],[37.5358211741,-0.5335495711],[37.5524686818,-0.5335535374],[37.5524676781,-0.5378263349],[37.5524667077,-0.5419330519],[37.5605221296,-0.5419349847],[37.5607905191,-0.5419350489],[37.5607937929,-0.5278841116],[37.560800027,-0.5000373196],[37.5857714827,-0.5000265923],[37.585773261,-0.4916469217],[37.585775006,-0.4832835074],[37.5790242743,-0.4832820879],[37.5774511781,-0.4832817564],[37.5774529074,-0.4749021482],[37.5857767243,-0.4749038689],[37.5857784117,-0.4665242301],[37.5941022495,-0.4665259087],[37.5941038971,-0.4581462396],[37.6107516451,-0.4581331573],[37.6107532413,-0.4497697808],[37.6107674986,-0.4497697836],[37.6249348955,-0.4497724849],[37.6357250525,-0.4497581383],[37.6357265912,-0.441394706],[37.6440649611,-0.4413962405],[37.6523745898,-0.4413977612],[37.6523745927,-0.441381344],[37.6523775832,-0.4244440301],[37.6523789866,-0.4162581338],[37.6595095355,-0.4162593574],[37.6690270455,-0.4162609805],[37.6690297991,-0.3995011119],[37.6856779367,-0.39950381],[37.6856792544,-0.3911238193],[37.6940033577,-0.3911251276],[37.6940058922,-0.3743650895],[37.6856818059,-0.3743638373],[37.6856834981,-0.3628223122],[37.6856854238,-0.349223864],[37.6869104472,-0.3492240355],[37.6940094872,-0.3492250312],[37.69401063,-0.3408450115],[37.686890142,-0.3408440367],[37.6856865738,-0.3408438714],[37.6856887902,-0.3240838875],[37.677364776,-0.3240827966],[37.6773658499,-0.3157028326],[37.6856898564,-0.3157038953],[37.6856928886,-0.290563919],[37.6905600478,-0.2905644871],[37.6940169038,-0.2905648909],[37.6940185656,-0.2757153906],[37.6940187731,-0.2738048484],[37.6951211264,-0.2738049693],[37.7023428051,-0.2738057585],[37.7023441202,-0.2612895046],[37.7023445521,-0.2570456616],[37.6940205313,-0.2570448073],[37.6940213687,-0.2486647852],[37.7023453842,-0.2486656117],[37.7023461897,-0.2402855625],[37.6940221785,-0.2402847639],[37.6940229604,-0.2319047425],[37.7006429759,-0.2319053559],[37.7023469667,-0.2319055133],[37.7023477152,-0.2235254648],[37.6988943831,-0.2235251562],[37.6940237146,-0.223524721],[37.6940251398,-0.2067646776],[37.7000459424,-0.2067651752],[37.7023491312,-0.2067653649],[37.7023497979,-0.1983853152],[37.6990878558,-0.1983850573],[37.6940258107,-0.1983846558],[37.6940264539,-0.190004634],[37.6857024985,-0.1900039984],[37.6857031179,-0.1816240045],[37.6773791953,-0.1816233931],[37.6773797895,-0.1732434273],[37.6690558979,-0.1732428404],[37.6690570108,-0.1564829653],[37.6773808955,-0.1564834954],[37.6773814063,-0.1481035294],[37.6857053159,-0.1481040279],[37.6857057956,-0.1397240336],[37.6940297301,-0.139724501],[37.6940309944,-0.1145844337],[37.7042924782,-0.1145849028],[37.7106789295,-0.1145851929],[37.7106792905,-0.1062051148],[37.7190032973,-0.1062054633],[37.7190039338,-0.0894452511],[37.7273279628,-0.0894455436],[37.7273282389,-0.0810654106],[37.7190042099,-0.0810651463],[37.719004683,-0.0643049348],[37.7106806852,-0.0643047238],[37.710681238,-0.0360151582],[37.7106814526,-0.0140242536],[37.7023574872,-0.0140242073],[37.7023571346,0.0446361486],[37.6940331953,0.0446360002],[37.6940328432,0.0613960449],[37.7023567856,0.061396249],[37.7023565698,0.0697762996],[37.694032626,0.0697760686],[37.6940318078,0.0949161367],[37.7023557568,0.0949164513],[37.7023554315,0.1032965026],[37.7106794093,0.1032968429],[37.7106782727,0.128437077],[37.7190022861,0.1284374994],[37.7190018553,0.1368176039],[37.7106778391,0.1368171559],[37.710677378,0.1451972337],[37.7023533862,0.1451967542],[37.7023528946,0.1535768044],[37.6940289272,0.1535762939],[37.6940280075,0.1680478618],[37.6956259551,0.1689457071],[37.7434764096,0.1590668177],[37.7740429056,0.1827052886],[37.7743725148,0.1787219353],[37.7689440552,0.1787215698],[37.7689451197,0.1619610361],[37.7757593224,0.1619614526],[37.7768936146,0.1482518228],[37.7850978664,0.1255976047],[37.7995562649,0.1192785306],[37.7968964036,0.1064869851],[37.8008587084,0.1033189137],[37.8059473594,0.0992502569],[37.8189085418,0.105418607],[37.8212547506,0.1065351938],[37.8212055554,0.1184146417],[37.8536700609,0.1184789962],[37.8633525188,0.1117018133],[37.8654267486,0.1102499619],[37.8771795754,0.1091484418],[37.8843783701,0.1084737389],[37.8855041432,0.108664696],[37.9104777814,0.1129008134],[37.9114251946,0.1130615174],[37.9223288796,0.1200848039],[37.927126702,0.123175188],[37.928513436,0.1240684159],[37.9437762925,0.1185232865],[37.9511052799,0.1158605867],[37.9521011733,0.1146666356],[37.9604106707,0.1047045494],[37.9604107168,0.1033245734],[37.9520859921,0.103324298],[37.9520857079,0.1116865845],[37.943776544,0.1116862851],[37.9437765434,0.1117048334],[37.9354363212,0.1117045313],[37.9354360099,0.1200667401],[37.9271113487,0.1200664125],[37.927111664,0.1116856783],[37.9187870272,0.1116853711],[37.9187872312,0.1059564913],[37.918787322,0.1033046581],[37.9104627113,0.1033043718],[37.9104629726,0.0953234453],[37.9099443507,0.0949421503],[37.9024951738,0.089465474],[37.9021539476,0.0894648015],[37.8844590083,0.0894299353],[37.8819046819,0.0865606092],[37.8771804778,0.0812538276],[37.8763718367,0.0803454687],[37.8761754269,0.0781798147],[37.8754136768,0.0697807863],[37.868856254,0.0697806271],[37.8688411897,0.0614184116],[37.8688564421,0.0614000567],[37.874653574,0.0614001799],[37.8846204809,0.0446574495],[37.877181260600004,0.044657335059422675],[37.8771812609,0.0446390444],[37.8771660914,0.0362767073],[37.8438683113,0.0362580278],[37.8438685197,0.0111165377],[37.835544138,0.0111165039],[37.8355441575,0.0027360317],[37.8272198007,0.0027360245],[37.8272195289,-0.0391662122],[37.8220322332,-0.039166139],[37.8188951942,-0.0391660945],[37.818895143,-0.04266639],[37.8188950652,-0.0475465164],[37.8272194009,-0.0475466593],[37.8272188644,-0.0726880005],[37.8188945241,-0.0726877812],[37.8188942938,-0.0810682039],[37.8022456881,-0.0810677115],[37.8022449722,-0.1025783958],[37.8022445715,-0.112841813],[37.801045971,-0.1113704353],[37.7948159439,-0.1116271167],[37.7914133961,-0.1117696058],[37.7792978338,-0.1139327215],[37.7803185265,-0.1237153915],[37.7767846696,-0.1350210747],[37.779673487,-0.1362488907],[37.7840705116,-0.1408109649],[37.7877780631,-0.1456191986],[37.7888451345,-0.1481099443],[37.7855943591,-0.1481097652],[37.7855938901,-0.156490084],[37.7715534135,-0.1564892609],[37.7689454434,-0.156489107],[37.7689451889,-0.1607959307],[37.7689441084,-0.1779347278],[37.76894386,-0.1816299061],[37.773488568,-0.1816302172],[37.7772680819,-0.1816304751],[37.7772678799,-0.1846121159],[37.7772675048,-0.1900107676],[37.7689432798,-0.1900101724],[37.7689420411,-0.2067707046],[37.7606178339,-0.2067700525],[37.7606171708,-0.215150293],[37.7689413824,-0.2151509706],[37.7689411971,-0.2174503833],[37.7590166053,-0.2220272618],[37.7569302366,-0.2229923595],[37.7564716972,-0.2235129224],[37.7470972622,-0.2341553185],[37.7538579197,-0.2478265997],[37.7551615466,-0.2486535731],[37.7766491,-0.2622845336],[37.793520516,-0.271620929],[37.7969170314,-0.2737986256],[37.7855995458,-0.2737974768],[37.7855986905,-0.2821778269],[37.7939230518,-0.2821957302],[37.7939080884,-0.2821957286],[37.7939072142,-0.290559073],[37.7855978076,-0.2905581768],[37.7855972599,-0.2956434477],[37.7855968999,-0.2989385266],[37.7772725495,-0.2989375965],[37.7772696504,-0.3240954363],[37.7772547518,-0.3240954345],[37.7772537358,-0.3324588864],[37.7689442834,-0.3324578469],[37.7689421552,-0.3492184403],[37.777251621,-0.3492195323],[37.7772505251,-0.357599854],[37.7689410518,-0.3575987368],[37.7689399222,-0.3659790322],[37.7772643027,-0.3659801786],[37.7772633443,-0.3729904002],[37.7745459153,-0.3743601191],[37.7606144053,-0.3743581468],[37.760613686,-0.3794396686],[37.7387433644,-0.3837849549],[37.7356400118,-0.38445139],[37.7293326262,-0.3858058746],[37.727752832,-0.3911137356],[37.725560166,-0.3984806707],[37.7316782766,-0.4061413018],[37.7392009497,-0.4084855685],[37.7460813308,-0.4106224224],[37.7522848626,-0.4095389803],[37.7522838141,-0.4162581704],[37.7605933567,-0.4162594897],[37.760593355,-0.4162760053],[37.7606081899,-0.4162760067],[37.7606068946,-0.4244852166],[37.76060687,-0.4246397607],[37.7689164154,-0.4246410975],[37.7689150748,-0.433037843],[37.7689299412,-0.4330378445],[37.7689257702,-0.4581622767],[37.7562880456,-0.4581600793],[37.7522768975,-0.4581593771],[37.7522746667,-0.4708774315],[37.7522739449,-0.4749198591],[37.7496445961,-0.4749193808],[37.7439495281,-0.4749183412],[37.7439486947,-0.4795122412],[37.7439480018,-0.4832985542],[37.736683812,-0.4832971978],[37.7272992292,-0.4832954339],[37.7272976557,-0.4916755935],[37.7189732992,-0.4916739906],[37.7189723617,-0.4965680486],[37.7189716882,-0.5000541227],[37.7272960543,-0.5000557528],[37.7272913875,-0.5237253746],[37.7139531627,-0.5259156582],[37.7071106357,-0.5503323341],[37.7071061524,-0.550348331],[37.6939883114,-0.5503454537],[37.6856639887,-0.5503436137],[37.6856475966,-0.5587076303],[37.6773233181,-0.5587217164],[37.6773228979,-0.5606015288],[37.6690131054,-0.5607088098],[37.6669098115,-0.5607359618],[37.663406411,-0.5690299378],[37.6637870446,-0.5754625557],[37.6642828903,-0.5838426189],[37.6648146698,-0.5928305138],[37.6587222753,-0.6078027157],[37.6547261535,-0.6200237661],[37.6596983781,-0.628366795],[37.6606724361,-0.6287997043],[37.6606710739,-0.6341213502],[37.6523467383,-0.6341191751],[37.6523423463,-0.6508789796],[37.6606667091,-0.6508812112],[37.6606622304,-0.6676410738],[37.6440134788,-0.6676364786],[37.6440130593,-0.6691657316],[37.6334169078,-0.6473715807],[37.6293583707,-0.6398884758],[37.6224398466,-0.6271146883],[37.6189784643,-0.6207278201],[37.6086737257,-0.5929439029],[37.5948370958,-0.5772532453],[37.5877983189,-0.5692585642],[37.5857700234,-0.5683453729],[37.5829222888,-0.5670632489],[37.5774469658,-0.5645981167],[37.5727301297,-0.5624744739],[37.5680285902,-0.5559629711],[37.5588102927,-0.5559242358],[37.5555973585,-0.5586768917],[37.55373069,-0.5602761393],[37.5549814489,-0.575761111],[37.5610463315,-0.5891978271],[37.5764381862,-0.6121488378],[37.5934257691,-0.6348888872],[37.5980607479,-0.655935993],[37.589702571,-0.6683542502],[37.5865248019,-0.6833299639],[37.5863009007,-0.6843794482],[37.5857389148,-0.6843792823],[37.5857413545,-0.6759996173],[37.5774172139,-0.6759971693],[37.5774220322,-0.6592379],[37.5690979491,-0.6592354978],[37.5690191686,-0.6676150811],[37.5607714768,-0.6676126574],[37.5607690246,-0.6759922302],[37.5441209577,-0.6759872338],[37.5441234382,-0.667607722],[37.5357994648,-0.6676052344],[37.5358019283,-0.6592257526],[37.5274780009,-0.6592232822],[37.5274755234,-0.6676027307],[37.5108277329,-0.6675976837],[37.5108251958,-0.6759770686],[37.4967930298,-0.6759727157],[37.4941775045,-0.6759718998],[37.4941783588,-0.6731930351],[37.4941800699,-0.6675925782],[37.4889088199,-0.66759095],[37.4692088146,-0.6675848149],[37.469203567,-0.6843432622],[37.463400144,-0.6843413939],[37.4275853196,-0.6843297089],[37.4275842873,-0.6874920629],[37.4220989368,-0.6564703972],[37.4272579317,-0.6424174383],[37.4246024646,-0.6317773096],[37.4048833057,-0.6332784404],[37.3815833669,-0.6250477256],[37.377240897,-0.6229785682],[37.3790130373,-0.6308092474],[37.3766211131,-0.6423368404],[37.369003742,-0.6499107656],[37.353406336,-0.6514320066],[37.3461670152,-0.6405367184],[37.3456094054,-0.627926133],[37.3452143674,-0.619050682],[37.3413830984,-0.6114048301],[37.3322669808,-0.6055809474],[37.3167418787,-0.5990150888],[37.3147712759,-0.5903418167],[37.3027673921,-0.5871900317],[37.3027658979,-0.5921229872],[37.2861201759,-0.5921178308],[37.2861175841,-0.600496294],[37.2777947646,-0.6004936602],[37.2777921236,-0.6088720855],[37.2694693289,-0.6088694029],[37.2694666384,-0.617247791],[37.2611438667,-0.6172450575],[37.2611411254,-0.6256234091],[37.2543364483,-0.625621134],[37.2512862403,-0.6457213659],[37.2577295128,-0.6648676768],[37.2597703868,-0.6709477749],[37.255102088,-0.6813086397],[37.2472793875,-0.6858812265],[37.2383405098,-0.6865208817],[37.2284476586,-0.6908427872],[37.2266738486,-0.6926373588],[37.2278266611,-0.6926377921],[37.2278235294,-0.7010159908],[37.2361462912,-0.7010191549],[37.2361431367,-0.7093973903],[37.2283260136,-0.7093943842],[37.2258462538,-0.6998312084],[37.2234216571,-0.6959275973],[37.2195012302,-0.6998894491],[37.2155058278,-0.7039270401],[37.2038201193,-0.7043169817],[37.2028547298,-0.7029486225],[37.1931824666,-0.6892390623],[37.1831126655,-0.6880218813],[37.1832987424,-0.7093768042],[37.183342026,-0.7143483595],[37.1845991697,-0.7177553192],[37.1876910288,-0.7261345673],[37.1920779244,-0.7380236374],[37.1816286355,-0.7545120899],[37.1778657392,-0.7558018203],[37.1778648778,-0.7578654577],[37.1831711472,-0.7609917178],[37.1906711623,-0.7681966159],[37.2077258337,-0.7821592091],[37.2394540641,-0.7959818811],[37.2675998885,-0.7991575283],[37.2777227027,-0.7950623197],[37.2794065236,-0.7931980846],[37.2943711123,-0.7932043225],[37.294367664,-0.801582814],[37.2860444534,-0.8015793151],[37.28604095,-0.8099577696],[37.2693946061,-0.809950648],[37.269391032,-0.8183290293],[37.2926518714,-0.8183390647],[37.2851973639,-0.8313701084],[37.2943477051,-0.8484394491],[37.2943462065,-0.8518537584],[37.2860228913,-0.85185004],[37.2860154127,-0.8686069459],[37.2776920986,-0.868603136],[37.2776882863,-0.8769815507],[37.2943349896,-0.8769892255],[37.2943273298,-0.8937462022],[37.3026507723,-0.8937500835],[37.302646907,-0.9021286086],[37.3109704054,-0.9021325072],[37.3109626049,-0.9188896258],[37.3040736352,-0.9188863408],[37.3044550881,-0.9154385597],[37.2974100802,-0.9041535854],[37.2901315497,-0.8955968583],[37.2791991033,-0.8885957898],[37.2727693878,-0.890409459],[37.2699216894,-0.893332956],[37.2662960101,-0.8970644723],[37.2610200132,-0.8958465285],[37.261021003,-0.8937451498],[37.2577870179,-0.8937436067],[37.2568410574,-0.8888554512],[37.2558711505,-0.8838342826],[37.2539550559,-0.8678899218],[37.2478370647,-0.8590777524],[37.2416831276,-0.8553426412],[37.2368766536,-0.8557758858],[37.2264023139,-0.8430084852],[37.2247460991,-0.8409892532],[37.2224451432,-0.8286630544],[37.2083514799,-0.8167988146],[37.1942742783,-0.8012358497],[37.1861696958,-0.799547788],[37.1816991217,-0.7986166311],[37.1778485844,-0.7958898672]],[[37.7190026898,0.1200573939],[37.7606231495,0.1200593253],[37.7606223412,0.1368198049],[37.7273258996,0.1368180508],[37.7273263268,0.1284379181],[37.7190022861,0.1284374994],[37.7190026898,0.1200573939]],[[37.9021537799,0.0949419031],[37.9021535038,0.1033226003],[37.9021539476,0.0894648015],[37.9021537799,0.0949419031]],[[37.8688568621,0.0362766031],[37.868856746,0.044657207],[37.8688564421,0.0614000567],[37.8688568621,0.0362766031]],[[37.6939883149,-0.550329456],[37.6939901238,-0.5419494083],[37.6939883114,-0.5503454537],[37.6939883149,-0.550329456]],[[37.5441258877,-0.6592282108],[37.5441283063,-0.6508486985],[37.5358043607,-0.6508462724],[37.5358019283,-0.6592257526],[37.5441258877,-0.6592282108]],[[37.4525865692,-0.5818079699],[37.4522866718,-0.5816005846],[37.4456664081,-0.5794809031],[37.4378519424,-0.5822049452],[37.4352309396,-0.5932799858],[37.436508731,-0.6050648257],[37.4473047828,-0.6014292332],[37.4548579851,-0.6026316694],[37.4590309069,-0.5966586603],[37.460710261,-0.5874256626],[37.4554509802,-0.5837887658],[37.4525865692,-0.5818079699]],[[37.445838473,-0.6665503808],[37.4468337094,-0.6563937907],[37.4514698988,-0.6504201589],[37.4554573428,-0.6393609891],[37.4492973171,-0.637240373],[37.4359551891,-0.6433914927],[37.4312752893,-0.6542249953],[37.431844438,-0.6685406585],[37.4354496861,-0.6752624303],[37.4418516499,-0.6773827663],[37.445838473,-0.6665503808]],[[37.7439916094,-0.0642876895],[37.7606399121,-0.0642880991],[37.7689641021,-0.0642883027],[37.7439916094,-0.0642876895]],[[37.7606391865,-0.0894289186],[37.760639696,-0.0726683723],[37.7606399121,-0.0642880991],[37.7606391865,-0.0894289186]]]}},{"type":"Feature","properties":{"country":"Kenya","country_code":"KEN","species_name":"Eucalyptus_grandis","genus":"Eucalyptus","species":"grandis","suitability_name":"Marginally suitable","suitability_rank":3,"source_layer":"KCFP_SSMT_Kenya","tz":null,"soil_description":null},"geometry":{"type":"Polygon","coordinates":[[[36.9782820039,-0.2988187639],[36.9949241451,-0.2988218348],[36.9949193953,-0.3239530685],[37.00324055,-0.3239547232],[37.0032397103,-0.3282104984],[36.9901188572,-0.3264024894],[36.9779956892,-0.3256350145],[36.9721939944,-0.3336854427],[36.9542538869,-0.3435062952],[36.9395487368,-0.3406954599],[36.9449899062,-0.3406966302],[36.9449916598,-0.332319813],[36.9283499841,-0.3323163121],[36.928349504,-0.3346163982],[36.920030018,-0.328445574],[36.9200309438,-0.3239378672],[36.9140990585,-0.3239366393],[36.9054647862,-0.3168874],[36.9044253396,-0.3155580277],[36.9117119171,-0.3155595034],[36.911713565,-0.3071828629],[36.8978745639,-0.3071801302],[36.8950729813,-0.3035971622],[36.8950739014,-0.2988030246],[36.8913237823,-0.2988022994],[36.8891434912,-0.2960139311],[36.8890554046,-0.2791547868],[36.8887304341,-0.2632206063],[36.8765967276,-0.2636137759],[36.8728085035,-0.2508945784],[36.8718418841,-0.2291879251],[36.8648870963,-0.212522659],[36.8608274225,-0.1970215312],[36.8628456664,-0.1820350919],[36.8577149915,-0.16653603],[36.8635505303,-0.1524851877],[36.8863556952,-0.1366896322],[36.9001460187,-0.1314611674],[36.9075954351,-0.1446629807],[36.9184725017,-0.1585837389],[36.9203675614,-0.1505129975],[36.9186758318,-0.1338831114],[36.9110893423,-0.1088979652],[36.9226983698,-0.1179767851],[36.931384781,-0.1200997357],[36.9337619586,-0.109725621],[36.9307762492,-0.090351571],[36.9343146265,-0.0986478844],[36.9548556535,-0.1343234125],[36.9823485342,-0.1603422327],[37.0047540067,-0.1662473674],[37.0145497656,-0.1725475068],[37.0198931095,-0.1766308636],[37.0365461337,-0.1892646635],[37.0365460584,-0.1899246203],[37.0282248227,-0.1899236663],[37.0282108287,-0.2066781636],[37.0199016365,-0.2066771225],[37.0198983348,-0.2318087437],[37.011577159,-0.2318075695],[37.0115734624,-0.2569390624],[37.0032523151,-0.2569377554],[37.0032496284,-0.2736919988],[36.9866074371,-0.273689197],[36.9866060193,-0.2820662318],[36.9782849819,-0.282064779],[36.9782820039,-0.2988187639]],[[36.9110400048,-0.2248028592],[36.9287289041,-0.2191329372],[36.9426341229,-0.199365442],[36.948407907,-0.1936261821],[36.9615382821,-0.1840028668],[36.9721595255,-0.1739126377],[36.9685728033,-0.1653441197],[36.9502408024,-0.1661574304],[36.9327188198,-0.1794508858],[36.9248053124,-0.1953279865],[36.9189647522,-0.2089169643],[36.9117835482,-0.2188009713],[36.9110400048,-0.2248028592]]]}},{"type":"Feature","properties":{"country":"Kenya","country_code":"KEN","species_name":"Eucalyptus_grandis","genus":"Eucalyptus","species":"grandis","suitability_name":"Marginally suitable","suitability_rank":3,"source_layer":"KCFP_SSMT_Kenya","tz":null,"soil_description":null},"geometry":{"type":"Polygon","coordinates":[[[37.1280725017,-0.1648190955],[37.1280725033,-0.1648016183],[37.1280732642,-0.1564413847],[37.1315539126,-0.1564416971],[37.1363949428,-0.1564421306],[37.1363963422,-0.1396866289],[37.1447180551,-0.139687292],[37.1447192897,-0.1229317104],[37.136671903,-0.1229311461],[37.1364100108,-0.1229311277],[37.1363981445,-0.1145533757],[37.1364105719,-0.1145533765],[37.1397568226,-0.1145535955],[37.1447198495,-0.1145362477],[37.1447203676,-0.1061761286],[37.1436257884,-0.1061760624],[37.136398666,-0.1061756246],[37.1363991489,-0.0977978733],[37.1447208474,-0.0977983376],[37.1447212878,-0.0894205457],[37.1530555169,-0.0894209698],[37.1532328695,-0.0894209788],[37.1613648017,-0.089403622],[37.1613651991,-0.0810435189],[37.1696870116,-0.0810438993],[37.169687503,-0.0692392136],[37.1696876861,-0.0642880806],[37.177197057,-0.0642883511],[37.1780095353,-0.0642883794],[37.1780095542,-0.0637526894],[37.178009813,-0.0559104319],[37.1863316996,-0.0559106914],[37.1863319375,-0.047532704],[37.1946538616,-0.0475329227],[37.1946544261,-0.0140208182],[37.2112983831,-0.0140209478],[37.2112984343,0.0027352582],[37.2196204709,0.0027352716],[37.2196204388,0.0111134119],[37.2362646239,0.0111135124],[37.2362645555,0.0194917303],[37.2445867047,0.019491817],[37.2445866175,0.0266102632],[37.247698863,0.0278701183],[37.2529087863,0.0278701962],[37.252908754,0.0299791183],[37.2668521326,0.0356235248],[37.2661416566,0.0362487453],[37.2680891452,0.0362487819],[37.2695531308,0.036248811],[37.2695531175,0.0369887585],[37.2695529529,0.0446454618],[37.2695658951,0.0446454621],[37.2695656813,0.0530055442],[37.2861973765,0.053006009],[37.2861968429,0.0697628891],[37.2945192182,0.0697815758],[37.2945322558,0.0697815763],[37.2945319366,0.0781416706],[37.3028413128,0.0781420095],[37.3028413121,0.0781604244],[37.3028543829,0.078160425],[37.3028540284,0.0865205239],[37.3111634109,0.0865208964],[37.3111634101,0.086539343],[37.3111765107,0.0865393445],[37.3111761239,0.0948994461],[37.327808036,0.0949002607],[37.3278076167,0.1032788817],[37.3361301785,0.1032793206],[37.3361305966,0.0949006648],[37.3444531934,0.0949010661],[37.3444527774,0.1032797591],[37.3527754106,0.1032801936],[37.3527749608,0.111658921],[37.3610976313,0.1116593903],[37.3610971498,0.1200381528],[37.3694198576,0.1200386529],[37.3694203375,0.1116598563],[37.4081263248,0.1116619924],[37.4193572908,0.1116626027],[37.4193577207,0.1032835981],[37.4443266463,0.1032848387],[37.4443270373,0.0949057344],[37.4526500776,0.0949061112],[37.4526496888,0.1032852487],[37.4609727632,0.1032856556],[37.4609731491,0.0949064851],[37.469296255,0.094906857],[37.4692966064,0.0865461017],[37.5025893433,0.0865289916],[37.502589883,0.0714502502],[37.5025899368,0.0697703256],[37.5109131975,0.0697705916],[37.5109136603,0.0530118607],[37.5192369509,0.0530120617],[37.5192371343,0.0446326658],[37.5132184978,0.0446325435],[37.5109138455,0.0446324957],[37.5109142666,0.0111150354],[37.519237553,0.0111150775],[37.5192375735,-0.0056437162],[37.5275608913,-0.0056437375],[37.5275608545,-0.0140231659],[37.5358842038,-0.0140232176],[37.535883077,-0.0726794371],[37.5442064638,-0.0726797071],[37.5442058643,-0.089438689],[37.5525292855,-0.0894390205],[37.5525285682,-0.1061980652],[37.5442051421,-0.1061976716],[37.5442047354,-0.1145771623],[37.5358813388,-0.1145767353],[37.5358799216,-0.1397151136],[37.5192332067,-0.1397140631],[37.5192314911,-0.1648522519],[37.5109081698,-0.1648516269],[37.5109075323,-0.1732309912],[37.5192308563,-0.173231648],[37.5192301901,-0.181611044],[37.5275535493,-0.1816117286],[37.5275528555,-0.1899911562],[37.5358762499,-0.1899918684],[37.535875528,-0.1983713273],[37.4942588501,-0.198367567],[37.4942580766,-0.206746867],[37.485934833,-0.20674607],[37.4859340222,-0.2151253375],[37.4776108062,-0.2151245037],[37.4776090804,-0.2318829735],[37.4692858856,-0.2318820698],[37.4692849692,-0.2402612719],[37.4609618038,-0.2402603304],[37.4609608497,-0.2486394995],[37.4526377109,-0.2486385199],[37.4526367187,-0.2570176569],[37.4359905284,-0.2570156144],[37.4359894933,-0.2653946837],[37.4276664428,-0.2653936212],[37.4276642595,-0.2821516925],[37.4193412309,-0.2821505569],[37.4193389008,-0.2989085602],[37.40269292,-0.298906135],[37.4026916923,-0.3072850694],[37.3943687463,-0.3072838121],[37.3943674781,-0.3156627121],[37.3777216764,-0.3156601099],[37.377722957,-0.3072812799],[37.3444317933,-0.307276137],[37.3444304865,-0.3156548277],[37.3361077756,-0.3156534902],[37.3361064261,-0.3240321434],[37.3277837447,-0.3240307635],[37.3277823528,-0.3324093819],[37.3194597001,-0.3324079601],[37.3194582656,-0.3407865416],[37.3028130541,-0.3407836029],[37.3028115684,-0.3491621128],[37.294489009,-0.3491605971],[37.2944874816,-0.3575390696],[37.2528751933,-0.3575311908],[37.2528735907,-0.3659094794],[37.2445512371,-0.3659078434],[37.2445495896,-0.3742860944],[37.2362272637,-0.374284413],[37.23622892,-0.3659061997],[37.2195843974,-0.3659028899],[37.2195860305,-0.3575247522],[37.211263834,-0.3575231233],[37.2112670015,-0.340766923],[37.2029448576,-0.3407653632],[37.2029493455,-0.3156311779],[37.1863052131,-0.3156282693],[37.1863080394,-0.2988722986],[37.1779860443,-0.2988709116],[37.1779887287,-0.282115019],[37.1696667846,-0.2821137047],[37.1696693257,-0.2653578888],[37.161347432,-0.2653566461],[37.1613486498,-0.2569787777],[37.1530268006,-0.2569775687],[37.1530323281,-0.2150884229],[37.1447105431,-0.2150874055],[37.1447124891,-0.1983318253],[37.1363907513,-0.1983308838],[37.1363941837,-0.1648198814],[37.1315900504,-0.1648194282],[37.1280848977,-0.1648190967],[37.1280725017,-0.1648190955]],[[37.3001831133,0.0111138898],[37.2945204432,0.011113857],[37.2945204592,0.0078328658],[37.294520474,0.0027353812],[37.2857227487,0.0027353685],[37.2778757707,0.0027353563],[37.2778757709,-0.0018112363],[37.2778757643,-0.0056430471],[37.2712624569,-0.0056430273],[37.2695534665,-0.0056430213],[37.2695534643,-0.0066332238],[37.2695534234,-0.0140213878],[37.256802238,-0.0140212925],[37.2529089406,-0.0140212642],[37.2529089225,-0.0162770703],[37.2529087421,-0.0307778474],[37.244586554,-0.0307777107],[37.2445863983,-0.0391559644],[37.2362642477,-0.0391557894],[37.2362635546,-0.0642904393],[37.2279414372,-0.0642901491],[37.2279407841,-0.0810465081],[37.2196187022,-0.0810461405],[37.2196178948,-0.0978024216],[37.2112958479,-0.097801976],[37.2112948837,-0.1145581823],[37.2029728694,-0.114557658],[37.2029723283,-0.1229357223],[37.1863284094,-0.1229345881],[37.1863243234,-0.1732025101],[37.1946462824,-0.1732033102],[37.1946446198,-0.1899593616],[37.2029666248,-0.1899602342],[37.20296574,-0.1983382979],[37.1946437309,-0.1983373858],[37.1946418382,-0.2150934358],[37.2029638569,-0.2150944249],[37.2029607436,-0.2402286147],[37.2112828139,-0.2402297143],[37.2112768905,-0.2821202202],[37.2195990273,-0.2821215064],[37.2195977346,-0.2904996454],[37.2279199135,-0.2905009618],[37.2279158286,-0.3156354919],[37.2445603383,-0.3156383344],[37.2445589145,-0.3240165863],[37.2528812326,-0.324018035],[37.2528826505,-0.3156397456],[37.261204999,-0.315641151],[37.2612035887,-0.3240194777],[37.3028159145,-0.3240265835],[37.3028172911,-0.3156480722],[37.3111398586,-0.3156494365],[37.3111424906,-0.2988923438],[37.319465081,-0.2988936294],[37.3194663369,-0.2905150455],[37.3277889577,-0.2905162888],[37.3277901711,-0.2821376698],[37.3361128205,-0.2821388713],[37.3361139942,-0.2737602174],[37.3527593872,-0.2737625306],[37.3527605124,-0.2653838049],[37.3610832567,-0.2653849181],[37.3610821354,-0.273763679],[37.3694049193,-0.2737648216],[37.369406034,-0.2653860257],[37.3860516942,-0.265388224],[37.3860527633,-0.2570093586],[37.3943756403,-0.2570104149],[37.3943776651,-0.2402526148],[37.402700564,-0.2402535971],[37.4027015211,-0.2318746627],[37.4193474114,-0.231876544],[37.4193492041,-0.2151185388],[37.4276721899,-0.2151194055],[37.4276730309,-0.2067403682],[37.4359960475,-0.2067411959],[37.435997621,-0.1899830556],[37.452643735,-0.1899845647],[37.4526444641,-0.1816054279],[37.4692907019,-0.1816068551],[37.4692913906,-0.1732276523],[37.4776145537,-0.1732283274],[37.4776158266,-0.1564698564],[37.485939016,-0.1564704629],[37.4859396007,-0.1480911939],[37.4942628199,-0.1480917657],[37.4942633685,-0.1397124652],[37.5025866168,-0.1397130008],[37.5025876142,-0.1229543354],[37.5109108878,-0.1229548042],[37.5109113354,-0.1145754394],[37.5192346391,-0.1145758738],[37.5192361084,-0.0810582874],[37.5109128139,-0.0810579801],[37.5109140809,-0.0307817892],[37.5025908251,-0.0307816727],[37.5025909261,-0.0224023396],[37.4859445113,-0.0224021673],[37.4859446246,0.0027356397],[37.477621466,0.0027356291],[37.4776214383,0.0111148645],[37.4692983119,0.0111148221],[37.4692980361,0.0362524328],[37.452651879,0.036252147],[37.4526516575,0.0475008611],[37.4526515287,0.0530104224],[37.4360054984,0.0530100013],[37.4360052706,0.0613890724],[37.3987064577,0.0613879617],[37.3694224833,0.0613870706],[37.3694227207,0.0530082719],[37.3611000275,0.0530080507],[37.3611002053,0.0457505734],[37.3611002304,0.0446292879],[37.3574108416,0.044629205],[37.3527775722,0.0446291007],[37.3527776194,0.0424988609],[37.3527777412,0.0362503739],[37.3424023786,0.0362501824],[37.3278099825,0.0362499131],[37.3278101194,0.0278712919],[37.3194876046,0.0278711717],[37.319487674,0.0224495346],[37.3194877047,0.0194925873],[37.3145778063,0.0194925379],[37.3116070434,0.019492507],[37.3028427835,0.0194924192],[37.30284284,0.0126549789],[37.3028428503,0.0111139052],[37.3001831133,0.0111138898]]]}},{"type":"Feature","properties":{"country":"Kenya","country_code":"KEN","species_name":"Eucalyptus_grandis","genus":"Eucalyptus","species":"grandis","suitability_name":"Marginally suitable","suitability_rank":3,"source_layer":"KCFP_SSMT_Kenya","tz":null,"soil_description":null},"geometry":{"type":"Polygon","coordinates":[[[37.0615134222,-0.1564177896],[37.0610393436,-0.1564177455],[37.0550697423,-0.1480398037],[37.0615141705,-0.148040372],[37.0615134222,-0.1564177896]]]}},{"type":"Feature","properties":{"country":"Kenya","country_code":"KEN","species_name":"Eucalyptus_grandis","genus":"Eucalyptus","species":"grandis","suitability_name":"Marginally suitable","suitability_rank":3,"source_layer":"KCFP_SSMT_Kenya","tz":null,"soil_description":null},"geometry":{"type":"Polygon","coordinates":[[[37.0948035174,-0.0977777871],[37.0948030239,-0.1061553685],[37.086481531,-0.106154851],[37.0864820258,-0.0977773095],[37.0948035174,-0.0977777871]]]}},{"type":"Feature","properties":{"country":"Kenya","country_code":"KEN","species_name":"Eucalyptus_grandis","genus":"Eucalyptus","species":"grandis","suitability_name":"Marginally suitable","suitability_rank":3,"source_layer":"KCFP_SSMT_Kenya","tz":null,"soil_description":null},"geometry":{"type":"Polygon","coordinates":[[[37.2369941139,0.0600431393],[37.2442372588,0.055524429],[37.2566002492,0.0446451536],[37.252921342,0.0446450657],[37.2529215213,0.036266742],[37.2445993012,0.0362665789],[37.244599444,0.0278882917],[37.2279551182,0.0278880415],[37.2279552247,0.0195098306],[37.2196331191,0.0195097412],[37.2196331552,0.0157030078],[37.2110365796,0.0119427612],[37.2100418512,0.0111315099],[37.1946670975,0.0111314155],[37.1946671292,0.0027533567],[37.1780232614,0.0027533312],[37.1780232547,-0.005624649],[37.1697013783,-0.0056246237],[37.1697013328,-0.0140025658],[37.161379495,-0.0140025002],[37.1613794111,-0.0223804031],[37.153057612,-0.0223802969],[37.1530574876,-0.0307581604],[37.1447357272,-0.030758015],[37.1447355628,-0.0391358379],[37.136413841,-0.0391356531],[37.1364140062,-0.030757869],[37.1280923257,-0.0307577214],[37.1280921589,-0.0391354664],[37.1197705174,-0.0391352781],[37.1197703109,-0.0475129821],[37.1114487084,-0.0475127544],[37.1114481731,-0.0642680808],[37.1031266076,-0.0642677693],[37.1031268965,-0.0558901471],[37.0948053734,-0.0558898759],[37.0948050832,-0.0642674583],[37.0864835975,-0.0642671442],[37.0864828934,-0.0810222274],[37.0781614462,-0.0810218307],[37.0781605748,-0.0977768309],[37.0698391647,-0.0977763501],[37.0698386665,-0.1061538094],[37.0615172952,-0.1061532852],[37.0615155445,-0.1312855376],[37.0531942069,-0.1312848866],[37.0531930556,-0.1454060161],[37.0503046235,-0.1413523333],[37.044861322,-0.1248710472],[37.0413642206,-0.1142827608],[37.0404336012,-0.0884220924],[37.0499652018,-0.0725402432],[37.0605857584,-0.0615240915],[37.0615073653,-0.0611324811],[37.0831085877,-0.0519535821],[37.1065064519,-0.0481738891],[37.1128673428,-0.0262688271],[37.1218845034,-0.0182013459],[37.1757637495,0.0390710731],[37.2369941139,0.0600431393]]]}},{"type":"Feature","properties":{"country":"Kenya","country_code":"KEN","species_name":"Eucalyptus_grandis","genus":"Eucalyptus","species":"grandis","suitability_name":"Marginally suitable","suitability_rank":3,"source_layer":"KCFP_SSMT_Kenya","tz":null,"soil_description":null},"geometry":{"type":"Polygon","coordinates":[[[37.0864801959,0.1260125016],[37.0864800187,0.1284163063],[37.1114446401,0.128418176],[37.111443329,0.1451735015],[37.1197649559,0.1451741999],[37.1197642454,0.1535332009],[37.1197642438,0.1535519033],[37.1364076253,0.1535346674],[37.1364089959,0.1367978048],[37.1447307392,0.1367984542],[37.144729533,0.1516790762],[37.1464693636,0.1507010343],[37.1486828888,0.1702913613],[37.1496315723,0.1786880665],[37.153048827,0.1786884128],[37.1530496443,0.170310551],[37.1613714792,0.1703113523],[37.1613722529,0.1619334501],[37.1696941234,0.1619342085],[37.1696955497,0.1451783256],[37.174553829,0.1451787211],[37.1826049986,0.135271889],[37.1907085307,0.1352882377],[37.1951803293,0.1462668649],[37.1849427967,0.1786728141],[37.1760032981,0.2069682148],[37.1823235151,0.2051680724],[37.1912866643,0.2197823917],[37.1927116142,0.262472868],[37.1946483094,0.2624731488],[37.1946494909,0.2540950927],[37.2112936755,0.2540974242],[37.2112948091,0.2457192911],[37.2196169523,0.2457204106],[37.2196146588,0.2624767538],[37.2112925039,0.2624755571],[37.2112912944,0.2708536917],[37.2196134539,0.2708549257],[37.2196122121,0.2792330966],[37.2362566579,0.2792356231],[37.2362578872,0.2708573764],[37.2445801606,0.2708585922],[37.2445741295,0.3099511601],[37.2595142113,0.2934491196],[37.2766552458,0.293485061],[37.2681593814,0.3462480746],[37.2627762186,0.3796747438],[37.2672240939,0.3941900937],[37.2762302213,0.396022686],[37.2934072669,0.3797665609],[37.2934349323,0.3797403789],[37.2944832998,0.3795208284],[37.3105767178,0.3761504916],[37.3214842801,0.3579503227],[37.3194601795,0.32956042],[37.3172169221,0.2981031886],[37.3217903235,0.2807959523],[37.3137494263,0.2608331921],[37.3219030725,0.2535969994],[37.3444391563,0.2550173091],[37.3444523865,0.2550181428],[37.3444525016,0.2541152993],[37.3508942636,0.254116129],[37.3527752342,0.2541163707],[37.3527762782,0.2457376129],[37.3462100278,0.2457367951],[37.3444403198,0.2457365744],[37.3361308579,0.2457355348],[37.3361318762,0.2373568477],[37.3278092246,0.2373558369],[37.3278098421,0.2321584564],[37.3265000045,0.2327537612],[37.3184155592,0.2227640822],[37.3184578458,0.2127004867],[37.3361369512,0.1902290058],[37.336137337,0.1861577177],[37.3361241399,0.1861507259],[37.3194998697,0.17734372],[37.3186392611,0.1664623117],[37.3133143131,0.1464148667],[37.3215292423,0.1219521712],[37.3197724906,0.1092557082],[37.2865120266,0.0801772848],[37.2603949201,0.0736885125],[37.2442065316,0.0627771926],[37.2369941139,0.0600431393],[37.1854251306,0.1053606306],[37.1696852247,0.1141007381],[37.1610238263,0.1189102203],[37.1528784411,0.1261463124],[37.1456356235,0.1333841588],[37.1186107844,0.1260772773],[37.0864801959,0.1260125016]],[[37.1613736848,0.1451776457],[37.161374343,0.1367997442],[37.1696962032,0.136800384],[37.1696955497,0.1451783256],[37.1613736848,0.1451776457]],[[37.2029768787,0.2121868545],[37.2029778245,0.2038276878],[37.2112999069,0.2038286207],[37.2112989625,0.2122067552],[37.2112862461,0.2122067528],[37.2029768766,0.2122057839],[37.2029677562,0.1786745976],[37.2029768787,0.2121868545]],[[37.2196210873,0.2122077211],[37.2196201134,0.2205669324],[37.2196201103,0.2205858945],[37.2112979841,0.2205659275],[37.2112989625,0.2122067552],[37.2196210873,0.2122077211]],[[37.2196220265,0.2038295493],[37.2279441847,0.2038304736],[37.2279432521,0.2121897546],[37.2279432499,0.2122086842],[37.2279304688,0.2122086828],[37.2196210873,0.2122077211],[37.2196220265,0.2038295493]],[[37.2112969622,0.2289630229],[37.2196190964,0.228964066],[37.2196180437,0.2373422384],[37.2112959038,0.2373411571],[37.2112969622,0.2289630229]]]}},{"type":"Feature","properties":{"country":"Kenya","country_code":"KEN","species_name":"Eucalyptus_grandis","genus":"Eucalyptus","species":"grandis","suitability_name":"Marginally suitable","suitability_rank":3,"source_layer":"KCFP_SSMT_Kenya","tz":null,"soil_description":null},"geometry":{"type":"Polygon","coordinates":[[[37.1707440797,0.1619343031],[37.1696941234,0.1619342085],[37.1696936936,0.1666559794],[37.1707440797,0.1619343031]]]}},{"type":"Feature","properties":{"country":"Kenya","country_code":"KEN","species_name":"Eucalyptus_grandis","genus":"Eucalyptus","species":"grandis","suitability_name":"Marginally suitable","suitability_rank":3,"source_layer":"KCFP_SSMT_Kenya","tz":null,"soil_description":null},"geometry":{"type":"Polygon","coordinates":[[[37.1613697904,0.1872744765],[37.1615771746,0.1870671773],[37.161369812,0.1870671554],[37.1613697904,0.1872744765]]]}},{"type":"Feature","properties":{"country":"Kenya","country_code":"KEN","species_name":"Eucalyptus_grandis","genus":"Eucalyptus","species":"grandis","suitability_name":"Marginally suitable","suitability_rank":3,"source_layer":"KCFP_SSMT_Kenya","tz":null,"soil_description":null},"geometry":{"type":"Polygon","coordinates":[[[36.9055016648,0.2791617847],[36.9206194749,0.2554785869],[36.8955952786,0.2028536248],[36.8927736325,0.2309466848],[36.9134207012,0.2536505727],[36.9133890256,0.2609019322],[36.8907437075,0.2881372445],[36.8987618351,0.3117212277],[36.8997599169,0.288156434],[36.9033859961,0.2824760696],[36.9055016648,0.2791617847]]]}},{"type":"Feature","properties":{"country":"Kenya","country_code":"KEN","species_name":"Eucalyptus_grandis","genus":"Eucalyptus","species":"grandis","suitability_name":"Marginally suitable","suitability_rank":3,"source_layer":"KCFP_SSMT_Kenya","tz":null,"soil_description":null},"geometry":{"type":"Polygon","coordinates":[[[37.2029679185,0.2792305463],[37.2029691719,0.270852452],[37.1946470885,0.2708512056],[37.1946458285,0.2792292632],[37.2029679185,0.2792305463]]]}},{"type":"Feature","properties":{"country":"Kenya","country_code":"KEN","species_name":"Eucalyptus_grandis","genus":"Eucalyptus","species":"grandis","suitability_name":"Marginally suitable","suitability_rank":3,"source_layer":"KCFP_SSMT_Kenya","tz":null,"soil_description":null},"geometry":{"type":"Polygon","coordinates":[[[36.9200225257,0.3628704188],[36.9211187695,0.3553685278],[36.9116950767,0.3409903572],[36.9096031903,0.3377986987],[36.9067808606,0.3334925982],[36.9072527228,0.3377981883],[36.9081728574,0.3461944198],[36.911693947,0.3461952015],[36.9117036536,0.3545718439],[36.9200243997,0.3545737303],[36.9200225257,0.3628704188]]]}},{"type":"Feature","properties":{"country":"Kenya","country_code":"KEN","species_name":"Eucalyptus_grandis","genus":"Eucalyptus","species":"grandis","suitability_name":"Marginally suitable","suitability_rank":3,"source_layer":"KCFP_SSMT_Kenya","tz":null,"soil_description":null},"geometry":{"type":"Polygon","coordinates":[[[36.8624234144,0.3769946385],[36.8368075058,0.4008266411],[36.8368064545,0.4048119053],[36.8325250673,0.4048107538],[36.8284738624,0.4085797171],[36.8244204859,0.4123506752],[36.8201640744,0.4112710894],[36.8201635595,0.413163855],[36.8118432946,0.4131812503],[36.8118409788,0.42155734],[36.8035207569,0.4215549808],[36.8035207625,0.4215352497],[36.8035230824,0.413178938],[36.8035119378,0.4131789349],[36.795202916,0.4131766169],[36.7952029206,0.4131569184],[36.7952052026,0.4048006209],[36.7868850916,0.4047983383],[36.7868828019,0.4131545886],[36.7868804552,0.4215502356],[36.7785603738,0.4215478496],[36.7785569415,0.4334860195],[36.7830621728,0.4466769223],[36.7868731457,0.4466780791],[36.7868706155,0.4550540269],[36.7785504973,0.4550514503],[36.7785452763,0.4718032504],[36.7702251866,0.4718005699],[36.7702224954,0.480176422],[36.786851663,0.4801818635],[36.7875666702,0.4801820975],[36.7875321285,0.4801621293],[36.7862599641,0.4794267508],[36.7845189421,0.4675495938],[36.8034938843,0.4576224336],[36.7954019744,0.4494469977],[36.8071584805,0.4422224601],[36.8387764357,0.4277910242],[36.8560310306,0.3969213313],[36.8700912181,0.3934221602],[36.8700925671,0.3880679525],[36.8784131208,0.3880700583],[36.8784122996,0.3913512565],[36.8813019766,0.3906320849],[36.9065611342,0.3870618029],[36.9183380031,0.3743975518],[36.9200108367,0.3629504109],[36.9117017538,0.3629484826],[36.9117036536,0.3545718439],[36.9116920907,0.3545718403],[36.9090908227,0.3545712499],[36.9100066074,0.3629285818],[36.9102681753,0.3653156862],[36.9033678175,0.3702382392],[36.9018749069,0.3713032402],[36.8976007349,0.3743523064],[36.8813855109,0.3715976631],[36.8624234144,0.3769946385]],[[36.8035159687,0.438307065],[36.7951957745,0.4383046027],[36.7952005827,0.4215526117],[36.8035207569,0.4215549808],[36.8035159687,0.438307065]]]}},{"type":"Feature","properties":{"country":"Kenya","country_code":"KEN","species_name":"Eucalyptus_grandis","genus":"Eucalyptus","species":"grandis","suitability_name":"Marginally suitable","suitability_rank":3,"source_layer":"KCFP_SSMT_Kenya","tz":null,"soil_description":null},"geometry":{"type":"Polygon","coordinates":[[[36.7809305629,0.4047967003],[36.7868850916,0.4047983383],[36.7868868281,0.3983442077],[36.7809305629,0.4047967003]]]}},{"type":"Feature","properties":{"country":"Kenya","country_code":"KEN","species_name":"Eucalyptus_grandis","genus":"Eucalyptus","species":"grandis","suitability_name":"Marginally suitable","suitability_rank":3,"source_layer":"KCFP_SSMT_Kenya","tz":null,"soil_description":null},"geometry":{"type":"Polygon","coordinates":[[[36.7619051434,0.4717978794],[36.7702251866,0.4718005699],[36.7702304271,0.455048865],[36.7619104034,0.4550462701],[36.7619051434,0.4717978794]]]}},{"type":"Feature","properties":{"country":"Kenya","country_code":"KEN","species_name":"Eucalyptus_grandis","genus":"Eucalyptus","species":"grandis","suitability_name":"Marginally suitable","suitability_rank":3,"source_layer":"KCFP_SSMT_Kenya","tz":null,"soil_description":null},"geometry":{"type":"Polygon","coordinates":[[[36.8573536844,0.5619150376],[36.8534007116,0.5542535482],[36.8533940899,0.5723427458],[36.8606993287,0.5723454946],[36.8573536844,0.5619150376]]]}},{"type":"Feature","properties":{"country":"Kenya","country_code":"KEN","species_name":"Eucalyptus_grandis","genus":"Eucalyptus","species":"grandis","suitability_name":"Marginally suitable","suitability_rank":3,"source_layer":"KCFP_SSMT_Kenya","tz":null,"soil_description":null},"geometry":{"type":"Polygon","coordinates":[[[37.0031690927,0.5842806343],[37.0049675425,0.5733769587],[37.003173088,0.572856792],[37.0031690927,0.5842806343]]]}},{"type":"Feature","properties":{"country":"Kenya","country_code":"KEN","species_name":"Eucalyptus_grandis","genus":"Eucalyptus","species":"grandis","suitability_name":"Marginally suitable","suitability_rank":3,"source_layer":"KCFP_SSMT_Kenya","tz":null,"soil_description":null},"geometry":{"type":"Polygon","coordinates":[[[37.0197809133,0.6368281336],[37.0198969665,0.631022933],[37.0197831202,0.6310228903],[37.0197809133,0.6368281336]]]}},{"type":"Feature","properties":{"country":"Kenya","country_code":"KEN","species_name":"Eucalyptus_grandis","genus":"Eucalyptus","species":"grandis","suitability_name":"Marginally suitable","suitability_rank":3,"source_layer":"KCFP_SSMT_Kenya","tz":null,"soil_description":null},"geometry":{"type":"Polygon","coordinates":[[[36.9865089142,0.6310305673],[36.9948303951,0.6310338042],[36.9948335825,0.622656734],[37.0197982394,0.6226662364],[37.0197987183,0.6213818885],[37.0128844841,0.6196257482],[37.0003341925,0.6014671202],[37.0023657214,0.5891511716],[36.994845907,0.5891484515],[36.9948518123,0.5723943091],[36.9865304202,0.5723913731],[36.9865319359,0.5680329491],[36.9860553293,0.5678947931],[36.9788114541,0.5733169845],[36.9831530841,0.6132115051],[36.9759299642,0.6159141395],[36.9678401367,0.6104565974],[36.961456337,0.6286615291],[36.9470017797,0.6331600271],[36.9437501108,0.6645209391],[36.9448886538,0.6645214163],[36.9448851688,0.6728982244],[36.9428814856,0.672897374],[36.9394744126,0.7057484692],[36.9448674767,0.7139098511],[36.9448816402,0.6812750323],[36.9532029883,0.6812785992],[36.9532134001,0.656148044],[36.9615347503,0.6561514655],[36.9615313359,0.6645283606],[36.9698527425,0.6645318116],[36.969856142,0.6561548721],[36.9781775778,0.6561582657],[36.9781842194,0.6394043009],[36.9865056708,0.6394075933],[36.9865089142,0.6310305673]],[[36.9615414464,0.6393976734],[36.9698628118,0.639400993],[36.9698594985,0.6477779331],[36.9615381196,0.6477745691],[36.9615414464,0.6393976734]]]}},{"type":"Feature","properties":{"country":"Kenya","country_code":"KEN","species_name":"Eucalyptus_grandis","genus":"Eucalyptus","species":"grandis","suitability_name":"Marginally suitable","suitability_rank":3,"source_layer":"KCFP_SSMT_Kenya","tz":null,"soil_description":null},"geometry":{"type":"Polygon","coordinates":[[[36.9864990556,0.6561616462],[36.9864956839,0.6645386722],[36.9781741921,0.6645352485],[36.9781707626,0.6729122311],[36.9864922693,0.672915697],[36.986488812,0.6812927224],[37.0031319822,0.6812996974],[37.0031387974,0.6645454756],[36.9948172202,0.664542081],[36.9948205772,0.656165012],[36.9864990556,0.6561616462]]]}},{"type":"Feature","properties":{"country":"Kenya","country_code":"KEN","species_name":"Eucalyptus_grandis","genus":"Eucalyptus","species":"grandis","suitability_name":"Marginally suitable","suitability_rank":3,"source_layer":"KCFP_SSMT_Kenya","tz":null,"soil_description":null},"geometry":{"type":"Polygon","coordinates":[[[36.9781554815,0.6812684759],[36.978151967,0.6896454243],[36.9800348112,0.6896462302],[36.9792914924,0.6749328105],[36.9684823093,0.6694685625],[36.9594309428,0.6794182184],[36.9572976911,0.6896364579],[36.9615090892,0.689638276],[36.9615126334,0.6812614136],[36.9781554815,0.6812684759]]]}},{"type":"Feature","properties":{"country":"Kenya","country_code":"KEN","species_name":"Eucalyptus_grandis","genus":"Eucalyptus","species":"grandis","suitability_name":"Marginally suitable","suitability_rank":3,"source_layer":"KCFP_SSMT_Kenya","tz":null,"soil_description":null},"geometry":{"type":"Polygon","coordinates":[[[37.0114385033,0.6890130491],[37.018944204,0.6786520699],[37.0190591717,0.6729084227],[37.0114451062,0.6729053032],[37.0114385033,0.6890130491]]]}},{"type":"Feature","properties":{"country":"Kenya","country_code":"KEN","species_name":"Eucalyptus_grandis","genus":"Eucalyptus","species":"grandis","suitability_name":"Marginally suitable","suitability_rank":3,"source_layer":"KCFP_SSMT_Kenya","tz":null,"soil_description":null},"geometry":{"type":"Polygon","coordinates":[[[36.9199249582,0.6645108941],[36.9282461464,0.6645144165],[36.9282426332,0.6728911355],[36.9199214309,0.6728875696],[36.9199153184,0.687162037],[36.9205580546,0.689641203],[36.928235474,0.6896445735],[36.9282318288,0.6980212925],[36.9222517376,0.6980186357],[36.9237982735,0.7147727157],[36.9282244072,0.7147747286],[36.9282168086,0.7315281634],[36.9365381576,0.7315320254],[36.9365638796,0.6728946871],[36.9428814856,0.672897374],[36.9437501108,0.6645209391],[36.9365673786,0.664517923],[36.9365708329,0.6561411594],[36.9282496155,0.6561376954],[36.9282530397,0.6477609758],[36.91993188,0.6477575431],[36.9199352747,0.6393808666],[36.9116141719,0.6393774648],[36.911607312,0.6561307282],[36.9199284412,0.6561342183],[36.9199249582,0.6645108941]]]}},{"type":"Feature","properties":{"country":"Kenya","country_code":"KEN","species_name":"Eucalyptus_grandis","genus":"Eucalyptus","species":"grandis","suitability_name":"Marginally suitable","suitability_rank":3,"source_layer":"KCFP_SSMT_Kenya","tz":null,"soil_description":null},"geometry":{"type":"Polygon","coordinates":[[[37.0114385033,0.6890130491],[37.0109703054,0.6896593493],[37.0114382342,0.6896595462],[37.0114385033,0.6890130491]]]}},{"type":"Feature","properties":{"country":"Kenya","country_code":"KEN","species_name":"Eucalyptus_grandis","genus":"Eucalyptus","species":"grandis","suitability_name":"Marginally suitable","suitability_rank":3,"source_layer":"KCFP_SSMT_Kenya","tz":null,"soil_description":null},"geometry":{"type":"Polygon","coordinates":[[[36.9800348112,0.6896462302],[36.9801158821,0.6912511284],[36.9890994295,0.699521264],[37.0071441481,0.6949409523],[37.0109703054,0.6896593493],[36.9800348112,0.6896462302]]]}},{"type":"Feature","properties":{"country":"Kenya","country_code":"KEN","species_name":"Eucalyptus_grandis","genus":"Eucalyptus","species":"grandis","suitability_name":"Marginally suitable","suitability_rank":3,"source_layer":"KCFP_SSMT_Kenya","tz":null,"soil_description":null},"geometry":{"type":"Polygon","coordinates":[[[36.9531877165,0.6896346809],[36.9531791657,0.7093630893],[36.9572976911,0.6896364579],[36.9531877165,0.6896346809]]]}},{"type":"Feature","properties":{"country":"Kenya","country_code":"KEN","species_name":"Eucalyptus_grandis","genus":"Eucalyptus","species":"grandis","suitability_name":"Marginally suitable","suitability_rank":3,"source_layer":"KCFP_SSMT_Kenya","tz":null,"soil_description":null},"geometry":{"type":"Polygon","coordinates":[[[36.9529808541,0.7103129125],[36.9448674767,0.7139098511],[36.9448595609,0.7315149455],[36.9531692753,0.7315187701],[36.9531791657,0.7093630893],[36.9529808541,0.7103129125]]]}},{"type":"Feature","properties":{"country":"Kenya","country_code":"KEN","species_name":"Eucalyptus_grandis","genus":"Eucalyptus","species":"grandis","suitability_name":"Marginally suitable","suitability_rank":3,"source_layer":"KCFP_SSMT_Kenya","tz":null,"soil_description":null},"geometry":{"type":"Polygon","coordinates":[[[36.9448440361,0.7398917131],[36.9448478608,0.7315358656],[36.9365381576,0.7315320254],[36.9365343175,0.739887829],[36.9448440361,0.7398917131]]]}},{"type":"Feature","properties":{"country":"Kenya","country_code":"KEN","species_name":"Eucalyptus_grandis","genus":"Eucalyptus","species":"grandis","suitability_name":"Marginally suitable","suitability_rank":3,"source_layer":"KCFP_SSMT_Kenya","tz":null,"soil_description":null},"geometry":{"type":"Polygon","coordinates":[[[36.9261914532,0.7371214877],[36.92632029,0.7330677667],[36.9241538005,0.7186244979],[36.9237982735,0.7147727157],[36.9199031318,0.7147709408],[36.919910584,0.6980175934],[36.9222517376,0.6980186357],[36.9219873095,0.6951541869],[36.9205580546,0.689641203],[36.9199142439,0.6896409189],[36.9199153184,0.687162037],[36.9144045942,0.6659065682],[36.9086272864,0.6471303196],[36.8999613254,0.6326870524],[36.8934618547,0.6247432541],[36.8866013025,0.6135497213],[36.8739634427,0.6016340247],[36.8656585632,0.5908015735],[36.863492073,0.5810523682],[36.8617136008,0.5755076506],[36.8617084778,0.5890986007],[36.8533877678,0.5890953797],[36.8533909517,0.5807190629],[36.8450702987,0.5807158736],[36.8450638605,0.5974684151],[36.8533845384,0.5974716954],[36.8533711645,0.6309769571],[36.8616919387,0.630980408],[36.8616986907,0.6142276861],[36.870019485,0.6142310324],[36.87002278,0.6058546258],[36.8783436068,0.6058579136],[36.8783403246,0.6142343656],[36.8866612084,0.6142376859],[36.8866456732,0.6525738203],[36.89100751,0.654782752],[36.9071105444,0.6829199239],[36.9032669246,0.7009402237],[36.9032607138,0.7147633205],[36.9115819006,0.7147671378],[36.9115780931,0.7231437668],[36.903256892,0.7231399039],[36.9032533579,0.7307985668],[36.9221704938,0.7455901991],[36.9257491695,0.7510374431],[36.9310857312,0.7692697301],[36.9281968776,0.7737503667],[36.928188827,0.7901651758],[36.9234621478,0.7901628003],[36.9245734891,0.8069167538],[36.9281804351,0.8069186044],[36.9281761736,0.8152953185],[36.9198547058,0.8152909988],[36.9198503829,0.8236676673],[36.9032075446,0.8236588849],[36.903211901,0.8152823057],[36.8865692762,0.8152735435],[36.8865648844,0.8236500327],[36.8948861917,0.8236544675],[36.8948817723,0.8320310023],[36.9198460159,0.8320443363],[36.9198371493,0.8487976723],[36.9031942043,0.848788622],[36.9031896688,0.8571652005],[36.8948682459,0.8571606034],[36.8948647483,0.8635396455],[36.9099331463,0.8635772171],[36.9234272684,0.870862275],[36.94674333,0.8990201395],[36.9614000738,0.9104414202],[36.9614110553,0.8906828736],[36.9447675526,0.8906735657],[36.9447812825,0.8655432655],[36.9531029557,0.8655477973],[36.9531074277,0.8571709859],[36.9614291272,0.8571754557],[36.961446506,0.8236680315],[36.9697681779,0.823672309],[36.9697639157,0.8320492092],[36.9780856473,0.8320535126],[36.9780813595,0.8404304548],[36.99052629,0.8404369219],[36.9813069708,0.8310309597],[36.9679859271,0.7856753608],[36.9734474828,0.7729981596],[36.9857030816,0.7650415459],[36.9781302231,0.7650379592],[36.9614869956,0.7650510845],[36.9614909288,0.7566741933],[36.9448479174,0.7566662859],[36.9448502942,0.7516004887],[36.9448385998,0.7516068149],[36.9448362367,0.7566452572],[36.9365148275,0.7566412796],[36.936517031,0.7519648395],[36.9341269795,0.7514452621],[36.9310726922,0.7482619692],[36.9281974172,0.7482606027],[36.9281993861,0.744051565],[36.9273455154,0.7423438249],[36.9261914532,0.7371214877]],[[36.961479,0.7818048668],[36.9531574235,0.781800791],[36.9531654516,0.7650470952],[36.9614869956,0.7650510845],[36.961479,0.7818048668]]]}},{"type":"Feature","properties":{"country":"Kenya","country_code":"KEN","species_name":"Eucalyptus_grandis","genus":"Eucalyptus","species":"grandis","suitability_name":"Marginally suitable","suitability_rank":3,"source_layer":"KCFP_SSMT_Kenya","tz":null,"soil_description":null},"geometry":{"type":"Polygon","coordinates":[[[36.9510040625,0.7482713884],[36.9509652967,0.7482923608],[36.9614830643,0.7482972953],[36.9510040625,0.7482713884]]]}},{"type":"Feature","properties":{"country":"Kenya","country_code":"KEN","species_name":"Eucalyptus_grandis","genus":"Eucalyptus","species":"grandis","suitability_name":"Marginally suitable","suitability_rank":3,"source_layer":"KCFP_SSMT_Kenya","tz":null,"soil_description":null},"geometry":{"type":"Polygon","coordinates":[[[36.9448502942,0.7516004887],[36.9509652967,0.7482923608],[36.944851839,0.748289481],[36.9448502942,0.7516004887]]]}},{"type":"Feature","properties":{"country":"Kenya","country_code":"KEN","species_name":"Eucalyptus_grandis","genus":"Eucalyptus","species":"grandis","suitability_name":"Marginally suitable","suitability_rank":3,"source_layer":"KCFP_SSMT_Kenya","tz":null,"soil_description":null},"geometry":{"type":"Polygon","coordinates":[[[36.9614791842,0.7566531643],[36.978122304,0.7566610082],[36.9781302231,0.7650379592],[36.9781341144,0.7566820364],[36.9864557708,0.7566859339],[36.9864595525,0.7484440818],[36.9861558842,0.748308772],[36.9614830643,0.7482972953],[36.9614791842,0.7566531643]]]}},{"type":"Feature","properties":{"country":"Kenya","country_code":"KEN","species_name":"Eucalyptus_grandis","genus":"Eucalyptus","species":"grandis","suitability_name":"Marginally suitable","suitability_rank":3,"source_layer":"KCFP_SSMT_Kenya","tz":null,"soil_description":null},"geometry":{"type":"Polygon","coordinates":[[[37.003097959,0.7594315403],[37.0009459384,0.7566926812],[36.9947774709,0.7566898154],[36.9947617186,0.7650668749],[36.9947581542,0.7727017319],[36.9955691978,0.7734443246],[37.0030914641,0.7734478953],[37.003097959,0.7594315403]]]}},{"type":"Feature","properties":{"country":"Kenya","country_code":"KEN","species_name":"Eucalyptus_grandis","genus":"Eucalyptus","species":"grandis","suitability_name":"Marginally suitable","suitability_rank":3,"source_layer":"KCFP_SSMT_Kenya","tz":null,"soil_description":null},"geometry":{"type":"Polygon","coordinates":[[[36.9864518709,0.7650964889],[36.9947617186,0.7650668749],[36.9863922203,0.7650418725],[36.9864518709,0.7650964889]]]}},{"type":"Feature","properties":{"country":"Kenya","country_code":"KEN","species_name":"Eucalyptus_grandis","genus":"Eucalyptus","species":"grandis","suitability_name":"Marginally suitable","suitability_rank":3,"source_layer":"KCFP_SSMT_Kenya","tz":null,"soil_description":null},"geometry":{"type":"Polygon","coordinates":[[[36.9213117532,0.8069150768],[36.9198590758,0.8067343603],[36.9198589844,0.806914329],[36.9213117532,0.8069150768]]]}},{"type":"Feature","properties":{"country":"Kenya","country_code":"KEN","species_name":"Eucalyptus_grandis","genus":"Eucalyptus","species":"grandis","suitability_name":"Marginally suitable","suitability_rank":3,"source_layer":"KCFP_SSMT_Kenya","tz":null,"soil_description":null},"geometry":{"type":"Polygon","coordinates":[[[36.886546867,0.8571559881],[36.8948682459,0.8571606034],[36.8948727995,0.8487840698],[36.8865514394,0.8487794996],[36.886546867,0.8571559881]]]}},{"type":"Feature","properties":{"country":"Kenya","country_code":"KEN","species_name":"Eucalyptus_grandis","genus":"Eucalyptus","species":"grandis","suitability_name":"Marginally suitable","suitability_rank":3,"source_layer":"KCFP_SSMT_Kenya","tz":null,"soil_description":null},"geometry":{"type":"Polygon","coordinates":[[[37.1938503983,1.7286278771],[37.1938504217,1.7286031109],[37.1938582988,1.7202498982],[37.1855326226,1.7202419491],[37.1855246857,1.7286198883],[37.1938377401,1.7286278641],[37.1938503983,1.7286278771]]]}},{"type":"Feature","properties":{"country":"Kenya","country_code":"KEN","species_name":"Eucalyptus_grandis","genus":"Eucalyptus","species":"grandis","suitability_name":"Marginally suitable","suitability_rank":3,"source_layer":"KCFP_SSMT_Kenya","tz":null,"soil_description":null},"geometry":{"type":"Polygon","coordinates":[[[37.1771829718,1.7453428328],[37.1771909988,1.7369897642],[37.1688653262,1.736981664],[37.1688572385,1.7453595245],[37.1771703535,1.7453676507],[37.1771829479,1.7453676639],[37.1771829718,1.7453428328]]]}},{"type":"Feature","properties":{"country":"Kenya","country_code":"KEN","species_name":"Eucalyptus_grandis","genus":"Eucalyptus","species":"grandis","suitability_name":"Marginally suitable","suitability_rank":3,"source_layer":"KCFP_SSMT_Kenya","tz":null,"soil_description":null},"geometry":{"type":"Polygon","coordinates":[[[37.1688409473,1.7621152423],[37.1688491361,1.7537125217],[37.1688572385,1.7453595245],[37.1605315682,1.7453513481],[37.160515203,1.7621069873],[37.1688283844,1.7621152299],[37.1688409473,1.7621152423]]]}},{"type":"Feature","properties":{"country":"Kenya","country_code":"KEN","species_name":"Eucalyptus_grandis","genus":"Eucalyptus","species":"grandis","suitability_name":"Marginally suitable","suitability_rank":3,"source_layer":"KCFP_SSMT_Kenya","tz":null,"soil_description":null},"geometry":{"type":"Polygon","coordinates":[[[37.1355130268,1.7872150948],[37.135513052,1.7871901043],[37.1355298521,1.7704596981],[37.1438555157,1.7704681041],[37.1438513663,1.7620903527],[37.1272126199,1.7620735935],[37.1272042291,1.7704512527],[37.110553101,1.7704342518],[37.1105360754,1.7871644174],[37.1105274648,1.7955669847],[37.1271664155,1.7955842152],[37.1271788166,1.795584227],[37.127178843,1.7955592041],[37.1271873279,1.7872065703],[37.1355005925,1.7872150821],[37.1355130268,1.7872150948]]]}},{"type":"Feature","properties":{"country":"Kenya","country_code":"KEN","species_name":"Eucalyptus_grandis","genus":"Eucalyptus","species":"grandis","suitability_name":"Marginally suitable","suitability_rank":3,"source_layer":"KCFP_SSMT_Kenya","tz":null,"soil_description":null},"geometry":{"type":"Polygon","coordinates":[[[37.0439057737,1.8122509802],[37.0355683609,1.8122418996],[37.0189298067,1.8122236625],[37.0189207062,1.8205756627],[37.0189206787,1.8206007816],[37.0272339809,1.8206099551],[37.0272459978,1.8206099683],[37.0272368936,1.8289619782],[37.0438756252,1.8290054572],[37.0438877069,1.8290054704],[37.0438877333,1.8289803195],[37.0439057737,1.8122509802]]]}},{"type":"Feature","properties":{"country":"Kenya","country_code":"KEN","species_name":"Eucalyptus_grandis","genus":"Eucalyptus","species":"grandis","suitability_name":"Marginally suitable","suitability_rank":3,"source_layer":"KCFP_SSMT_Kenya","tz":null,"soil_description":null},"geometry":{"type":"Polygon","coordinates":[[[36.8354654716,2.0632966833],[36.8271399793,2.0632852631],[36.8271173354,2.0716613172],[36.8188030955,2.0716498222],[36.8187916453,2.0799997305],[36.8187875225,2.0829979958],[36.8187684978,2.0967778873],[36.8270941183,2.0967895376],[36.8270825725,2.1051393936],[36.8520484979,2.1051741992],[36.852037004,2.113550371],[36.8603628647,2.113561935],[36.86033983,2.1303143674],[36.8520138799,2.1303027117],[36.8520022487,2.1386788814],[36.8436762984,2.1386671336],[36.8436419467,2.1631215193],[36.8436409944,2.163795497],[36.8431018631,2.1637947258],[36.8353149549,2.163783566],[36.8353030493,2.1721596377],[36.826977011,2.1721476145],[36.8269650126,2.1805236397],[36.8186389739,2.1805115237],[36.8186268849,2.1888875014],[36.8103008456,2.1888752924],[36.8103129432,2.1805258621],[36.8093699629,2.1805244826],[36.7936722193,2.180501415],[36.793660029,2.1888507526],[36.7936599911,2.1888772845],[36.8019748162,2.1888895709],[36.8019859685,2.1888895873],[36.8019491796,2.2139906995],[36.8019491412,2.21401733],[36.8102753438,2.2140030957],[36.8102875807,2.2056537659],[36.8186025269,2.205666052],[36.8186137433,2.2056660685],[36.8186259263,2.1972900603],[36.8269520899,2.1973022695],[36.8269641801,2.1889262137],[36.8352790618,2.1889383135],[36.8352903819,2.1889117964],[36.8353023787,2.1805357257],[36.8353124152,2.1735039657],[36.8353142926,2.1721861242],[36.8363684776,2.1721876423],[36.843629097,2.1721980844],[36.8436404095,2.1721981007],[36.843640448,2.1721716321],[36.8436522704,2.1638219492],[36.8519670436,2.1638338183],[36.8602931749,2.1638456576],[36.8603045884,2.1638192366],[36.8603163121,2.1554430247],[36.8603279517,2.1470931849],[36.8686426615,2.147104871],[36.8686540702,2.147104887],[36.8686656932,2.1387022543],[36.8686771982,2.1303523019],[36.8769918309,2.1303638524],[36.8770032718,2.1303638683],[36.877003282,2.121987513],[36.868688694,2.1219760088],[36.86868873,2.1219497324],[36.8687115496,2.1052234188],[36.8687001412,2.1052234031],[36.8640163262,2.105216954],[36.8603856553,2.1052119452],[36.8603916572,2.1008077192],[36.8604084177,2.0884594418],[36.8520826573,2.0884480153],[36.8520940151,2.0800718089],[36.8437683444,2.0800603841],[36.8437796992,2.0716842219],[36.8354541182,2.0716727993],[36.8354654716,2.0632966833]]]}},{"type":"Feature","properties":{"country":"Kenya","country_code":"KEN","species_name":"Eucalyptus_grandis","genus":"Eucalyptus","species":"grandis","suitability_name":"Marginally suitable","suitability_rank":3,"source_layer":"KCFP_SSMT_Kenya","tz":null,"soil_description":null},"geometry":{"type":"Polygon","coordinates":[[[36.8270712881,2.1051655885],[36.8187568724,2.1051539074],[36.8187335189,2.1218796683],[36.8270480235,2.1218914422],[36.8270712881,2.1051655885]]]}},{"type":"Feature","properties":{"country":"Kenya","country_code":"KEN","species_name":"Eucalyptus_grandis","genus":"Eucalyptus","species":"grandis","suitability_name":"Marginally suitable","suitability_rank":3,"source_layer":"KCFP_SSMT_Kenya","tz":null,"soil_description":null},"geometry":{"type":"Polygon","coordinates":[[[36.8187222663,2.1219059279],[36.8133159675,2.1218982479],[36.8104077747,2.1218941088],[36.8103967491,2.1297150408],[36.810395966,2.1302700793],[36.8187105005,2.130281945],[36.8187222663,2.1219059279]]]}},{"type":"Feature","properties":{"country":"Kenya","country_code":"KEN","species_name":"Eucalyptus_grandis","genus":"Eucalyptus","species":"grandis","suitability_name":"Marginally suitable","suitability_rank":3,"source_layer":"KCFP_SSMT_Kenya","tz":null,"soil_description":null},"geometry":{"type":"Polygon","coordinates":[[[36.8103362556,2.172123446],[36.8125129716,2.1721266178],[36.8186510182,2.1721355451],[36.8186749272,2.1554099896],[36.8104896353,2.15539817],[36.8103602564,2.1553979837],[36.8103362556,2.172123446]]]}},{"type":"Feature","properties":{"country":"Kenya","country_code":"KEN","species_name":"Eucalyptus_grandis","genus":"Eucalyptus","species":"grandis","suitability_name":"Marginally suitable","suitability_rank":3,"source_layer":"KCFP_SSMT_Kenya","tz":null,"soil_description":null},"geometry":{"type":"Polygon","coordinates":[[[37.3435109925,-1.9411134248],[37.3435039834,-1.9482984473],[37.3356641828,-1.9411056736],[37.3435109925,-1.9411134248]]]}},{"type":"Feature","properties":{"country":"Kenya","country_code":"KEN","species_name":"Eucalyptus_grandis","genus":"Eucalyptus","species":"grandis","suitability_name":"Marginally suitable","suitability_rank":3,"source_layer":"KCFP_SSMT_Kenya","tz":null,"soil_description":null},"geometry":{"type":"Polygon","coordinates":[[[37.3351918457,-1.9327266409],[37.3351840958,-1.9406652055],[37.3321777834,-1.9379069941],[37.3225662123,-1.9337236486],[37.3185483277,-1.9349369038],[37.3185505209,-1.9327101451],[37.3351918457,-1.9327266409]]]}},{"type":"Feature","properties":{"country":"Kenya","country_code":"KEN","species_name":"Eucalyptus_grandis","genus":"Eucalyptus","species":"grandis","suitability_name":"Marginally suitable","suitability_rank":3,"source_layer":"KCFP_SSMT_Kenya","tz":null,"soil_description":null},"geometry":{"type":"Polygon","coordinates":[[[37.2446439291,-1.9297703647],[37.2479163294,-1.9326276324],[37.2436069376,-1.9326231539],[37.2436130332,-1.926683374],[37.2446439291,-1.9297703647]]]}},{"type":"Feature","properties":{"country":"Kenya","country_code":"KEN","species_name":"Eucalyptus_grandis","genus":"Eucalyptus","species":"grandis","suitability_name":"Marginally suitable","suitability_rank":3,"source_layer":"KCFP_SSMT_Kenya","tz":null,"soil_description":null},"geometry":{"type":"Polygon","coordinates":[[[37.2769420222,-1.8924022056],[37.2800173835,-1.899158012],[37.2769353425,-1.8991549241],[37.2769420222,-1.8924022056]]]}},{"type":"Feature","properties":{"country":"Kenya","country_code":"KEN","species_name":"Eucalyptus_grandis","genus":"Eucalyptus","species":"grandis","suitability_name":"Marginally suitable","suitability_rank":3,"source_layer":"KCFP_SSMT_Kenya","tz":null,"soil_description":null},"geometry":{"type":"Polygon","coordinates":[[[37.3103122776,-1.8405278035],[37.3103043671,-1.8489097789],[37.3091815061,-1.8430601489],[37.3100614917,-1.8405275644],[37.3103122776,-1.8405278035]]]}},{"type":"Feature","properties":{"country":"Kenya","country_code":"KEN","species_name":"Eucalyptus_grandis","genus":"Eucalyptus","species":"grandis","suitability_name":"Marginally suitable","suitability_rank":3,"source_layer":"KCFP_SSMT_Kenya","tz":null,"soil_description":null},"geometry":{"type":"Polygon","coordinates":[[[37.3448707734,-1.8238142113],[37.3374120478,-1.8324995098],[37.3247855658,-1.8372122773],[37.3156101467,-1.8394418092],[37.3110578935,-1.8376599125],[37.3100614917,-1.8405275644],[37.3019855396,-1.8405198457],[37.3020085415,-1.8160481722],[37.3020324572,-1.7902491018],[37.2937059852,-1.7902413235],[37.293711699,-1.7840536296],[37.2945511674,-1.7818636798],[37.3020401502,-1.7818706422],[37.3020629389,-1.7568167745],[37.3020771679,-1.756735269],[37.310389371,-1.7567428514],[37.3104259272,-1.715581765],[37.3104265689,-1.714850346],[37.3100209959,-1.7148499857],[37.3021003936,-1.7148429311],[37.3021117715,-1.701886913],[37.302115093,-1.6980859971],[37.2997914468,-1.6980839418],[37.2937890258,-1.6980786195],[37.2937816591,-1.7064570504],[37.2863677291,-1.7064504181],[37.2854568576,-1.7050205763],[37.2854629958,-1.6980712049],[37.2809289509,-1.6980671526],[37.2771409726,-1.6935742782],[37.2771444041,-1.6896853969],[37.2738597577,-1.6896824626],[37.2605744705,-1.6739248693],[37.2605066525,-1.6738008611],[37.2605221234,-1.6561573163],[37.2535850701,-1.6561511769],[37.2538125366,-1.6526473512],[37.2813297781,-1.6411248956],[37.2854974369,-1.643355494],[37.2934503058,-1.6476119764],[37.3003593449,-1.6562038388],[37.3041718262,-1.6609449102],[37.3083762969,-1.701006835],[37.3259264095,-1.7239957991],[37.3529362151,-1.7340121707],[37.3703733139,-1.7281785384],[37.3699472591,-1.7199426215],[37.3562391135,-1.6981330761],[37.3520778423,-1.6915125147],[37.3509699575,-1.6897498746],[37.3478575095,-1.6847979807],[37.3486105319,-1.6813691817],[37.3532242516,-1.6603602462],[37.3524384424,-1.6562363571],[37.3521087315,-1.6545060541],[37.3492470029,-1.639488126],[37.3492447542,-1.6394763206],[37.3487291842,-1.636770727],[37.3437995506,-1.6339796022],[37.3437863213,-1.6339721123],[37.3331874326,-1.6279710562],[37.3271533491,-1.6270433669],[37.3271544703,-1.6256821515],[37.3271748422,-1.6007474125],[37.3367411968,-1.5978053709],[37.3500460725,-1.593090036],[37.3656185094,-1.5975330916],[37.368793443,-1.5975533805],[37.3687801076,-1.6143680382],[37.3771061119,-1.6143747433],[37.3771127395,-1.6059959806],[37.3854387453,-1.6060026158],[37.3854453046,-1.5976238178],[37.4020973496,-1.597636919],[37.4020984997,-1.5961480925],[37.41042511,-1.595449095],[37.4104234324,-1.597631453],[37.4021108191,-1.5976249648],[37.4021043275,-1.6060038641],[37.3937782208,-1.6059972963],[37.3937765123,-1.6081835332],[37.3942232425,-1.6073297023],[37.4095760075,-1.6094824822],[37.410427384,-1.6099937327],[37.4104369159,-1.5976434293],[37.4187495306,-1.5976498837],[37.4187431065,-1.6060288194],[37.4353954889,-1.6060417175],[37.4354026873,-1.6144207294],[37.4353980033,-1.6205344694],[37.4368028403,-1.6208706177],[37.4429131184,-1.6144265325],[37.4437153837,-1.6144152497],[37.443716019,-1.6135797624],[37.4437217314,-1.606048114],[37.4508522215,-1.6060535655],[37.4520616583,-1.6060544877],[37.460374313,-1.6060608065],[37.4603743228,-1.6060488739],[37.4603810743,-1.5970042529],[37.4603867932,-1.5893026005],[37.4687130663,-1.5893088308],[37.4687329392,-1.580929704],[37.4687255008,-1.5910482773],[37.4770511552,-1.5919957295],[37.4820724624,-1.5925671347],[37.485370854,-1.6011288786],[37.4856970797,-1.6019756756],[37.4857132724,-1.6060679252],[37.4936798794,-1.6060738496],[37.4936737178,-1.6144650156],[37.4857464518,-1.6144590898],[37.485361027,-1.6144588008],[37.48536103577,-1.6144469229802434],[37.4853284912,-1.6395963862],[37.4853422731,-1.6395963958],[37.48577987,-1.6395967289],[37.4936550668,-1.6396027074],[37.4936487857,-1.6479819377],[37.4857485661,-1.6479759096],[37.4853359574,-1.6479755938],[37.485309447,-1.6647339753],[37.4853232291,-1.664733986],[37.4888966014,-1.664736745],[37.4936361263,-1.6647403944],[37.4936334633,-1.668245669],[37.4936297588,-1.6731079457],[37.5002199273,-1.6731247024],[37.5019555216,-1.6744103691],[37.5019243166,-1.7150108092],[37.5019243077,-1.7150223232],[37.4936111954,-1.7150157575],[37.4935973823,-1.7150157466],[37.4935908217,-1.7233834869],[37.4935908117,-1.7233949693],[37.476950735,-1.723381653],[37.4769369858,-1.7233816419],[37.4769303202,-1.7317493493],[37.460276541,-1.7317472597],[37.4602832877,-1.7233681682],[37.4500071273,-1.7233597811],[37.4436297216,-1.723354548],[37.4436365099,-1.7149755219],[37.4353098128,-1.7149686904],[37.4353166031,-1.706589696],[37.4269899745,-1.7065828625],[37.4269967675,-1.6982039019],[37.41867021,-1.698197065],[37.418683766,-1.681439209],[37.402030894,-1.6814255622],[37.4020102938,-1.7065621419],[37.4103368196,-1.706569085],[37.4103299219,-1.7149479772],[37.4186565186,-1.714954918],[37.4186491413,-1.7239157606],[37.4186426925,-1.7317127679],[37.4103160231,-1.7317057592],[37.4103110666,-1.7376415195],[37.4103023137,-1.7480764831],[37.40894327,-1.74846238],[37.4019752799,-1.7484564246],[37.401968175,-1.7568352788],[37.4062866671,-1.7568389905],[37.4064780444,-1.7576919425],[37.4162297671,-1.7652150961],[37.4019745064,-1.7652028239],[37.4019719177,-1.7682324077],[37.4048300532,-1.7688947696],[37.4178461602,-1.7804201001],[37.4186149699,-1.7807690573],[37.4186266095,-1.7670641767],[37.4190430178,-1.7673854216],[37.4269382302,-1.7691052298],[37.4269479831,-1.7736145315],[37.42693872,-1.7845471367],[37.4331790013,-1.7873795231],[37.4448505356,-1.7915771181],[37.4436595711,-1.804144869],[37.4518794996,-1.8161797892],[37.4518657351,-1.8322780136],[37.4518793793,-1.832289088],[37.4685203423,-1.8322924173],[37.4685338059,-1.8163756167],[37.4685482235,-1.8155452609],[37.4685475258,-1.8163738286],[37.4748633654,-1.8155506322],[37.4852028711,-1.8155593785],[37.4935302439,-1.8155663795],[37.5075843659,-1.8155781076],[37.5126020436,-1.8178699594],[37.5167853271,-1.8323332794],[37.5184849408,-1.8323346944],[37.5167885277,-1.8323443449],[37.5101712974,-1.8323388199],[37.5101504866,-1.8407070539],[37.4768405893,-1.8406897702],[37.4768262995,-1.8574480614],[37.4518439892,-1.8574262184],[37.4518585131,-1.8406681244],[37.4352039593,-1.8406534983],[37.4351892801,-1.8574114591],[37.4435166181,-1.8574188593],[37.443509277,-1.8657869379],[37.4435018922,-1.8741659821],[37.4434870164,-1.8909349036],[37.468469703,-1.8909572625],[37.468468662,-1.9077154906],[37.4767964023,-1.9077229274],[37.4851103911,-1.9077303123],[37.4851030527,-1.9160987444],[37.4850956735,-1.9244779479],[37.4850733294,-1.949626163],[37.4934013064,-1.9496336814],[37.4933788064,-1.9747712785],[37.4600802865,-1.974740579],[37.460066609,-1.9747300518],[37.4600895962,-1.9496033595],[37.4517754049,-1.949595689],[37.45176176,-1.9495850652],[37.4517693905,-1.9412166391],[37.4267997343,-1.9411934516],[37.4267821602,-1.9455307154],[37.4267784207,-1.9495617649],[37.4184507068,-1.9495539154],[37.4184510312,-1.9492064034],[37.4184585032,-1.9411856222],[37.410130864,-1.941177766],[37.4101464661,-1.9244093169],[37.4101676951,-1.9160411653],[37.4184817172,-1.916048908],[37.4185197327,-1.8741543648],[37.4101924164,-1.8741467802],[37.4101999591,-1.8657679031],[37.3935455073,-1.8657526801],[37.3935378867,-1.8741314888],[37.3852106717,-1.8741237838],[37.3852029781,-1.882502558],[37.3935302309,-1.8825102975],[37.3935225428,-1.8908891035],[37.3851952483,-1.8908813305],[37.3851874851,-1.8992601022],[37.376873552,-1.8992522652],[37.376860196,-1.8992414482],[37.37686799,-1.8908735156],[37.3685540981,-1.890865674],[37.3685407756,-1.8908548255],[37.3685485739,-1.8824869584],[37.360234725,-1.8824791117],[37.3602425485,-1.8740895427],[37.3435751204,-1.8740846622],[37.343559311,-1.8908310222],[37.3269183498,-1.8908149654],[37.3269263573,-1.8824364066],[37.3019454475,-1.8824121094],[37.3019615928,-1.8656552066],[37.3102884481,-1.8656632731],[37.3103043671,-1.8489097789],[37.3116429018,-1.8558830529],[37.3251322523,-1.8653516734],[37.3352383317,-1.8622139277],[37.3450888501,-1.8611422253],[37.3599709706,-1.8676450776],[37.3755039882,-1.8796440782],[37.3883711672,-1.8719487791],[37.3936942196,-1.8584871352],[37.4010869247,-1.8454988754],[37.4138293248,-1.8406234681],[37.4210595676,-1.8378570159],[37.4369272083,-1.8235462043],[37.4367741996,-1.8155067723],[37.4366146927,-1.8071276051],[37.4365527776,-1.8038755595],[37.422842787,-1.7923420213],[37.4199404489,-1.7903551637],[37.4186075568,-1.7894427017],[37.4093536088,-1.7831076751],[37.4008748701,-1.781959645],[37.3933187104,-1.7809365033],[37.3853066661,-1.781696919],[37.3797937368,-1.782220124],[37.4049269716,-1.8018320588],[37.4083352631,-1.8100912894],[37.4032426105,-1.8210379324],[37.393586754,-1.8197307554],[37.3819432266,-1.8181544319],[37.3631565039,-1.8164263017],[37.351965129,-1.8201713634],[37.3463998242,-1.8220336869],[37.3448707734,-1.8238142113]],[[37.4853610441362,-1.614435592050218],[37.4853672226,-1.6060676671],[37.485370854,-1.6011288786],[37.4853610441362,-1.614435592050218]],[[37.3102804329,-1.8740417608],[37.3186073636,-1.8740498246],[37.3186153383,-1.8656713],[37.3102884481,-1.8656632731],[37.3102804329,-1.8740417608]],[[37.3508584807,-1.6059628987],[37.3521477276,-1.6065661642],[37.3521482101,-1.6059639455],[37.3508584807,-1.6059628987]],[[37.4727196897,-1.6730916785],[37.4707440593,-1.6764518732],[37.4686608796,-1.6763729069],[37.4686471618,-1.676372387],[37.4520080719,-1.6757415756],[37.4519944188,-1.6757410574],[37.4437526926,-1.675428551],[37.4505406907,-1.6834136511],[37.4585261176,-1.6946757235],[37.4648619422,-1.7159913512],[37.4733126836,-1.7233635472],[37.4833959861,-1.7222810777],[37.4916889461,-1.7134131467],[37.4988553763,-1.6972258894],[37.4989139328,-1.6832669631],[37.4888277335,-1.6731042296],[37.4886312827,-1.6729062879],[37.4853176268,-1.6720568762],[37.4769925557,-1.669922834],[37.4748984187,-1.6693860196],[37.4727196897,-1.6730916785]],[[37.3770789893,-1.6646356145],[37.3770926253,-1.6478780302],[37.372089144,-1.6478739223],[37.3736462339,-1.6536327936],[37.3755844151,-1.6646343761],[37.3770789893,-1.6646356145]],[[37.4195436369,-1.6814282668],[37.418697301,-1.6814275771],[37.4186905395,-1.6898065381],[37.4270170935,-1.6898133402],[37.4270103341,-1.6981923351],[37.4349457513,-1.6981988172],[37.4324017175,-1.6940460708],[37.4195436369,-1.6814282668]],[[37.446752008,-1.7174706836],[37.4353364454,-1.6988365637],[37.435323411,-1.7149571869],[37.4436501406,-1.7149640193],[37.4436433532,-1.7233430771],[37.4500007779,-1.7233482947],[37.446752008,-1.7174706836]],[[37.3770607227,-1.6730143961],[37.3770720661,-1.6730787832],[37.3770721191,-1.6730144047],[37.3770607227,-1.6730143961]]]}},{"type":"Feature","properties":{"country":"Kenya","country_code":"KEN","species_name":"Eucalyptus_grandis","genus":"Eucalyptus","species":"grandis","suitability_name":"Marginally suitable","suitability_rank":3,"source_layer":"KCFP_SSMT_Kenya","tz":null,"soil_description":null},"geometry":{"type":"Polygon","coordinates":[[[37.2667579328,-1.8475741489],[37.2644157957,-1.8608245439],[37.2727964804,-1.8832954893],[37.2762016873,-1.8907758748],[37.2519633482,-1.8907514887],[37.251946505,-1.9075078787],[37.2602733072,-1.9075163695],[37.2602657497,-1.9150228933],[37.2589283518,-1.9129411755],[37.2511468712,-1.9096897082],[37.2392512997,-1.903892157],[37.2396669204,-1.9148668821],[37.2427984477,-1.9242441197],[37.2352886901,-1.9242363202],[37.2353058429,-1.9074800178],[37.2269791213,-1.9074714056],[37.2270046899,-1.882337061],[37.2186781251,-1.8823285224],[37.2186878525,-1.8727236606],[37.2201305611,-1.8717337399],[37.2208608765,-1.8612248511],[37.2263833261,-1.856916533],[37.2291434179,-1.8523598633],[37.2218525721,-1.8415547668],[37.2145523429,-1.8332734609],[37.2067314577,-1.8398566512],[37.2020667,-1.8412781623],[37.2020759335,-1.8320432993],[37.2104021872,-1.8320516866],[37.2104187451,-1.8152955949],[37.2020925684,-1.8152872834],[37.2021172335,-1.7901532544],[37.2104432962,-1.7901614507],[37.210458037,-1.774898329],[37.2152859762,-1.7651230119],[37.2181597398,-1.7519979907],[37.2194902069,-1.7459340493],[37.2269121449,-1.7256274026],[37.2372572103,-1.7174597556],[37.2483128031,-1.7047285308],[37.2481724977,-1.6813950048],[37.2395291934,-1.6660117023],[37.2255865478,-1.6558532889],[37.2205892091,-1.6434743429],[37.2311755946,-1.6339318389],[37.239477736,-1.6202696294],[37.2333445964,-1.6055839611],[37.2102368554,-1.5949167843],[37.2011064367,-1.5857047269],[37.1995632861,-1.5719744598],[37.2080841475,-1.5603597547],[37.2232121364,-1.5613729794],[37.2427186051,-1.554180369],[37.2489577261,-1.5397479857],[37.2604651904,-1.5445108724],[37.256796509,-1.5522128557],[37.2569196293,-1.576462659],[37.2709032645,-1.5774682161],[37.2909491503,-1.5673105015],[37.2936344326,-1.5659507042],[37.3188784229,-1.5477090769],[37.3188721291,-1.5556774605],[37.3105466056,-1.5556707689],[37.3105399219,-1.5640492523],[37.3355166974,-1.5640693384],[37.3355232833,-1.5556907474],[37.3438489145,-1.5556973399],[37.3438423607,-1.5640759674],[37.3521680591,-1.564082564],[37.3521681814,-1.5808398973],[37.3521615657,-1.5892065619],[37.3355099406,-1.5891931247],[37.3355032132,-1.5975717456],[37.3271774196,-1.5975649406],[37.3271748422,-1.6007474125],[37.3156219363,-1.6043003082],[37.3025343252,-1.6106137178],[37.2945067141,-1.6150431999],[37.3020517626,-1.6195331541],[37.3048053653,-1.6226819671],[37.2855279849,-1.6226656176],[37.2855209098,-1.6310440186],[37.2771951963,-1.6310368631],[37.2771880503,-1.6394152267],[37.2540880646,-1.6393950901],[37.2522110288,-1.639393442],[37.2521964173,-1.6561499459],[37.2535850701,-1.6561511769],[37.2532952995,-1.6606145428],[37.2605066525,-1.6738008611],[37.2604925978,-1.6896704635],[37.2738597577,-1.6896824626],[37.2771409726,-1.6935742782],[37.2771370014,-1.6980637552],[37.2809289509,-1.6980671526],[37.281331043,-1.6985440698],[37.2854568576,-1.7050205763],[37.2854555923,-1.7064496011],[37.2863677291,-1.7064504181],[37.2972817794,-1.7235827485],[37.3043038827,-1.7439803035],[37.3020771679,-1.756735269],[37.3020630126,-1.7567352561],[37.3020629389,-1.7568167745],[37.3003155554,-1.7668255869],[37.2945511674,-1.7818636798],[37.2937137168,-1.7818628995],[37.293711699,-1.7840536296],[37.2871092612,-1.8012771629],[37.2667579328,-1.8475741489]],[[37.2531600156,-1.8088262178],[37.2593628264,-1.8063579578],[37.2614641541,-1.7951645661],[37.2603972676,-1.7935966782],[37.2604083456,-1.7818315547],[37.2554806843,-1.7818268647],[37.2544380978,-1.7754407514],[37.2512851611,-1.7628436125],[37.2448781753,-1.759600068],[37.2356859406,-1.7668590565],[37.232395598,-1.7867296682],[37.2291125145,-1.8038698745],[37.2325172512,-1.8132693196],[37.2444271279,-1.8151773746],[37.2531600156,-1.8088262178]]]}},{"type":"Feature","properties":{"country":"Kenya","country_code":"KEN","species_name":"Eucalyptus_grandis","genus":"Eucalyptus","species":"grandis","suitability_name":"Marginally suitable","suitability_rank":3,"source_layer":"KCFP_SSMT_Kenya","tz":null,"soil_description":null},"geometry":{"type":"Polygon","coordinates":[[[37.3271500193,-1.6310792767],[37.3231197353,-1.6310759011],[37.3246948687,-1.6302007305],[37.3264680944,-1.6269380141],[37.3271533491,-1.6270433669],[37.3271500193,-1.6310792767]]]}},{"type":"Feature","properties":{"country":"Kenya","country_code":"KEN","species_name":"Eucalyptus_grandis","genus":"Eucalyptus","species":"grandis","suitability_name":"Marginally suitable","suitability_rank":3,"source_layer":"KCFP_SSMT_Kenya","tz":null,"soil_description":null},"geometry":{"type":"Polygon","coordinates":[[[37.3188310638,-1.6226937471],[37.3188241261,-1.6310722944],[37.3231197353,-1.6310759011],[37.3157342348,-1.6351793719],[37.3048053653,-1.6226819671],[37.3188310638,-1.6226937471]]]}},{"type":"Feature","properties":{"country":"Kenya","country_code":"KEN","species_name":"Eucalyptus_grandis","genus":"Eucalyptus","species":"grandis","suitability_name":"Marginally suitable","suitability_rank":3,"source_layer":"KCFP_SSMT_Kenya","tz":null,"soil_description":null},"geometry":{"type":"Polygon","coordinates":[[[37.277257861,-1.5556315534],[37.2855832711,-1.5556383779],[37.2855764879,-1.5640167856],[37.2772510449,-1.5640099234],[37.277257861,-1.5556315534]]]}},{"type":"Feature","properties":{"country":"Kenya","country_code":"KEN","species_name":"Eucalyptus_grandis","genus":"Eucalyptus","species":"grandis","suitability_name":"Marginally suitable","suitability_rank":3,"source_layer":"KCFP_SSMT_Kenya","tz":null,"soil_description":null},"geometry":{"type":"Polygon","coordinates":[[[37.3272042725,-1.5473055639],[37.3194376621,-1.5472993851],[37.3272091991,-1.5410043535],[37.3272042725,-1.5473055639]]]}},{"type":"Feature","properties":{"country":"Kenya","country_code":"KEN","species_name":"Eucalyptus_grandis","genus":"Eucalyptus","species":"grandis","suitability_name":"Marginally suitable","suitability_rank":3,"source_layer":"KCFP_SSMT_Kenya","tz":null,"soil_description":null},"geometry":{"type":"Polygon","coordinates":[[[37.3355363497,-1.5389335605],[37.3297712677,-1.5389290248],[37.3355399704,-1.5342562163],[37.3355363497,-1.5389335605]]]}},{"type":"Feature","properties":{"country":"Kenya","country_code":"KEN","species_name":"Eucalyptus_grandis","genus":"Eucalyptus","species":"grandis","suitability_name":"Marginally suitable","suitability_rank":3,"source_layer":"KCFP_SSMT_Kenya","tz":null,"soil_description":null},"geometry":{"type":"Polygon","coordinates":[[[37.3189988906,-1.4048512821],[37.3189928828,-1.4132298462],[37.3273179413,-1.4132358965],[37.3273058784,-1.4299930953],[37.3356310333,-1.4299991852],[37.3356249787,-1.4383778198],[37.3439501984,-1.4383839158],[37.3439441306,-1.4467751304],[37.343936955,-1.4383964838],[37.3356117677,-1.4383903877],[37.3356178224,-1.4300117857],[37.3272926998,-1.4300056957],[37.327304762,-1.4132485603],[37.3189797359,-1.4132425108],[37.3189857438,-1.4048639785],[37.3106607823,-1.404857936],[37.3106798892,-1.3964794476],[37.3106738967,-1.4048452378],[37.3189988906,-1.4048512821]]]}},{"type":"Feature","properties":{"country":"Kenya","country_code":"KEN","species_name":"Eucalyptus_grandis","genus":"Eucalyptus","species":"grandis","suitability_name":"Marginally suitable","suitability_rank":3,"source_layer":"KCFP_SSMT_Kenya","tz":null,"soil_description":null},"geometry":{"type":"Polygon","coordinates":[[[37.3023903984,-1.3461897014],[37.3023845839,-1.3545681975],[37.3107093673,-1.3545740542],[37.3107035453,-1.3629525868],[37.3190283933,-1.362958449],[37.3190166986,-1.3797155845],[37.3356666164,-1.379727367],[37.3356607751,-1.3881060045],[37.3439858168,-1.3881118873],[37.3439740754,-1.4048819394],[37.343972574,-1.3881246501],[37.3273225898,-1.3881128538],[37.3273284612,-1.3797342838],[37.3106786795,-1.3797224425],[37.3106727497,-1.3881009415],[37.3189976514,-1.388106912],[37.3189917159,-1.3964854455],[37.3106798892,-1.3964794476],[37.2857052225,-1.3964485094],[37.2857112763,-1.3880700885],[37.2690617335,-1.3880578818],[37.2690678082,-1.379679534],[37.2607431207,-1.379673423],[37.2607491894,-1.3712951117],[37.2440999844,-1.3712828768],[37.2441044488,-1.3651433438],[37.2602623436,-1.3676295088],[37.2604608397,-1.3622313391],[37.2593893715,-1.3579576661],[37.2481901741,-1.3508513081],[37.2470754165,-1.3412337631],[37.2399837475,-1.3377590976],[37.2338481949,-1.324681969],[37.2246803306,-1.3253147986],[37.2363689702,-1.2958732798],[37.2524777668,-1.2958845183],[37.2524720045,-1.3042627977],[37.2607964004,-1.3042686013],[37.2607906285,-1.3126469174],[37.2633182827,-1.3126486857],[37.2719196479,-1.3126546838],[37.2787893135,-1.3183300645],[37.2805892833,-1.3281802756],[37.2839761033,-1.3410101077],[37.2940661829,-1.3454597459],[37.2940656796,-1.3461838533],[37.3023903984,-1.3461897014]],[[37.2441476458,-1.3042569655],[37.2441359543,-1.3210134467],[37.2524374398,-1.3210193376],[37.2524603684,-1.3210193539],[37.2524603943,-1.3209823226],[37.2524720045,-1.3042627977],[37.2441476458,-1.3042569655]],[[37.2524426354,-1.3461541841],[37.2564392525,-1.3461570639],[37.2690917435,-1.3461661375],[37.2691034898,-1.3294094361],[37.2524544946,-1.3293976315],[37.2524539189,-1.3302158691],[37.2524426354,-1.3461541841]]]}},{"type":"Feature","properties":{"country":"Kenya","country_code":"KEN","species_name":"Eucalyptus_grandis","genus":"Eucalyptus","species":"grandis","suitability_name":"Marginally suitable","suitability_rank":3,"source_layer":"KCFP_SSMT_Kenya","tz":null,"soil_description":null},"geometry":{"type":"Polygon","coordinates":[[[37.310800052,-1.1953818212],[37.3191374655,-1.1953869714],[37.3191323515,-1.2037655509],[37.3193364832,-1.2037656776],[37.319333049,-1.2037791555],[37.3191192066,-1.2037790228],[37.3191243206,-1.1954004759],[37.310800052,-1.1953818212]]]}},{"type":"Feature","properties":{"country":"Kenya","country_code":"KEN","species_name":"Eucalyptus_grandis","genus":"Eucalyptus","species":"grandis","suitability_name":"Marginally suitable","suitability_rank":3,"source_layer":"KCFP_SSMT_Kenya","tz":null,"soil_description":null},"geometry":{"type":"Polygon","coordinates":[[[37.3024940058,-1.1870116992],[37.3072386767,-1.187014627],[37.3108051472,-1.1870168223],[37.310800052,-1.1953818212],[37.3102700807,-1.195381493],[37.3024888847,-1.195376661],[37.3024940058,-1.1870116992]]]}},{"type":"Feature","properties":{"country":"Kenya","country_code":"KEN","species_name":"Eucalyptus_grandis","genus":"Eucalyptus","species":"grandis","suitability_name":"Marginally suitable","suitability_rank":3,"source_layer":"KCFP_SSMT_Kenya","tz":null,"soil_description":null},"geometry":{"type":"Polygon","coordinates":[[[37.344110658,-1.1953099774],[37.3362228603,-1.1899577744],[37.3357893585,-1.1901201194],[37.3357899239,-1.1891781844],[37.3357912165,-1.1870185277],[37.3441156065,-1.1870235581],[37.344110658,-1.1953099774]]]}},{"type":"Feature","properties":{"country":"Kenya","country_code":"KEN","species_name":"Eucalyptus_grandis","genus":"Eucalyptus","species":"grandis","suitability_name":"Marginally suitable","suitability_rank":3,"source_layer":"KCFP_SSMT_Kenya","tz":null,"soil_description":null},"geometry":{"type":"Polygon","coordinates":[[[37.3005197311,-1.1534829203],[37.3108383148,-1.1534891049],[37.3108333542,-1.161867651],[37.3025091821,-1.1618626285],[37.3025034799,-1.1713745926],[37.3024991065,-1.1786196458],[37.3041974417,-1.1786206883],[37.310823328,-1.1786247408],[37.3108182605,-1.1870032853],[37.3072337676,-1.1870010789],[37.3024940058,-1.1870116992],[37.30249045,-1.1713051395],[37.3025010855,-1.1534977842],[37.3005201633,-1.1534965949],[37.2941900464,-1.1534927822],[37.2941900545,-1.1534791088],[37.3005197311,-1.1534829203]]]}},{"type":"Feature","properties":{"country":"Kenya","country_code":"KEN","species_name":"Eucalyptus_grandis","genus":"Eucalyptus","species":"grandis","suitability_name":"Marginally suitable","suitability_rank":3,"source_layer":"KCFP_SSMT_Kenya","tz":null,"soil_description":null},"geometry":{"type":"Polygon","coordinates":[[[37.2692077358,-1.1702206547],[37.2692090719,-1.1680395083],[37.2807406057,-1.1659809593],[37.2827777451,-1.1618506247],[37.2858609453,-1.1618525096],[37.2858558759,-1.170230946],[37.2692077358,-1.1702206547]]]}},{"type":"Feature","properties":{"country":"Kenya","country_code":"KEN","species_name":"Eucalyptus_grandis","genus":"Eucalyptus","species":"grandis","suitability_name":"Marginally suitable","suitability_rank":3,"source_layer":"KCFP_SSMT_Kenya","tz":null,"soil_description":null},"geometry":{"type":"Polygon","coordinates":[[[37.2941850451,-1.1618575814],[37.2858609453,-1.1618525096],[37.2858659691,-1.1534877469],[37.2941900464,-1.1534927822],[37.2941850451,-1.1618575814]]]}},{"type":"Feature","properties":{"country":"Kenya","country_code":"KEN","species_name":"Eucalyptus_grandis","genus":"Eucalyptus","species":"grandis","suitability_name":"Marginally suitable","suitability_rank":3,"source_layer":"KCFP_SSMT_Kenya","tz":null,"soil_description":null},"geometry":{"type":"Polygon","coordinates":[[[37.2858759347,-1.1367171982],[37.2941999618,-1.1367221603],[37.2941900545,-1.1534791088],[37.2858659691,-1.1534877469],[37.2858678426,-1.1283525231],[37.2775439064,-1.1283475736],[37.2775536916,-1.1115908339],[37.2692298402,-1.1115859335],[37.2692476448,-1.1032076083],[37.2692427928,-1.1115721069],[37.2775666757,-1.1115770064],[37.2775618015,-1.1199554091],[37.2858857446,-1.1199603218],[37.2858759347,-1.1367171982]]]}},{"type":"Feature","properties":{"country":"Kenya","country_code":"KEN","species_name":"Eucalyptus_grandis","genus":"Eucalyptus","species":"grandis","suitability_name":"Marginally suitable","suitability_rank":3,"source_layer":"KCFP_SSMT_Kenya","tz":null,"soil_description":null},"geometry":{"type":"Polygon","coordinates":[[[37.2692476529,-1.1031937416],[37.2775585373,-1.1031985957],[37.2775585293,-1.1032124634],[37.2692476448,-1.1032076083],[37.2692476529,-1.1031937416]]]}},{"type":"Feature","properties":{"country":"Kenya","country_code":"KEN","species_name":"Eucalyptus_grandis","genus":"Eucalyptus","species":"grandis","suitability_name":"Marginally suitable","suitability_rank":3,"source_layer":"KCFP_SSMT_Kenya","tz":null,"soil_description":null},"geometry":{"type":"Polygon","coordinates":[[[37.2984574959,-1.103210701],[37.294219343,-1.1032082581],[37.2942206984,-1.1008263888],[37.2983940558,-1.102722537],[37.2984574959,-1.103210701]]]}},{"type":"Feature","properties":{"country":"Kenya","country_code":"KEN","species_name":"Eucalyptus_grandis","genus":"Eucalyptus","species":"grandis","suitability_name":"Marginally suitable","suitability_rank":3,"source_layer":"KCFP_SSMT_Kenya","tz":null,"soil_description":null},"geometry":{"type":"Polygon","coordinates":[[[37.2775585373,-1.1031985957],[37.2775639617,-1.0937290953],[37.2784969261,-1.0936823266],[37.2858989246,-1.0970454144],[37.2858954095,-1.1032034424],[37.2775585373,-1.1031985957]]]}},{"type":"Feature","properties":{"country":"Kenya","country_code":"KEN","species_name":"Eucalyptus_grandis","genus":"Eucalyptus","species":"grandis","suitability_name":"Marginally suitable","suitability_rank":3,"source_layer":"KCFP_SSMT_Kenya","tz":null,"soil_description":null},"geometry":{"type":"Polygon","coordinates":[[[37.2343681575,-1.0899072998],[37.2482707059,-1.0870923536],[37.2496738884,-1.0864395811],[37.2609205677,-1.0864461202],[37.2609235575,-1.0812060896],[37.2676610215,-1.0780716877],[37.2692490635,-1.0780725969],[37.2692443128,-1.0864509311],[37.2775680957,-1.0864557207],[37.2775639617,-1.0937290953],[37.26221981,-1.0944982357],[37.2374366508,-1.1032668871],[37.2156282996,-1.1039563081],[37.2065064706,-1.1051379554],[37.2026548554,-1.1085658737],[37.2026581116,-1.1031539974],[37.2109816727,-1.1031590482],[37.210986659,-1.094780945],[37.219310235,-1.0947859323],[37.2193128752,-1.0903028493],[37.2343681575,-1.0899072998]]]}},{"type":"Feature","properties":{"country":"Kenya","country_code":"KEN","species_name":"Eucalyptus_grandis","genus":"Eucalyptus","species":"grandis","suitability_name":"Marginally suitable","suitability_rank":3,"source_layer":"KCFP_SSMT_Kenya","tz":null,"soil_description":null},"geometry":{"type":"Polygon","coordinates":[[[37.294233499,-1.0780728265],[37.2942288169,-1.0864513045],[37.3025527396,-1.086456024],[37.3025491729,-1.0928263999],[37.2995824118,-1.0906043176],[37.2835814017,-1.079761754],[37.2732892371,-1.0780609417],[37.294233499,-1.0780728265]]]}},{"type":"Feature","properties":{"country":"Kenya","country_code":"KEN","species_name":"Eucalyptus_grandis","genus":"Eucalyptus","species":"grandis","suitability_name":"Marginally suitable","suitability_rank":3,"source_layer":"KCFP_SSMT_Kenya","tz":null,"soil_description":null},"geometry":{"type":"Polygon","coordinates":[[[37.2496738884,-1.0864395811],[37.2359495549,-1.0864315455],[37.2359543968,-1.0780533608],[37.2609253412,-1.0780678222],[37.2609235575,-1.0812060896],[37.2496738884,-1.0864395811]]]}},{"type":"Feature","properties":{"country":"Kenya","country_code":"KEN","species_name":"Eucalyptus_grandis","genus":"Eucalyptus","species":"grandis","suitability_name":"Marginally suitable","suitability_rank":3,"source_layer":"KCFP_SSMT_Kenya","tz":null,"soil_description":null},"geometry":{"type":"Polygon","coordinates":[[[37.3025573989,-1.0780775105],[37.302562022,-1.0696989947],[37.3108859363,-1.0697036196],[37.3108813357,-1.0780821698],[37.3025573989,-1.0780775105]]]}},{"type":"Feature","properties":{"country":"Kenya","country_code":"KEN","species_name":"Eucalyptus_grandis","genus":"Eucalyptus","species":"grandis","suitability_name":"Marginally suitable","suitability_rank":3,"source_layer":"KCFP_SSMT_Kenya","tz":null,"soil_description":null},"geometry":{"type":"Polygon","coordinates":[[[37.2609382611,-1.0780538653],[37.2676909997,-1.0780577414],[37.2676610215,-1.0780716877],[37.2609253412,-1.0780678222],[37.2609429896,-1.0696895311],[37.2609382611,-1.0780538653]]]}},{"type":"Feature","properties":{"country":"Kenya","country_code":"KEN","species_name":"Eucalyptus_grandis","genus":"Eucalyptus","species":"grandis","suitability_name":"Marginally suitable","suitability_rank":3,"source_layer":"KCFP_SSMT_Kenya","tz":null,"soil_description":null},"geometry":{"type":"Polygon","coordinates":[[[37.2692537782,-1.0696942613],[37.2609429896,-1.0696895311],[37.2609429966,-1.0696755351],[37.2692537851,-1.0696802653],[37.2692537782,-1.0696942613]]]}},{"type":"Feature","properties":{"country":"Kenya","country_code":"KEN","species_name":"Eucalyptus_grandis","genus":"Eucalyptus","species":"grandis","suitability_name":"Marginally suitable","suitability_rank":3,"source_layer":"KCFP_SSMT_Kenya","tz":null,"soil_description":null},"geometry":{"type":"Polygon","coordinates":[[[37.3108909194,-1.0605535702],[37.3119611065,-1.0613256564],[37.3108905009,-1.061325068],[37.3108909194,-1.0605535702]]]}},{"type":"Feature","properties":{"country":"Kenya","country_code":"KEN","species_name":"Eucalyptus_grandis","genus":"Eucalyptus","species":"grandis","suitability_name":"Marginally suitable","suitability_rank":3,"source_layer":"KCFP_SSMT_Kenya","tz":null,"soil_description":null},"geometry":{"type":"Polygon","coordinates":[[[37.3025666091,-1.0613204802],[37.302562022,-1.0696989947],[37.2692537851,-1.0696802653],[37.2692584543,-1.0613159252],[37.2859059189,-1.0613252586],[37.285928082,-1.0445684439],[37.2859235296,-1.0529327952],[37.2942473276,-1.0529373905],[37.2942427543,-1.0613158699],[37.3025666091,-1.0613204802]]]}},{"type":"Feature","properties":{"country":"Kenya","country_code":"KEN","species_name":"Eucalyptus_grandis","genus":"Eucalyptus","species":"grandis","suitability_name":"Marginally suitable","suitability_rank":3,"source_layer":"KCFP_SSMT_Kenya","tz":null,"soil_description":null},"geometry":{"type":"Polygon","coordinates":[[[37.2942473276,-1.0529373905],[37.294251857,-1.0445730036],[37.2968376516,-1.0445744156],[37.3028665104,-1.0529421272],[37.2942473276,-1.0529373905]]]}},{"type":"Feature","properties":{"country":"Kenya","country_code":"KEN","species_name":"Eucalyptus_grandis","genus":"Eucalyptus","species":"grandis","suitability_name":"Marginally suitable","suitability_rank":3,"source_layer":"KCFP_SSMT_Kenya","tz":null,"soil_description":null},"geometry":{"type":"Polygon","coordinates":[[[37.2942518637,-1.0445589106],[37.294251857,-1.0445730036],[37.285928082,-1.0445684439],[37.2942518637,-1.0445589106]]]}},{"type":"Feature","properties":{"country":"Kenya","country_code":"KEN","species_name":"Eucalyptus_grandis","genus":"Eucalyptus","species":"grandis","suitability_name":"Marginally suitable","suitability_rank":3,"source_layer":"KCFP_SSMT_Kenya","tz":null,"soil_description":null},"geometry":{"type":"Polygon","coordinates":[[[37.3023110284,-1.0350299645],[37.3114905893,-1.0445823772],[37.2968376516,-1.0445744156],[37.2917634718,-1.0367983535],[37.2884439473,-1.0197474661],[37.286586164,-1.0101759966],[37.3023110284,-1.0350299645]]]}},{"type":"Feature","properties":{"country":"Kenya","country_code":"KEN","species_name":"Eucalyptus_grandis","genus":"Eucalyptus","species":"grandis","suitability_name":"Marginally suitable","suitability_rank":3,"source_layer":"KCFP_SSMT_Kenya","tz":null,"soil_description":null},"geometry":{"type":"Polygon","coordinates":[[[37.3131759821,-1.009019141],[37.312277039,-1.0026901544],[37.3192320799,-1.0026937568],[37.3192277878,-1.0110723141],[37.3275515868,-1.0110766426],[37.3275353452,-1.0423244402],[37.3227135219,-1.032410297],[37.3151954523,-1.0204676614],[37.3131759821,-1.009019141]]]}},{"type":"Feature","properties":{"country":"Kenya","country_code":"KEN","species_name":"Eucalyptus_grandis","genus":"Eucalyptus","species":"grandis","suitability_name":"Marginally suitable","suitability_rank":3,"source_layer":"KCFP_SSMT_Kenya","tz":null,"soil_description":null},"geometry":{"type":"Polygon","coordinates":[[[37.3303558941,-1.0098085134],[37.3221429692,-1.001522676],[37.3109141536,-0.9912766175],[37.3109168548,-0.9859323971],[37.3057525845,-0.9859297554],[37.3025951563,-0.982038353],[37.302597416,-0.9775496479],[37.3109210604,-0.9775538735],[37.310925231,-0.9691753504],[37.3026016061,-0.9691711601],[37.3026098783,-0.9524141833],[37.2976921791,-0.9524117415],[37.2978588785,-0.9498128405],[37.3014784932,-0.9356421377],[37.3026310847,-0.9356426984],[37.3026229571,-0.9523997422],[37.3192702236,-0.9524079557],[37.3192742664,-0.9440293617],[37.3275979329,-0.9440334032],[37.3275898545,-0.9607906615],[37.3346157461,-0.9607941167],[37.3349125943,-0.9615896243],[37.3359129356,-0.9621600055],[37.3359012727,-0.9859307451],[37.3442251128,-0.9859349232],[37.3442125335,-1.0110710175],[37.3525364711,-1.0110752806],[37.3525279528,-1.0278327449],[37.3442039704,-1.0278284111],[37.3441913876,-1.0519701635],[37.3355276159,-1.0368355925],[37.3303558941,-1.0098085134]],[[37.3192578836,-0.9775437341],[37.319266146,-0.9607865492],[37.3109424751,-0.9607824165],[37.3109341718,-0.9775395302],[37.3192578836,-0.9775437341]],[[37.3192494792,-0.9943009171],[37.3275732684,-0.9943051738],[37.3275816321,-0.9775479181],[37.3192578836,-0.9775437341],[37.3192494792,-0.9943009171]],[[37.3275690331,-1.0026838001],[37.3358928798,-1.0026880704],[37.3358970939,-0.9943094076],[37.3275732684,-0.9943051738],[37.3275690331,-1.0026838001]]]}},{"type":"Feature","properties":{"country":"Kenya","country_code":"KEN","species_name":"Eucalyptus_grandis","genus":"Eucalyptus","species":"grandis","suitability_name":"Marginally suitable","suitability_rank":3,"source_layer":"KCFP_SSMT_Kenya","tz":null,"soil_description":null},"geometry":{"type":"Polygon","coordinates":[[[37.3106173996,-0.9910058353],[37.3109141536,-0.9912766175],[37.3109132344,-0.993088566],[37.3106173996,-0.9910058353]]]}},{"type":"Feature","properties":{"country":"Kenya","country_code":"KEN","species_name":"Eucalyptus_grandis","genus":"Eucalyptus","species":"grandis","suitability_name":"Marginally suitable","suitability_rank":3,"source_layer":"KCFP_SSMT_Kenya","tz":null,"soil_description":null},"geometry":{"type":"Polygon","coordinates":[[[37.2942863309,-0.9524100462],[37.2976921791,-0.9524117415],[37.296545939,-0.9702804082],[37.2930022741,-0.9601073422],[37.2864632598,-0.944027719],[37.2942904329,-0.9440315944],[37.2942863309,-0.9524100462]]]}},{"type":"Feature","properties":{"country":"Kenya","country_code":"KEN","species_name":"Eucalyptus_grandis","genus":"Eucalyptus","species":"grandis","suitability_name":"Marginally suitable","suitability_rank":3,"source_layer":"KCFP_SSMT_Kenya","tz":null,"soil_description":null},"geometry":{"type":"Polygon","coordinates":[[[37.3276129685,-0.9120284538],[37.3276136649,-0.9105188807],[37.3279563442,-0.9105190407],[37.3276129685,-0.9120284538]]]}},{"type":"Feature","properties":{"country":"Kenya","country_code":"KEN","species_name":"Eucalyptus_grandis","genus":"Eucalyptus","species":"grandis","suitability_name":"Marginally suitable","suitability_rank":3,"source_layer":"KCFP_SSMT_Kenya","tz":null,"soil_description":null},"geometry":{"type":"Polygon","coordinates":[[[37.2498987173,-0.9208357497],[37.2384779256,-0.9147991608],[37.2220256952,-0.9075805654],[37.2200345049,-0.8958449021],[37.2209295968,-0.8883733],[37.2243267163,-0.8602148936],[37.2360671231,-0.8602203768],[37.2360593518,-0.8769767694],[37.2407114058,-0.8769789747],[37.2452525727,-0.8930066071],[37.2516321762,-0.8972038802],[37.2537923655,-0.8937416976],[37.2577870179,-0.8937436067],[37.2580618211,-0.8951636387],[37.2610200132,-0.8958465285],[37.2610130458,-0.9105017649],[37.2693363488,-0.9105057982],[37.2693335382,-0.9163793276],[37.2574713361,-0.9192748844],[37.2517755957,-0.92794056],[37.2498987173,-0.9208357497]]]}},{"type":"Feature","properties":{"country":"Kenya","country_code":"KEN","species_name":"Eucalyptus_grandis","genus":"Eucalyptus","species":"grandis","suitability_name":"Marginally suitable","suitability_rank":3,"source_layer":"KCFP_SSMT_Kenya","tz":null,"soil_description":null},"geometry":{"type":"Polygon","coordinates":[[[37.2943606559,-0.8183397966],[37.2943605492,-0.81859226],[37.2940517765,-0.8183396653],[37.2943606559,-0.8183397966]]]}},{"type":"Feature","properties":{"country":"Kenya","country_code":"KEN","species_name":"Eucalyptus_grandis","genus":"Eucalyptus","species":"grandis","suitability_name":"Marginally suitable","suitability_rank":3,"source_layer":"KCFP_SSMT_Kenya","tz":null,"soil_description":null},"geometry":{"type":"Polygon","coordinates":[[[37.335980855,-0.8099787253],[37.3276574479,-0.8099752758],[37.3276608663,-0.8015966393],[37.3307643453,-0.8015979142],[37.3359822461,-0.8065615004],[37.335980855,-0.8099787253]]]}},{"type":"Feature","properties":{"country":"Kenya","country_code":"KEN","species_name":"Eucalyptus_grandis","genus":"Eucalyptus","species":"grandis","suitability_name":"Marginally suitable","suitability_rank":3,"source_layer":"KCFP_SSMT_Kenya","tz":null,"soil_description":null},"geometry":{"type":"Polygon","coordinates":[[[37.2943759814,-0.7812239857],[37.2959437096,-0.7801657813],[37.3108082562,-0.7830350246],[37.3127821365,-0.784833347],[37.3110209882,-0.7848326304],[37.3110176076,-0.7932111966],[37.2943711123,-0.7932043225],[37.2943759814,-0.7812239857]]]}},{"type":"Feature","properties":{"country":"Kenya","country_code":"KEN","species_name":"Eucalyptus_grandis","genus":"Eucalyptus","species":"grandis","suitability_name":"Marginally suitable","suitability_rank":3,"source_layer":"KCFP_SSMT_Kenya","tz":null,"soil_description":null},"geometry":{"type":"Polygon","coordinates":[[[37.344454565,0.2373578526],[37.3444545664,0.2373388259],[37.344455544,0.2289791299],[37.3368415034,0.2289782425],[37.336132861,0.2289781597],[37.3361318762,0.2373568477],[37.3415257757,0.2373575001],[37.3444413348,0.2373578519],[37.344454565,0.2373578526]]]}},{"type":"Feature","properties":{"country":"Kenya","country_code":"KEN","species_name":"Eucalyptus_grandis","genus":"Eucalyptus","species":"grandis","suitability_name":"Marginally suitable","suitability_rank":3,"source_layer":"KCFP_SSMT_Kenya","tz":null,"soil_description":null},"geometry":{"type":"Polygon","coordinates":[[[37.2196082598,0.3043676111],[37.219609615,0.2959894388],[37.2279318312,0.295990781],[37.2279331425,0.2876125724],[37.2196109334,0.2876112682],[37.2196122121,0.2792330966],[37.2112900459,0.2792318244],[37.211286076,0.3043662235],[37.2196082598,0.3043676111]]]}},{"type":"Feature","properties":{"country":"Kenya","country_code":"KEN","species_name":"Eucalyptus_grandis","genus":"Eucalyptus","species":"grandis","suitability_name":"Marginally suitable","suitability_rank":3,"source_layer":"KCFP_SSMT_Kenya","tz":null,"soil_description":null},"geometry":{"type":"Polygon","coordinates":[[[37.3191027608,1.2511425619],[37.3190973942,1.2595440672],[37.3274087672,1.25954945],[37.3274087827,1.2595264889],[37.3274219521,1.2595264965],[37.327427263,1.2511708477],[37.3357518135,1.2511761766],[37.3357438755,1.2427975203],[37.3191080624,1.2427869158],[37.3191027608,1.2511425619]]]}},{"type":"Feature","properties":{"country":"Kenya","country_code":"KEN","species_name":"Eucalyptus_grandis","genus":"Eucalyptus","species":"grandis","suitability_name":"Marginally suitable","suitability_rank":3,"source_layer":"KCFP_SSMT_Kenya","tz":null,"soil_description":null},"geometry":{"type":"Polygon","coordinates":[[[37.2608097766,1.2846405342],[37.2691341454,1.284646224],[37.2691489402,1.2427544357],[37.2608376488,1.24274894],[37.2608266112,1.2595055792],[37.2441781456,1.259494342],[37.2441837358,1.2511160979],[37.2358595862,1.2511104769],[37.2358426384,1.2762220703],[37.2358426236,1.2762450954],[37.244154005,1.2762508215],[37.2441668531,1.2762508303],[37.2441554271,1.2929842259],[37.2524797332,1.2930130973],[37.2524739836,1.301391376],[37.26079837,1.3013971677],[37.2608097766,1.2846405342]]]}},{"type":"Feature","properties":{"country":"Kenya","country_code":"KEN","species_name":"Eucalyptus_grandis","genus":"Eucalyptus","species":"grandis","suitability_name":"Marginally suitable","suitability_rank":3,"source_layer":"KCFP_SSMT_Kenya","tz":null,"soil_description":null},"geometry":{"type":"Polygon","coordinates":[[[37.2691170617,1.3097812861],[37.2691170767,1.3097581303],[37.2691227925,1.3014029327],[37.26079837,1.3013971677],[37.2607926108,1.309775484],[37.2691041171,1.3097812771],[37.2691170617,1.3097812861]]]}},{"type":"Feature","properties":{"country":"Kenya","country_code":"KEN","species_name":"Eucalyptus_grandis","genus":"Eucalyptus","species":"grandis","suitability_name":"Marginally suitable","suitability_rank":3,"source_layer":"KCFP_SSMT_Kenya","tz":null,"soil_description":null},"geometry":{"type":"Polygon","coordinates":[[[37.2440521251,1.435437345],[37.2440392631,1.4521938059],[37.2523512535,1.4522002908],[37.260689044,1.4522067639],[37.2606888695,1.4354501427],[37.2440521251,1.435437345]]]}},{"type":"Feature","properties":{"country":"Kenya","country_code":"KEN","species_name":"Eucalyptus_grandis","genus":"Eucalyptus","species":"grandis","suitability_name":"Marginally suitable","suitability_rank":3,"source_layer":"KCFP_SSMT_Kenya","tz":null,"soil_description":null},"geometry":{"type":"Polygon","coordinates":[[[37.2188433127,1.7118954308],[37.2188305584,1.7118954197],[37.2021918403,1.7118797926],[37.2021840375,1.7202330762],[37.2021761735,1.7286110619],[37.2188277686,1.7286516204],[37.2188277908,1.728626853],[37.2188355592,1.7202735255],[37.2354744373,1.7202890841],[37.2354872565,1.7202890951],[37.2354872783,1.7202643618],[37.2355101864,1.6951545818],[37.2438231337,1.695162188],[37.2438359834,1.6951621988],[37.2438360065,1.6951375622],[37.2438510116,1.6784057778],[37.2355252867,1.6783982361],[37.23553278,1.6700200626],[37.227207127,1.6700125222],[37.2271920319,1.6867687946],[37.2188663468,1.6867611437],[37.218851051,1.7034926664],[37.2188433364,1.7118707294],[37.2188433127,1.7118954308]]]}},{"type":"Feature","properties":{"country":"Kenya","country_code":"KEN","species_name":"Eucalyptus_grandis","genus":"Eucalyptus","species":"grandis","suitability_name":"Marginally suitable","suitability_rank":3,"source_layer":"KCFP_SSMT_Kenya","tz":null,"soil_description":null},"geometry":{"type":"Polygon","coordinates":[[[37.4256870003,-2.9047576826],[37.4256985807,-2.8963858021],[37.4173515277,-2.8963671499],[37.4090315703,-2.8963554404],[37.4090432383,-2.8879836589],[37.4006963784,-2.8879648862],[37.3923764871,-2.8879530872],[37.3923882438,-2.8795814054],[37.3923748132,-2.8795743559],[37.375721751,-2.8795506258],[37.3757336037,-2.8711719816],[37.3674004646,-2.8711600492],[37.3674123451,-2.8627814386],[37.3507462928,-2.862757463],[37.3507582583,-2.8543789204],[37.3340924685,-2.8543547717],[37.3341045192,-2.8459763007],[37.3257585559,-2.8459641523],[37.3257706199,-2.8375929052],[37.317451117,-2.8375807707],[37.3091053589,-2.8375613456],[37.3091175077,-2.8291902026],[37.3007980716,-2.829177984],[37.3007980821,-2.8291707603],[37.3174632258,-2.8291951759],[37.3174752891,-2.820816771],[37.3508057682,-2.8208647384],[37.3508175473,-2.8124934784],[37.3591368855,-2.8125052665],[37.3591368966,-2.8124979784],[37.3758156085,-2.8125214308],[37.3758271847,-2.8041427764],[37.4091581668,-2.8041887906],[37.4091694718,-2.7958099964],[37.4425007607,-2.7958549227],[37.4425117958,-2.7874759923],[37.4591638268,-2.7874980147],[37.4591638163,-2.7875054008],[37.4675104246,-2.7875163502],[37.4674995769,-2.7958879937],[37.4758188205,-2.7958988806],[37.4758079802,-2.8042852627],[37.4924741406,-2.8043069593],[37.492463395,-2.8126860505],[37.500796582,-2.8126968426],[37.5007858646,-2.8210759657],[37.5257857983,-2.8211080752],[37.5257752271,-2.8294872935],[37.5591091507,-2.829529393],[37.5590987876,-2.837908734],[37.5733713803,-2.8379265179],[37.5840997337,-2.8379397691],[37.5841099171,-2.8295603363],[37.5924435667,-2.8295705305],[37.5924536602,-2.8211910663],[37.60078728,-2.8212011703],[37.6007772462,-2.8295806646],[37.6174446948,-2.8296007514],[37.6174347509,-2.8379803049],[37.6257685794,-2.8379902872],[37.6257387513,-2.8631290271],[37.6340727899,-2.863139038],[37.6340628491,-2.8715186445],[37.650731135,-2.8715385419],[37.6507114093,-2.8882978674],[37.6590457173,-2.8883077822],[37.6590358724,-2.8966874718],[37.6673702702,-2.8966973538],[37.667360458,-2.9050770708],[37.6756949455,-2.9050869198],[37.6756851664,-2.913466664],[37.6840197437,-2.9134764794],[37.6839805927,-2.9469955564],[37.6756457667,-2.9469856278],[37.6756258971,-2.9637451029],[37.6672909753,-2.9637350538],[37.6672809353,-2.9721147605],[37.6756159199,-2.9721248371],[37.6756059144,-2.9805045709],[37.6672708669,-2.9804944659],[37.66726077,-2.9888741699],[37.6620792223,-2.9888678383],[37.6589256878,-2.9888639729],[37.6589155072,-2.997237067],[37.650594828,-2.9972267965],[37.650615302,-2.9804674394],[37.642280309,-2.9804571444],[37.6422908737,-2.9718250831],[37.6423007942,-2.9636978409],[37.6339659559,-2.9636875409],[37.6339762167,-2.9553079159],[37.6256414701,-2.9552975823],[37.6256334549,-2.9618043588],[37.6256311458,-2.9636771779],[37.6172963651,-2.963666751],[37.6173033276,-2.9580524521],[37.6173067519,-2.9552871858],[37.614771209,-2.9552840106],[37.5672990715,-2.9552234882],[37.5672666932,-2.9803616388],[37.5505973333,-2.9803397186],[37.5506082815,-2.9719603987],[37.5339391713,-2.9719382876],[37.533950215,-2.9635590279],[37.525615769,-2.9635479092],[37.525626835,-2.9551754202],[37.5172785704,-2.9551575109],[37.5089581726,-2.9551463167],[37.5089693318,-2.9467739234],[37.5089554499,-2.9467671307],[37.5006351147,-2.9467559057],[37.5006463042,-2.9383835748],[37.4922983565,-2.9383654773],[37.4839780827,-2.9383541586],[37.483989364,-2.9299819234],[37.483975579,-2.9299750675],[37.475655368,-2.9299637199],[37.4756666787,-2.9215915476],[37.467332778,-2.921573282],[37.4673190487,-2.9215732631],[37.4589988999,-2.921561824],[37.4590103003,-2.9131897485],[37.4506628619,-2.9131713405],[37.4423427775,-2.9131598105],[37.4423542687,-2.9047878327],[37.4340070214,-2.9047693026],[37.4256870003,-2.9047576826]]]}},{"type":"Feature","properties":{"country":"Kenya","country_code":"KEN","species_name":"Eucalyptus_grandis","genus":"Eucalyptus","species":"grandis","suitability_name":"Marginally suitable","suitability_rank":3,"source_layer":"KCFP_SSMT_Kenya","tz":null,"soil_description":null},"geometry":{"type":"Polygon","coordinates":[[[37.4016813733,-2.0668523038],[37.4016761718,-2.0720458622],[37.3960875755,-2.0668466295],[37.4016813733,-2.0668523038]]]}},{"type":"Feature","properties":{"country":"Kenya","country_code":"KEN","species_name":"Eucalyptus_grandis","genus":"Eucalyptus","species":"grandis","suitability_name":"Marginally suitable","suitability_rank":3,"source_layer":"KCFP_SSMT_Kenya","tz":null,"soil_description":null},"geometry":{"type":"Polygon","coordinates":[[[37.3683906445,-2.0584293628],[37.3683991375,-2.0500608684],[37.3850418657,-2.0500778431],[37.3850353528,-2.0565643486],[37.3835070417,-2.0551424967],[37.372731053,-2.0539241304],[37.3723369878,-2.0584334192],[37.3683906445,-2.0584293628]]]}},{"type":"Feature","properties":{"country":"Kenya","country_code":"KEN","species_name":"Eucalyptus_grandis","genus":"Eucalyptus","species":"grandis","suitability_name":"Marginally suitable","suitability_rank":3,"source_layer":"KCFP_SSMT_Kenya","tz":null,"soil_description":null},"geometry":{"type":"Polygon","coordinates":[[[37.4768183814,-1.8825746359],[37.4768118917,-1.8900360374],[37.4745005777,-1.8889885974],[37.4728678473,-1.8825711582],[37.4768183814,-1.8825746359]]]}},{"type":"Feature","properties":{"country":"Kenya","country_code":"KEN","species_name":"Eucalyptus_grandis","genus":"Eucalyptus","species":"grandis","suitability_name":"Marginally suitable","suitability_rank":3,"source_layer":"KCFP_SSMT_Kenya","tz":null,"soil_description":null},"geometry":{"type":"Polygon","coordinates":[[[37.5435018479,-1.8072170115],[37.5434884308,-1.8239758838],[37.548902017,-1.823980284],[37.545535255,-1.8323569979],[37.5351540363,-1.832348487],[37.5351472115,-1.8407278903],[37.5298557694,-1.8407235089],[37.5320009261,-1.838809752],[37.5290646317,-1.8282680199],[37.5268318055,-1.8257496372],[37.5252459259,-1.8239609352],[37.5185119189,-1.8163656794],[37.5184980206,-1.8163500034],[37.5184986419,-1.8155871405],[37.5178211659,-1.8155865809],[37.510376723,-1.8071899813],[37.5098938425,-1.8066453366],[37.4892768371,-1.8017051894],[37.4679729104,-1.8006461909],[37.4519172192,-1.7876842474],[37.4519035751,-1.7876732312],[37.4519083086,-1.7820147698],[37.446324449,-1.7820100391],[37.4463159767,-1.7819987768],[37.4435979435,-1.7783853728],[37.443584336,-1.7783672843],[37.4435883024,-1.7736286882],[37.4400176548,-1.7736256632],[37.4400091574,-1.7736143674],[37.4385140418,-1.7716267272],[37.4269382302,-1.7691052298],[37.4269414861,-1.7652355654],[37.4186281617,-1.7652284701],[37.4186146363,-1.7652284585],[37.418614645,-1.7652171384],[37.4186217009,-1.756849537],[37.4062866671,-1.7568389905],[37.4046788727,-1.7496732329],[37.40894327,-1.74846238],[37.4103019889,-1.7484635382],[37.4103023137,-1.7480764831],[37.4267012501,-1.743419944],[37.4311046703,-1.7310905524],[37.4457509312,-1.7369097109],[37.458567711,-1.7436294984],[37.478031071,-1.7469540632],[37.4917545716,-1.7543642355],[37.504549647,-1.7630960777],[37.5079897933,-1.7654538772],[37.5274878387,-1.7623735415],[37.5343452197,-1.7667657598],[37.5371229354,-1.773694174],[37.5268735958,-1.7736859933],[37.5268802075,-1.7653066151],[37.5102256936,-1.7652932636],[37.5101987538,-1.7988105172],[37.5351810237,-1.7988308676],[37.5351743245,-1.8072102741],[37.5435018479,-1.8072170115]]]}},{"type":"Feature","properties":{"country":"Kenya","country_code":"KEN","species_name":"Eucalyptus_grandis","genus":"Eucalyptus","species":"grandis","suitability_name":"Marginally suitable","suitability_rank":3,"source_layer":"KCFP_SSMT_Kenya","tz":null,"soil_description":null},"geometry":{"type":"Polygon","coordinates":[[[37.368793443,-1.5975533805],[37.3688065493,-1.5808531198],[37.3521681814,-1.5808398973],[37.3604940231,-1.5808345014],[37.3605005799,-1.5724557731],[37.3688264138,-1.5724623373],[37.3688393568,-1.5557048068],[37.3771651594,-1.5557112681],[37.3771587372,-1.5640900685],[37.3854846072,-1.5640965313],[37.3854717275,-1.5808541985],[37.4354280592,-1.5808926864],[37.4354343157,-1.5725136496],[37.4437604565,-1.5725199125],[37.4437728056,-1.555761769],[37.4520989117,-1.5557679329],[37.4521050038,-1.5473888265],[37.4937358647,-1.5474189874],[37.4937299363,-1.5557982572],[37.4687512243,-1.5557801617],[37.4687451651,-1.5641593334],[37.485397673,-1.5641714944],[37.4853925428,-1.5713083249],[37.4582928031,-1.5754890394],[37.4431464212,-1.5820224189],[37.4295931492,-1.5897121006],[37.4119226104,-1.5953233795],[37.41042511,-1.595449095],[37.4104298482,-1.5892645163],[37.4021038091,-1.5892580507],[37.4020984997,-1.5961480925],[37.3841859839,-1.5976516761],[37.368793443,-1.5975533805]],[[37.3771457911,-1.5808476663],[37.3771392672,-1.5892264647],[37.3854652361,-1.5892330314],[37.3854717275,-1.5808541985],[37.3771457911,-1.5808476663]],[[37.4520927875,-1.5641470378],[37.4520866295,-1.5725261438],[37.4687390733,-1.5725385035],[37.4687451651,-1.5641593334],[37.4520927875,-1.5641470378]]]}},{"type":"Feature","properties":{"country":"Kenya","country_code":"KEN","species_name":"Eucalyptus_grandis","genus":"Eucalyptus","species":"grandis","suitability_name":"Marginally suitable","suitability_rank":3,"source_layer":"KCFP_SSMT_Kenya","tz":null,"soil_description":null},"geometry":{"type":"Polygon","coordinates":[[[37.3854973496,-1.5473388605],[37.3938231883,-1.5473452212],[37.3938294754,-1.5389663512],[37.4021553148,-1.5389726448],[37.4021490603,-1.5473515491],[37.418800907,-1.5473641072],[37.4187946849,-1.5557430789],[37.4354467317,-1.555755572],[37.4354405408,-1.5641346111],[37.3854846072,-1.5640965313],[37.3854973496,-1.5473388605]]]}},{"type":"Feature","properties":{"country":"Kenya","country_code":"KEN","species_name":"Eucalyptus_grandis","genus":"Eucalyptus","species":"grandis","suitability_name":"Marginally suitable","suitability_rank":3,"source_layer":"KCFP_SSMT_Kenya","tz":null,"soil_description":null},"geometry":{"type":"Polygon","coordinates":[[[37.3522230832,-1.4918962289],[37.3522316919,-1.4802834882],[37.352236322,-1.4919329708],[37.3522230832,-1.4918962289]]]}},{"type":"Feature","properties":{"country":"Kenya","country_code":"KEN","species_name":"Eucalyptus_grandis","genus":"Eucalyptus","species":"grandis","suitability_name":"Marginally suitable","suitability_rank":3,"source_layer":"KCFP_SSMT_Kenya","tz":null,"soil_description":null},"geometry":{"type":"Polygon","coordinates":[[[37.3522378613,-1.471904786],[37.3522316919,-1.4802834882],[37.3472140167,-1.4802797298],[37.3445136793,-1.474410901],[37.3439243248,-1.4738269309],[37.3439257487,-1.471898589],[37.3522378613,-1.471904786]]]}},{"type":"Feature","properties":{"country":"Kenya","country_code":"KEN","species_name":"Eucalyptus_grandis","genus":"Eucalyptus","species":"grandis","suitability_name":"Marginally suitable","suitability_rank":3,"source_layer":"KCFP_SSMT_Kenya","tz":null,"soil_description":null},"geometry":{"type":"Polygon","coordinates":[[[37.3522378613,-1.471904786],[37.3522439857,-1.4635385641],[37.3439186713,-1.4635323934],[37.3439380349,-1.4551537667],[37.343931914,-1.4635199224],[37.3522572625,-1.4635260939],[37.3522378613,-1.471904786]]]}},{"type":"Feature","properties":{"country":"Kenya","country_code":"KEN","species_name":"Eucalyptus_grandis","genus":"Eucalyptus","species":"grandis","suitability_name":"Marginally suitable","suitability_rank":3,"source_layer":"KCFP_SSMT_Kenya","tz":null,"soil_description":null},"geometry":{"type":"Polygon","coordinates":[[[37.468827029,-1.4468508723],[37.4938045047,-1.4468677002],[37.4937877772,-1.4720055309],[37.4771359093,-1.4719941486],[37.4771472175,-1.4552357254],[37.4688213934,-1.4552300526],[37.468827029,-1.4468508723]]]}},{"type":"Feature","properties":{"country":"Kenya","country_code":"KEN","species_name":"Eucalyptus_grandis","genus":"Eucalyptus","species":"grandis","suitability_name":"Marginally suitable","suitability_rank":3,"source_layer":"KCFP_SSMT_Kenya","tz":null,"soil_description":null},"geometry":{"type":"Polygon","coordinates":[[[37.418861288,-1.4635743464],[37.3938845202,-1.4635564853],[37.3938904664,-1.4551776077],[37.3855649752,-1.455171626],[37.3855768253,-1.4384139378],[37.3938888268,-1.438419842],[37.3938829409,-1.4468112653],[37.3956368916,-1.4468125143],[37.3975424738,-1.4595783582],[37.4032689659,-1.4602977085],[37.4122240759,-1.4546440362],[37.4106333653,-1.4468231388],[37.4183654382,-1.4468285764],[37.4188727865,-1.447065943],[37.41886714,-1.4551953674],[37.4271927669,-1.4552012246],[37.4271810882,-1.4719592522],[37.4188554013,-1.4719533257],[37.418861288,-1.4635743464]]]}},{"type":"Feature","properties":{"country":"Kenya","country_code":"KEN","species_name":"Eucalyptus_grandis","genus":"Eucalyptus","species":"grandis","suitability_name":"Marginally suitable","suitability_rank":3,"source_layer":"KCFP_SSMT_Kenya","tz":null,"soil_description":null},"geometry":{"type":"Polygon","coordinates":[[[37.3522500859,-1.4551598932],[37.3439380349,-1.4551537667],[37.3439441306,-1.4467751304],[37.3522561502,-1.4467812216],[37.3522500859,-1.4551598932]]]}},{"type":"Feature","properties":{"country":"Kenya","country_code":"KEN","species_name":"Eucalyptus_grandis","genus":"Eucalyptus","species":"grandis","suitability_name":"Marginally suitable","suitability_rank":3,"source_layer":"KCFP_SSMT_Kenya","tz":null,"soil_description":null},"geometry":{"type":"Polygon","coordinates":[[[37.4289964015,-1.446284275],[37.4283513094,-1.4346172532],[37.4209308551,-1.4216808479],[37.4355412581,-1.4216908584],[37.4355299084,-1.4384489564],[37.4521812039,-1.4384603849],[37.452169844,-1.4552186145],[37.4438441173,-1.4552128491],[37.4438498447,-1.4468337687],[37.4279843545,-1.4468227594],[37.4289964015,-1.446284275]]]}},{"type":"Feature","properties":{"country":"Kenya","country_code":"KEN","species_name":"Eucalyptus_grandis","genus":"Eucalyptus","species":"grandis","suitability_name":"Marginally suitable","suitability_rank":3,"source_layer":"KCFP_SSMT_Kenya","tz":null,"soil_description":null},"geometry":{"type":"Polygon","coordinates":[[[37.3938911336,-1.4351177056],[37.393904498,-1.4352072322],[37.3938888268,-1.438419842],[37.3938911336,-1.4351177056]]]}},{"type":"Feature","properties":{"country":"Kenya","country_code":"KEN","species_name":"Eucalyptus_grandis","genus":"Eucalyptus","species":"grandis","suitability_name":"Marginally suitable","suitability_rank":3,"source_layer":"KCFP_SSMT_Kenya","tz":null,"soil_description":null},"geometry":{"type":"Polygon","coordinates":[[[37.3933459505,-1.4300531865],[37.3855692951,-1.4300476937],[37.3855943327,-1.4132900771],[37.3855826984,-1.4300350936],[37.3933447147,-1.4300405751],[37.3933459505,-1.4300531865]]]}},{"type":"Feature","properties":{"country":"Kenya","country_code":"KEN","species_name":"Eucalyptus_grandis","genus":"Eucalyptus","species":"grandis","suitability_name":"Marginally suitable","suitability_rank":3,"source_layer":"KCFP_SSMT_Kenya","tz":null,"soil_description":null},"geometry":{"type":"Polygon","coordinates":[[[37.3606243911,-1.4048810516],[37.3689495969,-1.4048869152],[37.3689437665,-1.4132656936],[37.3772690367,-1.413271563],[37.3772632033,-1.4216503739],[37.3606126378,-1.4216385352],[37.3606243911,-1.4048810516]]]}},{"type":"Feature","properties":{"country":"Kenya","country_code":"KEN","species_name":"Eucalyptus_grandis","genus":"Eucalyptus","species":"grandis","suitability_name":"Marginally suitable","suitability_rank":3,"source_layer":"KCFP_SSMT_Kenya","tz":null,"soil_description":null},"geometry":{"type":"Polygon","coordinates":[[[37.3918264253,-1.4132944278],[37.3855943327,-1.4132900771],[37.3856001028,-1.4049112618],[37.3930572033,-1.4049164359],[37.3918264253,-1.4132944278]]]}},{"type":"Feature","properties":{"country":"Kenya","country_code":"KEN","species_name":"Eucalyptus_grandis","genus":"Eucalyptus","species":"grandis","suitability_name":"Marginally suitable","suitability_rank":3,"source_layer":"KCFP_SSMT_Kenya","tz":null,"soil_description":null},"geometry":{"type":"Polygon","coordinates":[[[37.3522992113,-1.4048878644],[37.3606110843,-1.4048937484],[37.3606052241,-1.4132724583],[37.3522800648,-1.4132538544],[37.3522933313,-1.4132538639],[37.3522992113,-1.4048878644]]]}},{"type":"Feature","properties":{"country":"Kenya","country_code":"KEN","species_name":"Eucalyptus_grandis","genus":"Eucalyptus","species":"grandis","suitability_name":"Marginally suitable","suitability_rank":3,"source_layer":"KCFP_SSMT_Kenya","tz":null,"soil_description":null},"geometry":{"type":"Polygon","coordinates":[[[37.3522859457,-1.4048878541],[37.3522800648,-1.4132538544],[37.3439681666,-1.4132479044],[37.3439740754,-1.4048819394],[37.3522859457,-1.4048878541]]]}},{"type":"Feature","properties":{"country":"Kenya","country_code":"KEN","species_name":"Eucalyptus_grandis","genus":"Eucalyptus","species":"grandis","suitability_name":"Marginally suitable","suitability_rank":3,"source_layer":"KCFP_SSMT_Kenya","tz":null,"soil_description":null},"geometry":{"type":"Polygon","coordinates":[[[37.4189071689,-1.396542492],[37.4188930468,-1.4175138255],[37.4105673053,-1.3980125985],[37.4105703693,-1.3934487993],[37.4105839044,-1.3933836482],[37.410581788,-1.3965368413],[37.4189071689,-1.396542492]]]}},{"type":"Feature","properties":{"country":"Kenya","country_code":"KEN","species_name":"Eucalyptus_grandis","genus":"Eucalyptus","species":"grandis","suitability_name":"Marginally suitable","suitability_rank":3,"source_layer":"KCFP_SSMT_Kenya","tz":null,"soil_description":null},"geometry":{"type":"Polygon","coordinates":[[[37.3856001115,-1.4048985555],[37.3856001028,-1.4049112618],[37.3855867076,-1.4049112525],[37.3855867163,-1.4048985462],[37.3856001115,-1.4048985555]]]}},{"type":"Feature","properties":{"country":"Kenya","country_code":"KEN","species_name":"Eucalyptus_grandis","genus":"Eucalyptus","species":"grandis","suitability_name":"Marginally suitable","suitability_rank":3,"source_layer":"KCFP_SSMT_Kenya","tz":null,"soil_description":null},"geometry":{"type":"Polygon","coordinates":[[[37.3523050652,-1.396509188],[37.3522992113,-1.4048878644],[37.3522859457,-1.4048878541],[37.3523050652,-1.396509188]]]}},{"type":"Feature","properties":{"country":"Kenya","country_code":"KEN","species_name":"Eucalyptus_grandis","genus":"Eucalyptus","species":"grandis","suitability_name":"Marginally suitable","suitability_rank":3,"source_layer":"KCFP_SSMT_Kenya","tz":null,"soil_description":null},"geometry":{"type":"Polygon","coordinates":[[[37.3855981448,-1.3881536218],[37.3855867163,-1.4048985462],[37.3772748374,-1.4048927498],[37.3772863237,-1.3881478955],[37.3855981448,-1.3881536218]]]}},{"type":"Feature","properties":{"country":"Kenya","country_code":"KEN","species_name":"Eucalyptus_grandis","genus":"Eucalyptus","species":"grandis","suitability_name":"Marginally suitable","suitability_rank":3,"source_layer":"KCFP_SSMT_Kenya","tz":null,"soil_description":null},"geometry":{"type":"Polygon","coordinates":[[[37.3689420517,-1.3965208674],[37.3523050652,-1.396509188],[37.3523050741,-1.3964964494],[37.3689420604,-1.3965081286],[37.3689420517,-1.3965208674]]]}},{"type":"Feature","properties":{"country":"Kenya","country_code":"KEN","species_name":"Eucalyptus_grandis","genus":"Eucalyptus","species":"grandis","suitability_name":"Marginally suitable","suitability_rank":3,"source_layer":"KCFP_SSMT_Kenya","tz":null,"soil_description":null},"geometry":{"type":"Polygon","coordinates":[[[37.3689478118,-1.3881421212],[37.368961143,-1.3881421304],[37.3689553908,-1.3965081388],[37.3689420604,-1.3965081286],[37.3689478118,-1.3881421212]]]}},{"type":"Feature","properties":{"country":"Kenya","country_code":"KEN","species_name":"Eucalyptus_grandis","genus":"Eucalyptus","species":"grandis","suitability_name":"Marginally suitable","suitability_rank":3,"source_layer":"KCFP_SSMT_Kenya","tz":null,"soil_description":null},"geometry":{"type":"Polygon","coordinates":[[[37.3772863237,-1.3881478955],[37.368961143,-1.3881421304],[37.3772863324,-1.388135125],[37.3772863237,-1.3881478955]]]}},{"type":"Feature","properties":{"country":"Kenya","country_code":"KEN","species_name":"Eucalyptus_grandis","genus":"Eucalyptus","species":"grandis","suitability_name":"Marginally suitable","suitability_rank":3,"source_layer":"KCFP_SSMT_Kenya","tz":null,"soil_description":null},"geometry":{"type":"Polygon","coordinates":[[[37.4022787981,-1.3630283569],[37.4022542247,-1.3797861197],[37.4105794808,-1.3797917336],[37.4105703693,-1.3934487993],[37.4099316071,-1.3965236217],[37.4105673053,-1.3980125985],[37.4105512461,-1.4216863228],[37.4188766847,-1.4216920753],[37.4188594283,-1.4468289238],[37.4183654382,-1.4468285764],[37.4145589346,-1.4450476803],[37.4106241734,-1.4467779461],[37.4097513943,-1.4425036873],[37.404514206,-1.433547056],[37.4038519955,-1.4266766632],[37.4073154592,-1.4205278314],[37.4046013602,-1.4099867192],[37.4021550989,-1.3925828738],[37.3961969327,-1.390489784],[37.3909411264,-1.393874748],[37.3850340421,-1.3737186001],[37.3821003921,-1.3613456144],[37.3683343854,-1.3662879976],[37.3603033748,-1.3678446502],[37.3451919066,-1.3636272236],[37.3305917692,-1.34683445],[37.3258523019,-1.3285094696],[37.3300190428,-1.3177790355],[37.3385345426,-1.3081109472],[37.3423188952,-1.3104406269],[37.3471998925,-1.3127059094],[37.352022611,-1.3149441381],[37.3523602192,-1.3149463927],[37.3685285764,-1.3150543147],[37.3709189368,-1.3085028531],[37.386774438,-1.3364403649],[37.3986977838,-1.3346890475],[37.4022942037,-1.3394554555],[37.4022897859,-1.34625765],[37.4074268013,-1.3462610327],[37.4105986269,-1.3506452414],[37.4105905477,-1.3630210253],[37.4022787981,-1.3630283569]],[[37.368990522,-1.3445929214],[37.3609437753,-1.3378512758],[37.3606701605,-1.3376220388],[37.3576816253,-1.3351182081],[37.3533623611,-1.3252534238],[37.344029667,-1.3235975958],[37.3396010678,-1.3285970447],[37.3372794331,-1.3349865727],[37.344149241,-1.3382279259],[37.3519105073,-1.3465158198],[37.3559977384,-1.3540905845],[37.3637688103,-1.3596300464],[37.3715831959,-1.3564748654],[37.372510291,-1.353275899],[37.3711553669,-1.346406647],[37.368990522,-1.3445929214]]]}},{"type":"Feature","properties":{"country":"Kenya","country_code":"KEN","species_name":"Eucalyptus_grandis","genus":"Eucalyptus","species":"grandis","suitability_name":"Marginally suitable","suitability_rank":3,"source_layer":"KCFP_SSMT_Kenya","tz":null,"soil_description":null},"geometry":{"type":"Polygon","coordinates":[[[37.4106334163,-1.2960025088],[37.4023218999,-1.2959972453],[37.4023084506,-1.2959841107],[37.4023136772,-1.2876183452],[37.3975310142,-1.2876153245],[37.3965977308,-1.2843562687],[37.3940054511,-1.2823923261],[37.3939920305,-1.2823821588],[37.3939939988,-1.2792210309],[37.3939991853,-1.2708553636],[37.3856743599,-1.2708501398],[37.3856846973,-1.2540924902],[37.3788510554,-1.2540882388],[37.3788497328,-1.2540749501],[37.3856980998,-1.2540792107],[37.3856877616,-1.2708369255],[37.3940126195,-1.2708421492],[37.3940074249,-1.2792210402],[37.4023323437,-1.2792262703],[37.4023219082,-1.2959841192],[37.4106469153,-1.2959893912],[37.410641674,-1.3043683489],[37.4189667415,-1.3043736273],[37.4189562137,-1.3211316088],[37.4272813703,-1.3211369261],[37.4272600222,-1.3546530159],[37.4215671637,-1.3546492892],[37.4231691069,-1.3476586935],[37.4229781108,-1.3462841394],[37.427251846,-1.346286918],[37.4272625211,-1.3295289378],[37.4206493084,-1.3295246896],[37.4204961831,-1.3284227323],[37.4189391865,-1.3266612963],[37.4189479642,-1.3127656708],[37.4106229079,-1.3127472964],[37.410628184,-1.3043683403],[37.4106334163,-1.2960025088]]]}},{"type":"Feature","properties":{"country":"Kenya","country_code":"KEN","species_name":"Eucalyptus_grandis","genus":"Eucalyptus","species":"grandis","suitability_name":"Marginally suitable","suitability_rank":3,"source_layer":"KCFP_SSMT_Kenya","tz":null,"soil_description":null},"geometry":{"type":"Polygon","coordinates":[[[37.36075455,-1.2037910571],[37.3607516435,-1.2086484668],[37.3607383528,-1.2086364995],[37.360741245,-1.2038045303],[37.3553688945,-1.2038012738],[37.3553539138,-1.2037877836],[37.36075455,-1.2037910571]]]}},{"type":"Feature","properties":{"country":"Kenya","country_code":"KEN","species_name":"Eucalyptus_grandis","genus":"Eucalyptus","species":"grandis","suitability_name":"Marginally suitable","suitability_rank":3,"source_layer":"KCFP_SSMT_Kenya","tz":null,"soil_description":null},"geometry":{"type":"Polygon","coordinates":[[[37.352435053,-1.1954072857],[37.3524316173,-1.2011562396],[37.35241836,-1.2011443004],[37.3524217796,-1.1954207905],[37.3442666922,-1.1954158527],[37.3442467592,-1.1954023279],[37.352435053,-1.1954072857]]]}},{"type":"Feature","properties":{"country":"Kenya","country_code":"KEN","species_name":"Eucalyptus_grandis","genus":"Eucalyptus","species":"grandis","suitability_name":"Marginally suitable","suitability_rank":3,"source_layer":"KCFP_SSMT_Kenya","tz":null,"soil_description":null},"geometry":{"type":"Polygon","coordinates":[[[37.3775194703,-0.960829317],[37.3858433916,-0.9608332857],[37.3858394401,-0.9692121281],[37.3629900083,-0.969201088],[37.3644958283,-0.9577862347],[37.3745983768,-0.9537170809],[37.3775242165,-0.9507177931],[37.3775194703,-0.960829317]]]}},{"type":"Feature","properties":{"country":"Kenya","country_code":"KEN","species_name":"Eucalyptus_grandis","genus":"Eucalyptus","species":"grandis","suitability_name":"Marginally suitable","suitability_rank":3,"source_layer":"KCFP_SSMT_Kenya","tz":null,"soil_description":null},"geometry":{"type":"Polygon","coordinates":[[[37.3696269039,0.2709223323],[37.3738633209,0.2624979085],[37.3694197377,0.2624973259],[37.3694186518,0.2707433253],[37.3696269039,0.2709223323]]]}},{"type":"Feature","properties":{"country":"Kenya","country_code":"KEN","species_name":"Eucalyptus_grandis","genus":"Eucalyptus","species":"grandis","suitability_name":"Marginally suitable","suitability_rank":3,"source_layer":"KCFP_SSMT_Kenya","tz":null,"soil_description":null},"geometry":{"type":"Polygon","coordinates":[[[37.4534435907,0.2856032171],[37.4552183071,0.2937671879],[37.4534693285,0.2960055082],[37.4859245506,0.2960100177],[37.4859241448,0.2989865318],[37.4931044083,0.2902190472],[37.494248625,0.2902214201],[37.4942489651,0.2876318601],[37.5025722929,0.2876329627],[37.5025733668,0.2792728217],[37.4609707633,0.279267411],[37.460971501,0.2735376119],[37.4609718369,0.2708882106],[37.4576049021,0.2708877796],[37.4443254983,0.2708860694],[37.4443244131,0.2792652046],[37.4312752208,0.2792634583],[37.4359862179,0.2902986232],[37.4359865837,0.2876239703],[37.4404260627,0.287624582],[37.446242441,0.2828681814],[37.4534435907,0.2856032171]]]}},{"type":"Feature","properties":{"country":"Kenya","country_code":"KEN","species_name":"Eucalyptus_grandis","genus":"Eucalyptus","species":"grandis","suitability_name":"Marginally suitable","suitability_rank":3,"source_layer":"KCFP_SSMT_Kenya","tz":null,"soil_description":null},"geometry":{"type":"Polygon","coordinates":[[[37.420788359,0.2792620444],[37.4193551371,0.2792618504],[37.4193559134,0.2733892436],[37.418336537,0.2692099963],[37.4193565682,0.2683354575],[37.4193573096,0.2625037822],[37.4110342957,0.2625027191],[37.4110321126,0.2792607205],[37.4090085483,0.2792604449],[37.4146542799,0.2873359923],[37.420991696,0.2800957017],[37.420788359,0.2792620444]]]}},{"type":"Feature","properties":{"country":"Kenya","country_code":"KEN","species_name":"Eucalyptus_grandis","genus":"Eucalyptus","species":"grandis","suitability_name":"Marginally suitable","suitability_rank":3,"source_layer":"KCFP_SSMT_Kenya","tz":null,"soil_description":null},"geometry":{"type":"Polygon","coordinates":[[[37.360882404,0.9663140881],[37.3608743109,0.9830497294],[37.3691982383,0.9830757308],[37.369194154,0.9914545352],[37.3775047867,0.9914586449],[37.3775047974,0.991436715],[37.3775181582,0.9914367216],[37.377522211,0.9830798132],[37.3858328242,0.9830838682],[37.3858328356,0.9830619698],[37.3858462269,0.9830619763],[37.3858502247,0.9747050013],[37.394160821,0.974709001],[37.4274571248,0.9747029528],[37.4274648318,0.9579449262],[37.4357889484,0.9579487627],[37.4358001998,0.9328116195],[37.4274761439,0.9328078846],[37.4274798378,0.9244505426],[37.4108453521,0.9244430878],[37.4108490611,0.9160641077],[37.4025251116,0.9160603806],[37.4025176316,0.9327965672],[37.3775458619,0.9328067703],[37.3775381264,0.9495426837],[37.3775381153,0.9495644526],[37.3775247556,0.9495644463],[37.3692142241,0.9495605094],[37.3692063001,0.9663181205],[37.360882404,0.9663140881]],[[37.4025061301,0.9579551056],[37.4025022421,0.9663122152],[37.4025022319,0.9663340495],[37.3858542081,0.9663042924],[37.3858581366,0.9579472513],[37.4025061301,0.9579551056]],[[37.4191521099,0.9328258351],[37.4191656315,0.9328258412],[37.4191618846,0.9411831166],[37.4108378328,0.941201045],[37.4108416093,0.9328220666],[37.4191521099,0.9328258351]]]}},{"type":"Feature","properties":{"country":"Kenya","country_code":"KEN","species_name":"Eucalyptus_grandis","genus":"Eucalyptus","species":"grandis","suitability_name":"Marginally suitable","suitability_rank":3,"source_layer":"KCFP_SSMT_Kenya","tz":null,"soil_description":null},"geometry":{"type":"Polygon","coordinates":[[[37.344242761,0.9495485589],[37.3608770727,0.9495565398],[37.3608903685,0.949556547],[37.3608848978,0.932798997],[37.3520692485,0.932794852],[37.3488077931,0.9344571151],[37.3442455863,0.9435930915],[37.344242761,0.9495485589]]]}},{"type":"Feature","properties":{"country":"Kenya","country_code":"KEN","species_name":"Eucalyptus_grandis","genus":"Eucalyptus","species":"grandis","suitability_name":"Marginally suitable","suitability_rank":3,"source_layer":"KCFP_SSMT_Kenya","tz":null,"soil_description":null},"geometry":{"type":"Polygon","coordinates":[[[37.3441465184,1.1338798641],[37.3524707884,1.1338846452],[37.352475508,1.1255059189],[37.3441512619,1.1255011732],[37.344155971,1.1171224826],[37.3358317846,1.1171177485],[37.3358174931,1.1422312039],[37.344141738,1.1422585546],[37.3441417518,1.1422360436],[37.3441465184,1.1338798641]]]}},{"type":"Feature","properties":{"country":"Kenya","country_code":"KEN","species_name":"Eucalyptus_grandis","genus":"Eucalyptus","species":"grandis","suitability_name":"Marginally suitable","suitability_rank":3,"source_layer":"KCFP_SSMT_Kenya","tz":null,"soil_description":null},"geometry":{"type":"Polygon","coordinates":[[[37.3857359908,1.1673963701],[37.3857407395,1.1590401146],[37.3774296519,1.1590353337],[37.3774248778,1.1673915547],[37.3857359908,1.1673963701]]]}},{"type":"Feature","properties":{"country":"Kenya","country_code":"KEN","species_name":"Eucalyptus_grandis","genus":"Eucalyptus","species":"grandis","suitability_name":"Marginally suitable","suitability_rank":3,"source_layer":"KCFP_SSMT_Kenya","tz":null,"soil_description":null},"geometry":{"type":"Polygon","coordinates":[[[37.8259681288,-2.6706068277],[37.825976082,-2.6622186962],[37.8176427868,-2.6622106909],[37.8176507552,-2.6538383229],[37.8254663919,-2.6538458099],[37.8259688864,-2.6538462886],[37.8259767821,-2.6454660259],[37.8219995276,-2.6454622362],[37.8176587059,-2.6454580845],[37.817643638,-2.6454501356],[37.8176449721,-2.644041412],[37.821300041,-2.642736109],[37.8159609406,-2.6218736616],[37.7973225991,-2.5714354673],[37.7927221298,-2.5637367],[37.7927241016,-2.5616321895],[37.7914638527,-2.5616309942],[37.7844027142,-2.5498142179],[37.7844073561,-2.5448639716],[37.7814430291,-2.5448611592],[37.7790787437,-2.5409044894],[37.7782726951,-2.5093286468],[37.7762652817,-2.5029555571],[37.7927784085,-2.5029709461],[37.792793693,-2.4862105821],[37.8094578078,-2.4862257965],[37.8094502828,-2.4946060318],[37.8177824305,-2.4946135856],[37.8177749338,-2.5029938433],[37.8261071596,-2.5030013703],[37.8260996907,-2.5113816531],[37.8344319945,-2.51138915],[37.834417088,-2.5281497624],[37.842749524,-2.5281572566],[37.842742087,-2.5365375861],[37.8510745995,-2.5365450521],[37.8510523028,-2.5616861078],[37.8593850014,-2.5616935926],[37.8593775741,-2.5700739659],[37.8677103531,-2.5700814206],[37.8677029549,-2.5784618189],[37.8760358125,-2.5784692431],[37.8760210539,-2.5952300819],[37.8843540439,-2.5952375002],[37.8843393004,-2.6119983824],[37.8926724242,-2.6120057923],[37.8926576971,-2.6287667184],[37.9009909554,-2.62877412],[37.9009836116,-2.6371546059],[37.9093169481,-2.637161975],[37.9093096367,-2.6455424823],[37.9176430532,-2.6455498177],[37.9176284728,-2.6623108754],[37.9259620255,-2.6623182026],[37.925954757,-2.6706987528],[37.9342883872,-2.6707060454],[37.9342738947,-2.6874671872],[37.9426076618,-2.6874744694],[37.9425931989,-2.7042279433],[37.9342748435,-2.7042206303],[37.9342821465,-2.6958400292],[37.9259483137,-2.695832668],[37.9259629652,-2.6790715092],[37.9176292681,-2.6790641368],[37.917636616,-2.6706835783],[37.9093029994,-2.6706761722],[37.9093103797,-2.6622956358],[37.8926433284,-2.6622807004],[37.8926656683,-2.6371392272],[37.8843323456,-2.6371317452],[37.8843398015,-2.6287512759],[37.8760065583,-2.6287437618],[37.876014044,-2.6203633154],[37.8676808812,-2.6203557704],[37.8677108082,-2.5868340672],[37.8593778896,-2.5868265639],[37.8593853655,-2.5784461594],[37.8510525241,-2.5784386257],[37.851060031,-2.5700582454],[37.8343945333,-2.5700430631],[37.8344021233,-2.5616627313],[37.8260694655,-2.5616550823],[37.8260997917,-2.5281338415],[37.817767374,-2.5281262408],[37.8177749463,-2.5197459519],[37.8094426081,-2.5197383229],[37.8094502074,-2.5113580592],[37.8011179469,-2.5113504013],[37.8011026078,-2.5281192621],[37.8010949024,-2.5364994654],[37.8010794252,-2.5532515798],[37.8093969105,-2.5532593516],[37.8094042261,-2.5616396237],[37.8177368327,-2.5616473798],[37.8177058802,-2.5951766307],[37.8176980884,-2.6035487796],[37.8260158868,-2.6035565942],[37.8260232247,-2.6119369094],[37.8426892204,-2.6119524515],[37.8426660873,-2.6371014656],[37.8426427466,-2.662234537],[37.859294274,-2.6622501373],[37.8593095109,-2.6622501506],[37.8593095036,-2.6622580209],[37.8593017915,-2.6706305436],[37.8676199981,-2.6706382762],[37.8676275785,-2.6790187066],[37.8759611344,-2.6790264206],[37.875945794,-2.6957950389],[37.8759380985,-2.7041677339],[37.8842565153,-2.7041754488],[37.884271849,-2.704175463],[37.884271842,-2.7041831714],[37.8842641788,-2.7125559226],[37.892582645,-2.712563603],[37.8925903755,-2.7209440994],[37.9092582166,-2.7209670096],[37.9092506784,-2.7293398916],[37.9175692335,-2.7293474475],[37.9175846954,-2.7293474615],[37.9175846895,-2.7293550742],[37.9175620972,-2.7544891078],[37.9258963112,-2.754496688],[37.925881247,-2.7712578255],[37.9342156008,-2.771265393],[37.9342454037,-2.7377430216],[37.9425795474,-2.7377504383],[37.9426014818,-2.7126162565],[37.9509198855,-2.7126235346],[37.9509053947,-2.7293847562],[37.9592394931,-2.7293920351],[37.959217765,-2.7545339256],[37.9675520596,-2.7545412122],[37.9675448305,-2.7629218631],[37.9758792045,-2.762929114],[37.9758720128,-2.7713097848],[37.9842064681,-2.7713169989],[37.9841993186,-2.7796902711],[37.9592114655,-2.7796683999],[37.9591893367,-2.8048103656],[37.9675240155,-2.8048177862],[37.9675166551,-2.8131984606],[37.9758514152,-2.8132058437],[37.9758440915,-2.8215865398],[37.984178934,-2.8215938848],[37.9842078542,-2.7880783942],[37.9925267285,-2.7880855782],[37.9924980396,-2.8216084145],[37.9841632078,-2.8216011293],[37.9841559218,-2.8299818134],[37.975821051,-2.8299744464],[37.9758283967,-2.8215937841],[37.9591744658,-2.8215789278],[37.9591744722,-2.8215716696],[37.9591588487,-2.8215716556],[37.9591662862,-2.8131982945],[37.9508471928,-2.8131908058],[37.9508471993,-2.8131835151],[37.9508316083,-2.813183501],[37.9508390811,-2.8048101928],[37.9425200378,-2.8048026678],[37.9425200444,-2.8047953454],[37.942504486,-2.8047953313],[37.9425119955,-2.796422076],[37.9258584719,-2.7964068779],[37.925866091,-2.788018959],[37.9258505967,-2.7880189438],[37.9258581787,-2.7796457978],[37.917539285,-2.7796381615],[37.9175392909,-2.7796307433],[37.9175238292,-2.779630729],[37.9175314468,-2.7712576365],[37.9091971723,-2.7712499511],[37.9092048321,-2.7628694615],[37.9014182431,-2.7628622488],[37.9008860369,-2.7628617549],[37.9008706454,-2.7628542573],[37.9008713117,-2.7621306485],[37.9008783342,-2.7544812723],[37.8977056111,-2.7544783266],[37.8958100084,-2.7486360375],[37.884224614,-2.7388660499],[37.8842256884,-2.7377048584],[37.8828461407,-2.737703568],[37.8775024107,-2.7331971079],[37.868260024,-2.7109825147],[37.8675819287,-2.7118849559],[37.8675968566,-2.6957872622],[37.8592632428,-2.6957794415],[37.8592710353,-2.6873990846],[37.8426191688,-2.6873833376],[37.8426040039,-2.6873755487],[37.8426118781,-2.6790030133],[37.8342935931,-2.6789950867],[37.8342784598,-2.6789872662],[37.8342863659,-2.6706147871],[37.8259681288,-2.6706068277]],[[37.9425350556,-2.7880341255],[37.9508695714,-2.7880416202],[37.9508769843,-2.7796609859],[37.9425425283,-2.7796535137],[37.9425350556,-2.7880341255]]]}},{"type":"Feature","properties":{"country":"Kenya","country_code":"KEN","species_name":"Eucalyptus_grandis","genus":"Eucalyptus","species":"grandis","suitability_name":"Marginally suitable","suitability_rank":3,"source_layer":"KCFP_SSMT_Kenya","tz":null,"soil_description":null},"geometry":{"type":"Polygon","coordinates":[[[37.5350843751,-1.9161532199],[37.5353729339,-1.9161534691],[37.5350837052,-1.9169413807],[37.5350843751,-1.9161532199]]]}},{"type":"Feature","properties":{"country":"Kenya","country_code":"KEN","species_name":"Eucalyptus_grandis","genus":"Eucalyptus","species":"grandis","suitability_name":"Marginally suitable","suitability_rank":3,"source_layer":"KCFP_SSMT_Kenya","tz":null,"soil_description":null},"geometry":{"type":"Polygon","coordinates":[[[37.5353729339,-1.9161534691],[37.5353768757,-1.9161427315],[37.5362070394,-1.9138812008],[37.5367214535,-1.9161438876],[37.5367238956,-1.9161546297],[37.5353729339,-1.9161534691]]]}},{"type":"Feature","properties":{"country":"Kenya","country_code":"KEN","species_name":"Eucalyptus_grandis","genus":"Eucalyptus","species":"grandis","suitability_name":"Marginally suitable","suitability_rank":3,"source_layer":"KCFP_SSMT_Kenya","tz":null,"soil_description":null},"geometry":{"type":"Polygon","coordinates":[[[37.5350703993,-1.9161532088],[37.5350985551,-1.8993944935],[37.5350843751,-1.9161532199],[37.5350703993,-1.9161532088]]]}},{"type":"Feature","properties":{"country":"Kenya","country_code":"KEN","species_name":"Eucalyptus_grandis","genus":"Eucalyptus","species":"grandis","suitability_name":"Marginally suitable","suitability_rank":3,"source_layer":"KCFP_SSMT_Kenya","tz":null,"soil_description":null},"geometry":{"type":"Polygon","coordinates":[[[37.5350985551,-1.8993944935],[37.5351056074,-1.8910042909],[37.5351196002,-1.8742454943],[37.5428887723,-1.8742520152],[37.5411720244,-1.8910094311],[37.5409589487,-1.8930891766],[37.5412935679,-1.8993997648],[37.5350985551,-1.8993944935]]]}},{"type":"Feature","properties":{"country":"Kenya","country_code":"KEN","species_name":"Eucalyptus_grandis","genus":"Eucalyptus","species":"grandis","suitability_name":"Marginally suitable","suitability_rank":3,"source_layer":"KCFP_SSMT_Kenya","tz":null,"soil_description":null},"geometry":{"type":"Polygon","coordinates":[[[37.4934665078,-1.8909684336],[37.4934631856,-1.8948163193],[37.4852531222,-1.8938614075],[37.4788410311,-1.8909556005],[37.4934665078,-1.8909684336]]]}},{"type":"Feature","properties":{"country":"Kenya","country_code":"KEN","species_name":"Eucalyptus_grandis","genus":"Eucalyptus","species":"grandis","suitability_name":"Marginally suitable","suitability_rank":3,"source_layer":"KCFP_SSMT_Kenya","tz":null,"soil_description":null},"geometry":{"type":"Polygon","coordinates":[[[37.5018156828,-1.8658378693],[37.4956778059,-1.8658325993],[37.5018193432,-1.8615067573],[37.5018156828,-1.8658378693]]]}},{"type":"Feature","properties":{"country":"Kenya","country_code":"KEN","species_name":"Eucalyptus_grandis","genus":"Eucalyptus","species":"grandis","suitability_name":"Marginally suitable","suitability_rank":3,"source_layer":"KCFP_SSMT_Kenya","tz":null,"soil_description":null},"geometry":{"type":"Polygon","coordinates":[[[37.552725895,-1.8144660292],[37.5518218628,-1.8167153886],[37.5518294032,-1.8072237115],[37.5591571571,-1.8072295753],[37.552725895,-1.8144660292]]]}},{"type":"Feature","properties":{"country":"Kenya","country_code":"KEN","species_name":"Eucalyptus_grandis","genus":"Eucalyptus","species":"grandis","suitability_name":"Marginally suitable","suitability_rank":3,"source_layer":"KCFP_SSMT_Kenya","tz":null,"soil_description":null},"geometry":{"type":"Polygon","coordinates":[[[37.551855714,-1.7737058322],[37.5486877517,-1.773703336],[37.551857571,-1.7713161345],[37.551855714,-1.7737058322]]]}},{"type":"Feature","properties":{"country":"Kenya","country_code":"KEN","species_name":"Eucalyptus_grandis","genus":"Eucalyptus","species":"grandis","suitability_name":"Marginally suitable","suitability_rank":3,"source_layer":"KCFP_SSMT_Kenya","tz":null,"soil_description":null},"geometry":{"type":"Polygon","coordinates":[[[37.5323338418,-1.752342341],[37.5268899942,-1.752831626],[37.5252305973,-1.7529807669],[37.5222494654,-1.7485555694],[37.5268933308,-1.748559242],[37.5336828982,-1.7485645908],[37.5323338418,-1.752342341]]]}},{"type":"Feature","properties":{"country":"Kenya","country_code":"KEN","species_name":"Eucalyptus_grandis","genus":"Eucalyptus","species":"grandis","suitability_name":"Marginally suitable","suitability_rank":3,"source_layer":"KCFP_SSMT_Kenya","tz":null,"soil_description":null},"geometry":{"type":"Polygon","coordinates":[[[37.5946604346,-1.7486001348],[37.5935120434,-1.7485992703],[37.5935125541,-1.7479120595],[37.5946604346,-1.7486001348]]]}},{"type":"Feature","properties":{"country":"Kenya","country_code":"KEN","species_name":"Eucalyptus_grandis","genus":"Eucalyptus","species":"grandis","suitability_name":"Marginally suitable","suitability_rank":3,"source_layer":"KCFP_SSMT_Kenya","tz":null,"soil_description":null},"geometry":{"type":"Polygon","coordinates":[[[37.5366743413,-1.7401875496],[37.5352239033,-1.7442492824],[37.5352098985,-1.7442885018],[37.5352270421,-1.7401864193],[37.5366743413,-1.7401875496]]]}},{"type":"Feature","properties":{"country":"Kenya","country_code":"KEN","species_name":"Eucalyptus_grandis","genus":"Eucalyptus","species":"grandis","suitability_name":"Marginally suitable","suitability_rank":3,"source_layer":"KCFP_SSMT_Kenya","tz":null,"soil_description":null},"geometry":{"type":"Polygon","coordinates":[[[37.5185620699,-1.7359485927],[37.5185565111,-1.7430737332],[37.5170264429,-1.7408024908],[37.5185620699,-1.7359485927]]]}},{"type":"Feature","properties":{"country":"Kenya","country_code":"KEN","species_name":"Eucalyptus_grandis","genus":"Eucalyptus","species":"grandis","suitability_name":"Marginally suitable","suitability_rank":3,"source_layer":"KCFP_SSMT_Kenya","tz":null,"soil_description":null},"geometry":{"type":"Polygon","coordinates":[[[37.5435643478,-1.7270034387],[37.5432074056,-1.7274813804],[37.5368657642,-1.723417433],[37.5363537105,-1.723089291],[37.5364136757,-1.7066697832],[37.5435657302,-1.7066752464],[37.5435594092,-1.7150546601],[37.5514680127,-1.7150606995],[37.5503526335,-1.7179139095],[37.5435643478,-1.7270034387]]]}},{"type":"Feature","properties":{"country":"Kenya","country_code":"KEN","species_name":"Eucalyptus_grandis","genus":"Eucalyptus","species":"grandis","suitability_name":"Marginally suitable","suitability_rank":3,"source_layer":"KCFP_SSMT_Kenya","tz":null,"soil_description":null},"geometry":{"type":"Polygon","coordinates":[[[37.5118231537,-1.722925237],[37.5102545826,-1.7286276937],[37.5102406652,-1.7286782911],[37.5102716082,-1.7066495867],[37.5157290633,-1.7066538315],[37.5118231537,-1.722925237]]]}},{"type":"Feature","properties":{"country":"Kenya","country_code":"KEN","species_name":"Eucalyptus_grandis","genus":"Eucalyptus","species":"grandis","suitability_name":"Marginally suitable","suitability_rank":3,"source_layer":"KCFP_SSMT_Kenya","tz":null,"soil_description":null},"geometry":{"type":"Polygon","coordinates":[[[37.5518928081,-1.7066815734],[37.5519131011,-1.6983021375],[37.5579471845,-1.6983066781],[37.5547426997,-1.7066837305],[37.5519068471,-1.706681584],[37.5518928081,-1.7066815734]]]}},{"type":"Feature","properties":{"country":"Kenya","country_code":"KEN","species_name":"Eucalyptus_grandis","genus":"Eucalyptus","species":"grandis","suitability_name":"Marginally suitable","suitability_rank":3,"source_layer":"KCFP_SSMT_Kenya","tz":null,"soil_description":null},"geometry":{"type":"Polygon","coordinates":[[[37.5187153125,-1.6898974963],[37.518610087,-1.6915716572],[37.5185960069,-1.6917956729],[37.5186113564,-1.6898974175],[37.5187153125,-1.6898974963]]]}},{"type":"Feature","properties":{"country":"Kenya","country_code":"KEN","species_name":"Eucalyptus_grandis","genus":"Eucalyptus","species":"grandis","suitability_name":"Marginally suitable","suitability_rank":3,"source_layer":"KCFP_SSMT_Kenya","tz":null,"soil_description":null},"geometry":{"type":"Polygon","coordinates":[[[37.5602320316,-1.6903237321],[37.5602463928,-1.6899289201],[37.5603450103,-1.6899289946],[37.5602461383,-1.6902744436],[37.5602320316,-1.6903237321]]]}},{"type":"Feature","properties":{"country":"Kenya","country_code":"KEN","species_name":"Eucalyptus_grandis","genus":"Eucalyptus","species":"grandis","suitability_name":"Marginally suitable","suitability_rank":3,"source_layer":"KCFP_SSMT_Kenya","tz":null,"soil_description":null},"geometry":{"type":"Polygon","coordinates":[[[37.5269627458,-1.6571496725],[37.5207771189,-1.6607623025],[37.5186265239,-1.6697652462],[37.5166849184,-1.6734065273],[37.5086019183,-1.6652615488],[37.5047573947,-1.6535715885],[37.504595732,-1.6348072537],[37.5033734623,-1.596139063],[37.4981635341,-1.5778040902],[37.4892099761,-1.5725535162],[37.5020443504,-1.572562824],[37.50203836,-1.5809421239],[37.5103647922,-1.5809481525],[37.5103527811,-1.5977068133],[37.5270058755,-1.5977188975],[37.52699989,-1.6060982897],[37.5353265186,-1.6061043119],[37.5353145216,-1.6228631581],[37.5436412496,-1.6228692087],[37.5436590963,-1.5977308442],[37.5603124402,-1.597742656],[37.5603065899,-1.6061221739],[37.5686333421,-1.6061280596],[37.5686391586,-1.597748511],[37.5852926858,-1.5977601202],[37.5852869369,-1.6061397288],[37.59361378,-1.6061455122],[37.5936194951,-1.5977658734],[37.6019463334,-1.5977715927],[37.6019349411,-1.6145309296],[37.6102618779,-1.6145366755],[37.6102561713,-1.6229163727],[37.5936022601,-1.6229047894],[37.593608035,-1.6145251512],[37.5852811579,-1.6145193375],[37.5852695105,-1.631278552],[37.5935964552,-1.631284426],[37.5935906195,-1.6396640628],[37.6019176295,-1.6396699322],[37.6019117995,-1.6480495973],[37.610238874,-1.6480554617],[37.61023305,-1.6564351569],[37.618560188,-1.6564410159],[37.6185543686,-1.66482074],[37.626881572,-1.6648265933],[37.6268757883,-1.673161966],[37.6229625123,-1.6710285029],[37.6174187408,-1.6815196431],[37.6156607509,-1.6858250157],[37.5963362537,-1.6820707727],[37.5849109809,-1.6723854985],[37.581425548,-1.6676744488],[37.5782979679,-1.6634210237],[37.5728158082,-1.6583535158],[37.5685951093,-1.6601544025],[37.5675350227,-1.6606067179],[37.564401351,-1.6646713818],[37.5643161722,-1.6647817495],[37.560260959,-1.6700361194],[37.5544146837,-1.6756174959],[37.5411177115,-1.6739384016],[37.5387047408,-1.6683365767],[37.5349839931,-1.659709431],[37.5269627458,-1.6571496725]],[[37.5602647797,-1.6647787768],[37.5602708445,-1.656399264],[37.560260959,-1.6700361194],[37.5602647797,-1.6647787768]],[[37.5103406431,-1.6144654712],[37.5186672428,-1.6144715934],[37.5186732937,-1.6060922334],[37.5103467279,-1.606086143],[37.5103406431,-1.6144654712]]]}},{"type":"Feature","properties":{"country":"Kenya","country_code":"KEN","species_name":"Eucalyptus_grandis","genus":"Eucalyptus","species":"grandis","suitability_name":"Marginally suitable","suitability_rank":3,"source_layer":"KCFP_SSMT_Kenya","tz":null,"soil_description":null},"geometry":{"type":"Polygon","coordinates":[[[37.6935274758,-1.6229722261],[37.685200217,-1.622966796],[37.685205617,-1.6145868365],[37.6768784204,-1.614581401],[37.6768892015,-1.5978215382],[37.6685621018,-1.5978161244],[37.6685674833,-1.5894362212],[37.6602404464,-1.5894308021],[37.660245833,-1.5810509259],[37.6519188563,-1.5810455017],[37.6519242495,-1.5726656545],[37.6435973348,-1.5726602247],[37.6436027315,-1.5642804049],[37.6352758788,-1.5642749727],[37.6352812796,-1.5558951812],[37.6269544888,-1.5558897442],[37.6269598942,-1.5475099814],[37.6352866513,-1.5475153891],[37.635291994,-1.5391355972],[37.651945531,-1.5391462552],[37.6519402534,-1.5475261069],[37.660267098,-1.5475314152],[37.6602618246,-1.5559112941],[37.6685887305,-1.555916599],[37.6685834614,-1.5642965049],[37.6769104277,-1.564301806],[37.6769051634,-1.5726817397],[37.6852321918,-1.5726870349],[37.6852269326,-1.581066997],[37.7129729316,-1.5810844923],[37.7174462005,-1.5894673502],[37.7102030973,-1.5894628099],[37.7101978831,-1.5978428542],[37.7018706718,-1.597837577],[37.701849404,-1.6313576346],[37.6935220831,-1.6313522111],[37.6935274758,-1.6229722261]]]}},{"type":"Feature","properties":{"country":"Kenya","country_code":"KEN","species_name":"Eucalyptus_grandis","genus":"Eucalyptus","species":"grandis","suitability_name":"Marginally suitable","suitability_rank":3,"source_layer":"KCFP_SSMT_Kenya","tz":null,"soil_description":null},"geometry":{"type":"Polygon","coordinates":[[[37.8184915829,-1.5308652584],[37.8184899439,-1.533856042],[37.8144070585,-1.5318913056],[37.8137985062,-1.5308626509],[37.8184915829,-1.5308652584]]]}},{"type":"Feature","properties":{"country":"Kenya","country_code":"KEN","species_name":"Eucalyptus_grandis","genus":"Eucalyptus","species":"grandis","suitability_name":"Marginally suitable","suitability_rank":3,"source_layer":"KCFP_SSMT_Kenya","tz":null,"soil_description":null},"geometry":{"type":"Polygon","coordinates":[[[37.8320531298,-1.5342888344],[37.8268163634,-1.5355271845],[37.8268234417,-1.5224894408],[37.8351507507,-1.5224939854],[37.8351462756,-1.5308075957],[37.8320531298,-1.5342888344]]]}},{"type":"Feature","properties":{"country":"Kenya","country_code":"KEN","species_name":"Eucalyptus_grandis","genus":"Eucalyptus","species":"grandis","suitability_name":"Marginally suitable","suitability_rank":3,"source_layer":"KCFP_SSMT_Kenya","tz":null,"soil_description":null},"geometry":{"type":"Polygon","coordinates":[[[37.8018416671,-1.5224756166],[37.8018415424,-1.5227014125],[37.8002270295,-1.523118766],[37.7928644598,-1.5306227734],[37.7857767619,-1.5262319763],[37.7871051611,-1.5224673239],[37.8018416671,-1.5224756166]]]}},{"type":"Feature","properties":{"country":"Kenya","country_code":"KEN","species_name":"Eucalyptus_grandis","genus":"Eucalyptus","species":"grandis","suitability_name":"Marginally suitable","suitability_rank":3,"source_layer":"KCFP_SSMT_Kenya","tz":null,"soil_description":null},"geometry":{"type":"Polygon","coordinates":[[[37.8018599716,-1.4889542402],[37.8101870789,-1.4889587778],[37.8101861257,-1.4907352688],[37.8101734823,-1.5140998875],[37.8018462817,-1.5140952733],[37.8018580682,-1.4924765091],[37.8018599716,-1.4889542402]]]}},{"type":"Feature","properties":{"country":"Kenya","country_code":"KEN","species_name":"Eucalyptus_grandis","genus":"Eucalyptus","species":"grandis","suitability_name":"Marginally suitable","suitability_rank":3,"source_layer":"KCFP_SSMT_Kenya","tz":null,"soil_description":null},"geometry":{"type":"Polygon","coordinates":[[[37.7829103499,-1.4962402278],[37.7768760469,-1.4939406078],[37.776878807,-1.4889404341],[37.7852058373,-1.4889450683],[37.7852005619,-1.4985477717],[37.7829103499,-1.4962402278]]]}},{"type":"Feature","properties":{"country":"Kenya","country_code":"KEN","species_name":"Eucalyptus_grandis","genus":"Eucalyptus","species":"grandis","suitability_name":"Marginally suitable","suitability_rank":3,"source_layer":"KCFP_SSMT_Kenya","tz":null,"soil_description":null},"geometry":{"type":"Polygon","coordinates":[[[37.7518965695,-1.4912499612],[37.7506121306,-1.4912425055],[37.7479412742,-1.4805439084],[37.7519025782,-1.4805461561],[37.7518965695,-1.4912499612]]]}},{"type":"Feature","properties":{"country":"Kenya","country_code":"KEN","species_name":"Eucalyptus_grandis","genus":"Eucalyptus","species":"grandis","suitability_name":"Marginally suitable","suitability_rank":3,"source_layer":"KCFP_SSMT_Kenya","tz":null,"soil_description":null},"geometry":{"type":"Polygon","coordinates":[[[37.7768834136,-1.4805601667],[37.776878807,-1.4889404341],[37.7685518046,-1.4889357699],[37.7685564425,-1.480555528],[37.7768834136,-1.4805601667]]]}},{"type":"Feature","properties":{"country":"Kenya","country_code":"KEN","species_name":"Eucalyptus_grandis","genus":"Eucalyptus","species":"grandis","suitability_name":"Marginally suitable","suitability_rank":3,"source_layer":"KCFP_SSMT_Kenya","tz":null,"soil_description":null},"geometry":{"type":"Polygon","coordinates":[[[37.7435850692,-1.4637810978],[37.7435810986,-1.4708962845],[37.7356076895,-1.4637765855],[37.7435850692,-1.4637810978]]]}},{"type":"Feature","properties":{"country":"Kenya","country_code":"KEN","species_name":"Eucalyptus_grandis","genus":"Eucalyptus","species":"grandis","suitability_name":"Marginally suitable","suitability_rank":3,"source_layer":"KCFP_SSMT_Kenya","tz":null,"soil_description":null},"geometry":{"type":"Polygon","coordinates":[[[37.734221915,-1.4625391805],[37.7281519539,-1.4318433902],[37.7279990509,-1.4302517882],[37.7352768351,-1.430255836],[37.7352584399,-1.4634647278],[37.734221915,-1.4625391805]]]}},{"type":"Feature","properties":{"country":"Kenya","country_code":"KEN","species_name":"Eucalyptus_grandis","genus":"Eucalyptus","species":"grandis","suitability_name":"Marginally suitable","suitability_rank":3,"source_layer":"KCFP_SSMT_Kenya","tz":null,"soil_description":null},"geometry":{"type":"Polygon","coordinates":[[[37.7269593632,-1.4134909783],[37.7269561401,-1.4193961072],[37.7263924665,-1.4135289774],[37.7263602889,-1.4134906477],[37.7269593632,-1.4134909783]]]}},{"type":"Feature","properties":{"country":"Kenya","country_code":"KEN","species_name":"Eucalyptus_grandis","genus":"Eucalyptus","species":"grandis","suitability_name":"Marginally suitable","suitability_rank":3,"source_layer":"KCFP_SSMT_Kenya","tz":null,"soil_description":null},"geometry":{"type":"Polygon","coordinates":[[[37.7186373761,-1.4051062832],[37.7186362135,-1.4072380234],[37.7103102208,-1.4062779018],[37.7103108653,-1.4051016719],[37.7186373761,-1.4051062832]]]}},{"type":"Feature","properties":{"country":"Kenya","country_code":"KEN","species_name":"Eucalyptus_grandis","genus":"Eucalyptus","species":"grandis","suitability_name":"Marginally suitable","suitability_rank":3,"source_layer":"KCFP_SSMT_Kenya","tz":null,"soil_description":null},"geometry":{"type":"Polygon","coordinates":[[[37.8126443246,-0.6955839892],[37.8039446594,-0.6952994379],[37.802174002,-0.6962935957],[37.8021769407,-0.6845554895],[37.8028816791,-0.6844387939],[37.8188117426,-0.6844427712],[37.8188117388,-0.6844582541],[37.8188267994,-0.6844582579],[37.8188243788,-0.6942807583],[37.8126443246,-0.6955839892]]]}},{"type":"Feature","properties":{"country":"Kenya","country_code":"KEN","species_name":"Eucalyptus_grandis","genus":"Eucalyptus","species":"grandis","suitability_name":"Marginally suitable","suitability_rank":3,"source_layer":"KCFP_SSMT_Kenya","tz":null,"soil_description":null},"geometry":{"type":"Polygon","coordinates":[[[37.5690931036,-0.675994707],[37.5704336192,-0.6759951045],[37.5774172139,-0.6759971693],[37.5774147599,-0.6843768031],[37.571691214,-0.6843750915],[37.5690906361,-0.6843743102],[37.5690931036,-0.675994707]]]}},{"type":"Feature","properties":{"country":"Kenya","country_code":"KEN","species_name":"Eucalyptus_grandis","genus":"Eucalyptus","species":"grandis","suitability_name":"Marginally suitable","suitability_rank":3,"source_layer":"KCFP_SSMT_Kenya","tz":null,"soil_description":null},"geometry":{"type":"Polygon","coordinates":[[[37.6023736051,-0.6825962339],[37.6023754948,-0.6760199803],[37.6104030966,-0.6760222999],[37.6023736051,-0.6825962339]]]}},{"type":"Feature","properties":{"country":"Kenya","country_code":"KEN","species_name":"Eucalyptus_grandis","genus":"Eucalyptus","species":"grandis","suitability_name":"Marginally suitable","suitability_rank":3,"source_layer":"KCFP_SSMT_Kenya","tz":null,"soil_description":null},"geometry":{"type":"Polygon","coordinates":[[[37.685644251,-0.6341277937],[37.6773198296,-0.6341256599],[37.6773202893,-0.6323119498],[37.6844041574,-0.6329043516],[37.685644621,-0.632659051],[37.685644251,-0.6341277937]]]}},{"type":"Feature","properties":{"country":"Kenya","country_code":"KEN","species_name":"Eucalyptus_grandis","genus":"Eucalyptus","species":"grandis","suitability_name":"Marginally suitable","suitability_rank":3,"source_layer":"KCFP_SSMT_Kenya","tz":null,"soil_description":null},"geometry":{"type":"Polygon","coordinates":[[[37.6939686986,-0.6341299158],[37.6939694779,-0.6310128082],[37.7022943563,-0.62936654],[37.7022931739,-0.6341320226],[37.6939686986,-0.6341299158]]]}},{"type":"Feature","properties":{"country":"Kenya","country_code":"KEN","species_name":"Eucalyptus_grandis","genus":"Eucalyptus","species":"grandis","suitability_name":"Marginally suitable","suitability_rank":3,"source_layer":"KCFP_SSMT_Kenya","tz":null,"soil_description":null},"geometry":{"type":"Polygon","coordinates":[[[37.8069749045,-0.2802473059],[37.8083159755,-0.2821801922],[37.8022474431,-0.2821795656],[37.8022479463,-0.2772165787],[37.8069749045,-0.2802473059]]]}},{"type":"Feature","properties":{"country":"Kenya","country_code":"KEN","species_name":"Eucalyptus_grandis","genus":"Eucalyptus","species":"grandis","suitability_name":"Marginally suitable","suitability_rank":3,"source_layer":"KCFP_SSMT_Kenya","tz":null,"soil_description":null},"geometry":{"type":"Polygon","coordinates":[[[37.7855877823,-0.2402760759],[37.7856027108,-0.2402932696],[37.8022364135,-0.2402947482],[37.8022349027,-0.2570554871],[37.8105592683,-0.2570562704],[37.8105584818,-0.2654195696],[37.8105584664,-0.2655809332],[37.8102185537,-0.2654195366],[37.7904539417,-0.2558931601],[37.785601937,-0.2489115296],[37.7832031975,-0.2454599549],[37.7826425874,-0.240275812],[37.7817381757,-0.231912618],[37.7855885079,-0.2319129502],[37.7855877823,-0.2402760759]]]}},{"type":"Feature","properties":{"country":"Kenya","country_code":"KEN","species_name":"Eucalyptus_grandis","genus":"Eucalyptus","species":"grandis","suitability_name":"Marginally suitable","suitability_rank":3,"source_layer":"KCFP_SSMT_Kenya","tz":null,"soil_description":null},"geometry":{"type":"Polygon","coordinates":[[[37.77726494,-0.2235319367],[37.7772648296,-0.2248623872],[37.7719257635,-0.2235314881],[37.77726494,-0.2235319367]]]}},{"type":"Feature","properties":{"country":"Kenya","country_code":"KEN","species_name":"Eucalyptus_grandis","genus":"Eucalyptus","species":"grandis","suitability_name":"Marginally suitable","suitability_rank":3,"source_layer":"KCFP_SSMT_Kenya","tz":null,"soil_description":null},"geometry":{"type":"Polygon","coordinates":[[[37.7689408396,-0.2218201939],[37.7689407604,-0.2227874],[37.7687292274,-0.2227346703],[37.7689408396,-0.2218201939]]]}},{"type":"Feature","properties":{"country":"Kenya","country_code":"KEN","species_name":"Eucalyptus_grandis","genus":"Eucalyptus","species":"grandis","suitability_name":"Marginally suitable","suitability_rank":3,"source_layer":"KCFP_SSMT_Kenya","tz":null,"soil_description":null},"geometry":{"type":"Polygon","coordinates":[[[37.8036680542,-0.1145892547],[37.8105687984,-0.114589544],[37.8105684392,-0.1229699403],[37.8188927659,-0.1229703124],[37.818891979,-0.1397311555],[37.8156147068,-0.1397309894],[37.8152492821,-0.1391650891],[37.8089822309,-0.1211128569],[37.8036680542,-0.1145892547]]]}},{"type":"Feature","properties":{"country":"Kenya","country_code":"KEN","species_name":"Eucalyptus_grandis","genus":"Eucalyptus","species":"grandis","suitability_name":"Marginally suitable","suitability_rank":3,"source_layer":"KCFP_SSMT_Kenya","tz":null,"soil_description":null},"geometry":{"type":"Polygon","coordinates":[[[37.5691648773,0.2457436551],[37.5691654815,0.2399984383],[37.5654721814,0.2367803717],[37.5633971466,0.2457430318],[37.5691648773,0.2457436551]]]}},{"type":"Feature","properties":{"country":"Kenya","country_code":"KEN","species_name":"Eucalyptus_grandis","genus":"Eucalyptus","species":"grandis","suitability_name":"Marginally suitable","suitability_rank":3,"source_layer":"KCFP_SSMT_Kenya","tz":null,"soil_description":null},"geometry":{"type":"Polygon","coordinates":[[[37.8210212386,0.5642448373],[37.8188550204,0.5573018057],[37.8188536287,0.5642443947],[37.8210212386,0.5642448373]]]}},{"type":"Feature","properties":{"country":"Kenya","country_code":"KEN","species_name":"Eucalyptus_grandis","genus":"Eucalyptus","species":"grandis","suitability_name":"Marginally suitable","suitability_rank":3,"source_layer":"KCFP_SSMT_Kenya","tz":null,"soil_description":null},"geometry":{"type":"Polygon","coordinates":[[[37.8111561274,0.5977440871],[37.8111977256,0.5893840927],[37.8105236676,0.5893839478],[37.8105218813,0.5977439488],[37.8111561274,0.5977440871]]]}},{"type":"Feature","properties":{"country":"Kenya","country_code":"KEN","species_name":"Eucalyptus_grandis","genus":"Eucalyptus","species":"grandis","suitability_name":"Marginally suitable","suitability_rank":3,"source_layer":"KCFP_SSMT_Kenya","tz":null,"soil_description":null},"geometry":{"type":"Polygon","coordinates":[[[38.3086673396,-3.6599738571],[38.3086843263,-3.6599738702],[38.3086778931,-3.6683551271],[38.3003353983,-3.6683486184],[38.3003419122,-3.6599633436],[38.3086673427,-3.6599698251],[38.3086673396,-3.6599738571]]]}},{"type":"Feature","properties":{"country":"Kenya","country_code":"KEN","species_name":"Eucalyptus_grandis","genus":"Eucalyptus","species":"grandis","suitability_name":"Marginally suitable","suitability_rank":3,"source_layer":"KCFP_SSMT_Kenya","tz":null,"soil_description":null},"geometry":{"type":"Polygon","coordinates":[[[38.2920239744,-3.6286648386],[38.2967082653,-3.6431979394],[38.2920126424,-3.6431942482],[38.2920239744,-3.6286648386]]]}},{"type":"Feature","properties":{"country":"Kenya","country_code":"KEN","species_name":"Eucalyptus_grandis","genus":"Eucalyptus","species":"grandis","suitability_name":"Marginally suitable","suitability_rank":3,"source_layer":"KCFP_SSMT_Kenya","tz":null,"soil_description":null},"geometry":{"type":"Polygon","coordinates":[[[38.289398591,-3.6205193877],[38.2913040254,-3.6264311512],[38.2836836348,-3.6264251288],[38.2837032732,-3.6013881171],[38.289398591,-3.6205193877]]]}},{"type":"Feature","properties":{"country":"Kenya","country_code":"KEN","species_name":"Eucalyptus_grandis","genus":"Eucalyptus","species":"grandis","suitability_name":"Marginally suitable","suitability_rank":3,"source_layer":"KCFP_SSMT_Kenya","tz":null,"soil_description":null},"geometry":{"type":"Polygon","coordinates":[[[38.3087056318,-3.6096820571],[38.3066350812,-3.6096804744],[38.3053580973,-3.6012981965],[38.3087119614,-3.6013007566],[38.3087056318,-3.6096820571]]]}},{"type":"Feature","properties":{"country":"Kenya","country_code":"KEN","species_name":"Eucalyptus_grandis","genus":"Eucalyptus","species":"grandis","suitability_name":"Marginally suitable","suitability_rank":3,"source_layer":"KCFP_SSMT_Kenya","tz":null,"soil_description":null},"geometry":{"type":"Polygon","coordinates":[[[38.283671488,-3.6012813436],[38.2753615233,-3.6012747485],[38.2753765335,-3.5822423842],[38.2811521968,-3.5928185595],[38.283671488,-3.6012813436]]]}},{"type":"Feature","properties":{"country":"Kenya","country_code":"KEN","species_name":"Eucalyptus_grandis","genus":"Eucalyptus","species":"grandis","suitability_name":"Marginally suitable","suitability_rank":3,"source_layer":"KCFP_SSMT_Kenya","tz":null,"soil_description":null},"geometry":{"type":"Polygon","coordinates":[[[38.2772773823,-3.5607959098],[38.2753892978,-3.5659750223],[38.2753944654,-3.5593685282],[38.2783024955,-3.5593708179],[38.2772773823,-3.5607959098]]]}},{"type":"Feature","properties":{"country":"Kenya","country_code":"KEN","species_name":"Eucalyptus_grandis","genus":"Eucalyptus","species":"grandis","suitability_name":"Marginally suitable","suitability_rank":3,"source_layer":"KCFP_SSMT_Kenya","tz":null,"soil_description":null},"geometry":{"type":"Polygon","coordinates":[[[38.3588040569,-3.5426722295],[38.3590924623,-3.5426724308],[38.352059224,-3.5498411584],[38.3513098778,-3.5576046106],[38.3576528419,-3.5651881245],[38.3587854973,-3.5695362569],[38.3587808733,-3.5761976788],[38.3429116509,-3.5761864092],[38.3423915013,-3.5602906382],[38.3466548877,-3.5395193381],[38.350418006,-3.5342850092],[38.3588098194,-3.5342908636],[38.3588040569,-3.5426722295]]]}},{"type":"Feature","properties":{"country":"Kenya","country_code":"KEN","species_name":"Eucalyptus_grandis","genus":"Eucalyptus","species":"grandis","suitability_name":"Marginally suitable","suitability_rank":3,"source_layer":"KCFP_SSMT_Kenya","tz":null,"soil_description":null},"geometry":{"type":"Polygon","coordinates":[[[38.3057099378,-3.5774334271],[38.3088376476,-3.5571126273],[38.3089520815,-3.5413364359],[38.3026027743,-3.5351256987],[38.2934435496,-3.5380448992],[38.2901841788,-3.545560122],[38.2837411676,-3.5525745472],[38.2837488373,-3.5426125416],[38.2754075344,-3.5426060295],[38.2754140417,-3.5342292942],[38.2837383818,-3.5342357768],[38.2837383852,-3.5342312609],[38.2837582462,-3.5303527953],[38.2855110858,-3.5297631288],[38.2935219606,-3.5277607871],[38.3017794762,-3.5230120551],[38.3087686973,-3.5252795772],[38.3087682588,-3.5258735342],[38.3106037078,-3.5258749008],[38.3111193212,-3.5260421787],[38.3178642112,-3.5409390601],[38.3194533792,-3.5594066511],[38.3170848664,-3.5594048922],[38.3170786872,-3.5677861825],[38.3087371288,-3.5677799277],[38.3087245764,-3.584538152],[38.3052022462,-3.5845354746],[38.3057099378,-3.5774334271]]]}},{"type":"Feature","properties":{"country":"Kenya","country_code":"KEN","species_name":"Eucalyptus_grandis","genus":"Eucalyptus","species":"grandis","suitability_name":"Marginally suitable","suitability_rank":3,"source_layer":"KCFP_SSMT_Kenya","tz":null,"soil_description":null},"geometry":{"type":"Polygon","coordinates":[[[38.5983773754,-3.534421394],[38.5983673561,-3.5344259067],[38.5923900043,-3.5344232928],[38.5923900062,-3.5344187758],[38.5983773754,-3.534421394]]]}},{"type":"Feature","properties":{"country":"Kenya","country_code":"KEN","species_name":"Eucalyptus_grandis","genus":"Eucalyptus","species":"grandis","suitability_name":"Marginally suitable","suitability_rank":3,"source_layer":"KCFP_SSMT_Kenya","tz":null,"soil_description":null},"geometry":{"type":"Polygon","coordinates":[[[38.3254746812,-3.4923605624],[38.3218419506,-3.4923579374],[38.3209723112,-3.4920452832],[38.3171347534,-3.4910084729],[38.3171398295,-3.4839732112],[38.3004582226,-3.483960921],[38.3004535426,-3.4902932089],[38.2965420564,-3.4912064771],[38.2874021971,-3.4906976762],[38.2827623107,-3.4863153752],[38.2808022644,-3.4876818817],[38.2727915021,-3.4903751644],[38.2571005372,-3.4809005231],[38.2398478706,-3.466626657],[38.2287272963,-3.4583216198],[38.2254317432,-3.4552521029],[38.2254492362,-3.4336102344],[38.2171090059,-3.4336034125],[38.2171830755,-3.3414105898],[38.225522517,-3.3414172289],[38.225535622,-3.3246601684],[38.2462072934,-3.3246762379],[38.2645838971,-3.3246901584],[38.2626575597,-3.3414459294],[38.2616934368,-3.3498316922],[38.2588741497,-3.3498295555],[38.2588447222,-3.3665919831],[38.2588615108,-3.3665919959],[38.263175994,-3.3665952802],[38.2632173205,-3.3778197312],[38.2588436343,-3.3901584617],[38.2587671658,-3.3903741847],[38.2574960305,-3.391729544],[38.2504967449,-3.3991924812],[38.2496411935,-3.4001046931],[38.2474565146,-3.4024340444],[38.23939269,-3.4103852693],[38.2417734159,-3.4168609519],[38.2418390209,-3.4170393995],[38.2543736893,-3.4189464415],[38.2588027118,-3.4217148923],[38.2587999852,-3.4252604789],[38.2644821216,-3.4252648747],[38.2661981242,-3.4263374724],[38.2671379628,-3.4281987152],[38.2671338107,-3.4336481432],[38.2698907482,-3.4336502618],[38.2827438879,-3.4587989891],[38.2871165659,-3.4671835897],[38.2875764724,-3.4680654514],[38.2921420657,-3.4736277882],[38.2943679584,-3.4763396031],[38.3004801214,-3.4772536413],[38.3039468266,-3.4777720489],[38.3122745499,-3.4636542961],[38.3171744135,-3.4595116874],[38.3203219976,-3.4568505151],[38.3254994513,-3.4574781407],[38.3254925643,-3.4672118283],[38.3255096081,-3.4672166143],[38.3274811329,-3.4672180227],[38.32776722,-3.469466986],[38.3305103224,-3.4839781358],[38.3308385921,-3.4857146842],[38.3338363396,-3.4871624126],[38.3356196371,-3.4880236306],[38.3421761692,-3.4887277618],[38.3424704339,-3.4887593629],[38.3454103629,-3.4923700397],[38.3478935662,-3.4954197617],[38.3505120345,-3.4961227085],[38.357473058,-3.497991408],[38.3588353694,-3.4968795159],[38.3588288532,-3.5064577188],[38.3588270208,-3.5091467567],[38.343118454,-3.5091358132],[38.3322226207,-3.4959610667],[38.3254737502,-3.4936636378],[38.3254746812,-3.4923605624]]]}},{"type":"Feature","properties":{"country":"Kenya","country_code":"KEN","species_name":"Eucalyptus_grandis","genus":"Eucalyptus","species":"grandis","suitability_name":"Marginally suitable","suitability_rank":3,"source_layer":"KCFP_SSMT_Kenya","tz":null,"soil_description":null},"geometry":{"type":"Polygon","coordinates":[[[38.5836286886,-3.5256594483],[38.5805603881,-3.5089631601],[38.5813710603,-3.4915966276],[38.580972715,-3.4819947686],[38.5833223339,-3.4735552003],[38.5879173364,-3.4699222652],[38.5923989144,-3.4720454575],[38.5923973237,-3.4757514766],[38.5954303649,-3.4757527871],[38.598528093,-3.4875846723],[38.5993333238,-3.4925131775],[38.6007277849,-3.5010480526],[38.6007242965,-3.5092772324],[38.6007150448,-3.5310033673],[38.5993364033,-3.5339895165],[38.5983773754,-3.534421394],[38.5919023634,-3.5344185598],[38.5836286886,-3.5256594483]]]}},{"type":"Feature","properties":{"country":"Kenya","country_code":"KEN","species_name":"Eucalyptus_grandis","genus":"Eucalyptus","species":"grandis","suitability_name":"Marginally suitable","suitability_rank":3,"source_layer":"KCFP_SSMT_Kenya","tz":null,"soil_description":null},"geometry":{"type":"Polygon","coordinates":[[[38.3643386851,-3.4923877628],[38.3643444113,-3.4923830897],[38.3671809442,-3.4900679056],[38.3671793941,-3.4923850098],[38.3643386851,-3.4923877628]]]}},{"type":"Feature","properties":{"country":"Kenya","country_code":"KEN","species_name":"Eucalyptus_grandis","genus":"Eucalyptus","species":"grandis","suitability_name":"Marginally suitable","suitability_rank":3,"source_layer":"KCFP_SSMT_Kenya","tz":null,"soil_description":null},"geometry":{"type":"Polygon","coordinates":[[[38.3755289078,-3.4794566506],[38.375525908,-3.4840091772],[38.3723614461,-3.4840117761],[38.372364719,-3.4840070687],[38.3755289078,-3.4794566506]]]}},{"type":"Feature","properties":{"country":"Kenya","country_code":"KEN","species_name":"Eucalyptus_grandis","genus":"Eucalyptus","species":"grandis","suitability_name":"Marginally suitable","suitability_rank":3,"source_layer":"KCFP_SSMT_Kenya","tz":null,"soil_description":null},"geometry":{"type":"Polygon","coordinates":[[[38.3338385748,-3.4839852152],[38.3338214991,-3.4839804936],[38.3338385781,-3.4839805048],[38.3338385748,-3.4839852152]]]}},{"type":"Feature","properties":{"country":"Kenya","country_code":"KEN","species_name":"Eucalyptus_grandis","genus":"Eucalyptus","species":"grandis","suitability_name":"Marginally suitable","suitability_rank":3,"source_layer":"KCFP_SSMT_Kenya","tz":null,"soil_description":null},"geometry":{"type":"Polygon","coordinates":[[[38.3561532538,-3.4602756281],[38.3540276833,-3.4700870392],[38.3505116006,-3.4717484995],[38.3505260937,-3.4504666007],[38.3505374436,-3.4337087008],[38.3505545865,-3.4337087125],[38.3588778863,-3.4337143548],[38.3588778895,-3.4337094516],[38.3588834693,-3.4253329693],[38.3589006446,-3.4253329808],[38.3670817971,-3.4253384423],[38.3595364685,-3.4358349186],[38.3569204891,-3.4497660746],[38.3561532538,-3.4602756281]]]}},{"type":"Feature","properties":{"country":"Kenya","country_code":"KEN","species_name":"Eucalyptus_grandis","genus":"Eucalyptus","species":"grandis","suitability_name":"Marginally suitable","suitability_rank":3,"source_layer":"KCFP_SSMT_Kenya","tz":null,"soil_description":null},"geometry":{"type":"Polygon","coordinates":[[[38.2754677816,-3.4420357654],[38.2754741063,-3.4336545278],[38.2698907482,-3.4336502618],[38.2698882718,-3.4336453568],[38.2838313072,-3.4336559489],[38.2838250554,-3.4420372336],[38.2837956192,-3.4587997876],[38.2838081655,-3.4420420923],[38.2754677816,-3.4420357654]]]}},{"type":"Feature","properties":{"country":"Kenya","country_code":"KEN","species_name":"Eucalyptus_grandis","genus":"Eucalyptus","species":"grandis","suitability_name":"Marginally suitable","suitability_rank":3,"source_layer":"KCFP_SSMT_Kenya","tz":null,"soil_description":null},"geometry":{"type":"Polygon","coordinates":[[[38.3004889792,-3.4420545264],[38.3146557529,-3.4420648564],[38.3110302415,-3.4467311788],[38.3027994928,-3.4485097599],[38.3004864394,-3.4455344644],[38.3004889792,-3.4420545264]]]}},{"type":"Feature","properties":{"country":"Kenya","country_code":"KEN","species_name":"Eucalyptus_grandis","genus":"Eucalyptus","species":"grandis","suitability_name":"Marginally suitable","suitability_rank":3,"source_layer":"KCFP_SSMT_Kenya","tz":null,"soil_description":null},"geometry":{"type":"Polygon","coordinates":[[[38.2671570174,-3.4252619962],[38.2671547587,-3.4282319785],[38.2671379628,-3.4281987152],[38.2671401934,-3.4252669198],[38.2644821216,-3.4252648747],[38.2644742153,-3.4252599329],[38.2671570174,-3.4252619962]]]}},{"type":"Feature","properties":{"country":"Kenya","country_code":"KEN","species_name":"Eucalyptus_grandis","genus":"Eucalyptus","species":"grandis","suitability_name":"Marginally suitable","suitability_rank":3,"source_layer":"KCFP_SSMT_Kenya","tz":null,"soil_description":null},"geometry":{"type":"Polygon","coordinates":[[[38.2880932146,-3.4033736851],[38.2852696201,-3.4001368769],[38.280868498,-3.3950916309],[38.2793320921,-3.3884463708],[38.2825696345,-3.3838975554],[38.283868745,-3.3830293826],[38.2896917633,-3.3791379138],[38.2969611758,-3.3830727923],[38.3034935578,-3.3917638888],[38.3050820549,-3.3938773004],[38.3172047547,-3.3926959513],[38.3183324345,-3.3925860514],[38.319279911,-3.391780235],[38.3300699188,-3.3826032957],[38.3410331093,-3.3819886633],[38.3505858828,-3.387066767],[38.3514831996,-3.3875437585],[38.3539882317,-3.3917990635],[38.3575632691,-3.3978719306],[38.3583455132,-3.4001834015],[38.3593463194,-3.403140697],[38.35567041,-3.4085630329],[38.3484722759,-3.4188517011],[38.3367840549,-3.4242712867],[38.3324118596,-3.4241425249],[38.3269657385,-3.4239792755],[38.325538471,-3.4262363697],[38.3240067627,-3.4286586117],[38.3171991275,-3.4248058792],[38.3082641657,-3.4197490927],[38.3041970649,-3.4169133629],[38.2960103977,-3.4112052302],[38.2880932146,-3.4033736851]]]}},{"type":"Feature","properties":{"country":"Kenya","country_code":"KEN","species_name":"Eucalyptus_grandis","genus":"Eucalyptus","species":"grandis","suitability_name":"Marginally suitable","suitability_rank":3,"source_layer":"KCFP_SSMT_Kenya","tz":null,"soil_description":null},"geometry":{"type":"Polygon","coordinates":[[[38.3685313747,-3.4233218637],[38.3672239831,-3.4251406403],[38.3672293501,-3.4169571359],[38.3714566616,-3.416959923],[38.3685313747,-3.4233218637]]]}},{"type":"Feature","properties":{"country":"Kenya","country_code":"KEN","species_name":"Eucalyptus_grandis","genus":"Eucalyptus","species":"grandis","suitability_name":"Marginally suitable","suitability_rank":3,"source_layer":"KCFP_SSMT_Kenya","tz":null,"soil_description":null},"geometry":{"type":"Polygon","coordinates":[[[38.258823217,-3.4168743137],[38.2588194924,-3.4217253808],[38.2588027118,-3.4217148923],[38.2588064276,-3.4168743007],[38.258823217,-3.4168743137]]]}},{"type":"Feature","properties":{"country":"Kenya","country_code":"KEN","species_name":"Eucalyptus_grandis","genus":"Eucalyptus","species":"grandis","suitability_name":"Marginally suitable","suitability_rank":3,"source_layer":"KCFP_SSMT_Kenya","tz":null,"soil_description":null},"geometry":{"type":"Polygon","coordinates":[[[38.3839641328,-3.3586902793],[38.3863976831,-3.3637521452],[38.38924816,-3.3770370401],[38.3850513306,-3.3877536774],[38.377415856,-3.3989150719],[38.3755774548,-3.4049056721],[38.3755804838,-3.4001997842],[38.3672403033,-3.4001943303],[38.3672512023,-3.3834315189],[38.3755912401,-3.3834369458],[38.3755966011,-3.3750503951],[38.3756019412,-3.3666741016],[38.3756191802,-3.3666741127],[38.3839418494,-3.3666794299],[38.3839418518,-3.366674268],[38.3839468849,-3.3586544027],[38.3839641328,-3.3586902793]]]}},{"type":"Feature","properties":{"country":"Kenya","country_code":"KEN","species_name":"Eucalyptus_grandis","genus":"Eucalyptus","species":"grandis","suitability_name":"Marginally suitable","suitability_rank":3,"source_layer":"KCFP_SSMT_Kenya","tz":null,"soil_description":null},"geometry":{"type":"Polygon","coordinates":[[[38.1344799431,-3.3832459068],[38.1337526302,-3.3832452549],[38.1337748711,-3.3581022793],[38.1421142788,-3.3581096672],[38.1421069549,-3.3664906784],[38.1428519515,-3.3664913373],[38.1411614177,-3.371293902],[38.1360597643,-3.3788123743],[38.1344799431,-3.3832459068]]]}},{"type":"Feature","properties":{"country":"Kenya","country_code":"KEN","species_name":"Eucalyptus_grandis","genus":"Eucalyptus","species":"grandis","suitability_name":"Marginally suitable","suitability_rank":3,"source_layer":"KCFP_SSMT_Kenya","tz":null,"soil_description":null},"geometry":{"type":"Polygon","coordinates":[[[38.4340015795,-3.3318564232],[38.4340008219,-3.3331838317],[38.4423405333,-3.3331886113],[38.4423358086,-3.3415701413],[38.4506756054,-3.3415696021],[38.4506802583,-3.3331933191],[38.4590199933,-3.3331979559],[38.4590284255,-3.3177269918],[38.4590459916,-3.3177122582],[38.4605743748,-3.3164303361],[38.4665463508,-3.3114213174],[38.4673881062,-3.3131090181],[38.4690496155,-3.3164402946],[38.4673687346,-3.3164393875],[38.4673617416,-3.3294818977],[38.4623917583,-3.3358974348],[38.4590342318,-3.3392715589],[38.4567440971,-3.3415729917],[38.449280937,-3.3490728482],[38.4409220605,-3.3668472568],[38.4381463352,-3.3723174798],[38.4335468456,-3.3759498647],[38.4253813364,-3.3699453744],[38.4224666,-3.3632967605],[38.4156720466,-3.3570834057],[38.4139059987,-3.3486105893],[38.4206369109,-3.3360783836],[38.4340015795,-3.3318564232]]]}},{"type":"Feature","properties":{"country":"Kenya","country_code":"KEN","species_name":"Eucalyptus_grandis","genus":"Eucalyptus","species":"grandis","suitability_name":"Marginally suitable","suitability_rank":3,"source_layer":"KCFP_SSMT_Kenya","tz":null,"soil_description":null},"geometry":{"type":"Polygon","coordinates":[[[38.3089008351,-3.341484957],[38.3088890786,-3.3582475844],[38.2947613045,-3.358237449],[38.2974801929,-3.3524260749],[38.2998868636,-3.3382593472],[38.3027245373,-3.3288901194],[38.3079937583,-3.3270960209],[38.3172451712,-3.3346058231],[38.3172404176,-3.3414908143],[38.3089008351,-3.341484957]]]}},{"type":"Feature","properties":{"country":"Kenya","country_code":"KEN","species_name":"Eucalyptus_grandis","genus":"Eucalyptus","species":"grandis","suitability_name":"Marginally suitable","suitability_rank":3,"source_layer":"KCFP_SSMT_Kenya","tz":null,"soil_description":null},"geometry":{"type":"Polygon","coordinates":[[[38.4042797224,-3.3247847473],[38.4089867574,-3.3247822648],[38.4089917362,-3.3164061051],[38.4090091032,-3.3164061146],[38.419369695,-3.3164122746],[38.4173951408,-3.3186589496],[38.4081915481,-3.3254654233],[38.4042797224,-3.3247847473]]]}},{"type":"Feature","properties":{"country":"Kenya","country_code":"KEN","species_name":"Eucalyptus_grandis","genus":"Eucalyptus","species":"grandis","suitability_name":"Marginally suitable","suitability_rank":3,"source_layer":"KCFP_SSMT_Kenya","tz":null,"soil_description":null},"geometry":{"type":"Polygon","coordinates":[[[38.3589562521,-3.3141217588],[38.3589548041,-3.3163694698],[38.3569771124,-3.3163735367],[38.3569818171,-3.3163681843],[38.3589562521,-3.3141217588]]]}},{"type":"Feature","properties":{"country":"Kenya","country_code":"KEN","species_name":"Eucalyptus_grandis","genus":"Eucalyptus","species":"grandis","suitability_name":"Marginally suitable","suitability_rank":3,"source_layer":"KCFP_SSMT_Kenya","tz":null,"soil_description":null},"geometry":{"type":"Polygon","coordinates":[[[38.3673182662,-3.3056587326],[38.3728446196,-3.3030274432],[38.3756587769,-3.3039052973],[38.3803415624,-3.3053660338],[38.3825313746,-3.308003046],[38.3839945752,-3.3097650483],[38.3866519269,-3.3129650446],[38.3839881111,-3.3202158482],[38.3839708122,-3.3202629343],[38.3839732091,-3.3163907818],[38.3756337262,-3.3163855341],[38.375638977,-3.3080041012],[38.3643394616,-3.3079968953],[38.3643441942,-3.3079915112],[38.3657297099,-3.3064150904],[38.3673182662,-3.3056587326]]]}},{"type":"Feature","properties":{"country":"Kenya","country_code":"KEN","species_name":"Eucalyptus_grandis","genus":"Eucalyptus","species":"grandis","suitability_name":"Marginally suitable","suitability_rank":3,"source_layer":"KCFP_SSMT_Kenya","tz":null,"soil_description":null},"geometry":{"type":"Polygon","coordinates":[[[38.3318018553,-3.3079754236],[38.3339591938,-3.3079768804],[38.3425271511,-3.3079826197],[38.337988458,-3.3179056342],[38.3339536623,-3.3162539855],[38.3311750439,-3.3151165424],[38.3318018553,-3.3079754236]]]}},{"type":"Feature","properties":{"country":"Kenya","country_code":"KEN","species_name":"Eucalyptus_grandis","genus":"Eucalyptus","species":"grandis","suitability_name":"Marginally suitable","suitability_rank":3,"source_layer":"KCFP_SSMT_Kenya","tz":null,"soil_description":null},"geometry":{"type":"Polygon","coordinates":[[[38.2755731933,-3.2995545268],[38.3005907514,-3.2995725086],[38.3005966033,-3.2911912014],[38.3172749109,-3.2912028093],[38.3172710805,-3.2968252631],[38.3123983506,-3.3005622931],[38.3062375256,-3.3079524139],[38.3029099751,-3.3119438548],[38.3005991065,-3.3118409196],[38.2969839054,-3.3116798734],[38.288829961,-3.306356649],[38.2805653491,-3.310427951],[38.2746567876,-3.3085546284],[38.2672234263,-3.3140047685],[38.2672278915,-3.3079296375],[38.2755671167,-3.3079357877],[38.2755731933,-3.2995545268]]]}},{"type":"Feature","properties":{"country":"Kenya","country_code":"KEN","species_name":"Eucalyptus_grandis","genus":"Eucalyptus","species":"grandis","suitability_name":"Marginally suitable","suitability_rank":3,"source_layer":"KCFP_SSMT_Kenya","tz":null,"soil_description":null},"geometry":{"type":"Polygon","coordinates":[[[38.4564832462,-3.2921216603],[38.4507187597,-3.2951578937],[38.4507208815,-3.2912855981],[38.4569600154,-3.29128903],[38.4564832462,-3.2921216603]]]}},{"type":"Feature","properties":{"country":"Kenya","country_code":"KEN","species_name":"Eucalyptus_grandis","genus":"Eucalyptus","species":"grandis","suitability_name":"Marginally suitable","suitability_rank":3,"source_layer":"KCFP_SSMT_Kenya","tz":null,"soil_description":null},"geometry":{"type":"Polygon","coordinates":[[[38.3673132027,-3.2864398588],[38.3673326632,-3.2828545395],[38.3718866578,-3.2828574234],[38.3680049071,-3.286274941],[38.3673304096,-3.2864357572],[38.3673132027,-3.2864398588]]]}},{"type":"Feature","properties":{"country":"Kenya","country_code":"KEN","species_name":"Eucalyptus_grandis","genus":"Eucalyptus","species":"grandis","suitability_name":"Marginally suitable","suitability_rank":3,"source_layer":"KCFP_SSMT_Kenya","tz":null,"soil_description":null},"geometry":{"type":"Polygon","coordinates":[[[38.1544441926,-3.1406077484],[38.1570771063,-3.1497836371],[38.1589431921,-3.1576225653],[38.1589369603,-3.1653597095],[38.1553338785,-3.1653567674],[38.1506155025,-3.1653528955],[38.150619833,-3.1600311711],[38.1506358939,-3.1402157321],[38.1546701689,-3.1402190177],[38.1544441926,-3.1406077484]]]}},{"type":"Feature","properties":{"country":"Kenya","country_code":"KEN","species_name":"Eucalyptus_grandis","genus":"Eucalyptus","species":"grandis","suitability_name":"Marginally suitable","suitability_rank":3,"source_layer":"KCFP_SSMT_Kenya","tz":null,"soil_description":null},"geometry":{"type":"Polygon","coordinates":[[[38.0255577464,-3.1568616339],[38.0338793282,-3.1568694356],[38.0338952401,-3.1568754188],[38.0338928113,-3.1595033049],[38.0318553879,-3.162050438],[38.0320357171,-3.1652485076],[38.0255499264,-3.1652424052],[38.0255577464,-3.1568616339]]]}},{"type":"Feature","properties":{"country":"Kenya","country_code":"KEN","species_name":"Eucalyptus_grandis","genus":"Eucalyptus","species":"grandis","suitability_name":"Marginally suitable","suitability_rank":3,"source_layer":"KCFP_SSMT_Kenya","tz":null,"soil_description":null},"geometry":{"type":"Polygon","coordinates":[[[38.2054254542,-3.0335176518],[38.2020648637,-3.0313013982],[38.2063702932,-3.0313045783],[38.2054254542,-3.0335176518]]]}},{"type":"Feature","properties":{"country":"Kenya","country_code":"KEN","species_name":"Eucalyptus_grandis","genus":"Eucalyptus","species":"grandis","suitability_name":"Marginally suitable","suitability_rank":3,"source_layer":"KCFP_SSMT_Kenya","tz":null,"soil_description":null},"geometry":{"type":"Polygon","coordinates":[[[38.1903688389,-3.0235879334],[38.1901024427,-3.0229048493],[38.1923962878,-3.0229065651],[38.2007330831,-3.0229192476],[38.2007275875,-3.0304194822],[38.1903688389,-3.0235879334]]]}},{"type":"Feature","properties":{"country":"Kenya","country_code":"KEN","species_name":"Eucalyptus_grandis","genus":"Eucalyptus","species":"grandis","suitability_name":"Marginally suitable","suitability_rank":3,"source_layer":"KCFP_SSMT_Kenya","tz":null,"soil_description":null},"geometry":{"type":"Polygon","coordinates":[[[38.1423991972,-3.0139295784],[38.1427825496,-3.0144872738],[38.1423987608,-3.0144869711],[38.1423991972,-3.0139295784]]]}},{"type":"Feature","properties":{"country":"Kenya","country_code":"KEN","species_name":"Eucalyptus_grandis","genus":"Eucalyptus","species":"grandis","suitability_name":"Marginally suitable","suitability_rank":3,"source_layer":"KCFP_SSMT_Kenya","tz":null,"soil_description":null},"geometry":{"type":"Polygon","coordinates":[[[38.0308593587,-1.1620816653],[38.0252757172,-1.1826389479],[38.0202479317,-1.2398153821],[38.0203816831,-1.2656631217],[38.0408988454,-1.2939277598],[38.0525075649,-1.3166558625],[38.0597473031,-1.3409460427],[38.0624178897,-1.3640763144],[38.0614533839,-1.3801398188],[38.0600397096,-1.380139256],[38.0600297465,-1.4052823458],[38.0611263224,-1.4052827896],[38.0624279736,-1.4217384759],[38.0683473272,-1.4300292617],[38.0683437756,-1.4388098932],[38.0766713856,-1.4388132992],[38.0766577485,-1.4723375596],[38.0433469333,-1.4723234265],[38.0433433502,-1.4807044093],[38.0350315642,-1.4807007833],[38.0350315696,-1.4806883641],[38.0350156708,-1.4806883572],[38.0350192797,-1.4723198141],[38.026707513,-1.4723161783],[38.0267075184,-1.4723037266],[38.0266916512,-1.4723037205],[38.0266952706,-1.4639352292],[38.0017125905,-1.4639241765],[38.0017088782,-1.4722926037],[37.9850695077,-1.4722850438],[37.985069502,-1.4722974962],[37.9850537959,-1.472297489],[37.9850499993,-1.4806659042],[37.9747970496,-1.4806611567],[37.9806016593,-1.4768443324],[37.9951020902,-1.4613759672],[38.0013730243,-1.4396772979],[38.0037455246,-1.4188656503],[38.0040395867,-1.4023969439],[38.0022467739,-1.3923196474],[37.9953973493,-1.38495531],[37.9938257622,-1.3748776607],[37.9917931469,-1.3691491942],[37.9837654965,-1.3677255046],[37.9701810237,-1.3841179953],[37.9620169822,-1.4218205148],[37.9564031099,-1.4387485465],[37.9434476399,-1.4387425459],[37.9434398829,-1.4555040631],[37.935112517,-1.4555001217],[37.9351203351,-1.4387386508],[37.9267930538,-1.4387347241],[37.9267891256,-1.447115437],[37.9184618368,-1.4471114568],[37.9184697301,-1.4303500747],[37.9101425241,-1.4303461111],[37.9101464668,-1.4219654432],[37.9184736428,-1.4219693836],[37.9184775324,-1.413588691],[37.9018232645,-1.4135808249],[37.9018271906,-1.4052001792],[37.9101542836,-1.405204103],[37.9101581568,-1.3968234333],[37.9018310933,-1.396819532],[37.9018349727,-1.3884388842],[37.9101620058,-1.388442762],[37.9101658326,-1.3800620911],[37.9018388287,-1.3800582367],[37.9018426613,-1.3716775877],[37.8935157089,-1.3716737275],[37.8935118472,-1.380054352],[37.8851848893,-1.3800504399],[37.88518878,-1.3716698382],[37.8768618749,-1.3716659198],[37.8768657717,-1.3632853415],[37.8935195479,-1.3632931015],[37.8935233616,-1.3549124749],[37.8851964912,-1.3549086331],[37.8852116271,-1.3213862177],[37.8768848925,-1.3213824429],[37.8768811162,-1.3297630233],[37.8685543775,-1.3297591972],[37.8685877502,-1.2543341654],[37.8769142434,-1.2543377752],[37.8769283454,-1.2208154276],[37.885254758,-1.220818915],[37.8852581971,-1.2124383025],[37.8935846078,-1.2124417411],[37.893591366,-1.1956804671],[37.9102441551,-1.1956871712],[37.9102474495,-1.1873064864],[37.9185738533,-1.1873097771],[37.9185770986,-1.1789290695],[37.9269035014,-1.178932311],[37.9269130246,-1.1537901141],[37.9352393763,-1.1537932628],[37.9352424819,-1.1454125072],[37.9435688311,-1.1454156087],[37.9435718892,-1.137034829],[37.9518982368,-1.1370378836],[37.9519042387,-1.1202762786],[37.968556907,-1.1202822264],[37.968559826,-1.1119013782],[37.9852125341,-1.111907187],[37.9852153854,-1.1035262945],[37.9935417498,-1.1035291427],[37.9935445563,-1.0951482281],[38.0018709172,-1.0951510306],[38.0018745285,-1.0841799592],[38.0127871299,-1.0909940221],[38.0251506561,-1.0929032418],[38.0316112303,-1.0821821083],[38.0289141808,-1.0656916763],[38.0206725193,-1.062669984],[38.0185344102,-1.0617328048],[38.0185396867,-1.044870687],[38.0351922853,-1.044875879],[38.035189718,-1.053256901],[38.0768216817,-1.0532695935],[38.0768192056,-1.0616507169],[38.0851456797,-1.0616532079],[38.0851481345,-1.0532720657],[38.0934746057,-1.0532745138],[38.0934763607,-1.0471868819],[38.1010861135,-1.0789731541],[38.104460836,-1.0961544342],[38.1007513967,-1.1073470499],[38.0830723597,-1.1147916863],[38.0704297431,-1.1234129288],[38.0518552271,-1.1260521871],[38.0390337581,-1.121169931],[38.0271191987,-1.1201852367],[38.0229640648,-1.1288536772],[38.0295327456,-1.147196923],[38.0308593587,-1.1620816653]],[[38.0018293308,-1.1705930421],[38.0101558967,-1.1705960128],[38.0101588252,-1.162215092],[38.0018322831,-1.1622121426],[38.0018293308,-1.1705930421]]]}},{"type":"Feature","properties":{"country":"Kenya","country_code":"KEN","species_name":"Eucalyptus_grandis","genus":"Eucalyptus","species":"grandis","suitability_name":"Marginally suitable","suitability_rank":3,"source_layer":"KCFP_SSMT_Kenya","tz":null,"soil_description":null},"geometry":{"type":"Polygon","coordinates":[[[38.0351121438,-1.237652625],[38.0351091035,-1.2460336038],[38.0267822454,-1.2460305211],[38.0268132319,-1.2041257303],[38.0351240961,-1.2041287045],[38.0351211427,-1.2124962332],[38.0434479128,-1.2125126594],[38.0434419939,-1.2292612727],[38.0434390011,-1.2376423052],[38.0351121438,-1.237652625]]]}},{"type":"Feature","properties":{"country":"Kenya","country_code":"KEN","species_name":"Eucalyptus_grandis","genus":"Eucalyptus","species":"grandis","suitability_name":"Marginally suitable","suitability_rank":3,"source_layer":"KCFP_SSMT_Kenya","tz":null,"soil_description":null},"geometry":{"type":"Polygon","coordinates":[[[38.1600257832,-1.2094156411],[38.1552532381,-1.2041688342],[38.1600273924,-1.204170319],[38.1600257832,-1.2094156411]]]}},{"type":"Feature","properties":{"country":"Kenya","country_code":"KEN","species_name":"Eucalyptus_grandis","genus":"Eucalyptus","species":"grandis","suitability_name":"Marginally suitable","suitability_rank":3,"source_layer":"KCFP_SSMT_Kenya","tz":null,"soil_description":null},"geometry":{"type":"Polygon","coordinates":[[[38.1517015721,-1.200286907],[38.1444554462,-1.195784207],[38.1517029563,-1.1957864707],[38.1517015721,-1.200286907]]]}},{"type":"Feature","properties":{"country":"Kenya","country_code":"KEN","species_name":"Eucalyptus_grandis","genus":"Eucalyptus","species":"grandis","suitability_name":"Marginally suitable","suitability_rank":3,"source_layer":"KCFP_SSMT_Kenya","tz":null,"soil_description":null},"geometry":{"type":"Polygon","coordinates":[[[38.1433785708,-1.1874026328],[38.1433761894,-1.1951135605],[38.1309317143,-1.187380578],[38.1292203124,-1.1790169756],[38.1350542344,-1.1790188059],[38.1350516394,-1.1874000234],[38.1433785708,-1.1874026328]]]}},{"type":"Feature","properties":{"country":"Kenya","country_code":"KEN","species_name":"Eucalyptus_grandis","genus":"Eucalyptus","species":"grandis","suitability_name":"Marginally suitable","suitability_rank":3,"source_layer":"KCFP_SSMT_Kenya","tz":null,"soil_description":null},"geometry":{"type":"Polygon","coordinates":[[[38.309939666,-1.1087233439],[38.309938905,-1.1120015618],[38.3082377769,-1.112001161],[38.309939666,-1.1087233439]]]}},{"type":"Feature","properties":{"country":"Kenya","country_code":"KEN","species_name":"Eucalyptus_grandis","genus":"Eucalyptus","species":"grandis","suitability_name":"Marginally suitable","suitability_rank":3,"source_layer":"KCFP_SSMT_Kenya","tz":null,"soil_description":null},"geometry":{"type":"Polygon","coordinates":[[[38.3125818777,-1.1036344463],[38.314878953,-1.0992102552],[38.3119355545,-1.0907250166],[38.3032153251,-1.0911369927],[38.2940243337,-1.0977135458],[38.2933045997,-1.0998400376],[38.2933095731,-1.0784852716],[38.30994657,-1.0784891136],[38.3099446759,-1.0868706865],[38.3182716637,-1.0868725898],[38.3182678758,-1.1036357634],[38.3125818777,-1.1036344463]]]}},{"type":"Feature","properties":{"country":"Kenya","country_code":"KEN","species_name":"Eucalyptus_grandis","genus":"Eucalyptus","species":"grandis","suitability_name":"Marginally suitable","suitability_rank":3,"source_layer":"KCFP_SSMT_Kenya","tz":null,"soil_description":null},"geometry":{"type":"Polygon","coordinates":[[[38.3016260063,-1.0500906865],[38.3067254944,-1.0533296058],[38.3016252866,-1.0533284597],[38.3016260063,-1.0500906865]]]}},{"type":"Feature","properties":{"country":"Kenya","country_code":"KEN","species_name":"Eucalyptus_grandis","genus":"Eucalyptus","species":"grandis","suitability_name":"Marginally suitable","suitability_rank":3,"source_layer":"KCFP_SSMT_Kenya","tz":null,"soil_description":null},"geometry":{"type":"Polygon","coordinates":[[[38.0185422774,-1.0364897054],[38.0185396867,-1.044870687],[38.0102134173,-1.0448680577],[38.0102160308,-1.0364870971],[38.0185422774,-1.0364897054]]]}},{"type":"Feature","properties":{"country":"Kenya","country_code":"KEN","species_name":"Eucalyptus_grandis","genus":"Eucalyptus","species":"grandis","suitability_name":"Marginally suitable","suitability_rank":3,"source_layer":"KCFP_SSMT_Kenya","tz":null,"soil_description":null},"geometry":{"type":"Polygon","coordinates":[[[38.0103273134,-0.5755336869],[38.0103273106,-0.5755495906],[38.0103115117,-0.5755495878],[38.0103115144,-0.5755336842],[38.0103273134,-0.5755336869]]]}},{"type":"Feature","properties":{"country":"Kenya","country_code":"KEN","species_name":"Eucalyptus_grandis","genus":"Eucalyptus","species":"grandis","suitability_name":"Marginally suitable","suitability_rank":3,"source_layer":"KCFP_SSMT_Kenya","tz":null,"soil_description":null},"geometry":{"type":"Polygon","coordinates":[[[38.0269861045,-0.5252504356],[38.026984798,-0.5336314591],[38.0269689362,-0.5336314566],[38.0269702427,-0.5252504323],[38.0269861045,-0.5252504356]]]}},{"type":"Feature","properties":{"country":"Kenya","country_code":"KEN","species_name":"Eucalyptus_grandis","genus":"Eucalyptus","species":"grandis","suitability_name":"Marginally suitable","suitability_rank":3,"source_layer":"KCFP_SSMT_Kenya","tz":null,"soil_description":null},"geometry":{"type":"Polygon","coordinates":[[[38.0186475827,-0.5085032785],[38.011759381,-0.5085022215],[38.0117481513,-0.5084860583],[38.0186634163,-0.5084871194],[38.0186621378,-0.5168842523],[38.0186475827,-0.5085032785]]]}},{"type":"Feature","properties":{"country":"Kenya","country_code":"KEN","species_name":"Eucalyptus_grandis","genus":"Eucalyptus","species":"grandis","suitability_name":"Marginally suitable","suitability_rank":3,"source_layer":"KCFP_SSMT_Kenya","tz":null,"soil_description":null},"geometry":{"type":"Polygon","coordinates":[[[38.006947389,0.1954979707],[38.0069447165,0.1955168422],[38.0057580047,0.2038977475],[38.004571271,0.2122786465],[38.0039294631,0.2168111246],[38.0041013628,0.2206406192],[38.0103538265,0.2206410393],[38.0103543677,0.2122790202],[38.0103548908,0.2038980326],[38.0103553921,0.1955170459],[38.006947389,0.1954979707]]]}},{"type":"Feature","properties":{"country":"Kenya","country_code":"KEN","species_name":"Eucalyptus_grandis","genus":"Eucalyptus","species":"grandis","suitability_name":"Marginally suitable","suitability_rank":3,"source_layer":"KCFP_SSMT_Kenya","tz":null,"soil_description":null},"geometry":{"type":"Polygon","coordinates":[[[37.9633874836,0.2031265873],[37.9508151268,0.1903144513],[37.9520826266,0.1786250722],[37.9520829687,0.1724808798],[37.9463914612,0.1667268838],[37.9274385083,0.1694096978],[37.9094393032,0.1575845582],[37.8805674732,0.1602475748],[37.868879765,0.1520626032],[37.8598403718,0.1565788279],[37.8601630943,0.1619664078],[37.8615244248,0.1846944816],[37.8443710386,0.1901918363],[37.8352815439,0.2074035489],[37.856912664,0.2128881732],[37.8605087376,0.2238945904],[37.8631388308,0.2319445349],[37.8794326746,0.2457734908],[37.901803507,0.2647602598],[37.90986314,0.2801932753],[37.9187760956,0.2815912616],[37.9215785129,0.2820308164],[37.9306414271,0.2729805408],[37.9406926403,0.2411697196],[37.9632569317,0.2357739531],[37.9687289112,0.2294704044],[37.9687295325,0.2206381931],[37.9740937504,0.2206385655],[37.9689697619,0.2122573623],[37.9687300986,0.2122573463],[37.9687301245,0.2118653929],[37.9633874836,0.2031265873]]]}},{"type":"Feature","properties":{"country":"Kenya","country_code":"KEN","species_name":"Eucalyptus_grandis","genus":"Eucalyptus","species":"grandis","suitability_name":"Marginally suitable","suitability_rank":3,"source_layer":"KCFP_SSMT_Kenya","tz":null,"soil_description":null},"geometry":{"type":"Polygon","coordinates":[[[37.968724955,0.2793041179],[37.9770498085,0.2793048494],[37.977049073,0.2876857182],[37.9853739524,0.2876864666],[37.9853716354,0.312829135],[37.9936965563,0.312829942],[37.993694064,0.3379726741],[38.0020190278,0.3379735388],[38.0020154364,0.3714972652],[38.0103404504,0.3714982079],[38.0103385434,0.3882601127],[38.0186635946,0.3882610896],[38.0186606017,0.4134040088],[38.0269856991,0.4134050402],[38.0269825446,0.4385480205],[38.0186574202,0.4385469263],[38.0186551964,0.4553088704],[38.0103300741,0.4553077247],[38.0103312055,0.4469267739],[37.9974000978,0.4469250083],[37.9997127348,0.463707077],[38.0002184575,0.4673770213],[38.0020187818,0.4693183693],[38.0045879021,0.4720887374],[38.0103426583,0.4782942857],[38.0123610989,0.4804708405],[38.0186665524,0.4872702361],[38.020134312,0.4888529749],[38.0356807893,0.505617332],[38.0436396192,0.5056185181],[38.0436408355,0.4972374517],[38.051966122,0.4972386615],[38.0519643058,0.509811326],[38.0587492576,0.4947964033],[38.0598275481,0.4502696474],[38.0536290591,0.4221428419],[38.0495599774,0.4134275032],[38.0436518788,0.413426789],[38.0436528714,0.4050457223],[38.0456467238,0.405045958],[38.0366334684,0.3857411773],[38.051980017,0.3877857558],[38.0557270036,0.3882849516],[38.0573744007,0.388504429],[38.0581693026,0.3882852268],[38.0686146453,0.3854048062],[38.0686152405,0.3798856818],[38.060290075,0.3798847744],[38.0602927012,0.3547415449],[38.0519835366,0.3547406917],[38.051967578,0.35474069],[38.0519684198,0.3463790852],[38.0519708294,0.3212164627],[38.0436457549,0.3212156818],[38.0436480008,0.2960725709],[38.0353229679,0.2960718448],[38.0353243747,0.2793098114],[38.018690223,0.2793084249],[38.0186743941,0.2793084236],[38.0186750773,0.2709466104],[38.0103501251,0.2709267667],[38.0103507946,0.2625458124],[38.005982126,0.2625454635],[38.006359077,0.2709455998],[38.0064165828,0.2722271215],[38.0057230384,0.2709455464],[38.0020409558,0.2709452425],[38.0020415055,0.2641425909],[37.9966516226,0.2541828906],[37.9937173521,0.2541826608],[37.9937173545,0.2541635639],[37.9937020369,0.2487325176],[37.986714753,0.2358211791],[37.9853939341,0.2342788648],[37.9750449708,0.2221944625],[37.9687289112,0.2294704044],[37.968724955,0.2793041179]]]}},{"type":"Feature","properties":{"country":"Kenya","country_code":"KEN","species_name":"Eucalyptus_grandis","genus":"Eucalyptus","species":"grandis","suitability_name":"Marginally suitable","suitability_rank":3,"source_layer":"KCFP_SSMT_Kenya","tz":null,"soil_description":null},"geometry":{"type":"Polygon","coordinates":[[[37.9581420163,2.2655460359],[37.9581556212,2.2655728852],[37.9596044952,2.2655739313],[37.9581420163,2.2655460359]]]}},{"type":"Feature","properties":{"country":"Kenya","country_code":"KEN","species_name":"Eucalyptus_grandis","genus":"Eucalyptus","species":"grandis","suitability_name":"Marginally suitable","suitability_rank":3,"source_layer":"KCFP_SSMT_Kenya","tz":null,"soil_description":null},"geometry":{"type":"Polygon","coordinates":[[[37.9596180518,2.268458984],[37.9596044952,2.2655739313],[37.959602457,2.2684282084],[37.9596180518,2.268458984]]]}},{"type":"Feature","properties":{"country":"Kenya","country_code":"KEN","species_name":"Eucalyptus_grandis","genus":"Eucalyptus","species":"grandis","suitability_name":"Marginally suitable","suitability_rank":3,"source_layer":"KCFP_SSMT_Kenya","tz":null,"soil_description":null},"geometry":{"type":"Polygon","coordinates":[[[37.9679297493,2.2739606703],[37.9623902096,2.2739298054],[37.9624038308,2.2739566863],[37.9679297493,2.2739606703]]]}},{"type":"Feature","properties":{"country":"Kenya","country_code":"KEN","species_name":"Eucalyptus_grandis","genus":"Eucalyptus","species":"grandis","suitability_name":"Marginally suitable","suitability_rank":3,"source_layer":"KCFP_SSMT_Kenya","tz":null,"soil_description":null},"geometry":{"type":"Polygon","coordinates":[[[37.9679238023,2.282314513],[37.9679394526,2.2823145243],[37.9679453995,2.2739606815],[37.9679297493,2.2739606703],[37.9679238023,2.282314513]]]}},{"type":"Feature","properties":{"country":"Kenya","country_code":"KEN","species_name":"Eucalyptus_grandis","genus":"Eucalyptus","species":"grandis","suitability_name":"Marginally suitable","suitability_rank":3,"source_layer":"KCFP_SSMT_Kenya","tz":null,"soil_description":null},"geometry":{"type":"Polygon","coordinates":[[[37.9845864592,2.282326441],[37.9679394526,2.2823145243],[37.9679394325,2.2823414271],[37.9845864403,2.2823533439],[37.9845864592,2.282326441]]]}},{"type":"Feature","properties":{"country":"Kenya","country_code":"KEN","species_name":"Eucalyptus_grandis","genus":"Eucalyptus","species":"grandis","suitability_name":"Marginally suitable","suitability_rank":3,"source_layer":"KCFP_SSMT_Kenya","tz":null,"soil_description":null},"geometry":{"type":"Polygon","coordinates":[[[37.9846021536,2.2823533551],[37.9845864403,2.2823533439],[37.9845746537,2.2990879507],[37.9845903673,2.2990879628],[37.9846021536,2.2823533551]]]}},{"type":"Feature","properties":{"country":"Kenya","country_code":"KEN","species_name":"Eucalyptus_grandis","genus":"Eucalyptus","species":"grandis","suitability_name":"Marginally suitable","suitability_rank":3,"source_layer":"KCFP_SSMT_Kenya","tz":null,"soil_description":null},"geometry":{"type":"Polygon","coordinates":[[[37.9316495339,2.2990491111],[37.926259227,2.2934758341],[37.9262550694,2.2990450414],[37.9316495339,2.2990491111]]]}},{"type":"Feature","properties":{"country":"Kenya","country_code":"KEN","species_name":"Eucalyptus_grandis","genus":"Eucalyptus","species":"grandis","suitability_name":"Marginally suitable","suitability_rank":3,"source_layer":"KCFP_SSMT_Kenya","tz":null,"soil_description":null},"geometry":{"type":"Polygon","coordinates":[[[37.9845903482,2.2991149309],[37.9929060931,2.2991208542],[37.992906112,2.2990938861],[37.9845903673,2.2990879628],[37.9845903482,2.2991149309]]]}},{"type":"Feature","properties":{"country":"Kenya","country_code":"KEN","species_name":"Eucalyptus_grandis","genus":"Eucalyptus","species":"grandis","suitability_name":"Marginally suitable","suitability_rank":3,"source_layer":"KCFP_SSMT_Kenya","tz":null,"soil_description":null},"geometry":{"type":"Polygon","coordinates":[[[37.9929002069,2.3075016613],[37.9929218381,2.2991208645],[37.9929060931,2.2991208542],[37.9929002069,2.3075016613]]]}},{"type":"Feature","properties":{"country":"Kenya","country_code":"KEN","species_name":"Eucalyptus_grandis","genus":"Eucalyptus","species":"grandis","suitability_name":"Marginally suitable","suitability_rank":3,"source_layer":"KCFP_SSMT_Kenya","tz":null,"soil_description":null},"geometry":{"type":"Polygon","coordinates":[[[37.9512181719,2.3409670406],[37.9595497876,2.3409732834],[37.9595435959,2.3493539652],[37.9984971498,2.3493825909],[37.9966239366,2.3470641067],[38.001214129,2.3325996099],[38.0012258947,2.3158613646],[37.9928943184,2.315855436],[37.9929002069,2.3075016613],[37.9845844144,2.3074957154],[37.984572479,2.3242572852],[37.969414901,2.3242462437],[37.9687332386,2.3251344465],[37.9664271893,2.3242440489],[37.959577702,2.3242389912],[37.9595796322,2.3216000846],[37.9498132486,2.3178290466],[37.9345841213,2.3020832904],[37.9345676221,2.3241931745],[37.9512305873,2.3242057178],[37.9512181719,2.3409670406]]]}}]}