{"type":"FeatureCollection","features":[{"type":"Feature","properties":{"country":"Kenya","country_code":"KEN","species_name":"Eucalyptus_nitens","genus":"Eucalyptus","species":"nitens","suitability_name":"Marginally suitable","suitability_rank":3,"source_layer":"KCFP_SSMT_Kenya","tz":null,"soil_description":null},"geometry":{"type":"Polygon","coordinates":[[[34.7247494915,-1.0755471151],[34.7164453075,-1.0755353742],[34.7164569377,-1.0671767612],[34.7081528651,-1.0671650892],[34.7081736074,-1.0521227134],[34.708187278,-1.0420895212],[34.7233838926,-1.0421103618],[34.7330995671,-1.0421236487],[34.7330653534,-1.0672000381],[34.741369697,-1.0672116419],[34.7413581339,-1.075570529],[34.7579671365,-1.0755938525],[34.7579555274,-1.0839529194],[34.7586156621,-1.0839538517],[34.7662601862,-1.0839646367],[34.7662367456,-1.1006829505],[34.757932042,-1.1006710515],[34.7579438292,-1.0923119857],[34.7509744078,-1.0923020571],[34.7496392385,-1.0923001542],[34.7496509594,-1.0839411784],[34.724737794,-1.0839058187],[34.7247494915,-1.0755471151]]]}},{"type":"Feature","properties":{"country":"Kenya","country_code":"KEN","species_name":"Eucalyptus_nitens","genus":"Eucalyptus","species":"nitens","suitability_name":"Marginally suitable","suitability_rank":3,"source_layer":"KCFP_SSMT_Kenya","tz":null,"soil_description":null},"geometry":{"type":"Polygon","coordinates":[[[34.7662832686,-1.0672463224],[34.7662854041,-1.0656863149],[34.7663283549,-1.0338096851],[34.7746329707,-1.0338208383],[34.7746439956,-1.0254615882],[34.7829486803,-1.0254726297],[34.7829595942,-1.0171132882],[34.791264347,-1.01712422],[34.7913019798,-0.9877010719],[34.7913070288,-0.9836864881],[34.791397941,-0.9836866037],[34.8079166328,-0.983707569],[34.807937357,-0.9669883419],[34.8098811761,-0.9669907626],[34.8243898091,-0.9670087879],[34.824547234,-0.9670089832],[34.8244949636,-1.0088079393],[34.8161898771,-1.008797184],[34.8161817919,-1.0150971797],[34.8151911349,-1.0121514424],[34.8103930473,-1.0116627413],[34.807147261,-1.0171450647],[34.7995691881,-1.0171351296],[34.799558316,-1.0254946506],[34.7912534526,-1.0254836514],[34.7912424708,-1.0338430814],[34.7829376752,-1.0338319716],[34.7829288617,-1.0404793747],[34.7829265825,-1.042191312],[34.7912313981,-1.0422025125],[34.7912235868,-1.0480606745],[34.7878664688,-1.0505573846],[34.7829153995,-1.050550651],[34.7829104313,-1.0542431785],[34.7790847711,-1.0570882761],[34.7777846066,-1.0672622637],[34.7662832686,-1.0672463224]]]}},{"type":"Feature","properties":{"country":"Kenya","country_code":"KEN","species_name":"Eucalyptus_nitens","genus":"Eucalyptus","species":"nitens","suitability_name":"Marginally suitable","suitability_rank":3,"source_layer":"KCFP_SSMT_Kenya","tz":null,"soil_description":null},"geometry":{"type":"Polygon","coordinates":[[[34.7000027648,-0.9501353163],[34.7000077292,-0.946119815],[34.7000232897,-0.9334184404],[34.7166306746,-0.9334388773],[34.7166131629,-0.9477749253],[34.71377295,-0.9501525717],[34.700747708,-0.9501362512],[34.7000027648,-0.9501353163]]]}},{"type":"Feature","properties":{"country":"Kenya","country_code":"KEN","species_name":"Eucalyptus_nitens","genus":"Eucalyptus","species":"nitens","suitability_name":"Marginally suitable","suitability_rank":3,"source_layer":"KCFP_SSMT_Kenya","tz":null,"soil_description":null},"geometry":{"type":"Polygon","coordinates":[[[34.8246070387,-0.9168502186],[34.8163021735,-0.916840444],[34.8163118501,-0.9084807364],[34.8246166953,-0.9084904228],[34.8246262653,-0.9001306264],[34.832931181,-0.9001402048],[34.8329406419,-0.8917803199],[34.8495507016,-0.8917992423],[34.8495875194,-0.8583589847],[34.8578926077,-0.858368064],[34.8579192435,-0.8332875998],[34.8413092619,-0.8332699543],[34.8413004349,-0.8416299321],[34.8329955591,-0.8416209943],[34.8329866272,-0.8499808838],[34.8246818212,-0.8499718384],[34.8246727831,-0.8583316376],[34.8163680478,-0.8583224869],[34.8163589032,-0.8666821956],[34.7997496626,-0.8666636595],[34.7997572227,-0.8597856125],[34.7997588433,-0.8583041288],[34.7914543744,-0.8582949231],[34.7914634839,-0.8499354825],[34.7831591221,-0.8499263486],[34.7831688408,-0.8409340575],[34.7831817245,-0.8288627872],[34.7841181854,-0.8290584591],[34.7964564782,-0.830069604],[34.8177489596,-0.8269928635],[34.827610938,-0.8236096537],[34.8352153327,-0.8176682769],[34.8355270595,-0.8153882962],[34.8364352293,-0.8086931105],[34.8339875536,-0.8081824254],[34.8413352105,-0.8081900189],[34.8413305786,-0.8127242982],[34.8413266497,-0.8165499972],[34.8579365632,-0.8165672886],[34.8579432554,-0.8100130317],[34.8579535309,-0.7998469757],[34.874563728,-0.7998638456],[34.874572047,-0.7915035122],[34.8828772601,-0.791511834],[34.8828936029,-0.77479099],[34.8745884225,-0.774782844],[34.8745964791,-0.7664225102],[34.8662914022,-0.766414436],[34.8663026387,-0.754622482],[34.8663072839,-0.7496939406],[34.8496974574,-0.7496780971],[34.8497130506,-0.7329579544],[34.8580178904,-0.7329657071],[34.8580206492,-0.729961781],[34.8580255403,-0.7246055468],[34.8746354506,-0.7246208296],[34.8746456555,-0.7132701709],[34.8746504272,-0.707900155],[34.8580405768,-0.7078852248],[34.8580479634,-0.6995250633],[34.8497431844,-0.6995176643],[34.8497577231,-0.682797517],[34.8580624732,-0.6828047391],[34.8580904396,-0.6493640863],[34.8532551113,-0.6493600889],[34.8248721904,-0.6493365308],[34.824874484,-0.6465386106],[34.8248829502,-0.6361093941],[34.8248910763,-0.6259344163],[34.8248924033,-0.6242571019],[34.825707905,-0.6242577548],[34.8331967934,-0.6242637444],[34.8332033412,-0.6159038451],[34.8415078057,-0.6159103857],[34.8415206118,-0.5991904086],[34.84982514,-0.5991967589],[34.8498375671,-0.5824766033],[34.8581421585,-0.5824827633],[34.8581482286,-0.5741225966],[34.8693388517,-0.5741307602],[34.8747576512,-0.5741347054],[34.8747516054,-0.5824950493],[34.880559898,-0.5824993328],[34.8830564586,-0.5825011735],[34.8830586775,-0.5794419325],[34.8830624933,-0.5741407425],[34.8913674226,-0.5741467667],[34.8913792048,-0.5574257275],[34.8996841975,-0.5574315645],[34.8996899456,-0.5490709583],[34.9163001693,-0.5490824225],[34.916304817,-0.5422010862],[34.9163058086,-0.5407216405],[34.9246110385,-0.5407272682],[34.92461658,-0.532366398],[34.9495327536,-0.5323829538],[34.9495232045,-0.5467975614],[34.9495216521,-0.5491052122],[34.958330994,-0.5491112242],[34.974198907,-0.5491220204],[34.9744386661,-0.5491221832],[34.9744442265,-0.5407607957],[34.9914452824,-0.5407721397],[34.9993619733,-0.5407774058],[34.999356448,-0.5491390501],[35.0076625451,-0.5491446484],[35.0076580194,-0.5559137751],[35.0076569466,-0.5575063785],[35.0118907236,-0.5575092706],[35.0242694176,-0.5575177122],[35.024274993,-0.549155812],[35.0334310396,-0.549161946],[35.0298631506,-0.5906364731],[35.0309511269,-0.6208393371],[35.0382677351,-0.6213462845],[35.0410554341,-0.5918622344],[35.0445761213,-0.5819766279],[35.0496136405,-0.5815540585],[35.0532658644,-0.5798663837],[35.0529672875,-0.5649814226],[35.0515143674,-0.5575361977],[35.0574953695,-0.5575402387],[35.0575008986,-0.5491780015],[35.0658075843,-0.5491835198],[35.0657672114,-0.6077197609],[35.0574604401,-0.6077136554],[35.0574505102,-0.621237695],[35.0574354824,-0.6411625935],[35.0580854176,-0.641163098],[35.0657423051,-0.6411690361],[35.0657358711,-0.6495313538],[35.0740427898,-0.6495378667],[35.0740230264,-0.6746250694],[35.0657160653,-0.6746183049],[35.0657024449,-0.6913429372],[35.0573955386,-0.6913359904],[35.0573885888,-0.6996982219],[35.0656955097,-0.6997052528],[35.0656945899,-0.7008078316],[35.0631394635,-0.7007930978],[35.0575677329,-0.7090518949],[35.0500501855,-0.7066984587],[35.0490432629,-0.6921672147],[35.0451258237,-0.6956010906],[35.0418878774,-0.6992694393],[35.0421942536,-0.715402959],[35.0489056638,-0.7306518682],[35.0551582177,-0.7463720392],[35.0536678724,-0.7594944343],[35.0422412456,-0.783150636],[35.031409321,-0.7920654097],[35.0251319576,-0.8023960463],[35.0166046207,-0.809480316],[35.0113933671,-0.8041468512],[35.0065891221,-0.8041153632],[35.005620683,-0.8100972453],[35.0064425738,-0.8204748714],[35.0031148029,-0.8328923076],[35.0098231197,-0.8523489916],[35.0004217161,-0.8515432975],[34.9937182238,-0.8597923503],[34.9903312891,-0.8629260814],[34.9865620861,-0.8664220517],[34.9788986124,-0.8792771086],[34.9776668678,-0.8880185629],[34.9826143437,-0.8963565649],[34.9866377858,-0.9065191212],[34.9825158741,-0.9233507616],[34.9777794708,-0.9248642004],[34.9748190919,-0.925385073],[34.9657937257,-0.9253747354],[34.9657919152,-0.9269733565],[34.965183296,-0.9270804379],[34.9602108467,-0.9206046337],[34.960066874,-0.9118561026],[34.9689445636,-0.8914191002],[34.9708300108,-0.8614778856],[34.966872693,-0.8448514367],[34.9571686099,-0.8311891584],[34.9474381828,-0.8207572249],[34.946177859,-0.8099102771],[34.9364187421,-0.8013244407],[34.9320508411,-0.8045133756],[34.9291148543,-0.8076828071],[34.9288601294,-0.8283926883],[34.9329303254,-0.8324059919],[34.9404255593,-0.8366061704],[34.9470410516,-0.8387262596],[34.9496708883,-0.8504948806],[34.9529914785,-0.8624981999],[34.9609102254,-0.8706250968],[34.9638032157,-0.8789375032],[34.9616025966,-0.8934430931],[34.9462555188,-0.8963243442],[34.9379909835,-0.9004208646],[34.935809178,-0.9130607977],[34.943260398,-0.9246231235],[34.9562330114,-0.9313902974],[34.9522517366,-0.941028233],[34.9437395469,-0.9467297186],[34.9365980669,-0.9526650529],[34.9268867098,-0.9638720304],[34.9179822773,-0.9729092911],[34.919295112,-0.9686510764],[34.916766495,-0.9638269226],[34.9137708882,-0.9551978128],[34.910201697,-0.9516286218],[34.9044909913,-0.9509147838],[34.8944972547,-0.9541270565],[34.8873588718,-0.9612654396],[34.8826894428,-0.9630486307],[34.8826946339,-0.9587201748],[34.8743890549,-0.9587100946],[34.8743990353,-0.950349771],[34.8660935636,-0.9503397588],[34.8661133014,-0.9336192835],[34.8578079568,-0.9336094279],[34.8578177136,-0.9252492791],[34.8412073268,-0.9252296859],[34.8412047097,-0.9274706106],[34.839020393,-0.9296561879],[34.8372602454,-0.9335849598],[34.8328924504,-0.9335797431],[34.8329019844,-0.9254603576],[34.8329022656,-0.9252198592],[34.8245972917,-0.925210014],[34.8246070387,-0.9168502186]],[[34.926374305,-0.7765984433],[34.9316503609,-0.7738699015],[34.9338951958,-0.7704838868],[34.9285571874,-0.7625546168],[34.9097237763,-0.7476818606],[34.8919863182,-0.7369611777],[34.8784656146,-0.7331754608],[34.8766116058,-0.7403459731],[34.8807756626,-0.7465920583],[34.8936988776,-0.7585638013],[34.8963394322,-0.7602619911],[34.9099609512,-0.7704897368],[34.9192966837,-0.7747055271],[34.926374305,-0.7765984433]],[[34.9966408717,-0.6959627202],[34.9944346491,-0.7118447432],[34.9860066628,-0.7325288158],[34.9824169566,-0.7488643717],[34.9726717623,-0.7644731689],[34.9622477561,-0.7789150782],[34.959887783,-0.7865085472],[34.9634734791,-0.7941323331],[34.9724717572,-0.7852112684],[34.9855647991,-0.7555747798],[34.9992273702,-0.7365412336],[35.0073036746,-0.72898636],[35.0140298231,-0.7193606993],[35.0171359749,-0.7050879399],[35.0109384795,-0.6829262438],[34.9982328515,-0.6475800398],[34.9926832753,-0.6300240056],[34.9875748278,-0.6096808493],[34.9831254489,-0.6007015029],[34.9813373073,-0.5971206583],[34.9758638601,-0.5939696162],[34.9710473767,-0.5955498724],[34.9772588381,-0.6167869744],[34.9866285402,-0.641974697],[34.9926275538,-0.660444036],[34.9954342199,-0.6784376859],[34.9966408717,-0.6959627202]],[[35.0385198617,-0.6679014275],[35.0444790174,-0.6660938673],[35.0521053801,-0.6571629198],[35.0478801872,-0.6449157986],[35.0435803495,-0.6398173852],[35.0319384291,-0.6374332914],[35.0232170005,-0.6410630314],[35.021108073,-0.6468113106],[35.0217666077,-0.6493531652],[35.0287990326,-0.656312334],[35.0385198617,-0.6679014275]],[[34.8899876214,-0.608830186],[34.8949154576,-0.6201512455],[34.9078588709,-0.6301512185],[34.914267137,-0.6288137518],[34.9113590311,-0.6223393214],[34.9079614112,-0.6120204437],[34.9044900348,-0.5983271366],[34.9013653764,-0.5902427592],[34.8961197707,-0.5892901648],[34.8914917085,-0.5947873696],[34.8899876214,-0.608830186]],[[34.9142515294,-0.7039244708],[34.903430787,-0.7116895918],[34.8997256921,-0.7171942109],[34.9079293666,-0.7193206391],[34.9273480114,-0.7212994852],[34.9354741765,-0.7331069277],[34.9383351485,-0.7441871961],[34.9428549751,-0.7495206039],[34.949920866,-0.751874763],[34.9531798688,-0.7461351418],[34.9557476404,-0.7403871469],[34.9617268622,-0.7372051063],[34.9631990747,-0.7268437754],[34.9543347058,-0.7201035732],[34.9390646034,-0.7156232365],[34.9340490042,-0.7135114912],[34.9368583853,-0.7063880497],[34.9535442658,-0.7076547283],[34.9652186783,-0.706583447],[34.972615392,-0.6981065059],[34.9710915137,-0.689802178],[34.9633214755,-0.6888245847],[34.9515958887,-0.6958857595],[34.933746125,-0.6980677011],[34.9397804104,-0.6884344712],[34.9519133765,-0.686674829],[34.959022238,-0.6839525907],[34.9546029392,-0.6677982305],[34.9578946896,-0.6586019412],[34.9476376947,-0.6546146138],[34.9408784563,-0.668628061],[34.932990491,-0.6805525441],[34.9244654069,-0.6874109286],[34.9195730311,-0.6970517667],[34.9142515294,-0.7039244708]]]}},{"type":"Feature","properties":{"country":"Kenya","country_code":"KEN","species_name":"Eucalyptus_nitens","genus":"Eucalyptus","species":"nitens","suitability_name":"Marginally suitable","suitability_rank":3,"source_layer":"KCFP_SSMT_Kenya","tz":null,"soil_description":null},"geometry":{"type":"Polygon","coordinates":[[[34.9746209088,0.0528981854],[34.9663155254,0.0528976416],[34.966314273,0.0696202632],[34.9746196589,0.0696209799],[34.9746189061,0.0779823766],[34.9663135186,0.077981574],[34.9663126787,0.0863428847],[34.9746180679,0.0863437733],[34.9746171444,0.0947051691],[34.9829226208,0.0947061407],[34.9829205223,0.1114291054],[35.0078374744,0.1114325218],[35.0078385595,0.1030707823],[35.0161443774,0.1030718319],[35.0161453758,0.0947100072],[35.0244512769,0.0947109698],[35.0244502797,0.1030728785],[35.0327562662,0.103073922],[35.0327572605,0.0947119286],[35.0576757177,0.0947147965],[35.057673658,0.1114392886],[35.0622934212,0.1114399125],[35.0659799821,0.1114404092],[35.0659788293,0.1198027387],[35.062336908,0.1198022112],[35.0576725029,0.119801535],[35.0576714841,0.1267190955],[35.0576670467,0.1532505199],[35.0410546217,0.1532474305],[35.0410513788,0.1699715854],[35.0327452853,0.1699698667],[35.0327417002,0.186693853],[35.0410478003,0.1866957399],[35.0410438862,0.2034198949],[35.0327377771,0.203417838],[35.0327397802,0.1950558456],[35.0244337594,0.1950538692],[35.0244317529,0.203415776],[35.0078199558,0.2034116409],[35.0078210551,0.1988913862],[35.0078219706,0.1950499041],[34.9912105202,0.1950459225],[34.9912098675,0.1977812306],[34.9912084962,0.2034074896],[34.9829028942,0.203405407],[34.9829007809,0.2117668875],[34.9912063882,0.2117690565],[34.9912041934,0.2201306233],[34.9828985825,0.2201283696],[34.9828889375,0.2535742932],[34.974583392,0.2535716917],[34.9745663358,0.3037400583],[34.9662608406,0.3037369357],[34.9662511411,0.328820859],[34.9579457115,0.3288174716],[34.9579315533,0.3622623556],[34.9662370118,0.3622660876],[34.9662132533,0.4124339246],[34.9579077462,0.4124296758],[34.9578991253,0.4291521142],[34.9495936863,0.4291476849],[34.9495847044,0.4458699488],[34.941279333,0.4458653367],[34.9412699888,0.4625874275],[34.9329646843,0.4625826327],[34.9329499932,0.4876655071],[34.9246447451,0.4876604419],[34.9246396654,0.4960213127],[34.9163344934,0.4960161503],[34.9163293169,0.5043769338],[34.908024221,0.5043716737],[34.9080189473,0.5127323707],[34.9163240538,0.512737717],[34.9163077454,0.5378200651],[34.9246129714,0.5378256635],[34.9245900617,0.5712691373],[34.9362869492,0.5712774905],[34.9412008654,0.5712809935],[34.941204064,0.566711688],[34.9412066987,0.5629199517],[34.9452844206,0.5629228112],[34.9495122178,0.5629257739],[34.9495149253,0.558994466],[34.9495179534,0.5545646462],[34.9542818796,0.5545679304],[34.9578235466,0.5545703702],[34.9578257776,0.5512770724],[34.9578291849,0.5462091551],[34.9495236031,0.5462035165],[34.949529167,0.5378423873],[34.9578347374,0.5378479396],[34.9578402052,0.5294867238],[34.9661458492,0.5294921786],[34.9661512195,0.5211308765],[34.9827668675,0.5211415844],[34.9895951699,0.5211459709],[34.9910686336,0.5211469175],[34.9910712156,0.5170533076],[34.9910738734,0.5128054077],[34.9910767348,0.5081924574],[34.9910841356,0.4960622364],[34.9993900786,0.4960673048],[34.9994047857,0.4709823659],[35.0077107831,0.4709871681],[35.0077059754,0.4793489],[35.0160120674,0.4793537774],[35.0160114374,0.4877155966],[35.0326196434,0.4877254882],[35.0326245044,0.4793635019],[35.0409308492,0.479368349],[35.040935617,0.4710062779],[35.0575485382,0.4710157733],[35.0575437902,0.479378013],[35.0658503861,0.4793828307],[35.0658406599,0.4961074765],[35.0492275107,0.4960974963],[35.0492190117,0.5102045478],[35.0492174087,0.5128218055],[35.0575239626,0.5128269701],[35.0575187967,0.5211892085],[35.065825445,0.5211944446],[35.0658202066,0.5295567677],[35.0720690317,0.5295607622],[35.0741269493,0.5295620775],[35.0741209573,0.5389879502],[35.0741162448,0.5462868878],[35.0658094797,0.5462814102],[35.0658039911,0.5546437315],[35.0574972978,0.5546381584],[35.0574917142,0.5630003954],[35.0491850928,0.5629947264],[35.0491736509,0.579719031],[35.0657870251,0.5797306936],[35.0657927638,0.5713683732],[35.074099564,0.5713741024],[35.0741052075,0.5630116978],[35.0788109929,0.5630148906],[35.0907190337,0.5630229528],[35.0907077114,0.5797480969],[35.0824007328,0.5797423083],[35.0823890544,0.5964672824],[35.0906960575,0.5964732379],[35.0906840722,0.6131983787],[35.0989911835,0.6132044883],[35.0989788927,0.6299297944],[35.0933287436,0.6299255279],[35.0976600075,0.6338773553],[35.1057605106,0.6210742799],[35.1012948397,0.6147214415],[35.1014145554,0.5547158925],[35.0834812448,0.5401998265],[35.0852832585,0.5329366997],[35.1113602691,0.5156753833],[35.1113256557,0.5320159781],[35.1203023284,0.5365505886],[35.1418486969,0.5347241946],[35.1517937464,0.5011286348],[35.1895349785,0.482859409],[35.1931792009,0.4538046187],[35.188720363,0.433833667],[35.1815536145,0.4265750676],[35.1698641592,0.4293060817],[35.1609108499,0.4219580122],[35.1681112179,0.4083353608],[35.1645367614,0.3992590196],[35.1483514503,0.4101639381],[35.1451865419,0.3874535708],[35.144809251,0.384746532],[35.1349541016,0.3711356645],[35.1135158447,0.3066049594],[35.1198226853,0.29298282],[35.1413509807,0.300228684],[35.1449461801,0.2965945021],[35.1297216776,0.272912198],[35.1351371687,0.2602005683],[35.1432234963,0.2620125689],[35.1405818152,0.2293375066],[35.1576748523,0.2157265837],[35.1640029519,0.2011204527],[35.1801655416,0.2056626707],[35.2044596514,0.2029668825],[35.2232961608,0.2203153435],[35.2314207998,0.2148021498],[35.2431305612,0.2121061477],[35.2511890016,0.2239821668],[35.2124125062,0.2520245439],[35.2069531634,0.2764999982],[35.2213068754,0.2828425099],[35.2487101651,0.2716465881],[35.2517537671,0.2704030603],[35.2570195118,0.2682516129],[35.2744363785,0.2611354039],[35.2853444978,0.2331009022],[35.2997853528,0.2240814537],[35.3006492915,0.2202302034],[35.3016321599,0.2158486931],[35.306884446,0.2189247236],[35.3141981418,0.2232080681],[35.3240271226,0.2413331038],[35.3375022412,0.2504148736],[35.3419902049,0.2531404501],[35.3518918947,0.2531625693],[35.3635896548,0.2369573327],[35.3567284691,0.2369555154],[35.3567306177,0.2285903565],[35.3650398837,0.2285924791],[35.3650419512,0.2202272424],[35.3567326908,0.2202251974],[35.3567346858,0.2118600382],[35.3484255072,0.2118580664],[35.348427425,0.2035118525],[35.3401183324,0.2034910858],[35.3401201772,0.195144918],[35.3401219486,0.1867798819],[35.3484310412,0.1867628217],[35.348432731,0.178397739],[35.3650511319,0.1784010569],[35.3650542651,0.161670582],[35.3484358784,0.1616675761],[35.3484373351,0.1533024941],[35.3401282616,0.1533010632],[35.3401321777,0.1282060507],[35.3235142804,0.1282036517],[35.3235184354,0.0947442605],[35.3152096124,0.0947433698],[35.3152112259,0.078013832],[35.3069024838,0.0780130967],[35.3069043231,0.0529190245],[35.3152130601,0.0529195227],[35.3152133774,0.0472448252],[35.3152189194,0.0445547534],[35.323527766,0.0445551727],[35.3401401906,0.0445560056],[35.3401397394,0.0529210103],[35.3567579129,0.0529219974],[35.3567567811,0.0696523185],[35.3650659877,0.0696529653],[35.3650653074,0.0780182025],[35.4232319066,0.0780232277],[35.4232325761,0.0696574507],[35.4315423926,0.0696580866],[35.4315429857,0.0612922325],[35.4232331697,0.0612916737],[35.4232336874,0.0529258967],[35.4149239484,0.0529254131],[35.4149243913,0.0445597125],[35.4066147294,0.0445593044],[35.4066150971,0.0361936812],[35.3983055113,0.036193349],[35.3983058044,0.0278278018],[35.4066153887,0.0278280563],[35.4066155718,0.0208911363],[35.3816868757,0.02748288],[35.3816868653,0.0278272882],[35.3803845211,0.0278272479],[35.3780145293,0.0284539192],[35.3753539443,0.0278270922],[35.3484554415,0.027826256],[35.3401408629,0.0278259962],[35.3401408624,0.0278441882],[35.3401405651,0.0361910009],[35.3235227057,0.0361903244],[35.3235014329,0.0278254746],[35.3203923638,0.0283395783],[35.3192908175,0.0278253423],[35.3069054567,0.027824953],[35.3069051562,0.0361896429],[35.2985965002,0.0361893015],[35.2985961578,0.0438205101],[35.2985961215,0.0445539134],[35.2954666866,0.0445537549],[35.2908454306,0.0445535205],[35.2902875422,0.0445534921],[35.2902873995,0.0473171783],[35.290287084,0.0529180258],[35.2865479648,0.0529178003],[35.2736701595,0.0529170209],[35.2736706188,0.0445526468],[35.2653622769,0.0445522236],[35.265361898,0.0515232096],[35.2653618156,0.0529165172],[35.257053551,0.0529160124],[35.257053952,0.0457479853],[35.2570540133,0.0445517986],[35.2553330363,0.0445517104],[35.2404377233,0.0445509448],[35.2404372589,0.0529150003],[35.2238212875,0.052913982],[35.2238207402,0.0612778766],[35.2072050856,0.0612766923],[35.2072044573,0.0696404244],[35.1932431787,0.0696392898],[35.1822815748,0.069638396],[35.1822827606,0.0529114198],[35.1739752973,0.0529109029],[35.1739757698,0.0445474959],[35.1656683877,0.0445470605],[35.1656685378,0.0415651466],[35.1654917012,0.0416070761],[35.1601298617,0.0361834999],[35.1407471272,0.0361826707],[35.1407467333,0.0445457488],[35.1324396774,0.0445453097],[35.1324392007,0.0529083063],[35.1241322257,0.0529077837],[35.124131022,0.0696336116],[35.1158241283,0.0696329223],[35.1158236072,0.0757243756],[35.1158234017,0.0779957543],[35.0909032073,0.0779934271],[35.0909039385,0.0696308454],[35.0667384565,0.0696288188],[35.0493719506,0.0696273547],[35.0493731764,0.0529030297],[35.0244549941,0.0529014258],[35.024455485,0.0445395169],[35.0078437873,0.0445386106],[35.0078441947,0.0361768717],[34.999538473,0.0361765037],[34.9995380648,0.0445381565],[34.9746214058,0.0445367894],[34.9746209088,0.0528981854]],[[35.2163589778,0.1541172073],[35.1874891663,0.1703550895],[35.1820262006,0.1875495535],[35.1722951159,0.1440812439],[35.2163589778,0.1541172073]],[[35.0983738027,0.2293629986],[35.0992297968,0.2575040161],[35.1099967893,0.2584029554],[35.1216337216,0.2774576402],[35.1081601981,0.2839138695],[35.0973630156,0.2993549579],[35.0866024834,0.2930087853],[35.0821064579,0.2957356305],[35.0785056947,0.3066317329],[35.0641177419,0.3193513403],[35.0604986376,0.3356936479],[35.0551057596,0.3393285638],[35.05243004,0.3302530232],[35.0731523833,0.2848493391],[35.0579355173,0.2511836741],[35.0660204806,0.2457304051],[35.0821709237,0.2520713716],[35.0983738027,0.2293629986]],[[35.0165394534,0.3157559038],[35.0192370726,0.311215338],[35.0326924932,0.3139283907],[35.0434840562,0.3093816079],[35.0461650418,0.3157337618],[35.0353723922,0.3248191239],[35.0237020124,0.3248277166],[35.0165394534,0.3157559038]]]}},{"type":"Feature","properties":{"country":"Kenya","country_code":"KEN","species_name":"Eucalyptus_nitens","genus":"Eucalyptus","species":"nitens","suitability_name":"Marginally suitable","suitability_rank":3,"source_layer":"KCFP_SSMT_Kenya","tz":null,"soil_description":null},"geometry":{"type":"Polygon","coordinates":[[[34.5424130388,0.8133268616],[34.5291604496,0.8133120767],[34.5258100744,0.813308332],[34.5258042149,0.8186014129],[34.5257914435,0.8300212932],[34.5008876053,0.8299927978],[34.5008970198,0.821636603],[34.492595948,0.8216271653],[34.4925865162,0.8299832641],[34.4759846247,0.8299641446],[34.4759654049,0.8466759539],[34.4676645678,0.8466661749],[34.4676547964,0.8550219823],[34.4593540375,0.8550120889],[34.4593441522,0.8633677992],[34.4510434716,0.8633577909],[34.4510071439,0.8933392607],[34.4653642045,0.9218872001],[34.4675731418,0.9218900368],[34.4676044994,0.8968010122],[34.4593036492,0.8967906353],[34.4593139192,0.888434927],[34.4676147508,0.8884452072],[34.4676249062,0.8800894017],[34.4842268203,0.8801097134],[34.4842467703,0.8633977152],[34.4925478354,0.8634076509],[34.4925379254,0.8717637464],[34.5091403764,0.8717837554],[34.5091304083,0.8801400422],[34.5257332763,0.880160169],[34.5257432078,0.8718036911],[34.5506481653,0.8718334573],[34.5506382886,0.8801902206],[34.5589401482,0.8802002008],[34.5589500074,0.8718433427],[34.6004606214,0.8718924952],[34.6004508536,0.8802498245],[34.608753275,0.8802596929],[34.6087434342,0.8886171163],[34.6170459662,0.8886270597],[34.617036051,0.8969845762],[34.6253386945,0.8969945952],[34.6253485928,0.8886369863],[34.6419541222,0.8886567815],[34.6419638892,0.8802989859],[34.66687282,0.8803282607],[34.6668533033,0.8970444074],[34.7249776069,0.8971133526],[34.7249678435,0.9054720678],[34.741575643,0.9054917787],[34.7415658252,0.9138506753],[34.7581740237,0.9138704913],[34.7581340091,0.9473067979],[34.766438321,0.9473170386],[34.7664074263,0.9723945344],[34.7741210283,0.97240428],[34.774711889,0.9724050258],[34.7747014317,0.9807642802],[34.7723445093,0.9807612791],[34.7663969495,0.9807536986],[34.7663757249,0.9974720254],[34.7497669472,0.9974504393],[34.7497452796,1.0141684021],[34.7554657463,1.0141759705],[34.7663541414,1.01419035],[34.7663432151,1.0225495115],[34.7746478019,1.0225605441],[34.7746368064,1.0309197953],[34.7829415052,1.0309308964],[34.7828967186,1.0643682555],[34.7662872373,1.0643453106],[34.7662171024,1.1145002503],[34.7745219349,1.1145122762],[34.7744857265,1.1395900086],[34.7827907192,1.1396022793],[34.7827537769,1.1646802763],[34.774448712,1.1646677355],[34.7744361937,1.1730269765],[34.7661311949,1.1730143201],[34.7661185634,1.1813734702],[34.7578136288,1.1813606987],[34.757826284,1.173001638],[34.7329120944,1.1729634467],[34.7328865451,1.1896810212],[34.7245819456,1.1896680601],[34.7245690098,1.1980267544],[34.716264477,1.1980136761],[34.7162519622,1.2060302808],[34.7192689437,1.2063705014],[34.7328599254,1.2088766352],[34.7389997091,1.2100087821],[34.740796185,1.209102192],[34.7856611234,1.217288613],[34.8035739388,1.2281858878],[34.806374498,1.2315926461],[34.8075676614,1.2315945386],[34.8075787072,1.2245180535],[34.8075841555,1.2232349484],[34.808977272,1.2232371423],[34.8324977576,1.2232740722],[34.8325106341,1.2149142084],[34.8408164704,1.2149271115],[34.8408292333,1.2065671592],[34.8325234223,1.2065543449],[34.8325361221,1.1981944789],[34.840841907,1.1982072044],[34.8408669927,1.1814872956],[34.8574787293,1.1815123168],[34.8575155484,1.1564319162],[34.8492097085,1.1564196825],[34.8492118229,1.1549664229],[34.8492458098,1.1313395417],[34.8409401296,1.1313275505],[34.8409520116,1.122967591],[34.832646444,1.1229556657],[34.8326816277,1.097876049],[34.8409871256,1.0978877088],[34.841043856,1.0561100321],[34.8410438854,1.0560878943],[34.8410474658,1.0560878982],[34.8576549196,1.0561102583],[34.857687759,1.0310518735],[34.8493822914,1.031018925],[34.8494020216,1.0156957],[34.849414432,1.005938758],[34.8411090878,1.0059280971],[34.8411185195,0.9984636565],[34.8411196454,0.9975681281],[34.8328144112,0.9975575339],[34.8328299431,0.9851556228],[34.8185632653,0.9919757412],[34.7988070165,0.998325189],[34.794333252,0.9910648997],[34.8230942906,0.9756416248],[34.8328471009,0.971271276],[34.8328558456,0.9641180113],[34.8377632824,0.9641240639],[34.8411609987,0.9641282503],[34.8411711164,0.9557682795],[34.8494763377,0.9557784096],[34.849496269,0.9390582892],[34.8411910865,0.9390483364],[34.8412107049,0.9223283914],[34.8401826279,0.9223271799],[34.8329056512,0.9223185964],[34.8329110017,0.9177149404],[34.832911283,0.9174721926],[34.8329344747,0.8972389414],[34.8412394722,0.89724847],[34.8412581844,0.8805499829],[34.8329532487,0.880519169],[34.8329716695,0.8637993947],[34.8163620868,0.8637809934],[34.816359824,0.865844084],[34.8163528843,0.8721407027],[34.79974362,0.8721220499],[34.7997457571,0.8701947248],[34.7997528588,0.8637625194],[34.7582313487,0.8637160165],[34.7582405891,0.8553569357],[34.7419639526,0.8553387594],[34.7416326493,0.8553383887],[34.7416330838,0.8549440152],[34.7416418346,0.8469794887],[34.7349510744,0.8469720695],[34.7167306555,0.8469518065],[34.7167398024,0.8385931793],[34.6918294929,0.8385656117],[34.6918386031,0.8302072588],[34.6752322202,0.8301889764],[34.6752412727,0.8218308071],[34.6669382363,0.821821732],[34.6669291675,0.830179809],[34.6509773096,0.8301621472],[34.6420205581,0.830152202],[34.6420239012,0.8270979476],[34.6420296796,0.8217944031],[34.6337270115,0.821785258],[34.6337231387,0.8253374093],[34.6337178727,0.8301429648],[34.6171127797,0.8301244381],[34.617121898,0.821816397],[34.617121952,0.8217669187],[34.6168873898,0.8217666592],[34.6088195628,0.8217577227],[34.608821422,0.8200559232],[34.6088286594,0.8134002955],[34.5881914504,0.813377596],[34.5839220992,0.8133728865],[34.5839253811,0.8103538533],[34.5839401158,0.7966585959],[34.5645734278,0.7966376159],[34.5424312234,0.7966135169],[34.5424130388,0.8133268616]]]}},{"type":"Feature","properties":{"country":"Kenya","country_code":"KEN","species_name":"Eucalyptus_nitens","genus":"Eucalyptus","species":"nitens","suitability_name":"Marginally suitable","suitability_rank":3,"source_layer":"KCFP_SSMT_Kenya","tz":null,"soil_description":null},"geometry":{"type":"Polygon","coordinates":[[[34.4749878612,0.9410243992],[34.4758436322,0.9457177169],[34.4758635562,0.9302349713],[34.4695580659,0.9302268118],[34.4749878612,0.9410243992]]]}},{"type":"Feature","properties":{"country":"Kenya","country_code":"KEN","species_name":"Eucalyptus_nitens","genus":"Eucalyptus","species":"nitens","suitability_name":"Marginally suitable","suitability_rank":3,"source_layer":"KCFP_SSMT_Kenya","tz":null,"soil_description":null},"geometry":{"type":"Polygon","coordinates":[[[34.4841213308,0.963669675],[34.4791154717,0.9636629769],[34.4802967079,0.9701423399],[34.4841141248,0.9691146308],[34.4841213308,0.963669675]]]}},{"type":"Feature","properties":{"country":"Kenya","country_code":"KEN","species_name":"Eucalyptus_nitens","genus":"Eucalyptus","species":"nitens","suitability_name":"Marginally suitable","suitability_rank":3,"source_layer":"KCFP_SSMT_Kenya","tz":null,"soil_description":null},"geometry":{"type":"Polygon","coordinates":[[[34.4840534149,1.0138275918],[34.4840323461,1.0304542182],[34.4914816647,1.0472404344],[34.4923077461,1.0472637296],[34.4923073509,1.0491010769],[34.4935377762,1.0518738024],[34.5006074774,1.0485814214],[34.5006212684,1.038897483],[34.5089229402,1.0389093939],[34.5089147063,1.0447126389],[34.5172219895,1.0408437472],[34.517224707,1.0389212839],[34.5213372031,1.0389271658],[34.5285747156,1.0355563841],[34.5421358579,1.0351897188],[34.5421422661,1.0306001648],[34.5587466086,1.0306235587],[34.5587581615,1.022266711],[34.5670604517,1.0222782799],[34.5670489212,1.0306352231],[34.5753513285,1.030646866],[34.5753397247,1.039003903],[34.6002475715,1.0390389847],[34.6002359402,1.0473963035],[34.6085387631,1.0474080462],[34.608530336,1.0534329109],[34.6122485714,1.0557707575],[34.6168300002,1.0557772733],[34.6168259645,1.0586488128],[34.6263144102,1.0646147511],[34.6388238471,1.0836709817],[34.6387855189,1.0975972471],[34.6499833345,1.0976136936],[34.6499216837,1.1394030581],[34.6416181452,1.1393904032],[34.6416055135,1.1477481825],[34.6333020444,1.1477354096],[34.6332892972,1.1560930944],[34.610697024,1.1560579675],[34.6090031289,1.1590523123],[34.6287795901,1.172801404],[34.6332586929,1.1759154261],[34.6408283617,1.181178141],[34.6415568436,1.1812019087],[34.6415560907,1.1816840885],[34.6498479523,1.1874489468],[34.6528773067,1.1895550959],[34.6600596411,1.1945486135],[34.6664563585,1.1869794116],[34.7068892948,1.1391304981],[34.7024458213,1.1209820318],[34.7061581591,1.0728031631],[34.7196530909,1.0637332319],[34.7268583971,1.0555687509],[34.7211170806,1.0475650935],[34.7196973722,1.0455859737],[34.7164903345,1.042802036],[34.7026902398,1.0308227104],[34.6999018217,1.0284022192],[34.6579072068,0.9919498916],[34.6148888277,0.9719823785],[34.4937636315,0.9665167847],[34.4924184038,0.9668789513],[34.4841141248,0.9691146308],[34.4841102557,0.9720256673],[34.48406480695457,1.0054496343322303],[34.4798131106,1.0054437],[34.4803826151,1.0138224267],[34.4840534149,1.0138275918]]]}},{"type":"Feature","properties":{"country":"Kenya","country_code":"KEN","species_name":"Eucalyptus_nitens","genus":"Eucalyptus","species":"nitens","suitability_name":"Marginally suitable","suitability_rank":3,"source_layer":"KCFP_SSMT_Kenya","tz":null,"soil_description":null},"geometry":{"type":"Polygon","coordinates":[[[35.0902560845,1.0480514824],[35.0902351477,1.0647765768],[35.0819271712,1.0647659437],[35.0819165547,1.073128407],[35.073608639,1.0731176686],[35.0735979178,1.0814800459],[35.0652900628,1.0814692019],[35.0652792356,1.0898314947],[35.0569714413,1.0898205431],[35.0569605078,1.0981827521],[35.0486527742,1.0981716933],[35.048641734,1.1065338176],[35.0403340612,1.1065226521],[35.0403229139,1.1148846914],[35.0320153027,1.1148734171],[35.0319927093,1.1315973247],[35.0153776429,1.1315743664],[35.0153661724,1.1399361487],[34.9821369618,1.1398896046],[34.9821253111,1.1482510457],[34.9655111685,1.1482274588],[34.9654993843,1.1565887275],[34.9571924172,1.1565768111],[34.9571685435,1.1732991743],[34.9405547691,1.1732749219],[34.9405426544,1.1816359297],[34.9322358716,1.1816236803],[34.9322113341,1.1983455215],[34.915597928,1.1983205991],[34.9155854796,1.2066813444],[34.9072788812,1.2066687595],[34.9072663209,1.2150294169],[34.8989597839,1.2150167183],[34.8989485084,1.2224584041],[34.9194073703,1.2191587375],[34.9597928547,1.2282504802],[34.9750495476,1.2282562928],[34.9993187214,1.2210038946],[35.0280405216,1.2219217919],[35.0424402317,1.2119417645],[35.0468837616,1.2282824684],[35.0483688503,1.2319654636],[35.0484660737,1.2319656098],[35.0484657203,1.2322057012],[35.0611603629,1.2636897012],[35.0650330461,1.2680770401],[35.0650243329,1.2738247922],[35.0701134346,1.2738326199],[35.0733272664,1.2774735973],[35.0733072631,1.2905623565],[35.0899244219,1.2906573178],[35.0943164904,1.287395563],[35.1410806901,1.2637194513],[35.1618061883,1.2373988601],[35.1730813344,1.2428056954],[35.1730966303,1.2321489822],[35.1814059902,1.2321610003],[35.1814414065,1.2070706734],[35.1565138005,1.2070352798],[35.1565371554,1.1903088817],[35.1648462259,1.1903205411],[35.1648805741,1.1652306958],[35.181498811,1.1652534484],[35.1814530496,1.1987072298],[35.2146908902,1.1987537396],[35.214713733,1.1820262014],[35.2064042019,1.1820147734],[35.2064267736,1.1652873954],[35.2147362556,1.1652986617],[35.2147473964,1.1569348896],[35.2230569353,1.1569460514],[35.2230679708,1.148582198],[35.2396872397,1.1486042859],[35.2397197253,1.123512243],[35.264649011,1.1235444724],[35.2646701282,1.1068159611],[35.2729800021,1.106826497],[35.2729904201,1.0984621604],[35.2813003491,1.0984725944],[35.2813106651,1.0901081787],[35.2730007581,1.0900978233],[35.2730110162,1.0817334855],[35.2813209013,1.0817437606],[35.2813310586,1.0733793428],[35.2979510184,1.0733996661],[35.297961052,1.0650350894],[35.3062711274,1.0650451381],[35.3062810603,1.0566804819],[35.3145911919,1.0566904303],[35.3146010234,1.0483256939],[35.322911212,1.0483355405],[35.3229209444,1.0399707259],[35.3146107786,1.0399609579],[35.3146300526,1.0232314842],[35.3478710093,1.0232697983],[35.3478804446,1.0149047474],[35.3395701089,1.0148952802],[35.3395839555,1.0025199197],[35.3395887882,0.998165332],[35.3478667763,0.9981746088],[35.3728304226,0.9982024537],[35.3728432371,0.9864533714],[35.3546080542,0.9946379552],[35.3708608055,0.963762887],[35.3811847928,0.957391606],[35.3811858491,0.956384862],[35.3828132899,0.9563865909],[35.3870486143,0.9537727745],[35.3888014354,0.9480492349],[35.3728897116,0.9480324726],[35.3728983895,0.9396671525],[35.3645879748,0.9396584461],[35.3645527221,0.9731194165],[35.3396217008,0.9730922439],[35.3396306917,0.9647272354],[35.3313205258,0.964718215],[35.3313294591,0.9563532843],[35.339639604,0.9563622264],[35.3396486256,0.9478186291],[35.3466288813,0.9528677415],[35.364637497,0.9337061451],[35.3798786215,0.9437843999],[35.3906639885,0.9419672224],[35.3925132998,0.9173575704],[35.400623792,0.9046430702],[35.4144795733,0.9119126318],[35.4227802533,0.9162676862],[35.422781908,0.9146000125],[35.428933527,0.9146061865],[35.4311000636,0.9131486907],[35.4383517233,0.9082702192],[35.4384005661,0.8837503101],[35.4357387652,0.8654971114],[35.4384727131,0.8509662697],[35.4474374828,0.8582296288],[35.4474196068,0.8654948621],[35.4477672954,0.865925259],[35.4533385308,0.8728218217],[35.4599628239,0.8810220425],[35.4626832379,0.8654918686],[35.462750506,0.8346141158],[35.4709033332,0.8082750887],[35.4655501791,0.7882058889],[35.4485102331,0.7736801774],[35.4386301301,0.7745912134],[35.4206450906,0.7882183142],[35.4151627249,0.8328085953],[35.3755667513,0.8646000327],[35.3485914099,0.8783163078],[35.3360498458,0.8646975725],[35.3333568456,0.8609750539],[35.3136359459,0.8428179299],[35.3046530629,0.8419115583],[35.2938367198,0.8647043016],[35.2911096346,0.8765086746],[35.2784824445,0.8992100021],[35.2658945639,0.9091990447],[35.2461889958,0.8874100743],[35.238148854,0.8647124445],[35.2237882583,0.8647144097],[35.2102611912,0.886506113],[35.1985665797,0.8946784371],[35.1735169787,0.8906797467],[35.1735097893,0.8976141243],[35.1901268064,0.8976316123],[35.1901180969,0.9059951579],[35.1984267466,0.9060039551],[35.1984354353,0.8976403292],[35.2482889022,0.8976922281],[35.2482803259,0.9060563377],[35.2565895344,0.9060650012],[35.2565721821,0.922793379],[35.2815004009,0.9228197329],[35.2815090595,0.9144553054],[35.2981282282,0.914472619],[35.2981196081,0.922837205],[35.2898099652,0.9228284787],[35.2898012471,0.931192985],[35.2814916635,0.93118416],[35.2814828463,0.9395485866],[35.2731733228,0.9395396624],[35.2731644078,0.9479040091],[35.2565455569,0.947885942],[35.2565365221,0.9562501286],[35.2482271957,0.9562409851],[35.2482180632,0.9646050913],[35.2565274088,0.9646143148],[35.256518217,0.9729785005],[35.239899563,0.972959873],[35.2399360175,0.9395037679],[35.2233178418,0.9394857018],[35.2233088083,0.9478495679],[35.2149998212,0.9478404245],[35.2149438156,0.9980231268],[35.2066347865,0.998013479],[35.2065957598,1.0314682791],[35.1982867262,1.0314582852],[35.1982767455,1.0398219031],[35.1899677709,1.0398118062],[35.1899576896,1.0481753432],[35.1733399392,1.0481549207],[35.1733194429,1.0648816653],[35.1594741762,1.0648643088],[35.1613060537,1.0819732722],[35.1495679985,1.1092070562],[35.1594019359,1.1282737302],[35.2088973543,1.0883347368],[35.2278050324,1.0655480571],[35.2458645467,1.0265079299],[35.2544767273,1.0399117029],[35.2481374044,1.0399041158],[35.2481274749,1.0482682493],[35.2398179648,1.0482582027],[35.239793293,1.0687130835],[35.2397773619,1.0817144098],[35.2480869612,1.0817247763],[35.2480766338,1.0900889071],[35.2314574704,1.0900679908],[35.2314470175,1.0984319605],[35.1982095589,1.0983895281],[35.1981989337,1.1067531741],[35.1898897469,1.1067424271],[35.1898790188,1.1151059913],[35.1815698896,1.1150951387],[35.1815371458,1.1401855834],[35.1732280276,1.1401744634],[35.1732169273,1.1485378622],[35.1649078655,1.1485266365],[35.1648966599,1.156889952],[35.1399698917,1.1568558832],[35.1399355665,1.1819450889],[35.1482444813,1.1819567164],[35.1482329007,1.1903198664],[35.1316151041,1.1902964216],[35.1316033917,1.1986594062],[35.1289748272,1.1986556624],[35.1314572281,1.1664877785],[35.150397192,1.1383491033],[35.1414308029,1.1319015949],[35.129825491,1.104664466],[35.1487328811,1.0846950731],[35.1450536302,1.0564830594],[35.1400951177,1.0564768543],[35.1400847415,1.0648398982],[35.1317762702,1.0648294006],[35.1317445791,1.0899182816],[35.1234361222,1.0899075136],[35.1234467903,1.0815446364],[35.1151384383,1.0815339292],[35.1151595729,1.064808338],[35.12346788,1.0648188805],[35.1234886408,1.0480931232],[35.1317969859,1.0481034771],[35.1318173752,1.0313775515],[35.1401257579,1.0313877192],[35.1401457753,1.0146616274],[35.1484541979,1.014671608],[35.1484738458,0.9979453494],[35.1401654653,0.9979355316],[35.1401848278,0.9812094347],[35.1235683955,0.981190068],[35.1235090736,1.0313673619],[35.1152008534,1.0313571507],[35.1151906569,1.0397199492],[35.0985744231,1.0396992945],[35.0985640996,1.0480619264],[35.0902560845,1.0480514824]],[[35.2564370646,1.0482782721],[35.2564433586,1.042972562],[35.2592826374,1.0473916344],[35.2691680609,1.0455763037],[35.2746257821,1.0165213099],[35.2739527674,1.0148417552],[35.2730979037,1.0127083958],[35.2665847951,0.9964549639],[35.2684128437,0.9837433575],[35.3179426102,0.9255381141],[35.3314368029,0.9191805854],[35.3395077609,0.9237199731],[35.3374659184,0.9312648943],[35.3340766328,0.9437881957],[35.3233032164,0.9410649126],[35.3169994378,0.9474215442],[35.3147157327,0.9503900981],[35.3147094038,0.9563353396],[35.3101458056,0.9563303981],[35.3063942554,0.9612068356],[35.3063905001,0.964691031],[35.3037160037,0.9646881048],[35.2980726722,0.972023347],[35.2980715559,0.9730465458],[35.2972861382,0.9730456761],[35.2827684499,0.9919150442],[35.2814265943,0.9959701731],[35.2814241763,0.9981214904],[35.289733954,0.99813095],[35.2897245274,1.0064954844],[35.2779480961,1.006481959],[35.2751811339,1.0148431812],[35.2814052023,1.0148503993],[35.2813761505,1.039943759],[35.2896860349,1.039953615],[35.2896795269,1.0455037613],[35.2896762139,1.0483181468],[35.2868052119,1.0483147167],[35.2647467337,1.0482882746],[35.2647367687,1.0566525674],[35.2481174659,1.0566323814],[35.2481274749,1.0482682493],[35.2564370646,1.0482782721]],[[35.1318374354,1.0146516236],[35.1318473416,1.0062886589],[35.1401556612,1.0062985793],[35.1401457753,1.0146616274],[35.1318374354,1.0146516236]],[[35.3229777006,0.9897818272],[35.3146676623,0.9897725306],[35.3146859982,0.9730430507],[35.3229959944,0.9730521901],[35.3229777006,0.9897818272]]]}},{"type":"Feature","properties":{"country":"Kenya","country_code":"KEN","species_name":"Eucalyptus_nitens","genus":"Eucalyptus","species":"nitens","suitability_name":"Marginally suitable","suitability_rank":3,"source_layer":"KCFP_SSMT_Kenya","tz":null,"soil_description":null},"geometry":{"type":"Polygon","coordinates":[[[34.6742473969,1.1979471188],[34.674742994,1.1980658321],[34.6747431783,1.197947907],[34.6742473969,1.1979471188]]]}},{"type":"Feature","properties":{"country":"Kenya","country_code":"KEN","species_name":"Eucalyptus_nitens","genus":"Eucalyptus","species":"nitens","suitability_name":"Marginally suitable","suitability_rank":3,"source_layer":"KCFP_SSMT_Kenya","tz":null,"soil_description":null},"geometry":{"type":"Polygon","coordinates":[[[34.7093746328,1.2063613547],[34.7093943242,1.2063660719],[34.7094035799,1.2063614016],[34.7093746328,1.2063613547]]]}},{"type":"Feature","properties":{"country":"Kenya","country_code":"KEN","species_name":"Eucalyptus_nitens","genus":"Eucalyptus","species":"nitens","suitability_name":"Marginally suitable","suitability_rank":3,"source_layer":"KCFP_SSMT_Kenya","tz":null,"soil_description":null},"geometry":{"type":"Polygon","coordinates":[[[35.3449020509,-1.6535460812],[35.3377165707,-1.653532739],[35.3365150028,-1.649482006],[35.3303209162,-1.6488612315],[35.3303277071,-1.6451541204],[35.322015428,-1.6451386996],[35.3220307284,-1.6367739352],[35.3276513033,-1.6367843126],[35.3276417584,-1.6382220519],[35.3411054784,-1.6472297336],[35.3449020509,-1.6535460812]]]}},{"type":"Feature","properties":{"country":"Kenya","country_code":"KEN","species_name":"Eucalyptus_nitens","genus":"Eucalyptus","species":"nitens","suitability_name":"Marginally suitable","suitability_rank":3,"source_layer":"KCFP_SSMT_Kenya","tz":null,"soil_description":null},"geometry":{"type":"Polygon","coordinates":[[[35.3481784797,-1.6073135777],[35.3463848044,-1.6117237157],[35.3387005276,-1.6117098125],[35.3387154482,-1.6033448872],[35.3394392982,-1.6033461913],[35.3481784797,-1.6073135777]]]}},{"type":"Feature","properties":{"country":"Kenya","country_code":"KEN","species_name":"Eucalyptus_nitens","genus":"Eucalyptus","species":"nitens","suitability_name":"Marginally suitable","suitability_rank":3,"source_layer":"KCFP_SSMT_Kenya","tz":null,"soil_description":null},"geometry":{"type":"Polygon","coordinates":[[[35.2707654573,-1.1933697649],[35.2666762087,-1.2017150044],[35.2645403264,-1.2059704578],[35.264562665,-1.1933612835],[35.2707654573,-1.1933697649]]]}},{"type":"Feature","properties":{"country":"Kenya","country_code":"KEN","species_name":"Eucalyptus_nitens","genus":"Eucalyptus","species":"nitens","suitability_name":"Marginally suitable","suitability_rank":3,"source_layer":"KCFP_SSMT_Kenya","tz":null,"soil_description":null},"geometry":{"type":"Polygon","coordinates":[[[35.2895213956,-1.1682882276],[35.289526902,-1.1640891762],[35.2924947329,-1.1663788929],[35.2972360696,-1.180345397],[35.2953667473,-1.1850251875],[35.2920218855,-1.1933987272],[35.2894880585,-1.1933952836],[35.2894795288,-1.1997345951],[35.2885812324,-1.201758546],[35.2811664881,-1.2017483823],[35.2811551199,-1.210112791],[35.2729205779,-1.2101014012],[35.2777551112,-1.2017302413],[35.2788384658,-1.1998543425],[35.2811820998,-1.1940940517],[35.281476321,-1.19337089],[35.2843964637,-1.1861934214],[35.2843610083,-1.185023853],[35.2894992611,-1.185017272],[35.2895213956,-1.1682882276]]]}},{"type":"Feature","properties":{"country":"Kenya","country_code":"KEN","species_name":"Eucalyptus_nitens","genus":"Eucalyptus","species":"nitens","suitability_name":"Marginally suitable","suitability_rank":3,"source_layer":"KCFP_SSMT_Kenya","tz":null,"soil_description":null},"geometry":{"type":"Polygon","coordinates":[[[35.3150438777,-1.1877822477],[35.3263438531,-1.1698114869],[35.3380627813,-1.1586102135],[35.3327470616,-1.1705413451],[35.3324915972,-1.1767110685],[35.3300997335,-1.1828287755],[35.3283134766,-1.1874125442],[35.3231923242,-1.2074764477],[35.3235711677,-1.2101710614],[35.322707563,-1.2101698816],[35.322718804,-1.2018050782],[35.3144081838,-1.2017937897],[35.3144193737,-1.1934290643],[35.3136339913,-1.1934280036],[35.3150438777,-1.1877822477]]]}},{"type":"Feature","properties":{"country":"Kenya","country_code":"KEN","species_name":"Eucalyptus_nitens","genus":"Eucalyptus","species":"nitens","suitability_name":"Marginally suitable","suitability_rank":3,"source_layer":"KCFP_SSMT_Kenya","tz":null,"soil_description":null},"geometry":{"type":"Polygon","coordinates":[[[35.284136186,-1.1599301865],[35.281227423,-1.1599263367],[35.2812260285,-1.1569519848],[35.281231299,-1.1569575314],[35.284136186,-1.1599301865]]]}},{"type":"Feature","properties":{"country":"Kenya","country_code":"KEN","species_name":"Eucalyptus_nitens","genus":"Eucalyptus","species":"nitens","suitability_name":"Marginally suitable","suitability_rank":3,"source_layer":"KCFP_SSMT_Kenya","tz":null,"soil_description":null},"geometry":{"type":"Polygon","coordinates":[[[35.2684876723,-1.1143744693],[35.2675989093,-1.1098022676],[35.2621091345,-1.1099954999],[35.2563581215,-1.1085662793],[35.256377586,-1.0929797992],[35.2646873435,-1.0929902264],[35.2646976518,-1.0846259695],[35.2656530416,-1.0846271578],[35.265180532,-1.0880962157],[35.2648881446,-1.1033935634],[35.2772557342,-1.1002798363],[35.2815523635,-1.1076735201],[35.2803974348,-1.1124000637],[35.2755558061,-1.1192191435],[35.2750807546,-1.1228690282],[35.2737961598,-1.1276494292],[35.2720592691,-1.1340442175],[35.2731343059,-1.1484348489],[35.2760857907,-1.1515414946],[35.276098776,-1.1515551621],[35.2646129781,-1.1515263652],[35.2646238242,-1.1431757625],[35.2590040894,-1.1431683881],[35.2583333582,-1.1337154453],[35.2621670999,-1.1264440504],[35.2646453134,-1.1264472522],[35.2646513212,-1.1217259124],[35.2684876723,-1.1143744693]]]}},{"type":"Feature","properties":{"country":"Kenya","country_code":"KEN","species_name":"Eucalyptus_nitens","genus":"Eucalyptus","species":"nitens","suitability_name":"Marginally suitable","suitability_rank":3,"source_layer":"KCFP_SSMT_Kenya","tz":null,"soil_description":null},"geometry":{"type":"Polygon","coordinates":[[[35.2132092399,-0.8085568125],[35.2226393213,-0.8085656681],[35.2303724252,-0.8164888741],[35.2376478777,-0.8218395249],[35.2375500833,-0.8319765044],[35.2291822905,-0.8455247272],[35.223234637,-0.8454853252],[35.2131445034,-0.8244346459],[35.2072741769,-0.8158697442],[35.211685136,-0.8089778291],[35.2132092399,-0.8085568125]]]}},{"type":"Feature","properties":{"country":"Kenya","country_code":"KEN","species_name":"Eucalyptus_nitens","genus":"Eucalyptus","species":"nitens","suitability_name":"Marginally suitable","suitability_rank":3,"source_layer":"KCFP_SSMT_Kenya","tz":null,"soil_description":null},"geometry":{"type":"Polygon","coordinates":[[[35.3710183736,-0.7957767843],[35.3714518898,-0.8144961586],[35.3703764502,-0.8163258243],[35.3678183841,-0.8226468889],[35.3534485768,-0.8394623248],[35.351174027,-0.8408677018],[35.3355011771,-0.8501707972],[35.3219350665,-0.85768824],[35.3054483399,-0.8596506677],[35.3030246783,-0.849723615],[35.3159232621,-0.8408220564],[35.3254389433,-0.8258952422],[35.3379896292,-0.8050088082],[35.340048517,-0.7971948991],[35.3369153842,-0.7976236734],[35.3311499741,-0.8021918894],[35.3246873791,-0.8088336051],[35.3104936639,-0.8101247459],[35.3001468079,-0.7916072686],[35.2903138271,-0.7915362489],[35.2744770739,-0.7816962987],[35.2655416751,-0.7736232249],[35.2620068155,-0.775002784],[35.2556747542,-0.7774714375],[35.2502541168,-0.7816949568],[35.2436355084,-0.7923729361],[35.2367106692,-0.7997022746],[35.2280163788,-0.7998742104],[35.2276679499,-0.7885793177],[35.2296568678,-0.7817982515],[35.2238393285,-0.7816324386],[35.2136721297,-0.7667231862],[35.2080505621,-0.7584798603],[35.1885356076,-0.7666370865],[35.1769387305,-0.7587214947],[35.1736432743,-0.7586119391],[35.1736435143,-0.7583390468],[35.1653354151,-0.7583316354],[35.1653427448,-0.7499683277],[35.1570347445,-0.7499609814],[35.1570633118,-0.7165080747],[35.1653712507,-0.7165150925],[35.1653781739,-0.7081517829],[35.157070249,-0.7081448471],[35.1570771056,-0.6997816191],[35.1487692769,-0.6997747504],[35.1487760675,-0.6914116041],[35.1404683341,-0.691404803],[35.1404750566,-0.6830417386],[35.1321674203,-0.6830350053],[35.1321740751,-0.6746720231],[35.1238665351,-0.674665358],[35.1238731219,-0.6663024581],[35.115565678,-0.6662958616],[35.115591259,-0.6328445894],[35.1072839518,-0.6328383108],[35.107296273,-0.6161128387],[35.115603554,-0.6161189513],[35.1156155215,-0.599393311],[35.1239228585,-0.599399246],[35.1239401539,-0.5743105361],[35.132247538,-0.5743162097],[35.132253126,-0.5659532223],[35.1405605793,-0.5659588022],[35.1405714877,-0.5492326634],[35.1571865938,-0.549243457],[35.1571919016,-0.5408802228],[35.1654995651,-0.5408855203],[35.1655047811,-0.532522203],[35.1738125146,-0.5325274082],[35.1738137817,-0.5304728738],[35.1738176391,-0.5241640098],[35.1904333264,-0.5241742219],[35.1904282249,-0.5325377833],[35.1987362013,-0.5325429531],[35.1987412926,-0.5241793114],[35.2070493376,-0.5241843899],[35.2070543366,-0.5158206651],[35.2153624529,-0.5158256516],[35.2153673598,-0.5074618475],[35.2319838107,-0.5074716268],[35.2319886163,-0.4991076603],[35.2486053648,-0.4991172363],[35.2486280999,-0.457296597],[35.240319735,-0.457292215],[35.240332449,-0.4322000704],[35.223716017,-0.43219176],[35.2237280655,-0.4071000941],[35.2320362165,-0.4071040123],[35.2320438325,-0.3903760736],[35.223735699,-0.3903723163],[35.2237465466,-0.3652806491],[35.215438517,-0.3652771248],[35.215445364,-0.3485495064],[35.2071374304,-0.348546137],[35.2071416723,-0.3377915137],[35.2071471194,-0.3234549507],[35.1988392864,-0.3234518179],[35.1988453575,-0.3067245216],[35.2071531773,-0.3067274932],[35.2071560865,-0.2983637628],[35.2143372233,-0.2983662572],[35.2145382284,-0.299120918],[35.223771693,-0.2991316974],[35.2237660822,-0.3150973069],[35.2320741491,-0.3151003396],[35.2320711009,-0.3234643117],[35.2403792536,-0.3234674181],[35.2403822969,-0.3151033666],[35.2569988286,-0.3151093979],[35.2569983042,-0.3165759737],[35.2569958005,-0.3234736095],[35.2819212134,-0.3234828469],[35.2819270717,-0.3069903341],[35.2819271534,-0.3067539458],[35.283006934,-0.306754324],[35.2902357693,-0.3067568528],[35.2902363136,-0.3051742924],[35.2902386143,-0.2983923227],[35.2961264835,-0.2983943227],[35.3018758772,-0.2983962726],[35.3060172887,-0.2990095211],[35.3101629195,-0.2964955361],[35.3134295605,-0.2900354314],[35.3317855742,-0.2900414438],[35.3317828387,-0.2984063668],[35.348401074,-0.2984119413],[35.3484037964,-0.2900468602],[35.3539071016,-0.2900486488],[35.378069558,-0.2950274534],[35.4100739091,-0.2800567126],[35.4150413865,-0.2777401198],[35.4486527325,-0.2800202739],[35.4564324507,-0.281218163],[35.4564323014,-0.2817153979],[35.4231922052,-0.2817051609],[35.4231896133,-0.2900709355],[35.4148797725,-0.2900682849],[35.4148780164,-0.2955891801],[35.4148743487,-0.3067996809],[35.423184202,-0.3068024852],[35.4231693464,-0.3486313544],[35.4148594587,-0.3486281678],[35.4148529705,-0.3653595614],[35.3982333935,-0.3653528612],[35.3982300199,-0.3737184043],[35.3899203381,-0.3737149656],[35.3899168802,-0.3820804324],[35.3816072671,-0.3820769079],[35.3816031263,-0.391835258],[35.381580857,-0.4406346244],[35.3898905314,-0.4406386882],[35.3898864602,-0.4490041524],[35.3815767783,-0.4490000115],[35.3815683888,-0.4657307841],[35.3898780907,-0.4657350802],[35.3898649611,-0.4908314701],[35.3815552281,-0.4908269434],[35.3815460722,-0.5075577145],[35.3898558252,-0.5075623954],[35.3898511424,-0.5159278568],[35.3981609826,-0.5159326041],[35.3981562341,-0.5242981431],[35.4064661616,-0.5243029572],[35.4064613479,-0.5326685718],[35.4147713627,-0.5326734514],[35.4147664839,-0.5410391433],[35.423076586,-0.5410440873],[35.4230615284,-0.5661413897],[35.4147513915,-0.5661362164],[35.4147409498,-0.5828675985],[35.4230511107,-0.5828729247],[35.4230403895,-0.5996044576],[35.4064200941,-0.5995934868],[35.4064145936,-0.6079590997],[35.3993709195,-0.6079543689],[35.3895340591,-0.6008601502],[35.3888976158,-0.6199885412],[35.3795814933,-0.6381410632],[35.3684726003,-0.6521314231],[35.3697363414,-0.6632096778],[35.3775190208,-0.6625665132],[35.3895819781,-0.6453613618],[35.4024219918,-0.6415252274],[35.4063980929,-0.6323958193],[35.4063976381,-0.6330559366],[35.4147077995,-0.6330617348],[35.4146961411,-0.6497931111],[35.4223280921,-0.6497985647],[35.4230064053,-0.6497990489],[35.4229759979,-0.6916278659],[35.4312864092,-0.6916341713],[35.4312801149,-0.70000001],[35.4395906156,-0.700006377],[35.4395968953,-0.6916404622],[35.4645288061,-0.6916592474],[35.4645225701,-0.7000253893],[35.4811442483,-0.7000379904],[35.4811316107,-0.7167705745],[35.4728207045,-0.7167641309],[35.4728142586,-0.7251303472],[35.4645034121,-0.7251238131],[35.4645098731,-0.7167576722],[35.4561991167,-0.7167511993],[35.4561926406,-0.7251172637],[35.4478819442,-0.725110699],[35.4478753777,-0.7334766882],[35.4395647414,-0.7334700323],[35.439558084,-0.7418359452],[35.4312475078,-0.7418291986],[35.4312407707,-0.7501798354],[35.4312339351,-0.7585608702],[35.4395445427,-0.7585677699],[35.4395376588,-0.7669336816],[35.447848358,-0.7669406413],[35.4478414147,-0.7753066285],[35.4561522054,-0.7753136486],[35.4561591325,-0.7669475847],[35.4644699822,-0.766954512],[35.4644768182,-0.7585883738],[35.4561659845,-0.7585815222],[35.4561727604,-0.7502154574],[35.4727944721,-0.7502289947],[35.4728011424,-0.7418627787],[35.4811120945,-0.7418694479],[35.481105452,-0.7502205388],[35.4810987105,-0.7586020283],[35.4727937407,-0.7585952136],[35.4727740121,-0.775327637],[35.4644630712,-0.7753206506],[35.4644593532,-0.7797843989],[35.4491298064,-0.7857067099],[35.428633478,-0.8000959559],[35.4166345446,-0.8103836426],[35.4122310505,-0.8165802969],[35.4146890763,-0.823285644],[35.4249867687,-0.8231208658],[35.4498612358,-0.8048437773],[35.4623237756,-0.7938670138],[35.4637856156,-0.7920523562],[35.4644490243,-0.7920529266],[35.4644497239,-0.7912279611],[35.4669442647,-0.7881313294],[35.4659171457,-0.7836880315],[35.4810780745,-0.783700896],[35.4810850278,-0.7753346081],[35.5060185221,-0.7753554193],[35.5060116178,-0.7837219328],[35.4977003624,-0.783714938],[35.4976862991,-0.8004478143],[35.5059975869,-0.8004549585],[35.5060046394,-0.7920884458],[35.5143159855,-0.7920954995],[35.5143089506,-0.8004620867],[35.530931897,-0.8004762924],[35.5309388994,-0.7921095568],[35.5475621077,-0.7921235471],[35.5475690035,-0.7837566633],[35.555880702,-0.7837635598],[35.5558738227,-0.7921305182],[35.5641856089,-0.7921374706],[35.5641786733,-0.8005045012],[35.5558668694,-0.8004974743],[35.5558527464,-0.8172313882],[35.5475409808,-0.8172241972],[35.547533792,-0.8255910794],[35.5392220833,-0.8255837964],[35.5392213525,-0.8264276426],[35.5377490389,-0.8257342068],[35.5308652517,-0.8275342901],[35.5218625493,-0.8366972046],[35.5114198231,-0.8518458176],[35.508834215,-0.8551439995],[35.4998386722,-0.8432300557],[35.4807926382,-0.8493248181],[35.4688478018,-0.8589713882],[35.4643958324,-0.8589672388],[35.4643925978,-0.862474326],[35.4534029372,-0.8673230478],[35.4512613859,-0.8673210238],[35.4423026555,-0.8548327289],[35.4328971712,-0.8568430471],[35.4265535092,-0.8508023387],[35.4160007003,-0.8539544258],[35.4084047452,-0.8589772777],[35.3949823156,-0.8508165806],[35.3918452481,-0.8436503215],[35.3810980637,-0.8431091643],[35.3975200682,-0.8263815485],[35.391267233,-0.8087053268],[35.3908171331,-0.8074329684],[35.3896483027,-0.8046385679],[35.3876493411,-0.7998595659],[35.38365032,-0.7903137176],[35.3825456859,-0.7824213456],[35.3655868405,-0.7648516311],[35.3588909187,-0.7719558323],[35.3662748829,-0.7899794885],[35.3710183736,-0.7957767843]],[[35.3979768677,-0.7836297036],[35.3979711424,-0.7836296986],[35.3979639623,-0.7919801904],[35.3979493472,-0.808711309],[35.4062597363,-0.8087337077],[35.4062670653,-0.8003681026],[35.4145775261,-0.8003754334],[35.4145847761,-0.7919947144],[35.4145919232,-0.7836440704],[35.3979768677,-0.7836297036]],[[35.3290515077,-0.8314583246],[35.3232432281,-0.8406426607],[35.3261513369,-0.8475733069],[35.3337689956,-0.8400164558],[35.3431986023,-0.835245574],[35.3506080377,-0.8256067131],[35.3529565781,-0.8187066817],[35.3596858724,-0.8090773331],[35.3615880533,-0.8014806518],[35.3506208262,-0.8000168705],[35.3438491507,-0.8142717258],[35.3375811396,-0.8248326971],[35.3290515077,-0.8314583246]],[[35.3219773461,-0.6094013674],[35.3148333214,-0.6151219987],[35.3065056459,-0.6252068392],[35.3050683925,-0.6314270078],[35.3141423308,-0.640014709],[35.3193235592,-0.6485801938],[35.3224413346,-0.6578181109],[35.3272184061,-0.6603829753],[35.3321324684,-0.6488903168],[35.3363139651,-0.641082522],[35.3391478848,-0.6318823506],[35.349047301,-0.6252620589],[35.3541820702,-0.6144565777],[35.3494381133,-0.6079723748],[35.3398796599,-0.6028340901],[35.3376373923,-0.5970619059],[35.3323930248,-0.5961001231],[35.3243157343,-0.6034242836],[35.3219773461,-0.6094013674]]]}},{"type":"Feature","properties":{"country":"Kenya","country_code":"KEN","species_name":"Eucalyptus_nitens","genus":"Eucalyptus","species":"nitens","suitability_name":"Marginally suitable","suitability_rank":3,"source_layer":"KCFP_SSMT_Kenya","tz":null,"soil_description":null},"geometry":{"type":"Polygon","coordinates":[[[35.1736084149,0.7972535081],[35.1653002408,0.7972457164],[35.1652845817,0.8139723266],[35.1735927885,0.813980281],[35.1735848537,0.8223436681],[35.1818931597,0.8223516878],[35.181881654,0.8343555881],[35.2032066285,0.8274022158],[35.205021028,0.8192307339],[35.182618583,0.8019849615],[35.1907356115,0.7838255015],[35.166537331,0.757411815],[35.1647987182,0.7338077352],[35.1585237774,0.7274544251],[35.1441611969,0.7274583953],[35.1280166128,0.7174767108],[35.1136521031,0.7202041858],[35.1129571916,0.7219519443],[35.1100422015,0.7292832545],[35.1105852455,0.7303127036],[35.1234486969,0.7546986836],[35.1197076805,0.7637512108],[35.1487146128,0.7637775122],[35.1487071165,0.772140656],[35.1736312468,0.7721633444],[35.1736084149,0.7972535081]]]}},{"type":"Feature","properties":{"country":"Kenya","country_code":"KEN","species_name":"Eucalyptus_nitens","genus":"Eucalyptus","species":"nitens","suitability_name":"Marginally suitable","suitability_rank":3,"source_layer":"KCFP_SSMT_Kenya","tz":null,"soil_description":null},"geometry":{"type":"Polygon","coordinates":[[[35.1154836466,0.7637473642],[35.1159046528,0.7637477478],[35.1154838758,0.7634924026],[35.1154836466,0.7637473642]]]}},{"type":"Feature","properties":{"country":"Kenya","country_code":"KEN","species_name":"Eucalyptus_nitens","genus":"Eucalyptus","species":"nitens","suitability_name":"Marginally suitable","suitability_rank":3,"source_layer":"KCFP_SSMT_Kenya","tz":null,"soil_description":null},"geometry":{"type":"Polygon","coordinates":[[[35.1486107905,0.8724983386],[35.1504007307,0.8725001853],[35.1486129527,0.8703726122],[35.1486107905,0.8724983386]]]}},{"type":"Feature","properties":{"country":"Kenya","country_code":"KEN","species_name":"Eucalyptus_nitens","genus":"Eucalyptus","species":"nitens","suitability_name":"Marginally suitable","suitability_rank":3,"source_layer":"KCFP_SSMT_Kenya","tz":null,"soil_description":null},"geometry":{"type":"Polygon","coordinates":[[[35.1569104204,0.8808701223],[35.1574342957,0.8808706669],[35.1569110576,0.8802479702],[35.1569104204,0.8808701223]]]}},{"type":"Feature","properties":{"country":"Kenya","country_code":"KEN","species_name":"Eucalyptus_nitens","genus":"Eucalyptus","species":"nitens","suitability_name":"Marginally suitable","suitability_rank":3,"source_layer":"KCFP_SSMT_Kenya","tz":null,"soil_description":null},"geometry":{"type":"Polygon","coordinates":[[[35.3417030598,1.1337510129],[35.3394263172,1.1354606325],[35.3328996965,1.1403614507],[35.3311078148,1.1417069536],[35.2883856759,1.1737845342],[35.2812020479,1.1791779304],[35.2787115312,1.1810477599],[35.2781172215,1.18213521],[35.2543483976,1.2256232012],[35.2651096894,1.2283499744],[35.2704661986,1.2446949076],[35.2578627601,1.2555868047],[35.2380817412,1.2619363314],[35.2013172344,1.2410427175],[35.1788565272,1.2455751128],[35.1730813344,1.2428056954],[35.1730604076,1.2572390594],[35.1979889646,1.2572757659],[35.1979768081,1.2656393676],[35.2062865142,1.2656516311],[35.2062986451,1.2572879483],[35.2146084071,1.2573001043],[35.2145963016,1.2656638671],[35.2312161174,1.2656882618],[35.2312039866,1.274052186],[35.2644446817,1.2741009737],[35.2644567079,1.265736729],[35.2727670539,1.2657487792],[35.2727789727,1.2573844533],[35.2893998489,1.2574083147],[35.2894233462,1.2406793462],[35.3143550947,1.2407144657],[35.3143434627,1.2490791876],[35.3226542289,1.2490909204],[35.322642545,1.2574557193],[35.3416570381,1.2574826437],[35.3475753871,1.2574909953],[35.3475293232,1.2901620814],[35.347504135,1.307681188],[35.3558153979,1.3076933606],[35.3558274399,1.299328253],[35.372455743,1.2993754548],[35.3724501119,1.2993754466],[35.3724381584,1.3077176232],[35.3724437895,1.3077176323],[35.3807496538,1.3077297131],[35.3807496207,1.307752833],[35.380731165,1.3244604017],[35.3890371307,1.32447261],[35.3890307141,1.3288924824],[35.3890127287,1.3412034429],[35.3973244886,1.3412157847],[35.3973121666,1.3496045577],[35.3972998358,1.3579467688],[35.3889880202,1.3579342711],[35.3889629699,1.3746884749],[35.3889376834,1.391395922],[35.380631491,1.3913830956],[35.3806258283,1.3913830877],[35.3806257916,1.3914065282],[35.3806130232,1.3997484204],[35.3889249075,1.3997613327],[35.388912055,1.4081267427],[35.3972240093,1.4081632065],[35.3972111094,1.4165287262],[35.3971981331,1.4248942434],[35.397184513,1.4336222177],[35.3971777149,1.4416016515],[35.4054841746,1.4416148789],[35.4054841366,1.4416385132],[35.4054709994,1.4499804392],[35.4054767584,1.4499804484],[35.4137890837,1.4499937312],[35.4220956606,1.4500069742],[35.4221087391,1.4416648955],[35.4221087751,1.4416412608],[35.4221145988,1.44164127],[35.4304211908,1.4416544061],[35.4304341627,1.4333122181],[35.430447132,1.4249228245],[35.4387595624,1.4249357871],[35.4387716184,1.4170742804],[35.4387851411,1.4082040495],[35.4387910285,1.4082040586],[35.446182667,1.4082154258],[35.4470975878,1.408216831],[35.4470992505,1.4071197612],[35.4471352661,1.3831424032],[35.4471723353,1.3580211471],[35.447178254,1.3580211568],[35.4554846834,1.3580334434],[35.4554968152,1.3496907005],[35.4555447587,1.3162033096],[35.4555507097,1.316203319],[35.4638570419,1.3162151992],[35.4638687713,1.3078722168],[35.4638688037,1.3078490957],[35.463874787,1.3078491042],[35.4721871492,1.3078608906],[35.4804935401,1.30787264],[35.4804935078,1.3078957624],[35.4804818333,1.316238895],[35.4804878804,1.3162389045],[35.4971130344,1.3162624885],[35.504209325,1.3162725224],[35.5054195802,1.3162742314],[35.5053603125,1.3581299353],[35.5054373158,1.3079308816],[35.5050943436,1.3079304004],[35.5059841886,1.299542026],[35.5065938341,1.2937945876],[35.5054577333,1.2931046376],[35.4886408206,1.2828918239],[35.4805335398,1.2832997375],[35.4805274923,1.2833000425],[35.4706775362,1.2837955986],[35.4555854311,1.2914086495],[35.455579476,1.2914116526],[35.4526832275,1.2928726008],[35.4555859819,1.2867126187],[35.4555919503,1.2866999527],[35.4574462676,1.2827648028],[35.4574571093,1.2827417936],[35.4608131321,1.275619647],[35.4752189791,1.2656331735],[35.4888602215,1.2683352746],[35.5165307245,1.2738162224],[35.531007429,1.2292251934],[35.5374868807,1.2159178899],[35.5517898168,1.1865407514],[35.5471628536,1.1793146754],[35.5277332434,1.1489716605],[35.5267224217,1.1473931077],[35.5181954138,1.1489599647],[35.5168416867,1.1492087104],[35.5139450099,1.1532126272],[35.5069206664,1.1629217788],[35.5060547225,1.1656780444],[35.5056157416,1.1670752925],[35.5034271685,1.1740412428],[35.4860894666,1.2292172733],[35.4752682395,1.2429287384],[35.4680830438,1.2429272649],[35.4609408723,1.2292125039],[35.476313593,1.1838064837],[35.4691369387,1.1819891255],[35.4502428246,1.1947005608],[35.4367643572,1.1965146367],[35.4322637,1.2001464201],[35.4307351049,1.2239018756],[35.430387842,1.2292972003],[35.4287411885,1.2325067583],[35.4159456009,1.2574458916],[35.4141395533,1.2994123368],[35.4140266628,1.3020339904],[35.4086808566,1.3161357563],[35.4067980723,1.3211021792],[35.4056761959,1.3176711649],[35.4024433044,1.3077842587],[35.4024357405,1.3077611282],[35.4023435483,1.3074791868],[35.3973768517,1.304965391],[35.389776651,1.3011187031],[35.3828931808,1.2910020697],[35.3807778894,1.2878932556],[35.3724892366,1.2757116683],[35.3715138434,1.2742781756],[35.3656128621,1.2656058235],[35.3716183899,1.2575477091],[35.3791453983,1.2474477984],[35.3728854336,1.2347331791],[35.3758948793,1.2324576526],[35.3759250159,1.2324348657],[35.3800889698,1.2292863513],[35.380866228,1.2279672205],[35.3831435738,1.224102166],[35.385492332,1.2201158599],[35.3801340449,1.2092177024],[35.3397001172,1.2164735325],[35.3775650507,1.1601807592],[35.3928556228,1.1547344254],[35.3955312407,1.160183395],[35.3856245677,1.1701709472],[35.3855955482,1.1792518419],[35.3981777681,1.1801620299],[35.4225180828,1.1464744204],[35.4243583352,1.128312062],[35.4369468118,1.1228644251],[35.4549440426,1.1101517271],[35.4658183388,1.0682858117],[35.4667901374,1.0364998371],[35.4488611283,1.0219695976],[35.4380920869,1.0228779937],[35.4219085263,1.024694543],[35.4074381359,1.0664678959],[35.38103174,1.0934978981],[35.3760569345,1.0985899262],[35.3727105998,1.1020150653],[35.3678938461,1.1069451834],[35.3477468772,1.1275654744],[35.3434042906,1.1320099031],[35.3417030598,1.1337510129]],[[35.5138119343,1.2577200608],[35.5054993923,1.2577088596],[35.5055104973,1.2493423754],[35.5138230131,1.249353502],[35.5138119343,1.2577200608]]]}},{"type":"Feature","properties":{"country":"Kenya","country_code":"KEN","species_name":"Eucalyptus_nitens","genus":"Eucalyptus","species":"nitens","suitability_name":"Marginally suitable","suitability_rank":3,"source_layer":"KCFP_SSMT_Kenya","tz":null,"soil_description":null},"geometry":{"type":"Polygon","coordinates":[[[35.2160860938,1.2740528393],[35.214703005,1.273731706],[35.2145895407,1.2737531568],[35.2145891059,1.274050624],[35.2160860938,1.2740528393]]]}},{"type":"Feature","properties":{"country":"Kenya","country_code":"KEN","species_name":"Eucalyptus_nitens","genus":"Eucalyptus","species":"nitens","suitability_name":"Marginally suitable","suitability_rank":3,"source_layer":"KCFP_SSMT_Kenya","tz":null,"soil_description":null},"geometry":{"type":"Polygon","coordinates":[[[35.148107868,1.2739283371],[35.1314896204,1.2739032451],[35.1314770867,1.2822661907],[35.1480953887,1.2822914474],[35.148107868,1.2739283371]]]}},{"type":"Feature","properties":{"country":"Kenya","country_code":"KEN","species_name":"Eucalyptus_nitens","genus":"Eucalyptus","species":"nitens","suitability_name":"Marginally suitable","suitability_rank":3,"source_layer":"KCFP_SSMT_Kenya","tz":null,"soil_description":null},"geometry":{"type":"Polygon","coordinates":[[[35.2311968268,1.2824391348],[35.2523401527,1.2824704215],[35.2312039561,1.2775629772],[35.2311968268,1.2824391348]]]}},{"type":"Feature","properties":{"country":"Kenya","country_code":"KEN","species_name":"Eucalyptus_nitens","genus":"Eucalyptus","species":"nitens","suitability_name":"Marginally suitable","suitability_rank":3,"source_layer":"KCFP_SSMT_Kenya","tz":null,"soil_description":null},"geometry":{"type":"Polygon","coordinates":[[[35.1231554178,1.290616384],[35.1314644718,1.2906291355],[35.1314770867,1.2822661907],[35.1231680596,1.2822535209],[35.1231554178,1.290616384]]]}},{"type":"Feature","properties":{"country":"Kenya","country_code":"KEN","species_name":"Eucalyptus_nitens","genus":"Eucalyptus","species":"nitens","suitability_name":"Marginally suitable","suitability_rank":3,"source_layer":"KCFP_SSMT_Kenya","tz":null,"soil_description":null},"geometry":{"type":"Polygon","coordinates":[[[35.1711602435,1.2990761147],[35.1730032397,1.2990789286],[35.1730069883,1.2965888109],[35.1711602435,1.2990761147]]]}},{"type":"Feature","properties":{"country":"Kenya","country_code":"KEN","species_name":"Eucalyptus_nitens","genus":"Eucalyptus","species":"nitens","suitability_name":"Marginally suitable","suitability_rank":3,"source_layer":"KCFP_SSMT_Kenya","tz":null,"soil_description":null},"geometry":{"type":"Polygon","coordinates":[[[35.3219899645,1.6589652715],[35.3303077718,1.6589808313],[35.3303231218,1.6506404265],[35.3386300313,1.6506558529],[35.338630076,1.650631416],[35.3220053948,1.6506005076],[35.3219899645,1.6589652715]]]}},{"type":"Feature","properties":{"country":"Kenya","country_code":"KEN","species_name":"Eucalyptus_nitens","genus":"Eucalyptus","species":"nitens","suitability_name":"Marginally suitable","suitability_rank":3,"source_layer":"KCFP_SSMT_Kenya","tz":null,"soil_description":null},"geometry":{"type":"Polygon","coordinates":[[[35.4876882722,-1.7758691909],[35.4836864434,-1.777116875],[35.4804297007,-1.7869114803],[35.4712500902,-1.7902679434],[35.4662401678,-1.7872646634],[35.4610218307,-1.778548537],[35.4529984046,-1.780084063],[35.4495083904,-1.7875928913],[35.446444841,-1.7875757161],[35.446460887,-1.7792210134],[35.4381469584,-1.7792048637],[35.4381629895,-1.7708390302],[35.4335319168,-1.7708300604],[35.4313178025,-1.7685021803],[35.4215366203,-1.7701889312],[35.4215514625,-1.7624410888],[35.4049242851,-1.7624088331],[35.4049403114,-1.7540433035],[35.3973195004,-1.7540285401],[35.3929685238,-1.7499385804],[35.3883252205,-1.7479024105],[35.3883295365,-1.7456456763],[35.3831561085,-1.7456356593],[35.3797240342,-1.744130629],[35.3834169512,-1.737072154],[35.4163712549,-1.7386959126],[35.4269195099,-1.7344332445],[35.420783324,-1.7268479066],[35.3924028482,-1.726182993],[35.3672536462,-1.7207371859],[35.3468095412,-1.7218779429],[35.3468212728,-1.7157135588],[35.3514144012,-1.7147957988],[35.3692440339,-1.7132487419],[35.3896302349,-1.7150905746],[35.4034237423,-1.7192837258],[35.412609333,-1.721702522],[35.4196612698,-1.721592924],[35.4310870672,-1.7253293931],[35.4372361155,-1.7306278678],[35.4469425622,-1.735665313],[35.4342052578,-1.7415699448],[35.4291444077,-1.7474723521],[35.4476262813,-1.7581128896],[35.4633688829,-1.7666826475],[35.47322343,-1.7653886139],[35.4805974522,-1.7556377226],[35.4876882722,-1.7758691909]]]}},{"type":"Feature","properties":{"country":"Kenya","country_code":"KEN","species_name":"Eucalyptus_nitens","genus":"Eucalyptus","species":"nitens","suitability_name":"Marginally suitable","suitability_rank":3,"source_layer":"KCFP_SSMT_Kenya","tz":null,"soil_description":null},"geometry":{"type":"Polygon","coordinates":[[[35.3761549772,-1.326605212],[35.3724074876,-1.3288810811],[35.3724097212,-1.3273512788],[35.364098238,-1.3273389793],[35.364102571,-1.3243730014],[35.3761549772,-1.326605212]]]}},{"type":"Feature","properties":{"country":"Kenya","country_code":"KEN","species_name":"Eucalyptus_nitens","genus":"Eucalyptus","species":"nitens","suitability_name":"Marginally suitable","suitability_rank":3,"source_layer":"KCFP_SSMT_Kenya","tz":null,"soil_description":null},"geometry":{"type":"Polygon","coordinates":[[[35.3392485733,-1.2687472421],[35.338831076,-1.2687466467],[35.3329823931,-1.2648682006],[35.3309466367,-1.2623064334],[35.3309610356,-1.2520056229],[35.3346760933,-1.2520108594],[35.358557523,-1.2737268226],[35.3676567691,-1.2852075469],[35.3621267292,-1.2933900607],[35.3531705762,-1.3010906669],[35.3604499491,-1.3082236293],[35.3604417025,-1.3111918984],[35.3558081546,-1.3126999705],[35.3558112016,-1.3105964373],[35.3474999282,-1.3105842376],[35.3475240422,-1.2938541762],[35.3425878549,-1.2938470101],[35.3436039514,-1.2902917795],[35.347552023,-1.2800391385],[35.3462062711,-1.2736373876],[35.3392481848,-1.2690232453],[35.3392485733,-1.2687472421]]]}},{"type":"Feature","properties":{"country":"Kenya","country_code":"KEN","species_name":"Eucalyptus_nitens","genus":"Eucalyptus","species":"nitens","suitability_name":"Marginally suitable","suitability_rank":3,"source_layer":"KCFP_SSMT_Kenya","tz":null,"soil_description":null},"geometry":{"type":"Polygon","coordinates":[[[35.414209548,-1.1480316749],[35.41419608,-1.1587773162],[35.4117242912,-1.1600825118],[35.4141944326,-1.1600856674],[35.4116985592,-1.1600960998],[35.4058888287,-1.1600886693],[35.3975718007,-1.160078011],[35.3975770778,-1.155904103],[35.4049962713,-1.1517219382],[35.4058936018,-1.1517230778],[35.4058942372,-1.1512157531],[35.4083500957,-1.1498313776],[35.414209548,-1.1480316749]]]}},{"type":"Feature","properties":{"country":"Kenya","country_code":"KEN","species_name":"Eucalyptus_nitens","genus":"Eucalyptus","species":"nitens","suitability_name":"Marginally suitable","suitability_rank":3,"source_layer":"KCFP_SSMT_Kenya","tz":null,"soil_description":null},"geometry":{"type":"Polygon","coordinates":[[[35.4060004802,-1.0680672204],[35.4059849532,-1.0764328034],[35.3976739188,-1.0764229199],[35.397685546,-1.0664815861],[35.416346667,-1.0555599814],[35.4319189165,-1.0515533579],[35.4475784899,-1.0438632755],[35.4475633788,-1.0572261578],[35.4369719883,-1.0597236709],[35.4475605183,-1.0597359268],[35.4369128755,-1.0597376101],[35.4226324445,-1.0597210227],[35.4143154805,-1.0597113317],[35.4143058265,-1.0680630229],[35.4143058103,-1.0680769969],[35.4060004802,-1.0680672204]]]}},{"type":"Feature","properties":{"country":"Kenya","country_code":"KEN","species_name":"Eucalyptus_nitens","genus":"Eucalyptus","species":"nitens","suitability_name":"Marginally suitable","suitability_rank":3,"source_layer":"KCFP_SSMT_Kenya","tz":null,"soil_description":null},"geometry":{"type":"Polygon","coordinates":[[[35.4114902031,-1.0513423818],[35.4113318826,-1.0514127996],[35.4102474135,-1.0513409421],[35.4114902031,-1.0513423818]]]}},{"type":"Feature","properties":{"country":"Kenya","country_code":"KEN","species_name":"Eucalyptus_nitens","genus":"Eucalyptus","species":"nitens","suitability_name":"Marginally suitable","suitability_rank":3,"source_layer":"KCFP_SSMT_Kenya","tz":null,"soil_description":null},"geometry":{"type":"Polygon","coordinates":[[[35.3981045474,-0.6079535185],[35.3993709195,-0.6079543689],[35.4095314379,-0.6152820911],[35.4066270992,-0.6318699958],[35.4063980929,-0.6323958193],[35.4064033656,-0.6246903246],[35.3980932945,-0.6246845898],[35.3981045474,-0.6079535185]]]}},{"type":"Feature","properties":{"country":"Kenya","country_code":"KEN","species_name":"Eucalyptus_nitens","genus":"Eucalyptus","species":"nitens","suitability_name":"Marginally suitable","suitability_rank":3,"source_layer":"KCFP_SSMT_Kenya","tz":null,"soil_description":null},"geometry":{"type":"Polygon","coordinates":[[[35.3733645294,-0.1562099124],[35.3650608185,-0.1562084662],[35.3637467575,-0.156208237],[35.3650609077,-0.1556943835],[35.3733651675,-0.1524472584],[35.3733645294,-0.1562099124]]]}},{"type":"Feature","properties":{"country":"Kenya","country_code":"KEN","species_name":"Eucalyptus_nitens","genus":"Eucalyptus","species":"nitens","suitability_name":"Marginally suitable","suitability_rank":3,"source_layer":"KCFP_SSMT_Kenya","tz":null,"soil_description":null},"geometry":{"type":"Polygon","coordinates":[[[35.3839078334,-0.1478288148],[35.3909355886,-0.1363096156],[35.3860218437,-0.1229120035],[35.3886365736,-0.1116280399],[35.3908820926,-0.0901969958],[35.3905433489,-0.0892890929],[35.4066114692,-0.0892906796],[35.4066122452,-0.0809250558],[35.4149219129,-0.080925797],[35.4149232316,-0.064194395],[35.3983039786,-0.0641932187],[35.3983033544,-0.0725587658],[35.3899938409,-0.0725580982],[35.3899944665,-0.0641926272],[35.3567571846,-0.064190251],[35.3567569095,-0.0679612694],[35.3464723944,-0.0678033842],[35.3318534069,-0.0651786632],[35.3235208852,-0.0676504539],[35.3235216995,-0.0558230061],[35.3069041455,-0.0558219564],[35.3069044561,-0.0506229392],[35.3237723633,-0.0471447915],[35.3522326114,-0.0364817897],[35.3737439387,-0.0349923005],[35.3898868306,-0.0461591582],[35.4084232088,-0.0455807494],[35.4186289832,-0.0283432195],[35.4232349273,-0.0226465927],[35.4232329722,-0.0641949816],[35.4315427878,-0.0641955678],[35.4315421703,-0.072561421],[35.4398520638,-0.0725620801],[35.4398513713,-0.0809280103],[35.44843537,-0.0809287688],[35.456471388,-0.0809294773],[35.4564706235,-0.0892955582],[35.4647807465,-0.0892963647],[35.4647789962,-0.1060286775],[35.481399475,-0.106030586],[35.4813963023,-0.1311295065],[35.4897066611,-0.1311306825],[35.4897041787,-0.147863446],[35.4980146179,-0.1478647689],[35.4980132711,-0.1562137391],[35.4980118443,-0.1645976817],[35.5255762455,-0.1646025413],[35.531254368,-0.1646035376],[35.5312513263,-0.1813370454],[35.5395621488,-0.1813386486],[35.5395594817,-0.1948635869],[35.5395588217,-0.1980723049],[35.5728028749,-0.1980792669],[35.5728000157,-0.2115256625],[35.572799288,-0.2148135102],[35.5894217692,-0.2148172585],[35.5894198807,-0.2231672954],[35.5894180068,-0.2311515242],[35.5894179102,-0.2315517933],[35.5727954103,-0.231547753],[35.5727934985,-0.2393716763],[35.5727933625,-0.2399148742],[35.5716714144,-0.2399145918],[35.5644822165,-0.2399127734],[35.5644813411,-0.2433934561],[35.5644800908,-0.2482798213],[35.5561690126,-0.248277642],[35.5561668088,-0.2566446172],[35.5402850087,-0.2566402973],[35.5398287644,-0.256640172],[35.5396164299,-0.243518827],[35.5398938251,-0.239889363],[35.5403915034,-0.2333772454],[35.5443603887,-0.2244071631],[35.5375931951,-0.2128389833],[35.5214606532,-0.200979432],[35.5096846624,-0.1861430891],[35.4987593404,-0.1803137477],[35.486410848,-0.1797741743],[35.4767433861,-0.1864090772],[35.461367309,-0.1918406884],[35.4600658927,-0.1896719127],[35.4564627451,-0.1836674135],[35.4541496764,-0.1798128237],[35.4452878564,-0.1728395711],[35.4398398152,-0.1672616126],[35.4398444098,-0.139489514],[35.4328816978,-0.1394884512],[35.4315344984,-0.1394882453],[35.4315357222,-0.1311223925],[35.4149161324,-0.131119999],[35.414914902,-0.1394856991],[35.406605219,-0.1394844216],[35.4066039105,-0.147850045],[35.383897147,-0.1478463288],[35.3839078334,-0.1478288148]]]}},{"type":"Feature","properties":{"country":"Kenya","country_code":"KEN","species_name":"Eucalyptus_nitens","genus":"Eucalyptus","species":"nitens","suitability_name":"Marginally suitable","suitability_rank":3,"source_layer":"KCFP_SSMT_Kenya","tz":null,"soil_description":null},"geometry":{"type":"Polygon","coordinates":[[[35.3567532553,-0.106016054],[35.3401350606,-0.1060140784],[35.3401360043,-0.0976490731],[35.3484450622,-0.097649984],[35.3484467149,-0.0809198198],[35.3567558455,-0.0809205729],[35.3567569095,-0.0679612694],[35.371165606,-0.0681824676],[35.3859677984,-0.0770259406],[35.3905433489,-0.0892890929],[35.38999236,-0.0892890384],[35.3899915038,-0.0976545084],[35.3733726968,-0.0976527052],[35.3733707469,-0.1143833361],[35.3567522386,-0.1143812143],[35.3567532553,-0.106016054]]]}},{"type":"Feature","properties":{"country":"Kenya","country_code":"KEN","species_name":"Eucalyptus_nitens","genus":"Eucalyptus","species":"nitens","suitability_name":"Marginally suitable","suitability_rank":3,"source_layer":"KCFP_SSMT_Kenya","tz":null,"soil_description":null},"geometry":{"type":"Polygon","coordinates":[[[35.3484502929,-0.0089578259],[35.3484503197,-0.0056340753],[35.3567594422,-0.0056341278],[35.3567593777,-0.012185429],[35.3484502929,-0.0089578259]]]}},{"type":"Feature","properties":{"country":"Kenya","country_code":"KEN","species_name":"Eucalyptus_nitens","genus":"Eucalyptus","species":"nitens","suitability_name":"Marginally suitable","suitability_rank":3,"source_layer":"KCFP_SSMT_Kenya","tz":null,"soil_description":null},"geometry":{"type":"Polygon","coordinates":[[[35.365068641,-0.0056341792],[35.3983062097,-0.0056343882],[35.398306222,0.00273116],[35.4066158062,0.0027311851],[35.4066157822,0.0071722083],[35.4348369224,0.0058441179],[35.4393717818,-0.0031998388],[35.4368116498,-0.0056346269],[35.4315449993,-0.0056345935],[35.4315449553,-0.0106434238],[35.4280151051,-0.0140003936],[35.4232350981,-0.0140003201],[35.4232350288,-0.0180407392],[35.4169296657,-0.0204344968],[35.3782109117,-0.0205182804],[35.361429092,-0.0139993615],[35.3650685514,-0.0139994184],[35.365068641,-0.0056341792]]]}},{"type":"Feature","properties":{"country":"Kenya","country_code":"KEN","species_name":"Eucalyptus_nitens","genus":"Eucalyptus","species":"nitens","suitability_name":"Marginally suitable","suitability_rank":3,"source_layer":"KCFP_SSMT_Kenya","tz":null,"soil_description":null},"geometry":{"type":"Polygon","coordinates":[[[35.3743435201,0.2676962089],[35.3868452876,0.2930711685],[35.3982623983,0.2834181962],[35.3982638168,0.2787941933],[35.3899542125,0.2787916281],[35.3899591614,0.262060692],[35.3982687543,0.2620631033],[35.3982777121,0.2286009216],[35.381658644,0.2285967091],[35.38165651,0.2369621006],[35.3764466761,0.2369607279],[35.3771619416,0.2378301977],[35.3743435201,0.2676962089]]]}},{"type":"Feature","properties":{"country":"Kenya","country_code":"KEN","species_name":"Eucalyptus_nitens","genus":"Eucalyptus","species":"nitens","suitability_name":"Marginally suitable","suitability_rank":3,"source_layer":"KCFP_SSMT_Kenya","tz":null,"soil_description":null},"geometry":{"type":"Polygon","coordinates":[[[35.4088944364,0.3457226151],[35.4148605536,0.3457248877],[35.4148625293,0.3404232435],[35.4088944364,0.3457226151]]]}},{"type":"Feature","properties":{"country":"Kenya","country_code":"KEN","species_name":"Eucalyptus_nitens","genus":"Eucalyptus","species":"nitens","suitability_name":"Marginally suitable","suitability_rank":3,"source_layer":"KCFP_SSMT_Kenya","tz":null,"soil_description":null},"geometry":{"type":"Polygon","coordinates":[[[35.394665211,0.3583571738],[35.4027592605,0.3624514471],[35.4065442942,0.3624529617],[35.4065499581,0.3478043755],[35.394665211,0.3583571738]]]}},{"type":"Feature","properties":{"country":"Kenya","country_code":"KEN","species_name":"Eucalyptus_nitens","genus":"Eucalyptus","species":"nitens","suitability_name":"Marginally suitable","suitability_rank":3,"source_layer":"KCFP_SSMT_Kenya","tz":null,"soil_description":null},"geometry":{"type":"Polygon","coordinates":[[[35.4064539653,0.5548621687],[35.4064589693,0.5465167427],[35.4064532118,0.5465167401],[35.4064482079,0.5548621652],[35.4064539653,0.5548621687]]]}},{"type":"Feature","properties":{"country":"Kenya","country_code":"KEN","species_name":"Eucalyptus_nitens","genus":"Eucalyptus","species":"nitens","suitability_name":"Marginally suitable","suitability_rank":3,"source_layer":"KCFP_SSMT_Kenya","tz":null,"soil_description":null},"geometry":{"type":"Polygon","coordinates":[[[35.4064379474,0.5715933948],[35.4064437048,0.5715933984],[35.4064488732,0.5632277841],[35.4064379474,0.5715933948]]]}},{"type":"Feature","properties":{"country":"Kenya","country_code":"KEN","species_name":"Eucalyptus_nitens","genus":"Eucalyptus","species":"nitens","suitability_name":"Marginally suitable","suitability_rank":3,"source_layer":"KCFP_SSMT_Kenya","tz":null,"soil_description":null},"geometry":{"type":"Polygon","coordinates":[[[35.4147378669,0.5967160869],[35.4147480034,0.5716189157],[35.4147266297,0.6050613905],[35.4064165117,0.6050558478],[35.4064109623,0.6134214606],[35.3981009078,0.6134158292],[35.398092563,0.6257553757],[35.3980982979,0.625742354],[35.3981066193,0.61343628],[35.4064167061,0.6134419115],[35.4064117095,0.6208775316],[35.41289518,0.6191283476],[35.4147211933,0.6219065416],[35.4147268683,0.6134475301],[35.4230371083,0.6134531358],[35.4230480798,0.5967215397],[35.4147378669,0.5967160869]]]}},{"type":"Feature","properties":{"country":"Kenya","country_code":"KEN","species_name":"Eucalyptus_nitens","genus":"Eucalyptus","species":"nitens","suitability_name":"Marginally suitable","suitability_rank":3,"source_layer":"KCFP_SSMT_Kenya","tz":null,"soil_description":null},"geometry":{"type":"Polygon","coordinates":[[[35.413474839,1.6340375385],[35.4051618349,1.6340225689],[35.4051766893,1.6256570269],[35.3968637957,1.6256420988],[35.396937091,1.5838147569],[35.3803118698,1.5837855699],[35.3802729954,1.6060036531],[35.3802679214,1.6088815162],[35.3719553257,1.60886664],[35.3719337052,1.6210420463],[35.3719105834,1.6339623458],[35.3552854193,1.6339320275],[35.3552702825,1.6422971058],[35.3386453593,1.6422664945],[35.338630076,1.650631416],[35.3386355794,1.6506314253],[35.3386508173,1.6422909091],[35.3469632726,1.6423062337],[35.3469480682,1.6506468268],[35.3635676805,1.6506775152],[35.3635426881,1.6674078335],[35.3635884156,1.6423367763],[35.3719011022,1.6423519969],[35.3719393513,1.6210340279],[35.3808268831,1.6084112022],[35.3802786165,1.6060280823],[35.380317491,1.5838097615],[35.3886300957,1.5838243715],[35.3885566309,1.625651491],[35.380243858,1.6256364941],[35.3802289008,1.6340018385],[35.405167551,1.6340469539],[35.4051526627,1.6423881223],[35.4134599426,1.6424031572],[35.413474839,1.6340375385]]]}},{"type":"Feature","properties":{"country":"Kenya","country_code":"KEN","species_name":"Eucalyptus_nitens","genus":"Eucalyptus","species":"nitens","suitability_name":"Marginally suitable","suitability_rank":3,"source_layer":"KCFP_SSMT_Kenya","tz":null,"soil_description":null},"geometry":{"type":"Polygon","coordinates":[[[35.4050711048,1.6842158097],[35.4051167692,1.6591436648],[35.3968094649,1.6591284396],[35.3967789984,1.6758594292],[35.3884659421,1.6758440053],[35.388450558,1.6842094218],[35.3967636504,1.6842249228],[35.3967482258,1.6925904146],[35.4216822435,1.6926369245],[35.4133689633,1.692596853],[35.4133843177,1.6842312384],[35.4050711048,1.6842158097]]]}},{"type":"Feature","properties":{"country":"Kenya","country_code":"KEN","species_name":"Eucalyptus_nitens","genus":"Eucalyptus","species":"nitens","suitability_name":"Marginally suitable","suitability_rank":3,"source_layer":"KCFP_SSMT_Kenya","tz":null,"soil_description":null},"geometry":{"type":"Polygon","coordinates":[[[35.3718498035,1.667447779],[35.3717935117,1.7008842025],[35.3718554346,1.6674477894],[35.3718498035,1.667447779]]]}},{"type":"Feature","properties":{"country":"Kenya","country_code":"KEN","species_name":"Eucalyptus_nitens","genus":"Eucalyptus","species":"nitens","suitability_name":"Marginally suitable","suitability_rank":3,"source_layer":"KCFP_SSMT_Kenya","tz":null,"soil_description":null},"geometry":{"type":"Polygon","coordinates":[[[35.3800852091,1.7092652217],[35.3800908726,1.7092652324],[35.3801064746,1.7009245604],[35.380100812,1.7009245506],[35.3800852091,1.7092652217]]]}},{"type":"Feature","properties":{"country":"Kenya","country_code":"KEN","species_name":"Eucalyptus_nitens","genus":"Eucalyptus","species":"nitens","suitability_name":"Marginally suitable","suitability_rank":3,"source_layer":"KCFP_SSMT_Kenya","tz":null,"soil_description":null},"geometry":{"type":"Polygon","coordinates":[[[35.3883883051,1.7176463818],[35.3884039479,1.7093056653],[35.3883982529,1.7093056545],[35.3883826092,1.717646371],[35.3883883051,1.7176463818]]]}},{"type":"Feature","properties":{"country":"Kenya","country_code":"KEN","species_name":"Eucalyptus_nitens","genus":"Eucalyptus","species":"nitens","suitability_name":"Marginally suitable","suitability_rank":3,"source_layer":"KCFP_SSMT_Kenya","tz":null,"soil_description":null},"geometry":{"type":"Polygon","coordinates":[[[35.4132910539,1.7344249075],[35.4133224465,1.7176936879],[35.4216358783,1.7177093881],[35.4216668491,1.7010026463],[35.413359281,1.7009871089],[35.413343774,1.7093527534],[35.4050304228,1.7093370934],[35.4050148036,1.7177026603],[35.3966957655,1.7176868766],[35.3966800814,1.7260276356],[35.4049933502,1.7260682145],[35.4049991099,1.7260682255],[35.4049833857,1.7344090287],[35.4132910539,1.7344249075]]]}},{"type":"Feature","properties":{"country":"Kenya","country_code":"KEN","species_name":"Eucalyptus_nitens","genus":"Eucalyptus","species":"nitens","suitability_name":"Marginally suitable","suitability_rank":3,"source_layer":"KCFP_SSMT_Kenya","tz":null,"soil_description":null},"geometry":{"type":"Polygon","coordinates":[[[35.4383226001,-1.6852740405],[35.5159621104,-1.603531034],[35.5086731637,-1.5970856766],[35.4854770661,-1.612674936],[35.4703362627,-1.6182688725],[35.4611893114,-1.6161471596],[35.4610650426,-1.5962730163],[35.465016193,-1.5857960216],[35.452197665,-1.5852457397],[35.4262168076,-1.6067538782],[35.4110270193,-1.6237723863],[35.4004709776,-1.6287177417],[35.3885560594,-1.6227690581],[35.3885606811,-1.6201649211],[35.374796551,-1.6201401569],[35.3717204043,-1.6125148519],[35.3720240858,-1.5981306607],[35.3709439754,-1.5871547192],[35.356121798,-1.5767673859],[35.3546101815,-1.5591738449],[35.344123259,-1.5513318845],[35.3399917875,-1.5535844691],[35.3394852062,-1.5631707437],[35.3330453852,-1.5699795662],[35.3289771076,-1.5580727697],[35.3242103233,-1.5521026323],[35.3055505677,-1.5561369087],[35.3055558603,-1.5530970232],[35.3138676135,-1.5531116458],[35.3138835089,-1.5439240037],[35.31968653,-1.542249682],[35.3358586343,-1.536420319],[35.3388320224,-1.5364254541],[35.3388177228,-1.5447903868],[35.3471297555,-1.5448048003],[35.34713379,-1.5424444539],[35.3537514369,-1.5482070154],[35.3713171978,-1.5583864196],[35.3758405449,-1.5680067466],[35.3773636248,-1.5833228996],[35.3834225564,-1.6064392266],[35.4019048076,-1.6173100085],[35.4078749989,-1.6139267561],[35.4076844167,-1.6070752947],[35.4029357749,-1.5953919797],[35.4077876577,-1.5878837703],[35.4180938928,-1.5859064082],[35.4373177119,-1.5853689258],[35.4430774957,-1.5785594225],[35.4312758829,-1.5588256532],[35.4182398439,-1.5580424918],[35.407930106,-1.5586570377],[35.4050100372,-1.5485873424],[35.4041495573,-1.5373867653],[35.3966088498,-1.5352739245],[35.386950378,-1.5441117661],[35.3805293917,-1.5474865811],[35.3739245219,-1.5405934442],[35.3637743724,-1.5328529618],[35.3637769533,-1.5313243344],[35.3682566147,-1.5304985188],[35.3895579211,-1.5276904942],[35.4111921478,-1.5198178992],[35.4219832299,-1.5198359386],[35.4219694053,-1.5282016449],[35.4302821421,-1.5282155798],[35.4302813809,-1.5286759961],[35.4211279013,-1.5297467349],[35.4181276919,-1.534295035],[35.4276732214,-1.5480655062],[35.4434280474,-1.5545779356],[35.4604097329,-1.5455654088],[35.4654909944,-1.5369261783],[35.4604824481,-1.5320857106],[35.446898738,-1.5337665728],[35.4469078431,-1.528243353],[35.4552208069,-1.5282571911],[35.4552348464,-1.5196807189],[35.4561928932,-1.5197203699],[35.4713148221,-1.5177752427],[35.4794959995,-1.5281207736],[35.4812632545,-1.5406939777],[35.4846086633,-1.5573920608],[35.497171242,-1.5625070583],[35.5016300823,-1.5618501274],[35.492790021,-1.5700161064],[35.4881628076,-1.5795700699],[35.4769126045,-1.5861134775],[35.469532034,-1.5963410285],[35.4692587516,-1.6047895518],[35.4791140574,-1.6030363607],[35.4844046264,-1.5973657881],[35.4915225566,-1.5928423063],[35.5041408089,-1.587230923],[35.5192753839,-1.582084493],[35.5287054853,-1.5741601641],[35.5265987312,-1.5816863067],[35.5267504103,-1.5969875716],[35.5342352706,-1.6083300796],[35.5257490155,-1.6150249405],[35.5149125316,-1.6288779492],[35.5001865601,-1.6445349115],[35.4849507217,-1.6585591613],[35.486134663,-1.6617874493],[35.4860016606,-1.6621690803],[35.4810415533,-1.662160184],[35.4799323668,-1.6621581927],[35.4799305481,-1.663183604],[35.4799174949,-1.6705244157],[35.4717523107,-1.6705096635],[35.4716037357,-1.6705093948],[35.4716034979,-1.6706425011],[35.4715736972,-1.6872416869],[35.484269486,-1.6872648412],[35.4806906652,-1.6950991825],[35.4722222806,-1.6948061025],[35.4570886303,-1.6994837309],[35.4516153832,-1.6962479183],[35.4488040862,-1.6908767828],[35.4382955315,-1.7000888403],[35.4383226001,-1.6852740405]]]}},{"type":"Feature","properties":{"country":"Kenya","country_code":"KEN","species_name":"Eucalyptus_nitens","genus":"Eucalyptus","species":"nitens","suitability_name":"Marginally suitable","suitability_rank":3,"source_layer":"KCFP_SSMT_Kenya","tz":null,"soil_description":null},"geometry":{"type":"Polygon","coordinates":[[[35.4662661195,-1.4300293986],[35.4643820342,-1.4362451024],[35.4636800297,-1.4362440072],[35.4637056324,-1.4195118177],[35.4661358366,-1.4195155609],[35.4662661195,-1.4300293986]]]}},{"type":"Feature","properties":{"country":"Kenya","country_code":"KEN","species_name":"Eucalyptus_nitens","genus":"Eucalyptus","species":"nitens","suitability_name":"Marginally suitable","suitability_rank":3,"source_layer":"KCFP_SSMT_Kenya","tz":null,"soil_description":null},"geometry":{"type":"Polygon","coordinates":[[[35.4292995623,-1.0429971431],[35.4260037723,-1.0448869918],[35.4226418487,-1.0463823384],[35.4226456908,-1.0429895291],[35.4292995623,-1.0429971431]]]}},{"type":"Feature","properties":{"country":"Kenya","country_code":"KEN","species_name":"Eucalyptus_nitens","genus":"Eucalyptus","species":"nitens","suitability_name":"Marginally suitable","suitability_rank":3,"source_layer":"KCFP_SSMT_Kenya","tz":null,"soil_description":null},"geometry":{"type":"Polygon","coordinates":[[[35.4708992343,-0.9259176748],[35.4643318295,-0.9259110802],[35.464334109,-0.9175449433],[35.4726453515,-0.9175532125],[35.4726392798,-0.9237238751],[35.4709107438,-0.9259031633],[35.4726371241,-0.9259048948],[35.4708992343,-0.9259176748]]]}},{"type":"Feature","properties":{"country":"Kenya","country_code":"KEN","species_name":"Eucalyptus_nitens","genus":"Eucalyptus","species":"nitens","suitability_name":"Marginally suitable","suitability_rank":3,"source_layer":"KCFP_SSMT_Kenya","tz":null,"soil_description":null},"geometry":{"type":"Polygon","coordinates":[[[35.4561452031,-0.7836797104],[35.4644560853,-0.7836867888],[35.4644497239,-0.7912279611],[35.4637856156,-0.7920523562],[35.4561381256,-0.7920457726],[35.4561452031,-0.7836797104]]]}},{"type":"Feature","properties":{"country":"Kenya","country_code":"KEN","species_name":"Eucalyptus_nitens","genus":"Eucalyptus","species":"nitens","suitability_name":"Marginally suitable","suitability_rank":3,"source_layer":"KCFP_SSMT_Kenya","tz":null,"soil_description":null},"geometry":{"type":"Polygon","coordinates":[[[35.4644593532,-0.7797843989],[35.4649692245,-0.7795874154],[35.4659171457,-0.7836880315],[35.4644560853,-0.7836867888],[35.4644593532,-0.7797843989]]]}},{"type":"Feature","properties":{"country":"Kenya","country_code":"KEN","species_name":"Eucalyptus_nitens","genus":"Eucalyptus","species":"nitens","suitability_name":"Marginally suitable","suitability_rank":3,"source_layer":"KCFP_SSMT_Kenya","tz":null,"soil_description":null},"geometry":{"type":"Polygon","coordinates":[[[35.4232350288,-0.0180407392],[35.4241198839,-0.0177048121],[35.4250287968,-0.0204279164],[35.4232349273,-0.0226465927],[35.4232350288,-0.0180407392]]]}},{"type":"Feature","properties":{"country":"Kenya","country_code":"KEN","species_name":"Eucalyptus_nitens","genus":"Eucalyptus","species":"nitens","suitability_name":"Marginally suitable","suitability_rank":3,"source_layer":"KCFP_SSMT_Kenya","tz":null,"soil_description":null},"geometry":{"type":"Polygon","coordinates":[[[35.412018114,0.0194625482],[35.4398546992,0.0194631428],[35.4398548245,0.0121015746],[35.412018114,0.0194625482]]]}},{"type":"Feature","properties":{"country":"Kenya","country_code":"KEN","species_name":"Eucalyptus_nitens","genus":"Eucalyptus","species":"nitens","suitability_name":"Marginally suitable","suitability_rank":3,"source_layer":"KCFP_SSMT_Kenya","tz":null,"soil_description":null},"geometry":{"type":"Polygon","coordinates":[[[35.4396380222,0.6341279294],[35.4396439195,0.6341114037],[35.4396407034,0.6301962039],[35.4396380222,0.6341279294]]]}},{"type":"Feature","properties":{"country":"Kenya","country_code":"KEN","species_name":"Eucalyptus_nitens","genus":"Eucalyptus","species":"nitens","suitability_name":"Marginally suitable","suitability_rank":3,"source_layer":"KCFP_SSMT_Kenya","tz":null,"soil_description":null},"geometry":{"type":"Polygon","coordinates":[[[35.4656383543,0.7437054281],[35.4782144496,0.7473339959],[35.4729199058,0.7807905185],[35.4810804961,0.7807974105],[35.4810942762,0.7640648321],[35.4977164888,0.7640785214],[35.4977232341,0.7557120817],[35.5060344356,0.7557188274],[35.5060541818,0.7306192821],[35.4977430271,0.7306127595],[35.4977494761,0.7222463192],[35.4811274202,0.7222333787],[35.4811401553,0.7055007959],[35.4728292691,0.7054944537],[35.4728355394,0.6971282365],[35.4645247427,0.6971219548],[35.4645370877,0.6803896702],[35.4562323439,0.6803835284],[35.4562263949,0.680383524],[35.4562324542,0.6720381307],[35.4562443919,0.6552853213],[35.4479338163,0.6552793889],[35.4479454656,0.6385474045],[35.4396408775,0.6385416142],[35.4396380222,0.6341279294],[35.4190338036,0.6918665321],[35.4208029663,0.7082121799],[35.438744258,0.7218279049],[35.4644955152,0.7427757498],[35.4656383543,0.7437054281]]]}},{"type":"Feature","properties":{"country":"Kenya","country_code":"KEN","species_name":"Eucalyptus_nitens","genus":"Eucalyptus","species":"nitens","suitability_name":"Marginally suitable","suitability_rank":3,"source_layer":"KCFP_SSMT_Kenya","tz":null,"soil_description":null},"geometry":{"type":"Polygon","coordinates":[[[35.4727754844,0.7807903963],[35.4727686718,0.7817460542],[35.4727747175,0.781707855],[35.4729199058,0.7807905185],[35.4727754844,0.7807903963]]]}},{"type":"Feature","properties":{"country":"Kenya","country_code":"KEN","species_name":"Eucalyptus_nitens","genus":"Eucalyptus","species":"nitens","suitability_name":"Marginally suitable","suitability_rank":3,"source_layer":"KCFP_SSMT_Kenya","tz":null,"soil_description":null},"geometry":{"type":"Polygon","coordinates":[[[35.4727685429,0.7819002964],[35.4727686718,0.7817460542],[35.4727527586,0.7818465976],[35.4727685429,0.7819002964]]]}},{"type":"Feature","properties":{"country":"Kenya","country_code":"KEN","species_name":"Eucalyptus_nitens","genus":"Eucalyptus","species":"nitens","suitability_name":"Marginally suitable","suitability_rank":3,"source_layer":"KCFP_SSMT_Kenya","tz":null,"soil_description":null},"geometry":{"type":"Polygon","coordinates":[[[35.4727745397,0.7819206985],[35.4727685429,0.7819002964],[35.4727684659,0.7891566089],[35.4749019824,0.7891584326],[35.4727745397,0.7819206985]]]}},{"type":"Feature","properties":{"country":"Kenya","country_code":"KEN","species_name":"Eucalyptus_nitens","genus":"Eucalyptus","species":"nitens","suitability_name":"Marginally suitable","suitability_rank":3,"source_layer":"KCFP_SSMT_Kenya","tz":null,"soil_description":null},"geometry":{"type":"Polygon","coordinates":[[[35.4810734763,0.7891848232],[35.4749019824,0.7891584326],[35.4749081936,0.7891795628],[35.4780911924,0.8000087244],[35.4810617146,0.8030415544],[35.4810734763,0.7891848232]]]}},{"type":"Feature","properties":{"country":"Kenya","country_code":"KEN","species_name":"Eucalyptus_nitens","genus":"Eucalyptus","species":"nitens","suitability_name":"Marginally suitable","suitability_rank":3,"source_layer":"KCFP_SSMT_Kenya","tz":null,"soil_description":null},"geometry":{"type":"Polygon","coordinates":[[[35.4810617146,0.8030415544],[35.4810653122,0.8058962803],[35.4838601623,0.8058987128],[35.4810677555,0.8030477218],[35.4810617146,0.8030415544]]]}},{"type":"Feature","properties":{"country":"Kenya","country_code":"KEN","species_name":"Eucalyptus_nitens","genus":"Eucalyptus","species":"nitens","suitability_name":"Marginally suitable","suitability_rank":3,"source_layer":"KCFP_SSMT_Kenya","tz":null,"soil_description":null},"geometry":{"type":"Polygon","coordinates":[[[35.4726814507,0.8799718787],[35.4714813137,0.8811837798],[35.4726803091,0.8811849242],[35.4726814507,0.8799718787]]]}},{"type":"Feature","properties":{"country":"Kenya","country_code":"KEN","species_name":"Eucalyptus_nitens","genus":"Eucalyptus","species":"nitens","suitability_name":"Marginally suitable","suitability_rank":3,"source_layer":"KCFP_SSMT_Kenya","tz":null,"soil_description":null},"geometry":{"type":"Polygon","coordinates":[[[35.4875153821,-1.7993672921],[35.4803574162,-1.804385207],[35.4796693747,-1.804383866],[35.4796814506,-1.798100057],[35.4824265099,-1.7981218335],[35.4875153821,-1.7993672921]]]}},{"type":"Feature","properties":{"country":"Kenya","country_code":"KEN","species_name":"Eucalyptus_nitens","genus":"Eucalyptus","species":"nitens","suitability_name":"Marginally suitable","suitability_rank":3,"source_layer":"KCFP_SSMT_Kenya","tz":null,"soil_description":null},"geometry":{"type":"Polygon","coordinates":[[[35.4826396056,-1.6718157825],[35.4860016606,-1.6621690803],[35.4882461659,-1.6621731032],[35.4882164174,-1.6789056986],[35.4965303612,-1.6789207239],[35.4965154104,-1.6872870953],[35.484269486,-1.6872648412],[35.4857881258,-1.6839403362],[35.4826396056,-1.6718157825]]]}},{"type":"Feature","properties":{"country":"Kenya","country_code":"KEN","species_name":"Eucalyptus_nitens","genus":"Eucalyptus","species":"nitens","suitability_name":"Marginally suitable","suitability_rank":3,"source_layer":"KCFP_SSMT_Kenya","tz":null,"soil_description":null},"geometry":{"type":"Polygon","coordinates":[[[35.5058725091,-0.9426711556],[35.5141842149,-0.9426795496],[35.5141758479,-0.9510461623],[35.5058641223,-0.951037692],[35.5058725091,-0.9426711556]]]}},{"type":"Feature","properties":{"country":"Kenya","country_code":"KEN","species_name":"Eucalyptus_nitens","genus":"Eucalyptus","species":"nitens","suitability_name":"Marginally suitable","suitability_rank":3,"source_layer":"KCFP_SSMT_Kenya","tz":null,"soil_description":null},"geometry":{"type":"Polygon","coordinates":[[[35.5241434329,-0.8757559015],[35.5201550464,-0.8724245271],[35.5137640242,-0.874522468],[35.5325161526,-0.8506781722],[35.5392000256,-0.8506842192],[35.539207451,-0.8423174129],[35.5807669009,-0.8423543835],[35.5807521533,-0.859088732],[35.5890642963,-0.8590962186],[35.5890568317,-0.8674634642],[35.597369066,-0.8674710055],[35.5973903823,-0.8507363723],[35.5973830203,-0.8590889097],[35.605695341,-0.85909636],[35.6056879128,-0.8674637844],[35.5973755739,-0.8674562616],[35.5973680554,-0.875823612],[35.5641193525,-0.8757930456],[35.5641269441,-0.8674259862],[35.547503065,-0.8674107392],[35.5474954368,-0.8757776514],[35.5241434329,-0.8757559015]]]}},{"type":"Feature","properties":{"country":"Kenya","country_code":"KEN","species_name":"Eucalyptus_nitens","genus":"Eucalyptus","species":"nitens","suitability_name":"Marginally suitable","suitability_rank":3,"source_layer":"KCFP_SSMT_Kenya","tz":null,"soil_description":null},"geometry":{"type":"Polygon","coordinates":[[[35.5325161526,-0.8506781722],[35.5308883367,-0.8506766986],[35.5308957808,-0.8423099646],[35.5391170481,-0.8423173311],[35.5325161526,-0.8506781722]]]}},{"type":"Feature","properties":{"country":"Kenya","country_code":"KEN","species_name":"Eucalyptus_nitens","genus":"Eucalyptus","species":"nitens","suitability_name":"Marginally suitable","suitability_rank":3,"source_layer":"KCFP_SSMT_Kenya","tz":null,"soil_description":null},"geometry":{"type":"Polygon","coordinates":[[[35.539207451,-0.8423174129],[35.5391170481,-0.8423173311],[35.5392075523,-0.8422026953],[35.539207451,-0.8423174129]]]}},{"type":"Feature","properties":{"country":"Kenya","country_code":"KEN","species_name":"Eucalyptus_nitens","genus":"Eucalyptus","species":"nitens","suitability_name":"Marginally suitable","suitability_rank":3,"source_layer":"KCFP_SSMT_Kenya","tz":null,"soil_description":null},"geometry":{"type":"Polygon","coordinates":[[[35.5432150703,-0.8283086216],[35.5403603102,-0.8407425654],[35.5392075523,-0.8422026953],[35.5392213525,-0.8264276426],[35.5432150703,-0.8283086216]]]}},{"type":"Feature","properties":{"country":"Kenya","country_code":"KEN","species_name":"Eucalyptus_nitens","genus":"Eucalyptus","species":"nitens","suitability_name":"Marginally suitable","suitability_rank":3,"source_layer":"KCFP_SSMT_Kenya","tz":null,"soil_description":null},"geometry":{"type":"Polygon","coordinates":[[[35.5641924717,-0.7837704397],[35.5725043152,-0.7837773031],[35.572497469,-0.7921444073],[35.5641856089,-0.7921374706],[35.5641924717,-0.7837704397]]]}},{"type":"Feature","properties":{"country":"Kenya","country_code":"KEN","species_name":"Eucalyptus_nitens","genus":"Eucalyptus","species":"nitens","suitability_name":"Marginally suitable","suitability_rank":3,"source_layer":"KCFP_SSMT_Kenya","tz":null,"soil_description":null},"geometry":{"type":"Polygon","coordinates":[[[35.4901598175,0.1319748617],[35.4932291301,0.1282276504],[35.4983029458,0.1220331473],[35.4983646877,0.1075478151],[35.4929971119,0.0984833638],[35.4812791734,0.1029858827],[35.4808543338,0.1114933346],[35.4802845439,0.1229009558],[35.4901598175,0.1319748617]]]}},{"type":"Feature","properties":{"country":"Kenya","country_code":"KEN","species_name":"Eucalyptus_nitens","genus":"Eucalyptus","species":"nitens","suitability_name":"Marginally suitable","suitability_rank":3,"source_layer":"KCFP_SSMT_Kenya","tz":null,"soil_description":null},"geometry":{"type":"Polygon","coordinates":[[[35.5727764392,0.3002631142],[35.5743101799,0.3039485561],[35.5810812869,0.3202193655],[35.5812751283,0.3206851718],[35.5865880304,0.333452469],[35.586381207,0.3833409119],[35.5823591638,0.3959903783],[35.581051487,0.4001029344],[35.5743783612,0.4210884598],[35.5727289101,0.4262753584],[35.5690574702,0.4378202748],[35.558414836,0.4712833293],[35.5643965822,0.4712863047],[35.56440065,0.4629192625],[35.5721128299,0.4629230233],[35.5727119924,0.4629233152],[35.572712334,0.4622138972],[35.5727159777,0.4545561986],[35.5790153477,0.454559209],[35.5810273831,0.4545601694],[35.5810297093,0.4495924386],[35.5810388753,0.429458599],[35.5891935218,0.4294622709],[35.5893503254,0.4294623414],[35.5893504971,0.429075192],[35.5893676013,0.4043605531],[35.5976726348,0.4043640654],[35.597676079,0.3960163427],[35.5977038941,0.320710012],[35.5977064236,0.3129641828],[35.5977066301,0.31232335],[35.5972439821,0.3123231991],[35.5894016791,0.3123206372],[35.5893952174,0.3123206351],[35.5893978744,0.303972628],[35.589400472,0.2955861028],[35.5810891435,0.2955835271],[35.5810941162,0.2788683023],[35.5810965021,0.2704819463],[35.5977191958,0.2704866546],[35.5977214934,0.2621193142],[35.6060329421,0.2621215881],[35.6060433133,0.2203034637],[35.6060451777,0.2119171131],[35.5977402519,0.2119152769],[35.5977372687,0.1951805946],[35.6309833441,0.1951873401],[35.6309816415,0.2035549697],[35.6559169622,0.2035602005],[35.6559186531,0.1951923559],[35.672542546,0.1951956791],[35.6725441571,0.186827691],[35.6974805146,0.1868324335],[35.6974789155,0.1952006331],[35.7057911799,0.1952022762],[35.7057927741,0.1868340062],[35.7204050277,0.1868367602],[35.7224176919,0.1858142702],[35.7224190211,0.1784687282],[35.730731485,0.17847022],[35.7307329294,0.1701017396],[35.7390454608,0.170103157],[35.7390442141,0.1773674156],[35.7473575456,0.1731438761],[35.7473580595,0.1701045708],[35.7533378548,0.1701055847],[35.7556709266,0.1689202637],[35.7556746155,0.1449999131],[35.7473690277,0.144998712],[35.739049367,0.1449975059],[35.7390501065,0.139738854],[35.7350924771,0.1397305871],[35.7307372859,0.141908579],[35.7307368464,0.1449962968],[35.7224313709,0.1449950874],[35.7224246248,0.143397134],[35.7062694677,0.1396703562],[35.6864669464,0.1396289532],[35.6764309913,0.153356349],[35.6620098809,0.1730811153],[35.6485057298,0.1721469128],[35.6349505246,0.1803578662],[35.6309861876,0.1803493996],[35.6079345649,0.1803001554],[35.5925872942,0.1920379513],[35.5907125552,0.2092370735],[35.600441046,0.2509988609],[35.5913823267,0.2636548504],[35.5662350909,0.2473015802],[35.5544917794,0.2563295783],[35.560379627,0.2704760463],[35.5727764392,0.3002631142]]]}},{"type":"Feature","properties":{"country":"Kenya","country_code":"KEN","species_name":"Eucalyptus_nitens","genus":"Eucalyptus","species":"nitens","suitability_name":"Marginally suitable","suitability_rank":3,"source_layer":"KCFP_SSMT_Kenya","tz":null,"soil_description":null},"geometry":{"type":"Polygon","coordinates":[[[35.5560853029,0.4712821688],[35.5560816673,0.4786187967],[35.5560880115,0.4785988517],[35.5584085063,0.4713032275],[35.558414836,0.4712833293],[35.5560853029,0.4712821688]]]}},{"type":"Feature","properties":{"country":"Kenya","country_code":"KEN","species_name":"Eucalyptus_nitens","genus":"Eucalyptus","species":"nitens","suitability_name":"Marginally suitable","suitability_rank":3,"source_layer":"KCFP_SSMT_Kenya","tz":null,"soil_description":null},"geometry":{"type":"Polygon","coordinates":[[[35.5560769285,0.4880161073],[35.5560800296,0.4818870698],[35.5560811422,0.479669072],[35.5560816673,0.4786187967],[35.5557476584,0.4796689029],[35.5544161212,0.4838551355],[35.5500450061,0.488012992],[35.5560769285,0.4880161073]]]}},{"type":"Feature","properties":{"country":"Kenya","country_code":"KEN","species_name":"Eucalyptus_nitens","genus":"Eucalyptus","species":"nitens","suitability_name":"Marginally suitable","suitability_rank":3,"source_layer":"KCFP_SSMT_Kenya","tz":null,"soil_description":null},"geometry":{"type":"Polygon","coordinates":[[[35.5477720049,0.4880118157],[35.5477645919,0.4901821298],[35.5477708969,0.4901761321],[35.5500450061,0.488012992],[35.5477720049,0.4880118157]]]}},{"type":"Feature","properties":{"country":"Kenya","country_code":"KEN","species_name":"Eucalyptus_nitens","genus":"Eucalyptus","species":"nitens","suitability_name":"Marginally suitable","suitability_rank":3,"source_layer":"KCFP_SSMT_Kenya","tz":null,"soil_description":null},"geometry":{"type":"Polygon","coordinates":[[[35.5412536672,0.4963752805],[35.547761395,0.4963787077],[35.5477645919,0.4901821298],[35.5412536672,0.4963752805]]]}},{"type":"Feature","properties":{"country":"Kenya","country_code":"KEN","species_name":"Eucalyptus_nitens","genus":"Eucalyptus","species":"nitens","suitability_name":"Marginally suitable","suitability_rank":3,"source_layer":"KCFP_SSMT_Kenya","tz":null,"soil_description":null},"geometry":{"type":"Polygon","coordinates":[[[35.541232653,0.496395268],[35.5412536672,0.4963752805],[35.5394502325,0.4963743305],[35.5394493364,0.4980915305],[35.5394556091,0.4980855637],[35.541232653,0.496395268]]]}},{"type":"Feature","properties":{"country":"Kenya","country_code":"KEN","species_name":"Eucalyptus_nitens","genus":"Eucalyptus","species":"nitens","suitability_name":"Marginally suitable","suitability_rank":3,"source_layer":"KCFP_SSMT_Kenya","tz":null,"soil_description":null},"geometry":{"type":"Polygon","coordinates":[[[35.5394458408,0.5047411509],[35.5394493364,0.4980915305],[35.535428589,0.501915974],[35.5326207345,0.504737487],[35.5394458408,0.5047411509]]]}},{"type":"Feature","properties":{"country":"Kenya","country_code":"KEN","species_name":"Eucalyptus_nitens","genus":"Eucalyptus","species":"nitens","suitability_name":"Marginally suitable","suitability_rank":3,"source_layer":"KCFP_SSMT_Kenya","tz":null,"soil_description":null},"geometry":{"type":"Polygon","coordinates":[[[35.532600812,0.5047575071],[35.5326207345,0.504737487],[35.5311347403,0.5047366883],[35.5311339462,0.5062314995],[35.5311401876,0.5062252284],[35.532600812,0.5047575071]]]}},{"type":"Feature","properties":{"country":"Kenya","country_code":"KEN","species_name":"Eucalyptus_nitens","genus":"Eucalyptus","species":"nitens","suitability_name":"Marginally suitable","suitability_rank":3,"source_layer":"KCFP_SSMT_Kenya","tz":null,"soil_description":null},"geometry":{"type":"Polygon","coordinates":[[[35.514505224,0.5298275295],[35.5228100353,0.5298322329],[35.5228146574,0.5214856562],[35.5311257169,0.521470182],[35.5311339462,0.5062314995],[35.5159570264,0.5214818335],[35.5145090533,0.5229367792],[35.5128363848,0.5246174959],[35.5124027245,0.5298464641],[35.5109571492,0.5472742403],[35.514487535,0.5500229451],[35.5144990384,0.529847654],[35.5144990496,0.529827526],[35.514505224,0.5298275295]]]}},{"type":"Feature","properties":{"country":"Kenya","country_code":"KEN","species_name":"Eucalyptus_nitens","genus":"Eucalyptus","species":"nitens","suitability_name":"Marginally suitable","suitability_rank":3,"source_layer":"KCFP_SSMT_Kenya","tz":null,"soil_description":null},"geometry":{"type":"Polygon","coordinates":[[[35.5145940369,0.6553265838],[35.5227316881,0.655332283],[35.5227196488,0.672544328],[35.5227258485,0.6725542877],[35.5227969712,0.5632989231],[35.5227945043,0.5569626994],[35.5226181461,0.5563533601],[35.514487535,0.5500229451],[35.5144846619,0.554947543],[35.5144797218,0.5633141715],[35.5144696324,0.5800271081],[35.5227806879,0.580032261],[35.5227430932,0.638598947],[35.5158439791,0.6385942396],[35.5144319483,0.6385932748],[35.514420516,0.6553264612],[35.5145940369,0.6553265838]]]}},{"type":"Feature","properties":{"country":"Kenya","country_code":"KEN","species_name":"Eucalyptus_nitens","genus":"Eucalyptus","species":"nitens","suitability_name":"Marginally suitable","suitability_rank":3,"source_layer":"KCFP_SSMT_Kenya","tz":null,"soil_description":null},"geometry":{"type":"Polygon","coordinates":[[[35.541071528,0.7545788076],[35.5365383014,0.7781945904],[35.537643598,0.7892326696],[35.5391754726,0.8045328232],[35.5392462556,0.8046382051],[35.5457628122,0.8143401897],[35.547547477,0.816997264],[35.5626318495,0.8394558852],[35.5641498153,0.8417159797],[35.5724361405,0.8634871505],[35.5724574001,0.8394432565],[35.5641454442,0.8394359055],[35.5641599201,0.8227018479],[35.5558480711,0.8226946262],[35.5558622904,0.8059607137],[35.5475505486,0.805953621],[35.5476110637,0.7306516591],[35.539299541,0.7306452145],[35.539324576,0.6971987324],[35.5393245912,0.6971779609],[35.5310194392,0.6971718015],[35.5310132009,0.6971717969],[35.5310192797,0.6888257954],[35.5310192947,0.6888050566],[35.5227141985,0.6887989565],[35.5227141834,0.6888196951],[35.5227196488,0.672544328],[35.5143163715,0.6590429906],[35.5124836136,0.6763907502],[35.5196180592,0.7018181043],[35.541071528,0.7545788076]]]}},{"type":"Feature","properties":{"country":"Kenya","country_code":"KEN","species_name":"Eucalyptus_nitens","genus":"Eucalyptus","species":"nitens","suitability_name":"Marginally suitable","suitability_rank":3,"source_layer":"KCFP_SSMT_Kenya","tz":null,"soil_description":null},"geometry":{"type":"Polygon","coordinates":[[[35.5559003963,0.7672528633],[35.5536261239,0.7645653984],[35.5491261207,0.7672916328],[35.5490673513,0.7990804959],[35.5558690166,0.8054950698],[35.5559003963,0.7672528633]]]}},{"type":"Feature","properties":{"country":"Kenya","country_code":"KEN","species_name":"Eucalyptus_nitens","genus":"Eucalyptus","species":"nitens","suitability_name":"Marginally suitable","suitability_rank":3,"source_layer":"KCFP_SSMT_Kenya","tz":null,"soil_description":null},"geometry":{"type":"Polygon","coordinates":[[[35.5563856999,0.8059823498],[35.5607168886,0.8100670762],[35.5625002032,0.8059875562],[35.5563856999,0.8059823498]]]}},{"type":"Feature","properties":{"country":"Kenya","country_code":"KEN","species_name":"Eucalyptus_nitens","genus":"Eucalyptus","species":"nitens","suitability_name":"Marginally suitable","suitability_rank":3,"source_layer":"KCFP_SSMT_Kenya","tz":null,"soil_description":null},"geometry":{"type":"Polygon","coordinates":[[[35.4893559244,0.8226362273],[35.4893662194,0.8107853916],[35.4893704169,0.8059035029],[35.4838601623,0.8058987128],[35.4888516328,0.8109949312],[35.481660364,0.8173541317],[35.4814519432,0.8226292112],[35.4893559244,0.8226362273]]]}},{"type":"Feature","properties":{"country":"Kenya","country_code":"KEN","species_name":"Eucalyptus_nitens","genus":"Eucalyptus","species":"nitens","suitability_name":"Marginally suitable","suitability_rank":3,"source_layer":"KCFP_SSMT_Kenya","tz":null,"soil_description":null},"geometry":{"type":"Polygon","coordinates":[[[35.5724296032,0.8707470195],[35.5731864549,0.8654683219],[35.5724361405,0.8634871505],[35.5724296032,0.8707470195]]]}},{"type":"Feature","properties":{"country":"Kenya","country_code":"KEN","species_name":"Eucalyptus_nitens","genus":"Eucalyptus","species":"nitens","suitability_name":"Marginally suitable","suitability_rank":3,"source_layer":"KCFP_SSMT_Kenya","tz":null,"soil_description":null},"geometry":{"type":"Polygon","coordinates":[[[35.5723888113,0.9147471541],[35.5724296032,0.8707470195],[35.5649672333,0.9227818378],[35.5765747888,0.956476997],[35.5764750466,0.9565867883],[35.580660454,0.9565909935],[35.5807010064,0.9147551452],[35.5723888113,0.9147471541]]]}},{"type":"Feature","properties":{"country":"Kenya","country_code":"KEN","species_name":"Eucalyptus_nitens","genus":"Eucalyptus","species":"nitens","suitability_name":"Marginally suitable","suitability_rank":3,"source_layer":"KCFP_SSMT_Kenya","tz":null,"soil_description":null},"geometry":{"type":"Polygon","coordinates":[[[35.5723481609,0.9565826368],[35.5723436284,0.9611344024],[35.5764750466,0.9565867883],[35.5723481609,0.9565826368]]]}},{"type":"Feature","properties":{"country":"Kenya","country_code":"KEN","species_name":"Eucalyptus_nitens","genus":"Eucalyptus","species":"nitens","suitability_name":"Marginally suitable","suitability_rank":3,"source_layer":"KCFP_SSMT_Kenya","tz":null,"soil_description":null},"geometry":{"type":"Polygon","coordinates":[[[35.5723436284,0.9611344024],[35.5666717839,0.9673775275],[35.572335987,0.9687598008],[35.5723436284,0.9611344024]]]}},{"type":"Feature","properties":{"country":"Kenya","country_code":"KEN","species_name":"Eucalyptus_nitens","genus":"Eucalyptus","species":"nitens","suitability_name":"Marginally suitable","suitability_rank":3,"source_layer":"KCFP_SSMT_Kenya","tz":null,"soil_description":null},"geometry":{"type":"Polygon","coordinates":[[[35.5637429009,1.2157217308],[35.5635341034,1.2159741939],[35.5525718166,1.2292287229],[35.5530219215,1.2326717678],[35.5569765029,1.2629257453],[35.5452645117,1.2783636251],[35.5452392865,1.288354317],[35.5463899433,1.2912311545],[35.5497475025,1.2996257306],[35.5530865415,1.3079741541],[35.5532682572,1.3084284918],[35.5397599578,1.3238652537],[35.5316567318,1.3247713313],[35.5245408649,1.3497678199],[35.5303110913,1.3497761214],[35.5303291673,1.3414094302],[35.5386359637,1.3414212829],[35.5386476669,1.3330777277],[35.5386476984,1.3330545081],[35.5386539703,1.333054517],[35.5420020158,1.3330592555],[35.5469670841,1.3330662765],[35.5802138372,1.3331130231],[35.5802546166,1.3080116022],[35.588561548,1.3080229933],[35.5885951607,1.282921337],[35.5802883108,1.2829101655],[35.5802818799,1.282910156],[35.5802929349,1.2745660049],[35.5803039487,1.266198825],[35.5803257882,1.2494415649],[35.5803322199,1.2494415742],[35.5886389645,1.2494524551],[35.588649704,1.2411080987],[35.5886497333,1.2410852319],[35.5886561973,1.2410852412],[35.5969629559,1.2410960229],[35.5969735973,1.2327515617],[35.5969743273,1.2321771081],[35.594802017,1.2292351236],[35.5936147822,1.2243799216],[35.5969841975,1.2243842329],[35.5969947237,1.2160169035],[35.5927382953,1.2160114937],[35.5984855113,1.1938120942],[35.5886235178,1.1856364527],[35.5637429009,1.2157217308]]]}},{"type":"Feature","properties":{"country":"Kenya","country_code":"KEN","species_name":"Eucalyptus_nitens","genus":"Eucalyptus","species":"nitens","suitability_name":"Marginally suitable","suitability_rank":3,"source_layer":"KCFP_SSMT_Kenya","tz":null,"soil_description":null},"geometry":{"type":"Polygon","coordinates":[[[35.5197788032,1.3664942027],[35.52197415,1.3664974071],[35.521985284,1.3587442759],[35.5197788032,1.3664942027]]]}},{"type":"Feature","properties":{"country":"Kenya","country_code":"KEN","species_name":"Eucalyptus_nitens","genus":"Eucalyptus","species":"nitens","suitability_name":"Marginally suitable","suitability_rank":3,"source_layer":"KCFP_SSMT_Kenya","tz":null,"soil_description":null},"geometry":{"type":"Polygon","coordinates":[[[35.7870433928,-1.9723346206],[35.7870506289,-1.9723346346],[35.7870345445,-1.9806930168],[35.7870433928,-1.9723346206]]]}},{"type":"Feature","properties":{"country":"Kenya","country_code":"KEN","species_name":"Eucalyptus_nitens","genus":"Eucalyptus","species":"nitens","suitability_name":"Marginally suitable","suitability_rank":3,"source_layer":"KCFP_SSMT_Kenya","tz":null,"soil_description":null},"geometry":{"type":"Polygon","coordinates":[[[35.7787328316,-1.972307944],[35.7870434139,-1.9723241198],[35.7870433928,-1.9723346206],[35.7787328316,-1.972307944]]]}},{"type":"Feature","properties":{"country":"Kenya","country_code":"KEN","species_name":"Eucalyptus_nitens","genus":"Eucalyptus","species":"nitens","suitability_name":"Marginally suitable","suitability_rank":3,"source_layer":"KCFP_SSMT_Kenya","tz":null,"soil_description":null},"geometry":{"type":"Polygon","coordinates":[[[35.745494641,-1.9555162554],[35.7455036714,-1.9471477339],[35.7371863726,-1.9471209476],[35.7372024284,-1.9387631054],[35.7122510332,-1.9387038711],[35.7122671423,-1.930346271],[35.7023580964,-1.9303162879],[35.7028823554,-1.9300075299],[35.7228019469,-1.9296980301],[35.7276474669,-1.9251755559],[35.7333252368,-1.9320638997],[35.7413021558,-1.9378393576],[35.7625454664,-1.9473617014],[35.7704566592,-1.9506318881],[35.7704472509,-1.95555422],[35.7787577146,-1.9555702989],[35.7787416853,-1.9639496481],[35.778748889,-1.963949663],[35.7787328316,-1.972307944],[35.7704079103,-1.9722916985],[35.770424009,-1.9639334854],[35.7621135404,-1.9639172961],[35.762122492,-1.9555486366],[35.745494641,-1.9555162554]]]}},{"type":"Feature","properties":{"country":"Kenya","country_code":"KEN","species_name":"Eucalyptus_nitens","genus":"Eucalyptus","species":"nitens","suitability_name":"Marginally suitable","suitability_rank":3,"source_layer":"KCFP_SSMT_Kenya","tz":null,"soil_description":null},"geometry":{"type":"Polygon","coordinates":[[[35.7068017537,-1.7961541236],[35.7117762716,-1.8064687695],[35.7098771424,-1.8131861774],[35.7041691973,-1.8131757212],[35.7041669655,-1.8144072992],[35.6996140656,-1.8116400883],[35.6921208435,-1.8003844602],[35.6910180674,-1.7964153805],[35.6958831008,-1.7964242469],[35.6958981167,-1.7880561418],[35.7047319283,-1.788072133],[35.7070468858,-1.7915879174],[35.7068017537,-1.7961541236]]]}},{"type":"Feature","properties":{"country":"Kenya","country_code":"KEN","species_name":"Eucalyptus_nitens","genus":"Eucalyptus","species":"nitens","suitability_name":"Marginally suitable","suitability_rank":3,"source_layer":"KCFP_SSMT_Kenya","tz":null,"soil_description":null},"geometry":{"type":"Polygon","coordinates":[[[35.8135159989,-1.7717548635],[35.8195533131,-1.7713036261],[35.8234738985,-1.7748995838],[35.823419268,-1.7799136442],[35.8123459942,-1.7798944029],[35.8123572347,-1.7733437484],[35.8135159989,-1.7717548635]]]}},{"type":"Feature","properties":{"country":"Kenya","country_code":"KEN","species_name":"Eucalyptus_nitens","genus":"Eucalyptus","species":"nitens","suitability_name":"Marginally suitable","suitability_rank":3,"source_layer":"KCFP_SSMT_Kenya","tz":null,"soil_description":null},"geometry":{"type":"Polygon","coordinates":[[[35.8083452415,-1.6865531575],[35.8172694255,-1.6873021483],[35.8291446523,-1.6811109373],[35.8322388819,-1.6794977109],[35.8457923871,-1.6724312122],[35.8466570949,-1.6719803636],[35.8485488959,-1.6795126359],[35.8491032336,-1.6859305259],[35.8382945743,-1.6940828362],[35.8137571748,-1.7012101472],[35.8029848027,-1.7045619845],[35.7946452097,-1.7129118319],[35.7875087567,-1.7128997968],[35.7874969152,-1.7199874327],[35.7861056163,-1.7212663182],[35.7708615937,-1.7212403836],[35.7708474656,-1.7296091237],[35.7685935995,-1.7296052601],[35.7589111243,-1.7259439184],[35.7487793269,-1.6915979525],[35.736095243,-1.6668260099],[35.7233278299,-1.6557712007],[35.7210750757,-1.6547536038],[35.7210759725,-1.6542080196],[35.7198627963,-1.6542060001],[35.7127654437,-1.65100003],[35.7127739382,-1.6458259025],[35.7044582571,-1.6458120803],[35.7044856224,-1.6290756977],[35.6961700782,-1.6290619817],[35.6961836909,-1.6206938596],[35.687868251,-1.620680179],[35.6878818265,-1.6123121277],[35.6795664919,-1.6122984837],[35.6795934999,-1.5955625195],[35.6712783032,-1.5955489844],[35.6712917334,-1.5871810717],[35.6463466684,-1.5871404782],[35.6464000814,-1.5536696759],[35.6380853338,-1.5536563637],[35.6381116778,-1.5369211022],[35.6297970664,-1.5369079019],[35.6298101643,-1.5285403406],[35.6381247426,-1.5285534699],[35.6381377361,-1.5201858367],[35.6298231898,-1.5201727794],[35.6298361427,-1.5118052174],[35.6381506581,-1.5118182029],[35.638176288,-1.4950829328],[35.6325022401,-1.4950741724],[35.6411170588,-1.4778870959],[35.647358935,-1.4660512613],[35.6535683117,-1.459929381],[35.6615507477,-1.4661584509],[35.6734748088,-1.463037695],[35.6835977694,-1.4523737533],[35.6902961331,-1.4398550327],[35.685996648,-1.4288600712],[35.6872017987,-1.4185878198],[35.684244995,-1.4130820063],[35.6746364714,-1.413699004],[35.6632413952,-1.4125837886],[35.6632430233,-1.411442725],[35.6466143723,-1.4114186295],[35.6466263366,-1.4030509144],[35.6383121474,-1.4030388941],[35.6383350097,-1.3869488525],[35.6383477016,-1.3779359597],[35.6466618024,-1.3779477648],[35.6466500526,-1.3863154829],[35.6745665796,-1.3863551472],[35.6882217708,-1.3863744273],[35.6882333756,-1.378006355],[35.6965479019,-1.3780179847],[35.6965375618,-1.3854946522],[35.6965246784,-1.3947542715],[35.7131540586,-1.3947777269],[35.7131424003,-1.40314601],[35.7214572232,-1.4031577636],[35.7214455247,-1.4115261162],[35.7297604477,-1.4115379101],[35.7297516783,-1.4177943431],[35.7153728762,-1.4151313334],[35.718790626,-1.4183583299],[35.718754455,-1.4252121474],[35.7166466312,-1.4352431677],[35.71820552,-1.444401351],[35.7243864488,-1.4439842668],[35.7297223322,-1.4385329058],[35.7297010608,-1.4533800123],[35.7338526453,-1.4533860639],[35.733431713,-1.4668988103],[35.7379816224,-1.4772705697],[35.7379798302,-1.4784975873],[35.729664596,-1.4784852659],[35.7296523009,-1.4868536811],[35.7379675672,-1.4868660731],[35.7379552357,-1.4952345592],[35.7296399382,-1.4952220973],[35.7296150025,-1.5119589249],[35.7396877962,-1.5119741854],[35.7402321711,-1.5265788412],[35.7505156621,-1.5293891734],[35.7598675716,-1.537914819],[35.7723783119,-1.5549075581],[35.7849334428,-1.5600223536],[35.7946555065,-1.5852263446],[35.8053270389,-1.6033605259],[35.826377749,-1.6067123001],[35.8380368266,-1.6099889636],[35.8541804241,-1.6272412868],[35.8541510759,-1.6460555589],[35.8624679882,-1.6460687551],[35.8624664575,-1.6470467085],[35.8547921715,-1.647356466],[35.848348785,-1.6539366819],[35.8419406941,-1.653204615],[35.8375192956,-1.6495650414],[35.8375118789,-1.6495589366],[35.8332153886,-1.6460221857],[35.833201076,-1.646010405],[35.8321381574,-1.6451354406],[35.8292128406,-1.6430377537],[35.8292054531,-1.6430324565],[35.8216777813,-1.6376345138],[35.821661303,-1.6376226963],[35.8209055659,-1.6370807728],[35.8125910508,-1.6311186033],[35.8125106037,-1.6310609165],[35.8029717222,-1.6208664823],[35.7927013438,-1.6098903419],[35.7770044436,-1.5957066109],[35.7733333553,-1.5923894245],[35.7637027221,-1.5873168322],[35.7544612084,-1.582449187],[35.7495826841,-1.5798795908],[35.7485485318,-1.5789242696],[35.7212433244,-1.5535596786],[35.6919278521,-1.5255417958],[35.6802527892,-1.5256925416],[35.6861574435,-1.5369290846],[35.7002470489,-1.5566740682],[35.7045894371,-1.5683739724],[35.7074737191,-1.5761453847],[35.708792984,-1.5788612601],[35.7140432154,-1.5896696426],[35.723380255,-1.5993350071],[35.7377728342,-1.6051580727],[35.7418196333,-1.6207206581],[35.7460738736,-1.6276392958],[35.7469926191,-1.62913345],[35.747041818,-1.6292134621],[35.7559909046,-1.63751674],[35.7582126137,-1.6395781238],[35.7590559225,-1.6458904373],[35.7601983926,-1.6544424353],[35.7626580367,-1.657383967],[35.7713409012,-1.6677679956],[35.777246793,-1.6769516549],[35.7714776677,-1.687190911],[35.7761100247,-1.6961313363],[35.7762317553,-1.6963662762],[35.7773328609,-1.6961333875],[35.7792279031,-1.6957325749],[35.7856277904,-1.6943789387],[35.8014727966,-1.6853545045],[35.8041867275,-1.685827855],[35.8041940252,-1.6858291281],[35.8083452415,-1.6865531575]]]}},{"type":"Feature","properties":{"country":"Kenya","country_code":"KEN","species_name":"Eucalyptus_nitens","genus":"Eucalyptus","species":"nitens","suitability_name":"Marginally suitable","suitability_rank":3,"source_layer":"KCFP_SSMT_Kenya","tz":null,"soil_description":null},"geometry":{"type":"Polygon","coordinates":[[[35.7546297636,-1.4701410894],[35.7576369795,-1.4701454912],[35.7629301039,-1.4805912477],[35.762920937,-1.4868907019],[35.7661245529,-1.4868954322],[35.7690760284,-1.4927201619],[35.7708322046,-1.4961819063],[35.7712126739,-1.5032020597],[35.771212029,-1.5036405576],[35.7712364387,-1.5036405939],[35.7718847184,-1.5156042392],[35.7750459475,-1.5227164587],[35.8005689899,-1.5482596182],[35.8210155785,-1.5657571564],[35.8210081612,-1.5706679272],[35.826764288,-1.570676739],[35.8317979288,-1.5749843917],[35.837624409,-1.5816612077],[35.8376156479,-1.5874320091],[35.8426670281,-1.5874397844],[35.8459265557,-1.591175044],[35.8459194916,-1.5958142028],[35.8542361642,-1.5958270289],[35.8542234023,-1.604196495],[35.8625401753,-1.6042093554],[35.8625273794,-1.612578887],[35.878341253,-1.6126033745],[35.8757490111,-1.6237471729],[35.8690689084,-1.6314673473],[35.8576291495,-1.6309268863],[35.8541804241,-1.6272412868],[35.854215893,-1.6042084032],[35.8209495968,-1.6041566222],[35.8209624932,-1.595787458],[35.8126461212,-1.595774496],[35.8126971684,-1.5622981082],[35.8043809967,-1.5622853843],[35.8043936217,-1.5539163543],[35.779445613,-1.553878192],[35.779470854,-1.53714054],[35.7628393189,-1.5371152099],[35.762851902,-1.5287465203],[35.7545362702,-1.5287338772],[35.7545612913,-1.5119966341],[35.7396877962,-1.5119741854],[35.7394228945,-1.5048693015],[35.739765852,-1.4813378646],[35.7379816224,-1.4772705697],[35.7380162045,-1.4533921262],[35.7338526453,-1.4533860639],[35.7347241866,-1.4365218742],[35.7308274372,-1.4374038727],[35.7297223322,-1.4385329058],[35.7297250248,-1.4366431745],[35.7214100112,-1.4366311698],[35.7214219187,-1.4282628203],[35.7297369022,-1.4282747541],[35.7297516783,-1.4177943431],[35.7380479654,-1.419330822],[35.7380715909,-1.419335211],[35.7380707898,-1.4199055493],[35.7411651229,-1.4199099454],[35.7448773127,-1.4205996142],[35.7461462742,-1.4227338037],[35.7463814124,-1.4231302115],[35.7463264832,-1.4617603096],[35.7546418264,-1.4617724314],[35.7546297636,-1.4701410894]]]}},{"type":"Feature","properties":{"country":"Kenya","country_code":"KEN","species_name":"Eucalyptus_nitens","genus":"Eucalyptus","species":"nitens","suitability_name":"Marginally suitable","suitability_rank":3,"source_layer":"KCFP_SSMT_Kenya","tz":null,"soil_description":null},"geometry":{"type":"Polygon","coordinates":[[[35.6281898545,-1.500867828],[35.6142040455,-1.5046527694],[35.6027167732,-1.5123379076],[35.6004761425,-1.5047776641],[35.6009701561,-1.4974759169],[35.6108869609,-1.4815571959],[35.6125480162,-1.4703706182],[35.6109857756,-1.4621372141],[35.6132863518,-1.4599538054],[35.6132839212,-1.4615746307],[35.6215981061,-1.4615872465],[35.621585551,-1.4699547409],[35.6132713353,-1.4699420537],[35.6132459477,-1.4866768949],[35.6215602263,-1.4866897266],[35.621547455,-1.4950572188],[35.6325022401,-1.4950741724],[35.6318744205,-1.4963266671],[35.6281898545,-1.500867828]]]}},{"type":"Feature","properties":{"country":"Kenya","country_code":"KEN","species_name":"Eucalyptus_nitens","genus":"Eucalyptus","species":"nitens","suitability_name":"Marginally suitable","suitability_rank":3,"source_layer":"KCFP_SSMT_Kenya","tz":null,"soil_description":null},"geometry":{"type":"Polygon","coordinates":[[[35.653178674,-1.4365315203],[35.6502114165,-1.4461980933],[35.6442490574,-1.44638156],[35.6384965805,-1.4541088031],[35.6268158143,-1.4556235681],[35.6171995323,-1.4562398823],[35.6132863518,-1.4599538054],[35.6132964361,-1.4532072078],[35.6216105895,-1.4532197505],[35.6216230012,-1.4448522546],[35.6299371977,-1.4448646946],[35.6299495074,-1.4364971259],[35.6382637435,-1.4365094643],[35.6382759516,-1.4281418221],[35.6465902299,-1.4281540576],[35.6465780519,-1.4365217706],[35.653178674,-1.4365315203]]]}},{"type":"Feature","properties":{"country":"Kenya","country_code":"KEN","species_name":"Eucalyptus_nitens","genus":"Eucalyptus","species":"nitens","suitability_name":"Marginally suitable","suitability_rank":3,"source_layer":"KCFP_SSMT_Kenya","tz":null,"soil_description":null},"geometry":{"type":"Polygon","coordinates":[[[35.663219001,-1.4281784389],[35.6549045795,-1.4281662629],[35.6548924315,-1.4365340474],[35.653178674,-1.4365315203],[35.654620717,-1.4318335549],[35.6533185187,-1.4185763078],[35.6574734925,-1.41221335],[35.6632413952,-1.4125837886],[35.663219001,-1.4281784389]]]}},{"type":"Feature","properties":{"country":"Kenya","country_code":"KEN","species_name":"Eucalyptus_nitens","genus":"Eucalyptus","species":"nitens","suitability_name":"Marginally suitable","suitability_rank":3,"source_layer":"KCFP_SSMT_Kenya","tz":null,"soil_description":null},"geometry":{"type":"Polygon","coordinates":[[[35.6086741939,-1.4212268938],[35.5999037037,-1.4346428503],[35.5893202057,-1.445763459],[35.577130929,-1.4556200847],[35.5813361398,-1.4406828863],[35.5887630528,-1.4185765433],[35.5934827022,-1.3909643001],[35.5995247029,-1.371818315],[35.6107651496,-1.3577809879],[35.6130571537,-1.3675744668],[35.6143815713,-1.3764986133],[35.6094934698,-1.3933657062],[35.6112566484,-1.4070884657],[35.6086741939,-1.4212268938]]]}},{"type":"Feature","properties":{"country":"Kenya","country_code":"KEN","species_name":"Eucalyptus_nitens","genus":"Eucalyptus","species":"nitens","suitability_name":"Marginally suitable","suitability_rank":3,"source_layer":"KCFP_SSMT_Kenya","tz":null,"soil_description":null},"geometry":{"type":"Polygon","coordinates":[[[35.6140150591,-0.85075111],[35.6223209141,-0.850758446],[35.6223136066,-0.8591112002],[35.6140077338,-0.8591037921],[35.6140150591,-0.85075111]]]}},{"type":"Feature","properties":{"country":"Kenya","country_code":"KEN","species_name":"Eucalyptus_nitens","genus":"Eucalyptus","species":"nitens","suitability_name":"Marginally suitable","suitability_rank":3,"source_layer":"KCFP_SSMT_Kenya","tz":null,"soil_description":null},"geometry":{"type":"Polygon","coordinates":[[[35.8138455314,-0.2483427619],[35.8055323427,-0.2483407399],[35.8055343198,-0.2399716391],[35.7972212058,-0.2399696802],[35.7972249657,-0.2232316148],[35.7889119293,-0.2232297878],[35.7889209425,-0.214860825],[35.7928435291,-0.2148616553],[35.7972267477,-0.2148453161],[35.7972372915,-0.1562793492],[35.7889242853,-0.1562780702],[35.7889268485,-0.1383977682],[35.7889313985,-0.0989844822],[35.7889336001,-0.0725884164],[35.7872052704,-0.0725882927],[35.7857415092,-0.0725881879],[35.7806206878,-0.0725878208],[35.7806217359,-0.0558500268],[35.7723088937,-0.0558495674],[35.7723093155,-0.0474807392],[35.7556838387,-0.047479955],[35.7556841957,-0.039111265],[35.7473715614,-0.0391109408],[35.7473718485,-0.0307423201],[35.7390592848,-0.0307420646],[35.7390597358,-0.0056364113],[35.7224348158,-0.0056363164],[35.7224346434,0.0194689171],[35.7058100023,0.0194685915],[35.7058095365,0.0362051328],[35.6974973191,0.036204828],[35.6974965728,0.0529412302],[35.6891844236,0.0529407825],[35.6891839442,0.0613089134],[35.6974960955,0.0613094308],[35.6974955463,0.0696776313],[35.6891833945,0.0696770424],[35.6891827747,0.0780451733],[35.6808706924,0.078044513],[35.6808684048,0.1031486892],[35.6891804936,0.1031495618],[35.6891786218,0.1198858221],[35.7058030193,0.119887842],[35.7058019841,0.1282561127],[35.7141142904,0.1282571895],[35.7141131872,0.1366255304],[35.7224255634,0.1366452922],[35.7224246248,0.143397134],[35.7224315994,0.1433987428],[35.7260762279,0.1442395172],[35.7307372859,0.141908579],[35.7307380142,0.1366278169],[35.7390505319,0.1366289544],[35.7390501065,0.139738854],[35.747369764,0.1397562309],[35.7556824501,0.1397735888],[35.7612213643,0.1397851543],[35.7666519429,0.1334573637],[35.7648794145,0.1253033811],[35.7244668581,0.0970568896],[35.728093554,0.0907254267],[35.7370896498,0.0916493465],[35.7434418232,0.0798899153],[35.7569472837,0.0835396453],[35.7615029401,0.0708707134],[35.7535810337,0.0236740939],[35.7676689652,-0.0206992069],[35.7881574779,-0.0616294011],[35.7874837795,-0.0693826788],[35.797073392,-0.063070592],[35.8058305798,-0.0557456635],[35.8111202906,-0.0516240787],[35.8347171947,-0.0483007902],[35.846791107,-0.0528966732],[35.8471345556,-0.0523337639],[35.8565497107,-0.0369021484],[35.8615846777,-0.0307457648],[35.8637549188,-0.0307458291],[35.8637546402,-0.0391154049],[35.8554411258,-0.0391150914],[35.8554407797,-0.0474846001],[35.863754296,-0.0474849807],[35.8637522544,-0.0809632837],[35.8720658426,-0.0809639299],[35.8720651674,-0.0893335734],[35.8803788238,-0.0893342856],[35.8803780842,-0.0977039948],[35.8970055992,-0.0977055456],[35.8970039304,-0.1144452306],[35.9053177912,-0.1144461357],[35.9053158633,-0.131185952],[35.9219437929,-0.1311880187],[35.9219427366,-0.1395580587],[35.930256801,-0.1395591535],[35.9302556832,-0.147929259],[35.9468840142,-0.1479315707],[35.9468851277,-0.1395613344],[35.9551993878,-0.1395624204],[35.9552004328,-0.1311921188],[35.9718291411,-0.1311941523],[35.9718281018,-0.1395645835],[35.9909721759,-0.1395670592],[35.988847899,-0.1507408883],[35.9938077373,-0.1602335826],[35.9843329202,-0.1705583969],[35.9693048946,-0.1605404117],[35.9585956559,-0.1554059552],[35.9423112304,-0.1594568446],[35.9241724348,-0.1667262613],[35.9069982869,-0.1675450276],[35.8900664516,-0.1672130845],[35.8753644091,-0.1738056331],[35.8667532626,-0.1908296144],[35.868244537,-0.2049102757],[35.8649472667,-0.2164181401],[35.8575293641,-0.2276794806],[35.8544684826,-0.2380365505],[35.8563985329,-0.2532756178],[35.857679007,-0.2650471283],[35.854909421,-0.2715907415],[35.8596592257,-0.2747525594],[35.8717910151,-0.2738988512],[35.8837573823,-0.2658994868],[35.8952400886,-0.261360535],[35.9052686946,-0.2662705133],[35.9092939002,-0.2775941458],[35.9176353678,-0.290217588],[35.8637153671,-0.2902026522],[35.8637176402,-0.2818330796],[35.8554040281,-0.2818308199],[35.8554062405,-0.2734613143],[35.8470927,-0.2734591159],[35.8470945206,-0.266396253],[35.8470948522,-0.2650896765],[35.8451280585,-0.2650891717],[35.8387813852,-0.2650875406],[35.8387824469,-0.2608713496],[35.838783476,-0.2567181686],[35.8337391013,-0.2567169109],[35.8304774726,-0.2567160966],[35.8138434917,-0.2567119308],[35.8138455314,-0.2483427619]]]}},{"type":"Feature","properties":{"country":"Kenya","country_code":"KEN","species_name":"Eucalyptus_nitens","genus":"Eucalyptus","species":"nitens","suitability_name":"Marginally suitable","suitability_rank":3,"source_layer":"KCFP_SSMT_Kenya","tz":null,"soil_description":null},"geometry":{"type":"Polygon","coordinates":[[[35.682681398,-0.150822574],[35.680864407,-0.1363588935],[35.6770420579,-0.1059375976],[35.6666065306,-0.0739293307],[35.6718975437,-0.0641940631],[35.6749123092,-0.0586469028],[35.6808790022,-0.0558162153],[35.6854713277,-0.0536375338],[35.6891912027,-0.054208512],[35.6975033144,-0.0554843757],[35.7058090587,-0.0567592722],[35.7320426408,-0.0670601206],[35.7507681615,-0.0724764046],[35.7551911395,-0.0809546751],[35.755383965,-0.0813242993],[35.7591010381,-0.0884442849],[35.7647798826,-0.106061744],[35.7673715995,-0.1141023552],[35.7693119842,-0.1311686305],[35.7707828973,-0.1441074421],[35.7722979353,-0.159794548],[35.7723050918,-0.1598686457],[35.7731009885,-0.1681105769],[35.7723033093,-0.1708925689],[35.7722961371,-0.1709175797],[35.7717002936,-0.172995628],[35.7716952975,-0.1730130542],[35.7676893446,-0.1869836842],[35.7577578146,-0.1984568337],[35.7430458858,-0.2055189116],[35.7276977442,-0.2079635492],[35.7262461591,-0.2064789779],[35.7086403309,-0.188473386],[35.7019417503,-0.1729835385],[35.6976369175,-0.1630293433],[35.6933699115,-0.1519352498],[35.682681398,-0.150822574]]]}},{"type":"Feature","properties":{"country":"Kenya","country_code":"KEN","species_name":"Eucalyptus_nitens","genus":"Eucalyptus","species":"nitens","suitability_name":"Marginally suitable","suitability_rank":3,"source_layer":"KCFP_SSMT_Kenya","tz":null,"soil_description":null},"geometry":{"type":"Polygon","coordinates":[[[35.7204050277,0.1868367602],[35.7096722501,0.1922892651],[35.7096410438,0.1986279675],[35.7141088808,0.2031484179],[35.7224126162,0.2115500358],[35.7224142589,0.2035739594],[35.7307267357,0.2035756609],[35.7307250149,0.2119441401],[35.7390375654,0.2119459062],[35.7390364461,0.2172263559],[35.7482980867,0.2159168926],[35.753521367,0.2203176438],[35.7556610963,0.2203181144],[35.7556645816,0.2035807361],[35.7639773348,0.2035824195],[35.7639756314,0.2119511775],[35.7722884576,0.2119529256],[35.7722848522,0.2286905802],[35.7805977552,0.2286924606],[35.7805938867,0.2454302524],[35.788906868,0.2454322654],[35.7889027369,0.2621701941],[35.7972157979,0.2621723397],[35.7972136353,0.2705413719],[35.8055267698,0.2705435804],[35.8055310151,0.2538053793],[35.8062598929,0.2538055607],[35.8023182451,0.22327864],[35.8007311418,0.220327936],[35.7972255915,0.220327177],[35.7972269623,0.2138131208],[35.7915892491,0.2033319262],[35.7898879859,0.1796918413],[35.7737511743,0.159734424],[35.7556780306,0.1689166546],[35.7556709266,0.1689202637],[35.7556707291,0.170105981],[35.7533378548,0.1701055847],[35.7473575456,0.1731438761],[35.7473566234,0.1784731905],[35.73904402,0.1784717072],[35.7390442141,0.1773674156],[35.7224176919,0.1858142702],[35.7224175026,0.1868371396],[35.7204050277,0.1868367602]]]}},{"type":"Feature","properties":{"country":"Kenya","country_code":"KEN","species_name":"Eucalyptus_nitens","genus":"Eucalyptus","species":"nitens","suitability_name":"Marginally suitable","suitability_rank":3,"source_layer":"KCFP_SSMT_Kenya","tz":null,"soil_description":null},"geometry":{"type":"Polygon","coordinates":[[[35.788849892,0.4211804772],[35.7805367621,0.4211770212],[35.7805187213,0.4630214778],[35.8054584518,0.4630328466],[35.8054658167,0.4462946536],[35.80845362,0.4462959607],[35.811538591,0.4379479399],[35.813785291,0.4318681621],[35.8137935788,0.4295599603],[35.8146381137,0.4295603151],[35.8167937519,0.4237268022],[35.8168695243,0.4044536756],[35.8137963561,0.4044524604],[35.8137995891,0.3960832944],[35.8054935769,0.3960800723],[35.8054955916,0.3709922963],[35.805502313,0.3517709509],[35.8040836553,0.3458649964],[35.7888852207,0.3458598269],[35.7888779887,0.3458598235],[35.7888779831,0.345879249],[35.788863844,0.4044425586],[35.7971697918,0.4044458658],[35.7971633681,0.4379417639],[35.797169785,0.4044655155],[35.7971664749,0.4128148951],[35.7888532865,0.4128115165],[35.788849892,0.4211804772]]]}},{"type":"Feature","properties":{"country":"Kenya","country_code":"KEN","species_name":"Eucalyptus_nitens","genus":"Eucalyptus","species":"nitens","suitability_name":"Marginally suitable","suitability_rank":3,"source_layer":"KCFP_SSMT_Kenya","tz":null,"soil_description":null},"geometry":{"type":"Polygon","coordinates":[[[35.7472628529,0.4713747966],[35.747250882,0.4964806387],[35.7433558689,0.4964787065],[35.7461795551,0.5024351259],[35.7462737437,0.5048487604],[35.7472467527,0.504849251],[35.7472370805,0.5239325764],[35.7525184469,0.538326543],[35.7555425457,0.5383281652],[35.755538158,0.5465567899],[35.7576676235,0.5523607727],[35.7564500971,0.5550862621],[35.7555395311,0.5571245955],[35.7503939164,0.568642978],[35.751425509,0.571800553],[35.7555242836,0.5718028879],[35.7555171695,0.5843248997],[35.7583883729,0.5931137703],[35.7555023132,0.6096454369],[35.7554948274,0.6220149647],[35.7638080137,0.6220201093],[35.7637977513,0.6386282856],[35.7640474061,0.6387577618],[35.7721109517,0.6387628719],[35.7721083344,0.6429383537],[35.7802037944,0.6471368751],[35.7887324857,0.6471423231],[35.7887296961,0.6515586597],[35.7963604255,0.6555162029],[35.7970406838,0.6555372567],[35.7970404728,0.6558688979],[35.7970477333,0.655872663],[35.7986418702,0.6566994373],[35.804907756,0.6638907952],[35.8053489223,0.6639117304],[35.8053486106,0.6643967652],[35.8053559005,0.6644051328],[35.8121159823,0.672264631],[35.8136571878,0.6722863262],[35.8136526233,0.6792844376],[35.8139527933,0.6806557164],[35.8249406984,0.7308578179],[35.8302452813,0.730882501],[35.8302393893,0.7392308847],[35.8302467818,0.73923089],[35.8385533873,0.7392368558],[35.8385651027,0.72249814],[35.8468791362,0.7225039615],[35.8469016899,0.6890470004],[35.8469146332,0.6806568312],[35.8469306546,0.6555485459],[35.8469319622,0.6413998071],[35.8455221601,0.638829362],[35.8317462242,0.6137127963],[35.8317350006,0.6136923335],[35.8303283177,0.6136914938],[35.8303224391,0.61111699],[35.825010746,0.6014329601],[35.8261369251,0.5802322587],[35.8261380051,0.5802119325],[35.8220338056,0.58020961],[35.8220356478,0.5634914103],[35.813729411,0.5634665759],[35.8137220835,0.5634665728],[35.8137265902,0.5551176403],[35.813726601,0.5550974104],[35.8054203993,0.5550928947],[35.8054180997,0.5457119152],[35.8027564327,0.5434168411],[35.8042304228,0.5383540749],[35.7971085533,0.5383503094],[35.7971128793,0.5300014165],[35.7971128905,0.5299812835],[35.7888067948,0.5299769488],[35.7721731143,0.5299682363],[35.7721816495,0.5132305968],[35.7638685503,0.5132263627],[35.7638848423,0.479751355],[35.7555718526,0.4797473879],[35.755575763,0.4713787045],[35.7472628529,0.4713747966]]]}},{"type":"Feature","properties":{"country":"Kenya","country_code":"KEN","species_name":"Eucalyptus_nitens","genus":"Eucalyptus","species":"nitens","suitability_name":"Marginally suitable","suitability_rank":3,"source_layer":"KCFP_SSMT_Kenya","tz":null,"soil_description":null},"geometry":{"type":"Polygon","coordinates":[[[35.5805529348,1.0653863379],[35.5888591449,1.0653956164],[35.5888683218,1.0570283488],[35.5805621339,1.0570191441],[35.5805529348,1.0653863379]]]}},{"type":"Feature","properties":{"country":"Kenya","country_code":"KEN","species_name":"Eucalyptus_nitens","genus":"Eucalyptus","species":"nitens","suitability_name":"Marginally suitable","suitability_rank":3,"source_layer":"KCFP_SSMT_Kenya","tz":null,"soil_description":null},"geometry":{"type":"Polygon","coordinates":[[[35.6064280696,1.2076387053],[35.6219449966,1.2076581807],[35.6219857656,1.174210724],[35.6219857928,1.1741881147],[35.6136791175,1.1741779891],[35.6136790903,1.1742005991],[35.6137603435,1.0988932699],[35.6137603687,1.0988709506],[35.6054539474,1.0988614514],[35.6054539221,1.0988837713],[35.6054661886,1.0821266869],[35.6025240972,1.082123368],[35.6032097732,1.0992584288],[35.6094586857,1.1146996851],[35.6092705103,1.1938132107],[35.6064280696,1.2076387053]]]}},{"type":"Feature","properties":{"country":"Kenya","country_code":"KEN","species_name":"Eucalyptus_nitens","genus":"Eucalyptus","species":"nitens","suitability_name":"Marginally suitable","suitability_rank":3,"source_layer":"KCFP_SSMT_Kenya","tz":null,"soil_description":null},"geometry":{"type":"Polygon","coordinates":[[[35.6053116366,1.2130686707],[35.6047081168,1.2160039201],[35.6053079698,1.2160046793],[35.6053116366,1.2130686707]]]}},{"type":"Feature","properties":{"country":"Kenya","country_code":"KEN","species_name":"Eucalyptus_nitens","genus":"Eucalyptus","species":"nitens","suitability_name":"Marginally suitable","suitability_rank":3,"source_layer":"KCFP_SSMT_Kenya","tz":null,"soil_description":null},"geometry":{"type":"Polygon","coordinates":[[[35.8905367634,-1.9976417252],[35.8951338932,-1.9976400714],[35.895125783,-2.0060098435],[35.8923933412,-2.0060046212],[35.8905367634,-1.9976417252]]]}},{"type":"Feature","properties":{"country":"Kenya","country_code":"KEN","species_name":"Eucalyptus_nitens","genus":"Eucalyptus","species":"nitens","suitability_name":"Marginally suitable","suitability_rank":3,"source_layer":"KCFP_SSMT_Kenya","tz":null,"soil_description":null},"geometry":{"type":"Polygon","coordinates":[[[35.9207010526,-1.637790192],[35.9207138084,-1.6294202296],[35.9123965018,-1.6294074088],[35.9123708561,-1.6461472002],[35.8957363024,-1.6461211916],[35.8957233117,-1.6544909542],[35.8874060991,-1.6544778309],[35.8873930076,-1.6628475263],[35.8707587113,-1.6628210412],[35.8707718725,-1.6544514783],[35.8624548589,-1.6544382509],[35.8624664575,-1.6470467085],[35.8692260181,-1.6467738456],[35.8786619296,-1.6365667985],[35.881345711,-1.6209777154],[35.8874654404,-1.620987198],[35.887475051,-1.6146876176],[35.889766259,-1.613563868],[35.8970491092,-1.6227560478],[35.9031776856,-1.6330795741],[35.9119093619,-1.626972828],[35.921301125,-1.6265900784],[35.9300241341,-1.6213893489],[35.9359895601,-1.6212060678],[35.9400587128,-1.6317465038],[35.9422282104,-1.6461817763],[35.9373310076,-1.6461742074],[35.9373181903,-1.6545443312],[35.9407195373,-1.6545496162],[35.9389808201,-1.6641928333],[35.9398032439,-1.6815636833],[35.9455650002,-1.695196028],[35.9455630799,-1.696419735],[35.9467297595,-1.6964215892],[35.9511504194,-1.70107302],[35.9538746071,-1.7004647668],[35.9538677894,-1.7048031571],[35.9612800661,-1.7048149516],[35.9653075448,-1.7094007413],[35.9740215716,-1.7076369824],[35.9850845175,-1.7048526351],[35.9857416903,-1.7048536712],[35.9871390628,-1.7054362479],[35.9870606594,-1.7550787178],[35.995379083,-1.755092193],[35.995338695,-1.7801925512],[35.9870281654,-1.7801788972],[35.9870281471,-1.7801901408],[35.9870201418,-1.7801901277],[35.987006527,-1.7885493839],[35.9786959915,-1.788535627],[35.9786959741,-1.7885468389],[35.9786880012,-1.7885468257],[35.9786742838,-1.7969060483],[35.9703637435,-1.7968921898],[35.9703498872,-1.8052737065],[35.9703419457,-1.8052736931],[35.9703280629,-1.8136329145],[35.9536990185,-1.8136048088],[35.9536849765,-1.8219750462],[35.9619955657,-1.8219891765],[35.9619673436,-1.8387407987],[35.9702859512,-1.8387550337],[35.9702575856,-1.8554847442],[35.9619468089,-1.8554703934],[35.9619324633,-1.8638516139],[35.9618957044,-1.8805921299],[35.9683062512,-1.8806033538],[35.9666925809,-1.8874243836],[35.9660530752,-1.8973400532],[35.9618665965,-1.897332656],[35.961822469,-1.9224327424],[35.9535114072,-1.9224178326],[35.9535113882,-1.9224285293],[35.9535035118,-1.9224285142],[35.9534886456,-1.9307880439],[35.9368586953,-1.9307579585],[35.9368736614,-1.9223878627],[35.9202361763,-1.9223577302],[35.920251157,-1.9139877647],[35.9119325533,-1.9139727043],[35.9118872713,-1.9390930295],[35.911879555,-1.9390930163],[35.9118643544,-1.9474522809],[35.9035533705,-1.947436929],[35.9035380458,-1.9558067577],[35.8952193694,-1.9557912842],[35.8952039359,-1.9641610466],[35.8868852853,-1.9641454652],[35.8868697452,-1.9725151603],[35.8785511195,-1.9724994708],[35.8785976636,-1.9473905835],[35.8619608576,-1.9473594806],[35.861945327,-1.9557289763],[35.8536269825,-1.9557132969],[35.8536425551,-1.9473438674],[35.8370061491,-1.9473125176],[35.8370217355,-1.938943222],[35.8287036741,-1.9389275531],[35.8287117424,-1.9345928439],[35.8440386603,-1.9111924679],[35.8547456872,-1.8779117001],[35.8567401142,-1.8475405392],[35.8543503389,-1.8223838317],[35.8605529521,-1.8187744875],[35.872219333,-1.8204563572],[35.8884894095,-1.8194355423],[35.8939702943,-1.8217659889],[35.8925441273,-1.8334037817],[35.8878281633,-1.8585103559],[35.8903020126,-1.8674368708],[35.8994325391,-1.8723053392],[35.9070728685,-1.8570491149],[35.9134446893,-1.8207615051],[35.9052382336,-1.8131654355],[35.9064290283,-1.8056280019],[35.9103432659,-1.8015437148],[35.9016907229,-1.7900629305],[35.9009324356,-1.7884162769],[35.9038243449,-1.7884211916],[35.903838353,-1.7800513762],[35.9204741898,-1.7800794276],[35.9204602567,-1.788449375],[35.9287783109,-1.78846341],[35.9287643492,-1.7968334222],[35.9370825063,-1.7968474849],[35.9370544628,-1.8135876379],[35.9536911241,-1.8136159104],[35.9537051023,-1.8052457038],[35.9620234922,-1.8052597176],[35.9620786073,-1.7717786224],[35.9537682435,-1.7717648817],[35.9537603678,-1.7717648687],[35.9537603863,-1.7717535929],[35.9538011369,-1.7466542332],[35.9621192655,-1.7466677909],[35.9621593425,-1.7215569537],[35.9538413223,-1.7215435901],[35.9538545891,-1.713173374],[35.9455366707,-1.7131600392],[35.9455499078,-1.7047898875],[35.9372320902,-1.7047765818],[35.9373359305,-1.6378158614],[35.9207010526,-1.637790192]],[[35.8869995831,-1.8971986511],[35.8786813546,-1.8971835611],[35.8787112564,-1.8804443514],[35.8703931728,-1.8804293548],[35.8703631917,-1.8971684309],[35.8620450971,-1.8971532607],[35.8620299667,-1.9055227304],[35.853711898,-1.9055074529],[35.8536813567,-1.9222462552],[35.8703177209,-1.922277039],[35.8703024317,-1.9306465719],[35.8869391439,-1.9306773257],[35.8869995831,-1.8971986511]]]}},{"type":"Feature","properties":{"country":"Kenya","country_code":"KEN","species_name":"Eucalyptus_nitens","genus":"Eucalyptus","species":"nitens","suitability_name":"Marginally suitable","suitability_rank":3,"source_layer":"KCFP_SSMT_Kenya","tz":null,"soil_description":null},"geometry":{"type":"Polygon","coordinates":[[[35.8622640463,-1.7716111058],[35.8622781093,-1.7632416217],[35.8539606948,-1.7632274857],[35.8539886944,-1.7464886492],[35.8623060351,-1.7465026509],[35.862319898,-1.7381331642],[35.8724383119,-1.7381500667],[35.8740140663,-1.7409526765],[35.893541649,-1.7724000702],[35.8975101955,-1.7809847792],[35.8930753631,-1.7884029008],[35.8871886964,-1.788392857],[35.8872027803,-1.7800231742],[35.8788850927,-1.7800090168],[35.8788991477,-1.7716393998],[35.8622640463,-1.7716111058]]]}},{"type":"Feature","properties":{"country":"Kenya","country_code":"KEN","species_name":"Eucalyptus_nitens","genus":"Eucalyptus","species":"nitens","suitability_name":"Marginally suitable","suitability_rank":3,"source_layer":"KCFP_SSMT_Kenya","tz":null,"soil_description":null},"geometry":{"type":"Polygon","coordinates":[[[35.8706647201,-1.7214079522],[35.8789820839,-1.7214216798],[35.8789547045,-1.7381609232],[35.8724383119,-1.7381500667],[35.867760522,-1.7298302775],[35.8644823751,-1.7239731152],[35.862741986,-1.7049979179],[35.8622004481,-1.6962854114],[35.8707054016,-1.6962992811],[35.8706919079,-1.704668839],[35.8790091998,-1.704682433],[35.8789956745,-1.7130520568],[35.8706783468,-1.713038396],[35.8706647201,-1.7214079522]]]}},{"type":"Feature","properties":{"country":"Kenya","country_code":"KEN","species_name":"Eucalyptus_nitens","genus":"Eucalyptus","species":"nitens","suitability_name":"Marginally suitable","suitability_rank":3,"source_layer":"KCFP_SSMT_Kenya","tz":null,"soil_description":null},"geometry":{"type":"Polygon","coordinates":[[[35.8790226577,-1.6963128083],[35.8790493747,-1.6795735565],[35.8956839439,-1.6796002372],[35.8956439823,-1.7047095128],[35.887326557,-1.7046959909],[35.8873399802,-1.6963262996],[35.8790226577,-1.6963128083]]]}},{"type":"Feature","properties":{"country":"Kenya","country_code":"KEN","species_name":"Eucalyptus_nitens","genus":"Eucalyptus","species":"nitens","suitability_name":"Marginally suitable","suitability_rank":3,"source_layer":"KCFP_SSMT_Kenya","tz":null,"soil_description":null},"geometry":{"type":"Polygon","coordinates":[[[36.1101665679,-1.1190446317],[36.109879276,-1.109824909],[36.1126696003,-1.100840518],[36.1126682046,-1.1022902997],[36.1209852556,-1.1022984107],[36.1209932726,-1.0939268462],[36.1459447243,-1.0939508556],[36.1459526096,-1.0855791058],[36.1574437871,-1.0855900088],[36.1470919368,-1.1107093079],[36.1376029192,-1.1107000661],[36.137587877,-1.1262121498],[36.1278877714,-1.1302922382],[36.1209493875,-1.1303969834],[36.1209523113,-1.1274268541],[36.1146726289,-1.1274205926],[36.1126373058,-1.1253026131],[36.1126434447,-1.1190470886],[36.1101665679,-1.1190446317]]]}},{"type":"Feature","properties":{"country":"Kenya","country_code":"KEN","species_name":"Eucalyptus_nitens","genus":"Eucalyptus","species":"nitens","suitability_name":"Marginally suitable","suitability_rank":3,"source_layer":"KCFP_SSMT_Kenya","tz":null,"soil_description":null},"geometry":{"type":"Polygon","coordinates":[[[36.387317957,-0.8932240779],[36.4106589434,-0.893240717],[36.4079063044,-0.900131128],[36.3996186004,-0.9074220765],[36.3918139786,-0.9101291573],[36.3797919971,-0.9041450011],[36.3685741086,-0.893864315],[36.362373773,-0.8913873163],[36.3623784225,-0.8848328756],[36.3873238466,-0.8848506543],[36.387317957,-0.8932240779]]]}},{"type":"Feature","properties":{"country":"Kenya","country_code":"KEN","species_name":"Eucalyptus_nitens","genus":"Eucalyptus","species":"nitens","suitability_name":"Marginally suitable","suitability_rank":3,"source_layer":"KCFP_SSMT_Kenya","tz":null,"soil_description":null},"geometry":{"type":"Polygon","coordinates":[[[36.4122762098,-0.889192308],[36.4122792144,-0.8848682721],[36.4139943113,-0.8848694776],[36.4139941026,-0.884891955],[36.4122762098,-0.889192308]]]}},{"type":"Feature","properties":{"country":"Kenya","country_code":"KEN","species_name":"Eucalyptus_nitens","genus":"Eucalyptus","species":"nitens","suitability_name":"Marginally suitable","suitability_rank":3,"source_layer":"KCFP_SSMT_Kenya","tz":null,"soil_description":null},"geometry":{"type":"Polygon","coordinates":[[[36.3328158943,-0.8596776195],[36.3374322888,-0.8596808638],[36.3374293572,-0.8638985687],[36.3338222851,-0.8610899725],[36.3328158943,-0.8596776195]]]}},{"type":"Feature","properties":{"country":"Kenya","country_code":"KEN","species_name":"Eucalyptus_nitens","genus":"Eucalyptus","species":"nitens","suitability_name":"Marginally suitable","suitability_rank":3,"source_layer":"KCFP_SSMT_Kenya","tz":null,"soil_description":null},"geometry":{"type":"Polygon","coordinates":[[[36.3291294348,-0.8513167832],[36.3291272381,-0.8545010358],[36.327713747,-0.8525173789],[36.3284177204,-0.8429432579],[36.3291258544,-0.8429437472],[36.3291294348,-0.8513167832]]]}},{"type":"Feature","properties":{"country":"Kenya","country_code":"KEN","species_name":"Eucalyptus_nitens","genus":"Eucalyptus","species":"nitens","suitability_name":"Marginally suitable","suitability_rank":3,"source_layer":"KCFP_SSMT_Kenya","tz":null,"soil_description":null},"geometry":{"type":"Polygon","coordinates":[[[36.1877624141,-0.8093403644],[36.1877596999,-0.8132698207],[36.1847704771,-0.8119543621],[36.1843353676,-0.8058670254],[36.1793573393,-0.7898020714],[36.180223341,-0.7842190403],[36.1877794579,-0.7842241612],[36.1877681551,-0.8009682973],[36.1960850317,-0.8009740379],[36.1960793076,-0.8093461649],[36.1877624141,-0.8093403644]]]}},{"type":"Feature","properties":{"country":"Kenya","country_code":"KEN","species_name":"Eucalyptus_nitens","genus":"Eucalyptus","species":"nitens","suitability_name":"Marginally suitable","suitability_rank":3,"source_layer":"KCFP_SSMT_Kenya","tz":null,"soil_description":null},"geometry":{"type":"Polygon","coordinates":[[[36.0797835657,-0.5745999716],[36.0762033109,-0.5732707567],[36.0754921986,-0.5665101172],[36.0797876468,-0.5665122999],[36.0797835657,-0.5745999716]]]}},{"type":"Feature","properties":{"country":"Kenya","country_code":"KEN","species_name":"Eucalyptus_nitens","genus":"Eucalyptus","species":"nitens","suitability_name":"Marginally suitable","suitability_rank":3,"source_layer":"KCFP_SSMT_Kenya","tz":null,"soil_description":null},"geometry":{"type":"Polygon","coordinates":[[[36.0714803876,-0.5664921582],[36.0754905246,-0.5664941986],[36.0754921986,-0.5665101172],[36.0714720577,-0.5665080716],[36.0714874283,-0.535042894],[36.0714957276,-0.5350905255],[36.0714803876,-0.5664921582]]]}},{"type":"Feature","properties":{"country":"Kenya","country_code":"KEN","species_name":"Eucalyptus_nitens","genus":"Eucalyptus","species":"nitens","suitability_name":"Marginally suitable","suitability_rank":3,"source_layer":"KCFP_SSMT_Kenya","tz":null,"soil_description":null},"geometry":{"type":"Polygon","coordinates":[[[36.0711355113,-0.5330231561],[36.0714883848,-0.5330233252],[36.0714874283,-0.535042894],[36.0711355113,-0.5330231561]]]}},{"type":"Feature","properties":{"country":"Kenya","country_code":"KEN","species_name":"Eucalyptus_nitens","genus":"Eucalyptus","species":"nitens","suitability_name":"Marginally suitable","suitability_rank":3,"source_layer":"KCFP_SSMT_Kenya","tz":null,"soil_description":null},"geometry":{"type":"Polygon","coordinates":[[[36.0631768415,-0.5246482101],[36.0465460894,-0.5246403239],[36.0465499864,-0.516269324],[36.0382347153,-0.5162654278],[36.0382423426,-0.4995235546],[36.0299271556,-0.4995197743],[36.0299381558,-0.4744071531],[36.0133080325,-0.4743999408],[36.0133185235,-0.4492877003],[36.005003586,-0.4492842717],[36.0050102807,-0.4325429038],[35.9966954261,-0.4325395929],[35.9966986876,-0.4241689741],[35.9883839049,-0.4241657175],[35.9883871114,-0.4157951618],[35.9967018853,-0.4157983542],[35.9967050193,-0.407427734],[35.988390254,-0.4074246059],[35.9883963475,-0.3906834935],[35.980081663,-0.3906804874],[35.980084622,-0.3823099954],[35.9751296052,-0.382308237],[36.0001077682,-0.3672132097],[36.0031492675,-0.3596177644],[36.0058176848,-0.369097098],[36.015126844,-0.3788466142],[36.0216659522,-0.3901949321],[36.0286849568,-0.3992327937],[36.0374868612,-0.4140561331],[36.0461954309,-0.4404110171],[36.0401578006,-0.4502938529],[36.0335539207,-0.4467894788],[36.0306844512,-0.4345473102],[36.0200606113,-0.4185582623],[36.0158999835,-0.4226861923],[36.0180886964,-0.4342317636],[36.0245834368,-0.4518124697],[36.0317171765,-0.4746914154],[36.0386038073,-0.4721989905],[36.048081204,-0.4616497572],[36.0518403997,-0.4660292454],[36.0465802845,-0.4660270252],[36.0465582196,-0.516253218],[36.0548735849,-0.516257104],[36.0548696998,-0.5246281986],[36.0631851386,-0.5246321365],[36.0631812012,-0.5330032928],[36.0711327141,-0.5330071079],[36.0711355113,-0.5330231561],[36.0631729041,-0.5330193356],[36.0631768415,-0.5246482101]]]}},{"type":"Feature","properties":{"country":"Kenya","country_code":"KEN","species_name":"Eucalyptus_nitens","genus":"Eucalyptus","species":"nitens","suitability_name":"Marginally suitable","suitability_rank":3,"source_layer":"KCFP_SSMT_Kenya","tz":null,"soil_description":null},"geometry":{"type":"Polygon","coordinates":[[[36.1157249108,-0.4200924347],[36.112624308,-0.380383549],[36.106670757,-0.3538147739],[36.1063063468,-0.3348825774],[36.1094376123,-0.3233727501],[36.1181269763,-0.3245812266],[36.1189532763,-0.3347348257],[36.1224356212,-0.3569052],[36.1309848533,-0.3756522861],[36.1350129934,-0.3823468661],[36.1297669858,-0.3823450998],[36.1297636069,-0.3923803698],[36.1283010895,-0.3945535553],[36.1251987525,-0.4099948994],[36.1230807,-0.4325724945],[36.1214333727,-0.432571866],[36.1214321407,-0.4358269003],[36.1199253607,-0.4388013976],[36.1153475091,-0.4339620888],[36.1157249108,-0.4200924347]]]}},{"type":"Feature","properties":{"country":"Kenya","country_code":"KEN","species_name":"Eucalyptus_nitens","genus":"Eucalyptus","species":"nitens","suitability_name":"Marginally suitable","suitability_rank":3,"source_layer":"KCFP_SSMT_Kenya","tz":null,"soil_description":null},"geometry":{"type":"Polygon","coordinates":[[[35.9482340965,-0.3237069315],[35.9385313824,-0.3237039855],[35.9385338623,-0.3153338169],[35.9302196316,-0.3153313488],[35.930222053,-0.3069612455],[35.9219078939,-0.3069588383],[35.9219115752,-0.2938134699],[35.9345066392,-0.3012817848],[35.9436049249,-0.3087208565],[35.9482340965,-0.3237069315]]]}},{"type":"Feature","properties":{"country":"Kenya","country_code":"KEN","species_name":"Eucalyptus_nitens","genus":"Eucalyptus","species":"nitens","suitability_name":"Marginally suitable","suitability_rank":3,"source_layer":"KCFP_SSMT_Kenya","tz":null,"soil_description":null},"geometry":{"type":"Polygon","coordinates":[[[36.35266362,-0.2854268972],[36.3536178305,-0.2808133929],[36.3583331524,-0.2633091166],[36.3569757301,-0.2332934958],[36.3609453003,-0.1968625254],[36.3551131002,-0.1820497361],[36.3543616465,-0.1744592789],[36.3542257369,-0.173086501],[36.3527811635,-0.1584962877],[36.3571569824,-0.1273739974],[36.3544863599,-0.0892789026],[36.3459809991,-0.0643057574],[36.3372233205,-0.0439452412],[36.3374773643,-0.0181856865],[36.3311623353,0.0121275292],[36.3418773842,0.0384241119],[36.3535669278,0.0447896832],[36.404268338,-0.0153800558],[36.4069907167,-0.0186131364],[36.4086669204,-0.0223869734],[36.4114903499,-0.0287437668],[36.4019270097,-0.0265603469],[36.3744387946,-0.0573203093],[36.374135864,-0.0656296296],[36.3772934881,-0.0714135074],[36.3878508228,-0.0694001557],[36.3968540698,-0.0599959754],[36.4087801219,-0.0572912543],[36.4125845218,-0.0605708714],[36.4131011045,-0.0610161973],[36.4125844096,-0.0628904604],[36.409799544,-0.072992108],[36.406905403,-0.0810019589],[36.4042653654,-0.0883084063],[36.4023100787,-0.0937196857],[36.4024660137,-0.0977487607],[36.4030603683,-0.1131088149],[36.413871721,-0.1353336655],[36.421267254,-0.1549917585],[36.4310339412,-0.1935927418],[36.4405454143,-0.2070406939],[36.4508590799,-0.2047931841],[36.4568254452,-0.2036770269],[36.459780495,-0.2069247812],[36.461009114,-0.2149710159],[36.462602261,-0.2254050258],[36.467208276,-0.2498990147],[36.471299178,-0.2568428803],[36.4730798547,-0.2598654098],[36.4849013889,-0.2542356392],[36.4933914027,-0.2689912133],[36.4961252191,-0.271695884],[36.4994728726,-0.280570496],[36.4998376557,-0.2819881933],[36.5052409288,-0.302988227],[36.5133237298,-0.3228921051],[36.5265076116,-0.3489719742],[36.5272011934,-0.3503440235],[36.527406861,-0.3642898786],[36.5193758345,-0.3663150299],[36.5128037743,-0.3588953631],[36.5040457113,-0.3513030668],[36.5023395497,-0.349824016],[36.4957189012,-0.3457883602],[36.4927773708,-0.3439953401],[36.4881528144,-0.3481170919],[36.4851011272,-0.3575643768],[36.4829508022,-0.3740600041],[36.4753322445,-0.3762021061],[36.4665680606,-0.3835292162],[36.4623419432,-0.3961949853],[36.460749462,-0.422493778],[36.4601130996,-0.4410676448],[36.4598480848,-0.4488004596],[36.4596633466,-0.4494414405],[36.4579485545,-0.4553911216],[36.4554560217,-0.4533925365],[36.4541048881,-0.4536751861],[36.4393934021,-0.4567527012],[36.4366672169,-0.4539661821],[36.4337849784,-0.4435594455],[36.4253142614,-0.4423497498],[36.4240460203,-0.4308078876],[36.4297909953,-0.4278446916],[36.4374774694,-0.4282115626],[36.4465021346,-0.4286422986],[36.4527292093,-0.4238297306],[36.4493313879,-0.4187337081],[36.4434528075,-0.4159403662],[36.4370164639,-0.412882001],[36.4423504534,-0.4041473258],[36.4444592725,-0.3986255594],[36.4432425054,-0.380151609],[36.4458537896,-0.3693190481],[36.4419932417,-0.3649126191],[36.4307140372,-0.3719991011],[36.4244341182,-0.3832634431],[36.4157549929,-0.3813658455],[36.4109844207,-0.376027686],[36.3997244384,-0.3808032813],[36.3851741569,-0.3133237799],[36.3797302113,-0.3068273506],[36.3709619525,-0.3045563288],[36.3641949775,-0.3028036559],[36.3626548623,-0.301106318],[36.3555676131,-0.2932956152],[36.35266362,-0.2854268972]]]}},{"type":"Feature","properties":{"country":"Kenya","country_code":"KEN","species_name":"Eucalyptus_nitens","genus":"Eucalyptus","species":"nitens","suitability_name":"Marginally suitable","suitability_rank":3,"source_layer":"KCFP_SSMT_Kenya","tz":null,"soil_description":null},"geometry":{"type":"Polygon","coordinates":[[[36.0965311296,-0.256779766],[36.0965292127,-0.2651340689],[36.0807272056,-0.265147403],[36.0807469135,-0.2651303297],[36.0956888562,-0.2521854274],[36.1048484249,-0.2484714794],[36.1048465889,-0.2567645561],[36.1048465842,-0.2567816661],[36.0965395475,-0.2567797679],[36.0965311296,-0.256779766]]]}},{"type":"Feature","properties":{"country":"Kenya","country_code":"KEN","species_name":"Eucalyptus_nitens","genus":"Eucalyptus","species":"nitens","suitability_name":"Marginally suitable","suitability_rank":3,"source_layer":"KCFP_SSMT_Kenya","tz":null,"soil_description":null},"geometry":{"type":"Polygon","coordinates":[[[36.212944483,-0.2935674449],[36.2058288446,-0.2946652765],[36.1988751751,-0.292403153],[36.1982760506,-0.2885901318],[36.1712319516,-0.2560499646],[36.1669641647,-0.2602789423],[36.1661093248,-0.267645566],[36.1582310365,-0.2636821229],[36.1443127504,-0.2578267369],[36.1345741446,-0.2457679104],[36.1236227946,-0.2408588632],[36.1048568749,-0.2484680531],[36.1048484249,-0.2484714794],[36.1048502308,-0.2400387813],[36.1042507955,-0.2400386543],[36.1048588623,-0.2391759816],[36.1060263989,-0.2375195773],[36.1124373471,-0.2091815445],[36.1126847292,-0.1784898712],[36.1020243687,-0.1668866304],[36.0894555165,-0.1638112214],[36.0672404528,-0.1657535517],[36.0268565689,-0.1493585906],[36.0026996384,-0.1351361794],[35.9967720922,-0.1360750911],[35.9967726851,-0.1311971816],[36.0050873274,-0.1311981858],[36.0050882918,-0.1228274971],[36.0300325915,-0.122830302],[36.0300316351,-0.1312011818],[36.046661489,-0.1312031653],[36.0466604753,-0.1395741716],[36.0716057343,-0.1395773137],[36.0716067395,-0.1312061198],[36.0799219475,-0.131207099],[36.0799237662,-0.1144645842],[36.088239031,-0.1144654361],[36.0882398451,-0.1060941155],[36.0965551703,-0.1060949037],[36.0965566081,-0.0893521398],[36.1131874332,-0.0893534603],[36.1131880565,-0.0809819545],[36.1215035592,-0.0809825503],[36.1215041197,-0.072610983],[36.1267258873,-0.0726113176],[36.1267500682,-0.0814436433],[36.1283480404,-0.1102933417],[36.138139416,-0.1248230029],[36.1394326603,-0.1267421069],[36.1479507619,-0.127378702],[36.1455059818,-0.1117834825],[36.1445693434,-0.0857041837],[36.1448106043,-0.0725946522],[36.1464596003,-0.072594757],[36.1464610955,-0.042536815],[36.1467052532,-0.0391076321],[36.1547769886,-0.0391079073],[36.1547772621,-0.0298774989],[36.1621956165,-0.0223823761],[36.1630845883,-0.0223643817],[36.16309328,-0.0214754179],[36.1654733867,-0.0190706557],[36.1686610056,-0.0140105894],[36.1714005777,-0.0139925774],[36.1714093282,-0.0096478273],[36.179208673,0.0027332625],[36.1797165768,0.0027513742],[36.1797253135,0.0035534147],[36.1798036924,0.0036778391],[36.1850727173,0.0362396462],[36.1880407696,0.0362397382],[36.1880400613,0.0545799125],[36.189136325,0.0613560547],[36.1963558019,0.0613564364],[36.1963553351,0.0697285837],[36.2129876665,0.0697295778],[36.2129881287,0.0613573128],[36.229620694,0.0613581831],[36.2296214383,0.0446134138],[36.2379378061,0.0446137288],[36.237936605,0.0697310592],[36.2462530359,0.06973155],[36.2462525198,0.0781040527],[36.2545690108,0.0781046008],[36.254568438,0.0864771622],[36.262884988,0.0864777664],[36.2628843597,0.0948503872],[36.2712009698,0.0948510479],[36.2712008887,0.0958797017],[36.2821682285,0.0963813146],[36.2920208087,0.1108975857],[36.290421374,0.1283252239],[36.2961389036,0.1283258324],[36.2961412845,0.1032073733],[36.2920534183,0.103207023],[36.2878245306,0.1032066609],[36.2878252115,0.094833898],[36.2795085163,0.0948332405],[36.2795091416,0.0864605366],[36.2711925079,0.0864599362],[36.2711930762,0.0780872895],[36.2628765021,0.0780867448],[36.2628770141,0.0697141584],[36.2545604988,0.0697136706],[36.2545625061,0.0057650273],[36.2545625058,-0.0056390905],[36.2500242637,-0.0056390689],[36.2519077213,0.0001039544],[36.2500236048,0.0201226055],[36.2391800161,0.0282551162],[36.2296133145,-0.0080709015],[36.2296133285,-0.0056389714],[36.2212970535,-0.0056389315],[36.2212970637,0.0027333614],[36.2296133387,0.0027333807],[36.2296132901,0.0111057338],[36.221297015,0.0111056542],[36.2212969072,0.0194779471],[36.2046645334,0.0194776709],[36.2046646418,0.0111054962],[36.1963485441,0.0111054169],[36.1963485838,-0.0056388101],[36.1880325449,-0.0056387697],[36.1880324748,-0.0140108236],[36.1797164963,-0.0140107229],[36.1797159263,-0.0391267049],[36.1714000068,-0.0391264229],[36.1713996953,-0.0474983562],[36.1630838341,-0.0474980128],[36.1630830304,-0.0642417583],[36.154767227,-0.0642412916],[36.1547667334,-0.0726131045],[36.1630825382,-0.0726136311],[36.1630819859,-0.0809855037],[36.1547661803,-0.0809849165],[36.1547615873,-0.1312157874],[36.1630774072,-0.1312167389],[36.1630742238,-0.1569353552],[36.1630679303,-0.1981917164],[36.1643787369,-0.1981919417],[36.1713838389,-0.1981931485],[36.1713823867,-0.2065650807],[36.1796983596,-0.2065665698],[36.1796952892,-0.2232933143],[36.1796936583,-0.2316825469],[36.188009704,-0.2316842122],[36.1880062821,-0.2484283168],[36.1963223967,-0.2484300972],[36.196320601,-0.2568022092],[36.2046367813,-0.2568040442],[36.2046310552,-0.2819205601],[36.212947311,-0.2819225677],[36.212944483,-0.2935674449]]]}},{"type":"Feature","properties":{"country":"Kenya","country_code":"KEN","species_name":"Eucalyptus_nitens","genus":"Eucalyptus","species":"nitens","suitability_name":"Marginally suitable","suitability_rank":3,"source_layer":"KCFP_SSMT_Kenya","tz":null,"soil_description":null},"geometry":{"type":"Polygon","coordinates":[[[36.2012887992,-0.0645888819],[36.2034917503,-0.0558539524],[36.2081463098,-0.0373972396],[36.2270004593,-0.017991476],[36.2296133145,-0.0080709015],[36.2296132595,-0.0140113236],[36.2462459863,-0.0140115211],[36.2462460549,-0.0056390509],[36.2500242637,-0.0056390689],[36.2456699853,-0.0189157394],[36.2328525655,-0.0400859389],[36.2276078875,-0.0656624581],[36.2251047603,-0.0725996885],[36.2250301856,-0.0728063671],[36.2135013866,-0.0835818524],[36.2129779238,-0.0832841197],[36.2089422042,-0.0809887115],[36.2052935804,-0.0789134808],[36.2012887992,-0.0645888819]]]}},{"type":"Feature","properties":{"country":"Kenya","country_code":"KEN","species_name":"Eucalyptus_nitens","genus":"Eucalyptus","species":"nitens","suitability_name":"Marginally suitable","suitability_rank":3,"source_layer":"KCFP_SSMT_Kenya","tz":null,"soil_description":null},"geometry":{"type":"Polygon","coordinates":[[[36.2878203981,0.1439274867],[36.2878295543,0.1439126146],[36.2891940516,0.1416963961],[36.290421374,0.1283252239],[36.2878312968,0.1283249473],[36.2878203981,0.1439274867]]]}},{"type":"Feature","properties":{"country":"Kenya","country_code":"KEN","species_name":"Eucalyptus_nitens","genus":"Eucalyptus","species":"nitens","suitability_name":"Marginally suitable","suitability_rank":3,"source_layer":"KCFP_SSMT_Kenya","tz":null,"soil_description":null},"geometry":{"type":"Polygon","coordinates":[[[36.2871167292,0.1450703848],[36.2878202625,0.1450704688],[36.2878203981,0.1439274867],[36.2871167292,0.1450703848]]]}},{"type":"Feature","properties":{"country":"Kenya","country_code":"KEN","species_name":"Eucalyptus_nitens","genus":"Eucalyptus","species":"nitens","suitability_name":"Marginally suitable","suitability_rank":3,"source_layer":"KCFP_SSMT_Kenya","tz":null,"soil_description":null},"geometry":{"type":"Polygon","coordinates":[[[36.2795035522,0.1450694639],[36.279502012,0.1574380164],[36.2795111368,0.1574231951],[36.2819505636,0.1534611723],[36.2871167292,0.1450703848],[36.2795035522,0.1450694639]]]}},{"type":"Feature","properties":{"country":"Kenya","country_code":"KEN","species_name":"Eucalyptus_nitens","genus":"Eucalyptus","species":"nitens","suitability_name":"Marginally suitable","suitability_rank":3,"source_layer":"KCFP_SSMT_Kenya","tz":null,"soil_description":null},"geometry":{"type":"Polygon","coordinates":[[[36.2768073738,0.1618145068],[36.2795014364,0.16181487],[36.279502012,0.1574380164],[36.2768073738,0.1618145068]]]}},{"type":"Feature","properties":{"country":"Kenya","country_code":"KEN","species_name":"Eucalyptus_nitens","genus":"Eucalyptus","species":"nitens","suitability_name":"Marginally suitable","suitability_rank":3,"source_layer":"KCFP_SSMT_Kenya","tz":null,"soil_description":null},"geometry":{"type":"Polygon","coordinates":[[[36.2711926151,0.1709335862],[36.27164109,0.1702052122],[36.2768073738,0.1618145068],[36.2711847774,0.1618137456],[36.2711835216,0.170948354],[36.2711926151,0.1709335862]]]}},{"type":"Feature","properties":{"country":"Kenya","country_code":"KEN","species_name":"Eucalyptus_nitens","genus":"Eucalyptus","species":"nitens","suitability_name":"Marginally suitable","suitability_rank":3,"source_layer":"KCFP_SSMT_Kenya","tz":null,"soil_description":null},"geometry":{"type":"Polygon","coordinates":[[[36.4208910889,0.1785808097],[36.4208920484,0.1715627238],[36.4170348258,0.1764826555],[36.4176388752,0.1785803488],[36.4208910889,0.1785808097]]]}},{"type":"Feature","properties":{"country":"Kenya","country_code":"KEN","species_name":"Eucalyptus_nitens","genus":"Eucalyptus","species":"nitens","suitability_name":"Marginally suitable","suitability_rank":3,"source_layer":"KCFP_SSMT_Kenya","tz":null,"soil_description":null},"geometry":{"type":"Polygon","coordinates":[[[36.4208885284,0.1960893979],[36.4214731005,0.191895829],[36.4176388752,0.1785803488],[36.4125734667,0.1785796322],[36.4125710138,0.1953268536],[36.4208886438,0.1953281407],[36.4208885284,0.1960893979]]]}},{"type":"Feature","properties":{"country":"Kenya","country_code":"KEN","species_name":"Eucalyptus_nitens","genus":"Eucalyptus","species":"nitens","suitability_name":"Marginally suitable","suitability_rank":3,"source_layer":"KCFP_SSMT_Kenya","tz":null,"soil_description":null},"geometry":{"type":"Polygon","coordinates":[[[36.2407233667,0.2204166061],[36.2462258114,0.220417633],[36.246227321,0.2120451642],[36.2545438293,0.2120466523],[36.2545452752,0.2036741246],[36.2628618374,0.2036755497],[36.2628645471,0.1869303759],[36.2711811592,0.1869316808],[36.2711835216,0.170948354],[36.2407233667,0.2204166061]]]}},{"type":"Feature","properties":{"country":"Kenya","country_code":"KEN","species_name":"Eucalyptus_nitens","genus":"Eucalyptus","species":"nitens","suitability_name":"Marginally suitable","suitability_rank":3,"source_layer":"KCFP_SSMT_Kenya","tz":null,"soil_description":null},"geometry":{"type":"Polygon","coordinates":[[[36.4125672128,0.2187599457],[36.4125669215,0.2204476851],[36.4208845655,0.2204491387],[36.4208859806,0.2120754722],[36.4292036749,0.212076867],[36.4292050299,0.2037031453],[36.42088734,0.2037018074],[36.4208885284,0.1960893979],[36.4186949762,0.2118244469],[36.4125672128,0.2187599457]]]}},{"type":"Feature","properties":{"country":"Kenya","country_code":"KEN","species_name":"Eucalyptus_nitens","genus":"Eucalyptus","species":"nitens","suitability_name":"Marginally suitable","suitability_rank":3,"source_layer":"KCFP_SSMT_Kenya","tz":null,"soil_description":null},"geometry":{"type":"Polygon","coordinates":[[[36.4125683411,0.2120740747],[36.4042507566,0.2120726718],[36.4042493333,0.2204462259],[36.3959317993,0.2204447639],[36.3959298532,0.2313703502],[36.405110489,0.2271994656],[36.4125672128,0.2187599457],[36.4125683411,0.2120740747]]]}},{"type":"Feature","properties":{"country":"Kenya","country_code":"KEN","species_name":"Eucalyptus_nitens","genus":"Eucalyptus","species":"nitens","suitability_name":"Marginally suitable","suitability_rank":3,"source_layer":"KCFP_SSMT_Kenya","tz":null,"soil_description":null},"geometry":{"type":"Polygon","coordinates":[[[36.3876112895,0.2371901833],[36.3959287778,0.2371917624],[36.3959298532,0.2313703502],[36.3870457816,0.2354064584],[36.3789118378,0.2455619115],[36.3876096898,0.2455636257],[36.3876112895,0.2371901833]]]}},{"type":"Feature","properties":{"country":"Kenya","country_code":"KEN","species_name":"Eucalyptus_nitens","genus":"Eucalyptus","species":"nitens","suitability_name":"Marginally suitable","suitability_rank":3,"source_layer":"KCFP_SSMT_Kenya","tz":null,"soil_description":null},"geometry":{"type":"Polygon","coordinates":[[[36.2129615417,0.2584008888],[36.2165943398,0.2539201931],[36.231140233,0.2359788924],[36.2407233667,0.2204166061],[36.2295929632,0.2204145252],[36.2295897501,0.2371592265],[36.2212734036,0.2371575461],[36.2212717034,0.2455298382],[36.2129554126,0.2455280933],[36.2129526727,0.2584118283],[36.2129615417,0.2584008888]]]}},{"type":"Feature","properties":{"country":"Kenya","country_code":"KEN","species_name":"Eucalyptus_nitens","genus":"Eucalyptus","species":"nitens","suitability_name":"Marginally suitable","suitability_rank":3,"source_layer":"KCFP_SSMT_Kenya","tz":null,"soil_description":null},"geometry":{"type":"Polygon","coordinates":[[[36.3709732058,0.2539336717],[36.3626558731,0.2539319649],[36.3626541471,0.2623052406],[36.3543368669,0.2623034721],[36.3543361743,0.2655789498],[36.3653112055,0.2625422529],[36.3789118378,0.2455619115],[36.3709748705,0.2455603414],[36.3709732058,0.2539336717]]]}},{"type":"Feature","properties":{"country":"Kenya","country_code":"KEN","species_name":"Eucalyptus_nitens","genus":"Eucalyptus","species":"nitens","suitability_name":"Marginally suitable","suitability_rank":3,"source_layer":"KCFP_SSMT_Kenya","tz":null,"soil_description":null},"geometry":{"type":"Polygon","coordinates":[[[36.2098230669,0.262271855],[36.2129518235,0.2622725573],[36.2129526727,0.2584118283],[36.2098230669,0.262271855]]]}},{"type":"Feature","properties":{"country":"Kenya","country_code":"KEN","species_name":"Eucalyptus_nitens","genus":"Eucalyptus","species":"nitens","suitability_name":"Marginally suitable","suitability_rank":3,"source_layer":"KCFP_SSMT_Kenya","tz":null,"soil_description":null},"geometry":{"type":"Polygon","coordinates":[[[36.2098230669,0.262271855],[36.2046355803,0.2622706888],[36.2046341427,0.2686717607],[36.2098230669,0.262271855]]]}},{"type":"Feature","properties":{"country":"Kenya","country_code":"KEN","species_name":"Eucalyptus_nitens","genus":"Eucalyptus","species":"nitens","suitability_name":"Marginally suitable","suitability_rank":3,"source_layer":"KCFP_SSMT_Kenya","tz":null,"soil_description":null},"geometry":{"type":"Polygon","coordinates":[[[36.2046140204,0.3460118316],[36.2046228556,0.3460118342],[36.2046203795,0.3543645725],[36.2129278588,0.3543670944],[36.2129253261,0.3627393241],[36.2295581406,0.3627639662],[36.2295670721,0.3627639689],[36.2295645007,0.3711168207],[36.2378720768,0.3711194382],[36.2378694485,0.3794918454],[36.2295618645,0.3794891689],[36.2295591696,0.3878615169],[36.2378667617,0.3878642525],[36.2378640152,0.3962366593],[36.2461896001,0.3962394516],[36.2461923311,0.3878865793],[36.2545090032,0.3878893016],[36.2545064436,0.3957467427],[36.2548009542,0.3956652589],[36.281992657,0.3584900658],[36.2578483294,0.3149481979],[36.2578885788,0.3058883534],[36.2399418797,0.2849206851],[36.2670770484,0.2614239705],[36.286913635,0.2614668872],[36.3014201482,0.2379415779],[36.3184274127,0.2651591538],[36.3155760366,0.3023910803],[36.3137393322,0.3096353313],[36.3173690565,0.3042070894],[36.3210605767,0.2963999551],[36.3210607245,0.2957883032],[36.3213497536,0.2957883744],[36.3293817505,0.2788011338],[36.3293871079,0.2539250852],[36.3127530647,0.2539216126],[36.3127564116,0.2371757454],[36.3044394849,0.2371741161],[36.3044410781,0.2288012399],[36.2878074073,0.2287980809],[36.2878058061,0.2371708425],[36.2794890517,0.2371691972],[36.2794856653,0.253914603],[36.2462191881,0.2539075074],[36.2462155267,0.2706524438],[36.2378990414,0.2706505386],[36.2378971168,0.2790229477],[36.2295806861,0.2790209777],[36.229570151,0.3208827255],[36.2129374015,0.3208781739],[36.2129396393,0.3125059434],[36.1963071397,0.3125014832],[36.1963135359,0.28738515],[36.2046297371,0.2873872035],[36.2046341427,0.2686717607],[36.2003443401,0.2739626482],[36.1796721947,0.3223946545],[36.1796654557,0.3460043925],[36.1796741947,0.3460043942],[36.1796716965,0.3543569538],[36.1879790944,0.3543594982],[36.1879765373,0.3627315484],[36.1962927405,0.362734148],[36.1962977783,0.3459899273],[36.2046140204,0.3460118316]]]}},{"type":"Feature","properties":{"country":"Kenya","country_code":"KEN","species_name":"Eucalyptus_nitens","genus":"Eucalyptus","species":"nitens","suitability_name":"Marginally suitable","suitability_rank":3,"source_layer":"KCFP_SSMT_Kenya","tz":null,"soil_description":null},"geometry":{"type":"Polygon","coordinates":[[[36.3210428313,0.3627722206],[36.3210452669,0.3543992316],[36.3293623945,0.3544016512],[36.329364765,0.3460286048],[36.3376819411,0.3460309599],[36.3376842485,0.3376578564],[36.346001474,0.3376601474],[36.3460037188,0.3292869869],[36.3376865004,0.3292847528],[36.337694939,0.2957923358],[36.3460121311,0.2957943436],[36.3460159992,0.279048021],[36.3543332356,0.2790499084],[36.3543361743,0.2655789498],[36.3328183933,0.2715326154],[36.3293817505,0.2788011338],[36.3293778034,0.2957903226],[36.3213497536,0.2957883744],[36.3210605767,0.2963999551],[36.3210522324,0.3292802636],[36.3044181928,0.3292757465],[36.3044087335,0.362767244],[36.3210428313,0.3627722206]]]}},{"type":"Feature","properties":{"country":"Kenya","country_code":"KEN","species_name":"Eucalyptus_nitens","genus":"Eucalyptus","species":"nitens","suitability_name":"Marginally suitable","suitability_rank":3,"source_layer":"KCFP_SSMT_Kenya","tz":null,"soil_description":null},"geometry":{"type":"Polygon","coordinates":[[[35.8507317245,0.6555509552],[35.8469306546,0.6555485459],[35.8469200282,0.6723080844],[35.8469146332,0.6806568312],[35.8500181295,0.6806588748],[35.8502554739,0.6723102537],[35.8507317245,0.6555509552]]]}},{"type":"Feature","properties":{"country":"Kenya","country_code":"KEN","species_name":"Eucalyptus_nitens","genus":"Eucalyptus","species":"nitens","suitability_name":"Marginally suitable","suitability_rank":3,"source_layer":"KCFP_SSMT_Kenya","tz":null,"soil_description":null},"geometry":{"type":"Polygon","coordinates":[[[36.7515169960678,-2.5099587681997724],[36.751506034,-2.5099587493],[36.7515597246,-2.4848405395],[36.7598762112,-2.4848547518],[36.7598730587,-2.493230378],[36.7681896148,-2.4932445855],[36.7681612974,-2.5099874463],[36.7515169817,-2.5099672144],[36.7515169960678,-2.5099587681997724]]]}},{"type":"Feature","properties":{"country":"Kenya","country_code":"KEN","species_name":"Eucalyptus_nitens","genus":"Eucalyptus","species":"nitens","suitability_name":"Marginally suitable","suitability_rank":3,"source_layer":"KCFP_SSMT_Kenya","tz":null,"soil_description":null},"geometry":{"type":"Polygon","coordinates":[[[36.7598903105,-2.4764791441],[36.7682177554,-2.4764932738],[36.7682037084,-2.4848689302],[36.7598872065,-2.4848547705],[36.7598762112,-2.4848547518],[36.7598762256,-2.4848462088],[36.7598903105,-2.4764791441]]]}},{"type":"Feature","properties":{"country":"Kenya","country_code":"KEN","species_name":"Eucalyptus_nitens","genus":"Eucalyptus","species":"nitens","suitability_name":"Marginally suitable","suitability_rank":3,"source_layer":"KCFP_SSMT_Kenya","tz":null,"soil_description":null},"geometry":{"type":"Polygon","coordinates":[[[36.6448225903,-1.3875278378],[36.6531335222,-1.3875361535],[36.6531252515,-1.3958985084],[36.6530830867,-1.4377740956],[36.6530744911,-1.4461617511],[36.6519728716,-1.4461606032],[36.6447528131,-1.446153072],[36.6447614261,-1.4377780399],[36.6364398285,-1.4377693807],[36.6364927978,-1.3958944687],[36.6416770395,-1.3958997092],[36.6448037403,-1.3959028642],[36.6448225903,-1.3875278378]]]}},{"type":"Feature","properties":{"country":"Kenya","country_code":"KEN","species_name":"Eucalyptus_nitens","genus":"Eucalyptus","species":"nitens","suitability_name":"Marginally suitable","suitability_rank":3,"source_layer":"KCFP_SSMT_Kenya","tz":null,"soil_description":null},"geometry":{"type":"Polygon","coordinates":[[[36.7046690866,-1.3057666027],[36.6893428937,-1.3006319292],[36.6760096767,-1.3099229043],[36.6844262814,-1.3243856625],[36.7008989886,-1.3302105446],[36.7302175917,-1.3306235988],[36.7519833851,-1.3300759839],[36.7759680678,-1.3478423312],[36.7775351137,-1.3691832312],[36.7768847253,-1.3720572706],[36.7757314643,-1.379279593],[36.7696470753,-1.3792738601],[36.7696392507,-1.3876496332],[36.7446729377,-1.3876258014],[36.7446649768,-1.3960014299],[36.7363429391,-1.3959933789],[36.7363373698,-1.4018017054],[36.7218702093,-1.3899641303],[36.7079351808,-1.3816396069],[36.6818535349,-1.3739131147],[36.6605745152,-1.3678239877],[36.6447539233,-1.3697817875],[36.6175444497,-1.3581690711],[36.6115532538,-1.3607546923],[36.6115598902,-1.3539948856],[36.6063913796,-1.353989753],[36.5934322073,-1.3161632744],[36.5861693665,-1.2991950583],[36.5854994885,-1.2944287066],[36.5832758361,-1.2785947509],[36.5652865357,-1.2619451143],[36.5646941421,-1.240184235],[36.5750231885,-1.1864523483],[36.5754500826,-1.1842313458],[36.5752519736,-1.166419967],[36.5702178524,-1.1727646387],[36.5701332901,-1.1730968744],[36.5701433997,-1.1613241448],[36.5751935652,-1.1613285121],[36.5751076367,-1.1529537751],[36.5701505306,-1.15294952],[36.570164635,-1.136200267],[36.5784746028,-1.136207293],[36.5784738554,-1.1371040177],[36.5784605457,-1.1529566497],[36.5784534399,-1.1613313263],[36.5784390623,-1.1780942502],[36.5950798908,-1.1781087636],[36.5950433396,-1.219969081],[36.5950283446,-1.2367319776],[36.6033593909,-1.2367395656],[36.6116697334,-1.2367471086],[36.6116771986,-1.2283722629],[36.6199979432,-1.2283797381],[36.6200199575,-1.2032550448],[36.6278337652,-1.2032618978],[36.6283406768,-1.2032623416],[36.6283450859,-1.1981479168],[36.6283478885,-1.1948873918],[36.6290179914,-1.1948879743],[36.6366686312,-1.1948946125],[36.6366614448,-1.2032696119],[36.6449822648,-1.2032768586],[36.6449677914,-1.2200269585],[36.6616096816,-1.2200415742],[36.6616240636,-1.2032777991],[36.6616382238,-1.1865409708],[36.6616488251,-1.1865409798],[36.6699591422,-1.1865480403],[36.6699591535,-1.1865345005],[36.6699661295,-1.1781728381],[36.6782870716,-1.1781798327],[36.6783008466,-1.1614293273],[36.6866217897,-1.1614361968],[36.6866285788,-1.1530608947],[36.67830766,-1.1530540737],[36.6783144242,-1.1446788188],[36.6866353187,-1.1446855911],[36.6866420095,-1.136310286],[36.6949629292,-1.1363169846],[36.6949695479,-1.1279416306],[36.7032904919,-1.1279482551],[36.703297037,-1.1195728513],[36.7199390257,-1.1195859306],[36.7199582292,-1.0944594226],[36.7282792255,-1.0944657807],[36.7282969382,-1.0706781028],[36.7283040607,-1.0609635683],[36.7199831534,-1.0609574049],[36.7200013384,-1.0358308864],[36.7283221786,-1.0358369029],[36.7283340164,-1.0190857918],[36.7366548625,-1.0190916893],[36.7366721936,-0.9939648732],[36.7449930224,-0.9939706042],[36.7449986833,-0.9855949493],[36.7533195392,-0.985600612],[36.7533306752,-0.9688492055],[36.7616515377,-0.9688547514],[36.7616570142,-0.9604789991],[36.7782988428,-0.960489933],[36.7783042297,-0.9521140858],[36.7866251948,-0.9521194744],[36.7866357899,-0.9353676819],[36.7949567623,-0.9353729576],[36.7949619683,-0.9269970135],[36.8032829688,-0.9270022205],[36.8032932034,-0.9102502368],[36.811614211,-0.9102553322],[36.8116242209,-0.8935032522],[36.819945237,-0.893508234],[36.8199501535,-0.885132148],[36.8282711963,-0.8851370634],[36.8282808534,-0.8683847953],[36.8449230052,-0.8683943866],[36.8449370374,-0.8432657049],[36.8532581271,-0.843270334],[36.853262695,-0.8348940596],[36.8782261868,-0.8349077055],[36.8782350812,-0.8181548828],[36.894877566,-0.8181637098],[36.894886211,-0.8014107039],[36.903207486,-0.801415002],[36.903211725,-0.7930384536],[36.8948904677,-0.7930342004],[36.8948946788,-0.7846576965],[36.9032159204,-0.7846619048],[36.9032282365,-0.7595322562],[36.8949070428,-0.7595281828],[36.8949110758,-0.7511516775],[36.9032322528,-0.751155706],[36.9032478714,-0.7176495017],[36.8949267563,-0.7176456529],[36.8949343296,-0.7008926386],[36.9032554139,-0.7008963976],[36.9032591183,-0.692519845],[36.9115802342,-0.6925235435],[36.9115838796,-0.6841469468],[36.9032627781,-0.6841432922],[36.9032699651,-0.6673901855],[36.8866279547,-0.6673830129],[36.8866315089,-0.6590065491],[36.8949524768,-0.6590100965],[36.8949594239,-0.6422570788],[36.8866384825,-0.6422536207],[36.8866452765,-0.6255006911],[36.9116081547,-0.6255107549],[36.9116146902,-0.6087575546],[36.9199357135,-0.6087607936],[36.9199389024,-0.6003841484],[36.9116178919,-0.6003809541],[36.9116210501,-0.5920043532],[36.8949791883,-0.591998016],[36.8949854189,-0.5752449928],[36.9033063025,-0.575248077],[36.9033093387,-0.566871521],[36.8949884671,-0.56686848],[36.8949973444,-0.5417389434],[36.903318181,-0.5417418488],[36.9033284339,-0.511054783],[36.9033296144,-0.5073996646],[36.9033320249,-0.4998590568],[36.9047515303,-0.4998595131],[36.911652852,-0.4998617269],[36.911667935,-0.4496021006],[36.8976765697,-0.4495980559],[36.895026447,-0.4495972869],[36.895028351,-0.4429048253],[36.8950288254,-0.4412207715],[36.8943619644,-0.4412205823],[36.8867081569,-0.4412183968],[36.8867104988,-0.4328419262],[36.8910473289,-0.4328431411],[36.8950311581,-0.4328442558],[36.8950334462,-0.4244677399],[36.9033541394,-0.4244700172],[36.9033585638,-0.4077168942],[36.8950378881,-0.4077147076],[36.8950515393,-0.3993381951],[36.9033607101,-0.3993403337],[36.90336281,-0.3909637713],[36.8950536485,-0.3909616775],[36.8950421503,-0.3909616746],[36.8950421553,-0.3909450705],[36.8950442147,-0.3825851587],[36.9033648663,-0.3825872096],[36.9033744799,-0.3407043985],[36.8867332984,-0.3407007369],[36.8867383316,-0.3167677944],[36.9033900245,-0.3216013075],[36.9117102066,-0.3240164284],[36.9155686053,-0.3251364185],[36.920030018,-0.328445574],[36.928349504,-0.3346163982],[36.935502515,-0.3399220399],[36.9395487368,-0.3406954599],[36.9542538869,-0.3435062952],[36.9721939944,-0.3336854427],[36.9779956892,-0.3256350145],[36.9901188572,-0.3264024894],[37.0032397103,-0.3282104984],[37.0111662075,-0.3293027418],[37.0218196621,-0.3162035136],[37.0409594213,-0.2996716427],[37.044231583,-0.2925588992],[37.0580842872,-0.2790183315],[37.0614858991,-0.2773145747],[37.0614851143,-0.2820960619],[37.0698065391,-0.282097454],[37.069804915,-0.2917848593],[37.0698036956,-0.2988523033],[37.0781251736,-0.2988537728],[37.078122179,-0.3156087039],[37.0864437108,-0.3156102491],[37.0864543941,-0.3239877587],[37.1030853579,-0.3239909071],[37.1030837793,-0.3323684948],[37.1114054462,-0.3323701008],[37.1114038343,-0.3407477289],[37.1197255484,-0.3407493682],[37.1197222191,-0.3575047044],[37.1280439879,-0.3575064167],[37.1280387176,-0.3826395402],[37.1530043321,-0.3826449904],[37.1530025202,-0.3910228164],[37.1552318014,-0.39102331],[37.1813179241,-0.3910290426],[37.1946127009,-0.3910319324],[37.1946108915,-0.3994099543],[37.2029330526,-0.3994117901],[37.2029303731,-0.4115564112],[37.202929335,-0.4161679114],[37.2112515506,-0.4161698153],[37.2112496438,-0.4245479145],[37.2528613328,-0.4245574955],[37.2528627202,-0.4183322819],[37.2528631953,-0.4161792082],[37.2695081143,-0.4161829022],[37.2695116944,-0.3994261791],[37.2861567252,-0.3994296914],[37.286158443,-0.3910512545],[37.3194489087,-0.3910580322],[37.3194505583,-0.3826794517],[37.3277732563,-0.3826810886],[37.3277748614,-0.3743024712],[37.3610659749,-0.3743087995],[37.3610675124,-0.3659300403],[37.3777132632,-0.365933087],[37.3777147523,-0.3575542579],[37.3943606258,-0.3575572045],[37.3943591528,-0.3659361027],[37.4110051771,-0.3659390873],[37.4110066349,-0.3575601216],[37.4526222476,-0.3575672794],[37.4526236352,-0.349188145],[37.4775933765,-0.3491922492],[37.4775947085,-0.340813017],[37.4859180123,-0.3408143371],[37.4859217935,-0.3156765404],[37.4942451105,-0.3156777564],[37.4942463,-0.307298458],[37.5025696416,-0.3072996361],[37.502571911,-0.2905409754],[37.5192186643,-0.2905431837],[37.5192197405,-0.282163789],[37.5275431584,-0.2821648527],[37.5275441955,-0.2737854272],[37.5358676397,-0.2737864526],[37.5358696107,-0.2570275366],[37.5441930739,-0.2570284947],[37.5441940074,-0.2486490062],[37.5525174962,-0.2486499268],[37.5525183936,-0.2402704063],[37.5441949099,-0.2402695167],[37.5441957815,-0.2318900262],[37.5525192593,-0.2318908856],[37.5525209012,-0.2151318439],[37.5608444012,-0.2151326376],[37.5608466191,-0.1899939808],[37.5691701369,-0.1899946778],[37.5691726513,-0.1564763452],[37.5774961849,-0.1564769151],[37.5774972535,-0.1397176878],[37.585820811,-0.1397181937],[37.5858217531,-0.1229589055],[37.5774982011,-0.1229584602],[37.5774995981,-0.0928914821],[37.5775003184,-0.0726807762],[37.585823858,-0.0726810394],[37.5858241037,-0.064301395],[37.5775005654,-0.0643011621],[37.5775012515,-0.0307827053],[37.5691777475,-0.0307825923],[37.5691773513,0.0527000347],[37.5691771366,0.0613928275],[37.5775006441,0.0613930512],[37.5775001407,0.0781522803],[37.5691766302,0.0781519947],[37.5691756427,0.1032907453],[37.5525287016,0.1032899862],[37.5525283071,0.111669509],[37.5442048804,0.1116690942],[37.5442044526,0.1200485859],[37.5275576864,0.1200476884],[37.5275572234,0.1284271155],[37.5025873017,0.1284256549],[37.5025877734,0.120046323],[37.4776181469,0.1200449338],[37.4776176673,0.1284241706],[37.4609714067,0.1284231668],[37.4609708891,0.1368023362],[37.4276923002,0.1368001646],[37.4276787488,0.1368001638],[37.4276787467,0.1368188041],[37.4276781866,0.1451792009],[37.4144700028,0.1451782721],[37.4110457969,0.1451780292],[37.4027094227,0.1451774386],[37.4027088168,0.153556374],[37.3860631382,0.1535551142],[37.3860624925,0.1619339807],[37.385488259,0.1619339347],[37.3860758752,0.1620304908],[37.3862919937,0.1620660037],[37.3998449847,0.1556560066],[37.424206967,0.154798462],[37.431412329,0.1584397412],[37.4756460676,0.1467417357],[37.4837618014,0.1467580432],[37.5179866687,0.158614207],[37.50983171,0.1686623974],[37.5332543977,0.1750567638],[37.6024668393,0.1583874849],[37.6024676865,0.1451907596],[37.6191150144,0.1451917887],[37.6191164077,0.1200524975],[37.6274401074,0.1200529204],[37.6274405107,0.1116731271],[37.635764237,0.1116735172],[37.6357646089,0.1032936946],[37.6274408848,0.1032933337],[37.6274412289,0.0949135403],[37.6357649518,0.0949138719],[37.6357658065,0.0697744037],[37.6440895523,0.0697746451],[37.6440897778,0.0613947941],[37.652413551,0.0613950051],[37.6524138921,0.0457875981],[37.6524139134,0.0446352433],[37.6440901424,0.0446350893],[37.6440905496,0.0027358293],[37.6524143181,0.0027358387],[37.6524142795,-0.0140239232],[37.6440905108,-0.0140238748],[37.6440902365,-0.0391634308],[37.6357664948,-0.0391632948],[37.6357661659,-0.0559229396],[37.6440899095,-0.0559231347],[37.6440894673,-0.0726828385],[37.6373666323,-0.0726826348],[37.6357657209,-0.0726825853],[37.6357632504,-0.1313413447],[37.627439518,-0.1313408858],[37.6274385453,-0.1481004721],[37.6357622836,-0.1481009895],[37.6357606159,-0.1732404562],[37.6191131482,-0.173239242],[37.6191081824,-0.2318975837],[37.6107844626,-0.2318967637],[37.6107827695,-0.2486562298],[37.6024590691,-0.2486553452],[37.6024553063,-0.2821741568],[37.5941316131,-0.2821731469],[37.5941305922,-0.2905528205],[37.6024542914,-0.2905538594],[37.6024532467,-0.2989335618],[37.5941295404,-0.298932492],[37.5941273499,-0.3156918366],[37.5858036615,-0.3156907001],[37.5858013369,-0.3324499837],[37.5774776648,-0.3324487808],[37.5774764503,-0.3408283911],[37.5691528014,-0.3408271497],[37.5691502661,-0.3575863116],[37.5608266337,-0.3575850006],[37.5608253124,-0.3659645502],[37.552501703,-0.3659632016],[37.5524989546,-0.3827222394],[37.5441753592,-0.3827208209],[37.5441724704,-0.3994797941],[37.5358488904,-0.3994783051],[37.5358458615,-0.4162372169],[37.5275222936,-0.4162356566],[37.5275207245,-0.4246150803],[37.5025501853,-0.4246102501],[37.5025485569,-0.4329895783],[37.4692549149,-0.4329828834],[37.4692565795,-0.4246036856],[37.4609332589,-0.4246020208],[37.4609315853,-0.4329811867],[37.4276385947,-0.4329743088],[37.4276368524,-0.4413533413],[37.410990538,-0.4413497782],[37.4109922997,-0.4329708133],[37.3693771561,-0.432961917],[37.3693789291,-0.4245831232],[37.3610560136,-0.4245813511],[37.3610542306,-0.4329601091],[37.3444084843,-0.4329564675],[37.3444066498,-0.4413351557],[37.327761025,-0.4413314062],[37.3277591365,-0.4497100212],[37.311113635,-0.4497061632],[37.311111691,-0.458084707],[37.2944663148,-0.4580807364],[37.2944643154,-0.4664592074],[37.2611739612,-0.4664510049],[37.2611697727,-0.4832076507],[37.2278799287,-0.4831989885],[37.2278820814,-0.4748208164],[37.2029151235,-0.4748143257],[37.2029129405,-0.4831923842],[37.1945906873,-0.4831901632],[37.1945884559,-0.491568183],[37.1862662307,-0.4915659121],[37.1862660377,-0.4922803594],[37.1862646415,-0.4974198299],[37.1858870296,-0.4975374447],[37.1850697589,-0.4999435606],[37.1612974755,-0.4999369005],[37.1612951249,-0.508314763],[37.1529730339,-0.5083123715],[37.1529681936,-0.5250680198],[37.1510194808,-0.5250674388],[37.1503914638,-0.523868596],[37.1412439462,-0.5219708568],[37.1402779406,-0.5250642314],[37.1363240859,-0.5250630458],[37.1363265476,-0.5166853007],[37.128004564,-0.5166828379],[37.1280020914,-0.5250605421],[37.1196801366,-0.5250580273],[37.119677613,-0.5334356911],[37.111355687,-0.5334331248],[37.1113582218,-0.5250555013],[37.1030363471,-0.5250529642],[37.1030388527,-0.5166753809],[37.0947170293,-0.5166728733],[37.0947195054,-0.5082953295],[37.0697543103,-0.5082878649],[37.0697567787,-0.499910444],[37.0614351397,-0.4999079762],[37.0614301423,-0.5166627324],[37.0531085231,-0.516660171],[37.0531059516,-0.5250375076],[37.0614275818,-0.5250401107],[37.0614249801,-0.5334174895],[37.0697466627,-0.5334201228],[37.0697440311,-0.5417975428],[37.078065766,-0.5418002069],[37.0780604031,-0.5585551258],[37.086382202,-0.5585578613],[37.0863794711,-0.5669353619],[37.0697358904,-0.5669297978],[37.0697330949,-0.5753072168],[37.0530896542,-0.5753015225],[37.0530838907,-0.5920561912],[37.0364405663,-0.5920502818],[37.0364345868,-0.6088047821],[37.0281129618,-0.6088017248],[37.0281098966,-0.6171789329],[37.0364315345,-0.6171820323],[37.0364284405,-0.6255592831],[37.0281067894,-0.6255561408],[37.0281036404,-0.6339333483],[37.019782018,-0.6339301505],[37.0197851803,-0.6255529852],[37.0114636132,-0.6255498163],[37.0114604377,-0.6339269391],[37.0031388987,-0.6339237144],[37.0031323946,-0.650677874],[36.994810871,-0.6506745502],[36.9948041695,-0.667428623],[37.0031257199,-0.6674320324],[37.0031118614,-0.7009403456],[37.011433512,-0.7009439113],[37.011419035,-0.7344523898],[37.003097324,-0.7344486537],[37.0030821076,-0.7679569564],[36.9864386864,-0.7679490942],[36.9864307573,-0.7847030719],[36.9947524802,-0.784707098],[36.9947403165,-0.80983819],[37.0030621324,-0.8098423269],[37.00305801,-0.8182193999],[36.994736177,-0.8182152202],[36.9947319958,-0.8265922509],[37.0030538444,-0.8265964735],[37.003049638,-0.8349735448],[36.994727771,-0.8349692795],[36.9947235028,-0.8433463086],[36.9864016616,-0.8433419835],[36.9863929632,-0.8600959536],[36.9697493358,-0.8600870749],[36.9697448851,-0.8684639734],[36.9614231178,-0.8684594641],[36.9614186064,-0.8768363177],[36.953096865,-0.8768317463],[36.953087675,-0.8935853669],[36.9614094547,-0.8935900266],[36.9614048134,-0.901966879],[36.9530830139,-0.9019621765],[36.9530735629,-0.9187157937],[36.9364300207,-0.9187061546],[36.9364203176,-0.9354595943],[36.9197768709,-0.9354496991],[36.919771914,-0.9438263311],[36.9114502375,-0.9438213083],[36.9114350419,-0.9689510659],[36.9031133493,-0.9689458897],[36.9031081826,-0.9773080813],[36.9031081737,-0.9773224287],[36.8947980048,-0.9773171952],[36.8864648815,-0.9773119256],[36.8864543252,-0.9940505409],[36.8864543161,-0.9940648231],[36.8781441306,-0.9940594568],[36.8781326957,-0.9940594494],[36.8781273325,-1.0024216022],[36.8781219066,-1.0108122555],[36.8698002901,-1.0108067707],[36.869794806,-1.0191831275],[36.8614845835,-1.0191775824],[36.8614732134,-1.0191775748],[36.8614676728,-1.027539731],[36.861462068,-1.0359301958],[36.8531404757,-1.0359245297],[36.8531348138,-1.0443007928],[36.8448132461,-1.0442950597],[36.8448075156,-1.0526712763],[36.8281644728,-1.0526596502],[36.8281586519,-1.0610357738],[36.8198371787,-1.0610298812],[36.8198312893,-1.0694059578],[36.828152785,-1.0694118987],[36.8281468728,-1.0777880222],[36.8198253527,-1.0777820356],[36.8198193715,-1.0861581121],[36.811497875,-1.086152056],[36.8114795822,-1.1112801422],[36.8031580637,-1.1112739224],[36.8031518484,-1.1196499023],[36.8114733904,-1.1196561699],[36.811460869,-1.1364082238],[36.819782505,-1.1364145603],[36.8197761995,-1.1447906323],[36.8114545385,-1.14478425],[36.8114417389,-1.1615363008],[36.7947984605,-1.1615232738],[36.7947853762,-1.1782751345],[36.7864637575,-1.1782684896],[36.7864571197,-1.1866443718],[36.778135524,-1.1866376545],[36.7781317531,-1.1913520446],[36.7781084119,-1.220127577],[36.778101502,-1.2285168205],[36.7697798264,-1.22850984],[36.7697587681,-1.25363719],[36.7780805221,-1.2536443134],[36.7780753679,-1.2597417092],[36.7697611265,-1.2638262929],[36.7623221094,-1.267480843],[36.7516992283,-1.2703597905],[36.7458113769,-1.2719554483],[36.7526051892,-1.2898324529],[36.7482279741,-1.295979439],[36.7388229444,-1.2988913823],[36.7209351038,-1.3051807918],[36.7046690866,-1.3057666027]],[[37.0614423269,-0.4747758379],[37.0447992343,-0.4747711194],[37.0447944433,-0.4915257105],[37.0531159893,-0.4915281595],[37.0531135419,-0.4999054969],[37.0614351397,-0.4999079762],[37.0614423269,-0.4747758379]],[[36.6199474023,-1.2890273837],[36.6350508095,-1.2932376248],[36.6432989379,-1.2921501963],[36.6410617463,-1.2795567218],[36.6314500165,-1.276524992],[36.6182114012,-1.2627152515],[36.6152392009,-1.2617852175],[36.604927256,-1.263315168],[36.600316248,-1.2712931058],[36.6016677651,-1.2751878202],[36.6057702156,-1.2829845465],[36.6087102948,-1.2926052207],[36.6199474023,-1.2890273837]],[[36.6326788518,-1.3142669797],[36.6359054053,-1.3108514525],[36.6352319856,-1.3053666995],[36.6320469407,-1.2994001861],[36.627021811,-1.2973054328],[36.6210399036,-1.3032111712],[36.6177999026,-1.3107385544],[36.6196222625,-1.3146327815],[36.6287737562,-1.3156093885],[36.6326788518,-1.3142669797]],[[36.7029989186,-1.3771023627],[36.7197082277,-1.3815538024],[36.7332278788,-1.3809540701],[36.7437719299,-1.378741662],[36.7562169748,-1.3616670238],[36.755562736,-1.3516026273],[36.7418396969,-1.3467080613],[36.7178094355,-1.3417542426],[36.7047569515,-1.3386904793],[36.6960290707,-1.3459555978],[36.6950636291,-1.3576107065],[36.7029989186,-1.3771023627]]]}},{"type":"Feature","properties":{"country":"Kenya","country_code":"KEN","species_name":"Eucalyptus_nitens","genus":"Eucalyptus","species":"nitens","suitability_name":"Marginally suitable","suitability_rank":3,"source_layer":"KCFP_SSMT_Kenya","tz":null,"soil_description":null},"geometry":{"type":"Polygon","coordinates":[[[36.6031329398,-1.0682562424],[36.6034906532,-1.0673159413],[36.6034891698,-1.0692295717],[36.6025247006,-1.0692428036],[36.602533321,-1.0692288193],[36.6031329398,-1.0682562424]]]}},{"type":"Feature","properties":{"country":"Kenya","country_code":"KEN","species_name":"Eucalyptus_nitens","genus":"Eucalyptus","species":"nitens","suitability_name":"Marginally suitable","suitability_rank":3,"source_layer":"KCFP_SSMT_Kenya","tz":null,"soil_description":null},"geometry":{"type":"Polygon","coordinates":[[[36.6035251193,-1.035744346],[36.6035061094,-1.0471692057],[36.5951897053,-1.0558126545],[36.5952101742,-1.0288436958],[36.5956121017,-1.0273493954],[36.6035210228,-1.027355379],[36.6114677193,-1.0273755234],[36.611303111,-1.0282934294],[36.6082675955,-1.0357338343],[36.6082618366,-1.0357479494],[36.6035251193,-1.035744346]]]}},{"type":"Feature","properties":{"country":"Kenya","country_code":"KEN","species_name":"Eucalyptus_nitens","genus":"Eucalyptus","species":"nitens","suitability_name":"Marginally suitable","suitability_rank":3,"source_layer":"KCFP_SSMT_Kenya","tz":null,"soil_description":null},"geometry":{"type":"Polygon","coordinates":[[[36.6118775534,-0.9771266447],[36.6118534888,-1.0106118702],[36.6035437738,-1.010619922],[36.6035437833,-1.0106057068],[36.6035559644,-0.9938560248],[36.6010109101,-0.9938541633],[36.6006779419,-0.990269259],[36.5952505497,-0.9734587001],[36.5952538854,-0.968739939],[36.6035634683,-0.9687458667],[36.6035575568,-0.9771206781],[36.6118775534,-0.9771266447]]]}},{"type":"Feature","properties":{"country":"Kenya","country_code":"KEN","species_name":"Eucalyptus_nitens","genus":"Eucalyptus","species":"nitens","suitability_name":"Marginally suitable","suitability_rank":3,"source_layer":"KCFP_SSMT_Kenya","tz":null,"soil_description":null},"geometry":{"type":"Polygon","coordinates":[[[36.5869410239,-0.9587289866],[36.5869457317,-0.9519845649],[36.5952552547,-0.9519904121],[36.5952435523,-0.9687255547],[36.5927499568,-0.9687237716],[36.58869618,-0.9610479052],[36.5869410239,-0.9587289866]]]}},{"type":"Feature","properties":{"country":"Kenya","country_code":"KEN","species_name":"Eucalyptus_nitens","genus":"Eucalyptus","species":"nitens","suitability_name":"Marginally suitable","suitability_rank":3,"source_layer":"KCFP_SSMT_Kenya","tz":null,"soil_description":null},"geometry":{"type":"Polygon","coordinates":[[[36.5869354301,-0.9519701166],[36.5818389752,-0.9519665219],[36.578630135,-0.945915875],[36.5786317355,-0.9436040348],[36.5869412205,-0.9436098496],[36.5869354301,-0.9519701166]]]}},{"type":"Feature","properties":{"country":"Kenya","country_code":"KEN","species_name":"Eucalyptus_nitens","genus":"Eucalyptus","species":"nitens","suitability_name":"Marginally suitable","suitability_rank":3,"source_layer":"KCFP_SSMT_Kenya","tz":null,"soil_description":null},"geometry":{"type":"Polygon","coordinates":[[[36.5703177798,-0.9352235869],[36.5786272243,-0.935229369],[36.5786214662,-0.9435895541],[36.5773959548,-0.9435886939],[36.5757692586,-0.9405213917],[36.5703146667,-0.9397373768],[36.5703177798,-0.9352235869]]]}},{"type":"Feature","properties":{"country":"Kenya","country_code":"KEN","species_name":"Eucalyptus_nitens","genus":"Eucalyptus","species":"nitens","suitability_name":"Marginally suitable","suitability_rank":3,"source_layer":"KCFP_SSMT_Kenya","tz":null,"soil_description":null},"geometry":{"type":"Polygon","coordinates":[[[36.5703132683,-0.9268489734],[36.5703075421,-0.9352090738],[36.559282075,-0.9352013692],[36.5583925064,-0.9346645222],[36.5567313295,-0.9268395625],[36.5703132683,-0.9268489734]]]}},{"type":"Feature","properties":{"country":"Kenya","country_code":"KEN","species_name":"Eucalyptus_nitens","genus":"Eucalyptus","species":"nitens","suitability_name":"Marginally suitable","suitability_rank":3,"source_layer":"KCFP_SSMT_Kenya","tz":null,"soil_description":null},"geometry":{"type":"Polygon","coordinates":[[[36.4929081535,-0.8958474619],[36.5134561985,-0.9047344805],[36.5212318519,-0.9066186104],[36.5220961115,-0.9100667148],[36.5037693867,-0.910053988],[36.5037636007,-0.9184281739],[36.4954444184,-0.9184223124],[36.4954385591,-0.9267964444],[36.4871194107,-0.9267905107],[36.4871134785,-0.9351645886],[36.4828216266,-0.9351614906],[36.4807774345,-0.9304739192],[36.4788099142,-0.9272021952],[36.4714872286,-0.9150256443],[36.4583059274,-0.898618538],[36.4538766319,-0.8932991813],[36.4465176311,-0.8844614506],[36.438125431,-0.8681388108],[36.462202713,-0.8681551651],[36.4622166808,-0.8469593381],[36.4624154599,-0.8476339853],[36.4743807949,-0.8668741253],[36.4929081535,-0.8958474619]]]}},{"type":"Feature","properties":{"country":"Kenya","country_code":"KEN","species_name":"Eucalyptus_nitens","genus":"Eucalyptus","species":"nitens","suitability_name":"Marginally suitable","suitability_rank":3,"source_layer":"KCFP_SSMT_Kenya","tz":null,"soil_description":null},"geometry":{"type":"Polygon","coordinates":[[[36.6681869244,-0.6589083937],[36.6619828992,-0.6589054652],[36.6619906125,-0.6421551067],[36.6667687121,-0.6421573055],[36.665855148,-0.6511567381],[36.6681869244,-0.6589083937]]]}},{"type":"Feature","properties":{"country":"Kenya","country_code":"KEN","species_name":"Eucalyptus_nitens","genus":"Eucalyptus","species":"nitens","suitability_name":"Marginally suitable","suitability_rank":3,"source_layer":"KCFP_SSMT_Kenya","tz":null,"soil_description":null},"geometry":{"type":"Polygon","coordinates":[[[36.6703390441,-0.5751570875],[36.6620194793,-0.5751536611],[36.6620284009,-0.5528079162],[36.6677736919,-0.5595291918],[36.6759304248,-0.5706638315],[36.6803955108,-0.5843056077],[36.6744465992,-0.6110500579],[36.6680841322,-0.633782692],[36.6619943947,-0.6337799261],[36.6619981272,-0.625404747],[36.6536785363,-0.625401008],[36.6536747905,-0.6337761379],[36.6453552362,-0.6337723353],[36.6453663632,-0.6086470955],[36.6536858783,-0.6086507473],[36.6536894745,-0.6002756165],[36.6703286286,-0.6002827814],[36.6703390441,-0.5751570875]]]}},{"type":"Feature","properties":{"country":"Kenya","country_code":"KEN","species_name":"Eucalyptus_nitens","genus":"Eucalyptus","species":"nitens","suitability_name":"Marginally suitable","suitability_rank":3,"source_layer":"KCFP_SSMT_Kenya","tz":null,"soil_description":null},"geometry":{"type":"Polygon","coordinates":[[[36.7198445862,-0.5781001586],[36.7169097972,-0.5720777371],[36.7121582015,-0.5655868807],[36.6994179948,-0.5553473523],[36.7006673375,-0.5426572192],[36.7083134385,-0.5316245787],[36.7100535097,-0.5154805433],[36.706006533,-0.506913344],[36.6974295096,-0.4916196383],[36.7010081662,-0.4747929866],[36.7036555427,-0.4714169024],[36.7036488499,-0.4914163634],[36.7119685471,-0.4914192388],[36.7119627478,-0.5081702004],[36.7202825156,-0.508173163],[36.7202795538,-0.5165486913],[36.7119597752,-0.5165456808],[36.7119536843,-0.5332966409],[36.728593334,-0.5333028479],[36.7285902383,-0.541678425],[36.736910147,-0.54168156],[36.7369070145,-0.5500571854],[36.7452269827,-0.5500603573],[36.7452173332,-0.5751873768],[36.7285773729,-0.5751807312],[36.7285706507,-0.5919318818],[36.7368906309,-0.5919353077],[36.736883741,-0.608686556],[36.7452037946,-0.6086900659],[36.7451894906,-0.6421927504],[36.7368693843,-0.6421890473],[36.7368656749,-0.6505646694],[36.7285456031,-0.6505609042],[36.7285418319,-0.6589364775],[36.7368619175,-0.6589402912],[36.736858112,-0.6673159127],[36.7285380133,-0.6673120505],[36.7285302296,-0.6840631956],[36.720210149,-0.684059222],[36.7202061702,-0.6924347454],[36.7118861253,-0.6924307084],[36.7118901177,-0.6840552339],[36.703570135,-0.6840512312],[36.7035740948,-0.6756758053],[36.6952541743,-0.6756718374],[36.6952580519,-0.6673966012],[36.7037683422,-0.6647854594],[36.7129130556,-0.6662310501],[36.7232621561,-0.6616841268],[36.7278891493,-0.6561759012],[36.7282050787,-0.6450911854],[36.7216941066,-0.6300471103],[36.7124706815,-0.6105935691],[36.7120926988,-0.6004344529],[36.7198445862,-0.5781001586]]]}},{"type":"Feature","properties":{"country":"Kenya","country_code":"KEN","species_name":"Eucalyptus_nitens","genus":"Eucalyptus","species":"nitens","suitability_name":"Marginally suitable","suitability_rank":3,"source_layer":"KCFP_SSMT_Kenya","tz":null,"soil_description":null},"geometry":{"type":"Polygon","coordinates":[[[36.6537135224,-0.5409486291],[36.655078076,-0.5446769616],[36.6596514347,-0.5500271757],[36.6537100054,-0.5500248261],[36.6537135224,-0.5409486291]]]}},{"type":"Feature","properties":{"country":"Kenya","country_code":"KEN","species_name":"Eucalyptus_nitens","genus":"Eucalyptus","species":"nitens","suitability_name":"Marginally suitable","suitability_rank":3,"source_layer":"KCFP_SSMT_Kenya","tz":null,"soil_description":null},"geometry":{"type":"Polygon","coordinates":[[[36.5622415794,-0.4327438815],[36.5622333219,-0.4578676002],[36.5372772181,-0.4578590092],[36.5372800501,-0.4494845936],[36.5289614637,-0.4494817633],[36.5289696753,-0.4243586727],[36.5539255122,-0.4243666622],[36.5539228543,-0.4327411833],[36.5622415794,-0.4327438815]]]}},{"type":"Feature","properties":{"country":"Kenya","country_code":"KEN","species_name":"Eucalyptus_nitens","genus":"Eucalyptus","species":"nitens","suitability_name":"Marginally suitable","suitability_rank":3,"source_layer":"KCFP_SSMT_Kenya","tz":null,"soil_description":null},"geometry":{"type":"Polygon","coordinates":[[[36.6290022656,-0.4495151681],[36.6204687719,-0.4495123733],[36.6204714588,-0.4411374391],[36.6121523658,-0.4411347549],[36.6121550114,-0.4327598723],[36.6038359782,-0.4327572309],[36.6038396852,-0.4207841488],[36.6154807012,-0.4317842283],[36.6275037571,-0.4457027436],[36.6290022656,-0.4495151681]]]}},{"type":"Feature","properties":{"country":"Kenya","country_code":"KEN","species_name":"Eucalyptus_nitens","genus":"Eucalyptus","species":"nitens","suitability_name":"Marginally suitable","suitability_rank":3,"source_layer":"KCFP_SSMT_Kenya","tz":null,"soil_description":null},"geometry":{"type":"Polygon","coordinates":[[[36.5955231468,-0.4127692719],[36.5975297299,-0.4148216637],[36.5987831066,-0.4160060178],[36.5955221707,-0.4160050185],[36.5955231468,-0.4127692719]]]}},{"type":"Feature","properties":{"country":"Kenya","country_code":"KEN","species_name":"Eucalyptus_nitens","genus":"Eucalyptus","species":"nitens","suitability_name":"Marginally suitable","suitability_rank":3,"source_layer":"KCFP_SSMT_Kenya","tz":null,"soil_description":null},"geometry":{"type":"Polygon","coordinates":[[[36.5872057768,-0.4076277315],[36.5872067746,-0.4042630908],[36.5904973148,-0.4076287242],[36.5872057768,-0.4076277315]]]}},{"type":"Feature","properties":{"country":"Kenya","country_code":"KEN","species_name":"Eucalyptus_nitens","genus":"Eucalyptus","species":"nitens","suitability_name":"Marginally suitable","suitability_rank":3,"source_layer":"KCFP_SSMT_Kenya","tz":null,"soil_description":null},"geometry":{"type":"Polygon","coordinates":[[[36.5790064425,-0.3908758942],[36.5788918253,-0.390875861],[36.5788919272,-0.3905199451],[36.5790064425,-0.3908758942]]]}},{"type":"Feature","properties":{"country":"Kenya","country_code":"KEN","species_name":"Eucalyptus_nitens","genus":"Eucalyptus","species":"nitens","suitability_name":"Marginally suitable","suitability_rank":3,"source_layer":"KCFP_SSMT_Kenya","tz":null,"soil_description":null},"geometry":{"type":"Polygon","coordinates":[[[36.6417076487,-0.3343091414],[36.630937765,-0.3072304917],[36.6198669599,-0.2886986906],[36.6119484717,-0.2773390995],[36.6078578122,-0.2722350424],[36.6007791424,-0.2701177624],[36.591963552,-0.2845966011],[36.5867138061,-0.3099619243],[36.5778778656,-0.3265246867],[36.5735681325,-0.3495771376],[36.573591541,-0.3740449588],[36.5763118939,-0.3825004477],[36.5705754221,-0.382498814],[36.5705822585,-0.357374935],[36.5622635564,-0.3573727141],[36.5622699502,-0.3322489897],[36.5539513216,-0.3322469178],[36.553955339,-0.3154978712],[36.545636776,-0.315495898],[36.5456442125,-0.2819980126],[36.5539627504,-0.2819997772],[36.5539644734,-0.2736252531],[36.5622830574,-0.2736269578],[36.5622847227,-0.2652523814],[36.5706033528,-0.2652540291],[36.5706049609,-0.2568794005],[36.5622863364,-0.2568778048],[36.5622878982,-0.2485032282],[36.5706065175,-0.2485047719],[36.5706094758,-0.2317555142],[36.5789281365,-0.2317569489],[36.5789295335,-0.2233822681],[36.5955669995,-0.2233850206],[36.595565612,-0.2317598037],[36.6122032918,-0.2317626387],[36.6122018633,-0.2401375251],[36.6371587785,-0.2401418941],[36.6371573138,-0.2485169327],[36.6537955182,-0.2485199192],[36.6537940148,-0.2568950583],[36.6704324292,-0.2568981245],[36.670430887,-0.2652733644],[36.6787501739,-0.2652749391],[36.6787485888,-0.2736502268],[36.6870679307,-0.2736518454],[36.6870611173,-0.3071531965],[36.6953805328,-0.3071550077],[36.6953749287,-0.3322811676],[36.7036944134,-0.3322831189],[36.7036924542,-0.3406585544],[36.7120119947,-0.3406605477],[36.7120058461,-0.3657870004],[36.7203254575,-0.3657891329],[36.7203211318,-0.3825401981],[36.7286408073,-0.3825424202],[36.7286339806,-0.4076691627],[36.7369537303,-0.4076715212],[36.7369489545,-0.4244227798],[36.7452687688,-0.4244252263],[36.7452612746,-0.4495522571],[36.7369414317,-0.449549664],[36.7369388289,-0.4579252928],[36.7202992703,-0.4579199818],[36.7202965982,-0.4662955133],[36.707674718,-0.4662913843],[36.7091130717,-0.4644570888],[36.7197354847,-0.4534372268],[36.7237289974,-0.4412317253],[36.7190855014,-0.4208926594],[36.7108202918,-0.3961369862],[36.6910564364,-0.3766212234],[36.6737729945,-0.3617419234],[36.6569010728,-0.3521730074],[36.6417076487,-0.3343091414]]]}},{"type":"Feature","properties":{"country":"Kenya","country_code":"KEN","species_name":"Eucalyptus_nitens","genus":"Eucalyptus","species":"nitens","suitability_name":"Marginally suitable","suitability_rank":3,"source_layer":"KCFP_SSMT_Kenya","tz":null,"soil_description":null},"geometry":{"type":"Polygon","coordinates":[[[36.4957571454,0.1367204615],[36.5123934906,0.1367222036],[36.5123943265,0.1283479415],[36.5207125757,0.1283487551],[36.5207133562,0.1199744399],[36.5123951097,0.1199736785],[36.51239584,0.1115994172],[36.5207140841,0.1116001246],[36.5207147593,0.1032258093],[36.5290330538,0.1032264615],[36.5290342423,0.086477724],[36.5373525852,0.0864782685],[36.5373530991,0.0781038483],[36.5539899382,0.078104826],[36.5539903967,0.0697302999],[36.5623088927,0.0697307346],[36.5623092978,0.0613561563],[36.5706278442,0.0613565374],[36.5706284969,0.0446072776],[36.5789470926,0.0446075528],[36.5789576187,0.0362328709],[36.578957815,0.0278764007],[36.5947817196,0.0278767282],[36.6124322394,-0.0028190818],[36.6178958341,-0.0173174753],[36.6165300821,-0.0264188255],[36.6096418168,-0.0360291926],[36.6074255146,-0.0551732353],[36.609938787,-0.0840413035],[36.6141471936,-0.1009167032],[36.6153763219,-0.1180061839],[36.6177432274,-0.1312469255],[36.6134076432,-0.1312465092],[36.6034048909,-0.1257858447],[36.5900015723,-0.1132413069],[36.5706346216,-0.1148689188],[36.5706346542,-0.1144930367],[36.5623160637,-0.1144923246],[36.5623179537,-0.0893684942],[36.5539994223,-0.0893679362],[36.5539999497,-0.0809933776],[36.5373630446,-0.0809923637],[36.5373635251,-0.0726179099],[36.5290451534,-0.0726174527],[36.5290455812,-0.0642430516],[36.5262834792,-0.0642429179],[36.5249869917,-0.0565355206],[36.5247872594,-0.0251456633],[36.5385856941,-0.0174617299],[36.540319523,-0.0011468638],[36.5239494174,0.0351592774],[36.5139831655,0.0469199224],[36.474247051,0.0676826177],[36.4669389331,0.0913183951],[36.4370953775,0.1166296714],[36.4369641576,0.1510621137],[36.4219547053,0.1702072859],[36.437527633,0.1702093775],[36.4375287117,0.1618356014],[36.4541643252,0.1618377116],[36.4541663064,0.145089941],[36.4624841878,0.1450908823],[36.4624832274,0.1534648211],[36.4791191572,0.1534668035],[36.4791201122,0.1450927557],[36.4957562507,0.1450946168],[36.4957571454,0.1367204615]],[[36.4458493914,0.1367151648],[36.4458502497,0.1283413338],[36.4541680713,0.1283421691],[36.454167215,0.1367160555],[36.4458493914,0.1367151648]]]}},{"type":"Feature","properties":{"country":"Kenya","country_code":"KEN","species_name":"Eucalyptus_nitens","genus":"Eucalyptus","species":"nitens","suitability_name":"Marginally suitable","suitability_rank":3,"source_layer":"KCFP_SSMT_Kenya","tz":null,"soil_description":null},"geometry":{"type":"Polygon","coordinates":[[[36.4208922302,0.1702071437],[36.4208920484,0.1715627238],[36.4219547053,0.1702072859],[36.4208922302,0.1702071437]]]}},{"type":"Feature","properties":{"country":"Kenya","country_code":"KEN","species_name":"Eucalyptus_nitens","genus":"Eucalyptus","species":"nitens","suitability_name":"Marginally suitable","suitability_rank":3,"source_layer":"KCFP_SSMT_Kenya","tz":null,"soil_description":null},"geometry":{"type":"Polygon","coordinates":[[[36.5535721787,1.0649650181],[36.5535711268,1.0662975762],[36.551216189,1.0662956907],[36.5564133788,1.0786284175],[36.5562351133,1.1176853195],[36.5642545466,1.1358317416],[36.5850629311,1.1204838218],[36.5994185624,1.1359294532],[36.627416358,1.1260381824],[36.6408835605,1.1378566387],[36.6778799045,1.1316145046],[36.6887619728,1.118049967],[36.6892369538,1.1166775096],[36.6866681997,1.1166754752],[36.6866812032,1.0999247977],[36.6783604035,1.0999182921],[36.678353903,1.1082935806],[36.6700331285,1.1082870011],[36.6700461263,1.091536522],[36.6783668536,1.0915430021],[36.6783732563,1.0831677116],[36.6866833129,1.0831741108],[36.6866896426,1.0747987713],[36.6783796078,1.0747924216],[36.6783859108,1.0664171301],[36.6700652507,1.0664107992],[36.6700715277,1.058035557],[36.6617509394,1.0580292534],[36.6617571882,1.0496540606],[36.6367957898,1.049635167],[36.6367831089,1.0663852497],[36.6201423386,1.0663723393],[36.6201293664,1.0831222171],[36.6118090113,1.083115627],[36.6118284614,1.0579909611],[36.628469086,1.0580038158],[36.6284817106,1.0412538325],[36.6368020713,1.0412380102],[36.6367965299,1.0345552512],[36.6323416435,1.036241945],[36.5927105191,1.0288852772],[36.5628068703,1.0614279998],[36.5535721787,1.0649650181]],[[36.670058926,1.074786041],[36.6617382929,1.0747796367],[36.661744641,1.0664044457],[36.6700652507,1.0664107992],[36.670058926,1.074786041]],[[36.6617254475,1.0915300188],[36.6534048193,1.0915234924],[36.6533982981,1.0998986318],[36.6450776968,1.0998920329],[36.6450907334,1.0831418525],[36.6534112888,1.0831483517],[36.6534177103,1.0747732105],[36.6617382929,1.0747796367],[36.6617254475,1.0915300188]],[[36.6118024264,1.0914905128],[36.6034821001,1.0914838486],[36.603488707,1.083109013],[36.6118090113,1.083115627],[36.6118024264,1.0914905128]],[[36.6534304009,1.0580229274],[36.653424081,1.0663980696],[36.645103569,1.0663916709],[36.6451099131,1.058016579],[36.6534304009,1.0580229274]]]}},{"type":"Feature","properties":{"country":"Kenya","country_code":"KEN","species_name":"Eucalyptus_nitens","genus":"Eucalyptus","species":"nitens","suitability_name":"Marginally suitable","suitability_rank":3,"source_layer":"KCFP_SSMT_Kenya","tz":null,"soil_description":null},"geometry":{"type":"Polygon","coordinates":[[[36.5950855139,1.1835997598],[36.5701242031,1.1835778498],[36.5701095136,1.2003270957],[36.5617891283,1.2003196384],[36.561796525,1.1919450682],[36.5534762176,1.1919376377],[36.5534835865,1.1835631192],[36.5451633561,1.1835557158],[36.5451410179,1.2086791144],[36.5285005636,1.2086639165],[36.5284929829,1.217015487],[36.5368030897,1.2170231412],[36.536803069,1.2170459308],[36.5451334674,1.2170535789],[36.5451105251,1.2421540851],[36.5534309341,1.2421618542],[36.5534462219,1.225435709],[36.570087092,1.225450961],[36.5700946166,1.2170763404],[36.5867356419,1.2170913858],[36.5867281678,1.2254661108],[36.5875148488,1.2254668235],[36.6033590722,1.2254811457],[36.6033694496,1.2254811559],[36.6033619956,1.2338331274],[36.5950412828,1.2338484214],[36.5950337331,1.2422231968],[36.6283169108,1.2422534879],[36.6283243571,1.2338785091],[36.6366452513,1.2338859654],[36.6366228397,1.2590110528],[36.6449438628,1.2590186352],[36.6449513581,1.2506435556],[36.6782358464,1.2506734149],[36.6782284577,1.2590486945],[36.6948710511,1.2590635631],[36.694878386,1.2506881846],[36.7031997303,1.2506955301],[36.7032284805,1.2171938152],[36.6949072392,1.2171866656],[36.6949143309,1.2088112851],[36.6865931651,1.2088041608],[36.68658606821141,1.217156687269418],[36.67826492700084,1.217149499513492],[36.6782720484,1.2087970101],[36.6782613831,1.208797],[36.669950982,1.2087898328],[36.6699438137,1.2171650655],[36.6616121698,1.2171578044],[36.6533017777,1.2171505359],[36.6532945292,1.2255028439],[36.6532839402,1.2255256578],[36.6449735407,1.2255183143],[36.6449952729,1.2003930669],[36.6283536384,1.2003785847],[36.6283750692,1.1752536365],[36.6221248841,1.1752482863],[36.6200544021,1.1752465105],[36.620052265,1.1777670892],[36.6200401158,1.1919963747],[36.6065658115,1.1919846155],[36.6033988337,1.191981842],[36.6034132206,1.1752321812],[36.5950927067,1.1752249805],[36.5950855139,1.1835997598]],[[36.5784299487,1.2003345276],[36.5784225518,1.208709203],[36.5701020905,1.2087017183],[36.5701095136,1.2003270957],[36.5784299487,1.2003345276]]]}},{"type":"Feature","properties":{"country":"Kenya","country_code":"KEN","species_name":"Eucalyptus_nitens","genus":"Eucalyptus","species":"nitens","suitability_name":"Marginally suitable","suitability_rank":3,"source_layer":"KCFP_SSMT_Kenya","tz":null,"soil_description":null},"geometry":{"type":"Polygon","coordinates":[[[36.6533232836,1.192025137],[36.6616442011,1.1920322644],[36.661651245,1.1836570808],[36.6533303524,1.1836500035],[36.6533232836,1.192025137]]]}},{"type":"Feature","properties":{"country":"Kenya","country_code":"KEN","species_name":"Eucalyptus_nitens","genus":"Eucalyptus","species":"nitens","suitability_name":"Marginally suitable","suitability_rank":3,"source_layer":"KCFP_SSMT_Kenya","tz":null,"soil_description":null},"geometry":{"type":"Polygon","coordinates":[[[36.8187684978,2.0967778873],[36.8270941183,2.0967895376],[36.8270825725,2.1051393936],[36.8270825371,2.1051656034],[36.8270712881,2.1051655885],[36.8187568724,2.1051539074],[36.8187335189,2.1218796683],[36.8187334821,2.1219059438],[36.8187222663,2.1219059279],[36.8133159675,2.1218982479],[36.8104077747,2.1218941088],[36.8103967491,2.1297150408],[36.810395966,2.1302700793],[36.8187105005,2.130281945],[36.8186861441,2.1554100058],[36.8186749272,2.1554099896],[36.8104896353,2.15539817],[36.8103602564,2.1553979837],[36.8103362556,2.172123446],[36.8103277982,2.1779870458],[36.8103129432,2.1805258621],[36.8093699629,2.1805244826],[36.7936722193,2.180501415],[36.793660029,2.1888507526],[36.8019748162,2.1888895709],[36.8019859685,2.1888895873],[36.8019491796,2.2139906995],[36.8102753438,2.2140030957],[36.8102875807,2.2056537659],[36.8186025269,2.205666052],[36.8186147485,2.197263478],[36.8269408786,2.1972756872],[36.8269529697,2.1888996639],[36.8352791007,2.1889117809],[36.8353023787,2.1805357257],[36.8353124152,2.1735039657],[36.8353142926,2.1721861242],[36.8363684776,2.1721876423],[36.843629097,2.1721980844],[36.843640448,2.1721716321],[36.8436522704,2.1638219492],[36.8519670436,2.1638338183],[36.8602932111,2.1638192204],[36.8603163121,2.1554430247],[36.8603279517,2.1470931849],[36.8686426615,2.147104871],[36.8686542846,2.1387022393],[36.8686656932,2.1387022543],[36.8686771982,2.1303523019],[36.8769918309,2.1303638524],[36.877003282,2.121987513],[36.868688694,2.1219760088],[36.86868873,2.1219497324],[36.8687001412,2.1052234031],[36.8640163262,2.105216954],[36.8603856553,2.1052119452],[36.8603916572,2.1008077192],[36.8604084177,2.0884594418],[36.8520826573,2.0884480153],[36.8520940151,2.0800718089],[36.8437683444,2.0800603841],[36.8437796992,2.0716842219],[36.8354541182,2.0716727993],[36.8354654716,2.0632966833],[36.8271399793,2.0632852631],[36.8271173354,2.0716613172],[36.8271071991,2.0790829965],[36.8271059287,2.0800112719],[36.8209129559,2.0800026793],[36.8187916453,2.0799997305],[36.8187875225,2.0829979958],[36.8187684978,2.0967778873]]]}},{"type":"Feature","properties":{"country":"Kenya","country_code":"KEN","species_name":"Eucalyptus_nitens","genus":"Eucalyptus","species":"nitens","suitability_name":"Marginally suitable","suitability_rank":3,"source_layer":"KCFP_SSMT_Kenya","tz":null,"soil_description":null},"geometry":{"type":"Polygon","coordinates":[[[38.2852696201,-3.4001368769],[38.2880932146,-3.4033736851],[38.2960103977,-3.4112052302],[38.3041970649,-3.4169133629],[38.3005072534,-3.4169106718],[38.3005011779,-3.4252919581],[38.2934532929,-3.4252867657],[38.2933870923,-3.4249117348],[38.2879234401,-3.4214459122],[38.2806291107,-3.4198026874],[38.2754863501,-3.4173709844],[38.2754992502,-3.4001295626],[38.2852696201,-3.4001368769]]]}},{"type":"Feature","properties":{"country":"Kenya","country_code":"KEN","species_name":"Eucalyptus_nitens","genus":"Eucalyptus","species":"nitens","suitability_name":"Marginally suitable","suitability_rank":3,"source_layer":"KCFP_SSMT_Kenya","tz":null,"soil_description":null},"geometry":{"type":"Polygon","coordinates":[[[38.319279911,-3.391780235],[38.3183324345,-3.3925860514],[38.3172047547,-3.3926959513],[38.3172053982,-3.3917787673],[38.319279911,-3.391780235]]]}},{"type":"Feature","properties":{"country":"Kenya","country_code":"KEN","species_name":"Eucalyptus_nitens","genus":"Eucalyptus","species":"nitens","suitability_name":"Marginally suitable","suitability_rank":3,"source_layer":"KCFP_SSMT_Kenya","tz":null,"soil_description":null},"geometry":{"type":"Polygon","coordinates":[[[38.333908296,-3.3582650301],[38.3505878444,-3.3582763034],[38.3505767415,-3.3750390686],[38.333896908,-3.375027739],[38.333908296,-3.3582650301]]]}},{"type":"Feature","properties":{"country":"Kenya","country_code":"KEN","species_name":"Eucalyptus_nitens","genus":"Eucalyptus","species":"nitens","suitability_name":"Marginally suitable","suitability_rank":3,"source_layer":"KCFP_SSMT_Kenya","tz":null,"soil_description":null},"geometry":{"type":"Polygon","coordinates":[[[37.3463998242,-1.8220336869],[37.351965129,-1.8201713634],[37.3631565039,-1.8164263017],[37.3819432266,-1.8181544319],[37.393586754,-1.8197307554],[37.3935831072,-1.8238475299],[37.3448707734,-1.8238142113],[37.3463998242,-1.8220336869]]]}},{"type":"Feature","properties":{"country":"Kenya","country_code":"KEN","species_name":"Eucalyptus_nitens","genus":"Eucalyptus","species":"nitens","suitability_name":"Marginally suitable","suitability_rank":3,"source_layer":"KCFP_SSMT_Kenya","tz":null,"soil_description":null},"geometry":{"type":"Polygon","coordinates":[[[37.2554825223,-1.7818381213],[37.2603954191,-1.7818427965],[37.2603843695,-1.7935777243],[37.2564567761,-1.7878057632],[37.2554825223,-1.7818381213]]]}},{"type":"Feature","properties":{"country":"Kenya","country_code":"KEN","species_name":"Eucalyptus_nitens","genus":"Eucalyptus","species":"nitens","suitability_name":"Marginally suitable","suitability_rank":3,"source_layer":"KCFP_SSMT_Kenya","tz":null,"soil_description":null},"geometry":{"type":"Polygon","coordinates":[[[37.4519944188,-1.6757410574],[37.4520080719,-1.6757415756],[37.4686471618,-1.676372387],[37.4686431868,-1.6814792889],[37.4769698729,-1.6814858449],[37.4769633594,-1.6898650049],[37.4686503561,-1.6898584289],[37.4603099513,-1.6898517943],[37.460316535,-1.681472698],[37.4519899151,-1.6814660723],[37.4519944188,-1.6757410574]]]}},{"type":"Feature","properties":{"country":"Kenya","country_code":"KEN","species_name":"Eucalyptus_nitens","genus":"Eucalyptus","species":"nitens","suitability_name":"Marginally suitable","suitability_rank":3,"source_layer":"KCFP_SSMT_Kenya","tz":null,"soil_description":null},"geometry":{"type":"Polygon","coordinates":[[[37.3021523175,-1.6394484912],[37.3021381247,-1.6562053722],[37.3003593449,-1.6562038388],[37.2934503058,-1.6476119764],[37.2854974369,-1.643355494],[37.2855007769,-1.6394342118],[37.3021523175,-1.6394484912]]]}},{"type":"Feature","properties":{"country":"Kenya","country_code":"KEN","species_name":"Eucalyptus_nitens","genus":"Eucalyptus","species":"nitens","suitability_name":"Marginally suitable","suitability_rank":3,"source_layer":"KCFP_SSMT_Kenya","tz":null,"soil_description":null},"geometry":{"type":"Polygon","coordinates":[[[37.3437863213,-1.6339721123],[37.3437995506,-1.6339796022],[37.3487291842,-1.636770727],[37.3492447542,-1.6394763206],[37.3492470029,-1.639488126],[37.3437817981,-1.6394835837],[37.3437863213,-1.6339721123]]]}},{"type":"Feature","properties":{"country":"Kenya","country_code":"KEN","species_name":"Eucalyptus_nitens","genus":"Eucalyptus","species":"nitens","suitability_name":"Marginally suitable","suitability_rank":3,"source_layer":"KCFP_SSMT_Kenya","tz":null,"soil_description":null},"geometry":{"type":"Polygon","coordinates":[[[37.2190391704,-1.4686206451],[37.2155279756,-1.4718113514],[37.2107118776,-1.4718074675],[37.2107067167,-1.4782663768],[37.2093350457,-1.4801843998],[37.2023804246,-1.4801787356],[37.2023725516,-1.4899199956],[37.1999626545,-1.4932896837],[37.1823546965,-1.5220396378],[37.1773842873,-1.5220476693],[37.1773648403,-1.5301866325],[37.1769455657,-1.530412964],[37.1607276355,-1.5303990278],[37.1607347556,-1.5220211876],[37.1524100428,-1.5220140257],[37.1524242294,-1.505258423],[37.1440996207,-1.505251308],[37.1441078332,-1.4955086503],[37.1492844312,-1.4885125378],[37.1524257625,-1.4885028072],[37.1524411173,-1.4850656962],[37.160835847,-1.4777142988],[37.1667841423,-1.4717715605],[37.1690886458,-1.471773465],[37.1690905258,-1.4694673062],[37.1747428407,-1.4638201583],[37.1940927036,-1.4497852652],[37.1944050369,-1.4495587177],[37.2096226134,-1.425414495],[37.2183489197,-1.4218100203],[37.2185274829,-1.4215452385],[37.2190758591,-1.4215330242],[37.2190764726,-1.4207311713],[37.2241745067,-1.4131715013],[37.2274068371,-1.4131739874],[37.2274104718,-1.4083729525],[37.227423271,-1.4083539731],[37.2294127286,-1.4054038198],[37.2440589879,-1.4093671661],[37.2440561224,-1.4131867163],[37.2523937025,-1.4131930455],[37.2595585245,-1.4131984595],[37.269041628,-1.4154283048],[37.2713093391,-1.4159615275],[37.2773514958,-1.4181489311],[37.2773489468,-1.4215901629],[37.2868768147,-1.4215972979],[37.2951088632,-1.4245774489],[37.2964415971,-1.4351110778],[37.295723999,-1.4435728131],[37.3004773648,-1.4591583862],[37.3022949087,-1.4604632524],[37.3022926261,-1.4635010695],[37.30653077,-1.4635042943],[37.3210426396,-1.4739227156],[37.3183175741,-1.4960306326],[37.3152533446,-1.4885350909],[37.3106150164,-1.4845371169],[37.3058900519,-1.4804644604],[37.3052217762,-1.4802478284],[37.3022937536,-1.4792986606],[37.2958198814,-1.4772000351],[37.2877791412,-1.4810372735],[37.2856388016,-1.4852715917],[37.2836312524,-1.489243167],[37.2798309104,-1.4974575265],[37.2773152409,-1.4832226954],[37.2773023203,-1.4831495824],[37.2773174324,-1.4634819014],[37.271761102,-1.4634775992],[37.2717569,-1.4634651155],[37.2690853647,-1.4555283358],[37.2690115248,-1.4554479407],[37.268998591,-1.455433857],[37.2690052181,-1.4467188316],[37.2609885919,-1.4467126615],[37.2609770624,-1.4467001071],[37.260693482,-1.446391348],[37.2606805797,-1.4463772996],[37.2606866875,-1.43833415],[37.2357123207,-1.4383148533],[37.2357058655,-1.4466930145],[37.227381121,-1.4466864846],[37.2273699141,-1.4610501962],[37.2247531424,-1.4634281677],[37.2247394209,-1.4634406369],[37.2190560213,-1.463436102],[37.2190391704,-1.4686206451]]]}},{"type":"Feature","properties":{"country":"Kenya","country_code":"KEN","species_name":"Eucalyptus_nitens","genus":"Eucalyptus","species":"nitens","suitability_name":"Marginally suitable","suitability_rank":3,"source_layer":"KCFP_SSMT_Kenya","tz":null,"soil_description":null},"geometry":{"type":"Polygon","coordinates":[[[37.2692182841,-1.1312560095],[37.2661635836,-1.1283407679],[37.2692200086,-1.1283426001],[37.2692182841,-1.1312560095]]]}},{"type":"Feature","properties":{"country":"Kenya","country_code":"KEN","species_name":"Eucalyptus_nitens","genus":"Eucalyptus","species":"nitens","suitability_name":"Marginally suitable","suitability_rank":3,"source_layer":"KCFP_SSMT_Kenya","tz":null,"soil_description":null},"geometry":{"type":"Polygon","coordinates":[[[36.8808971795,-0.3155701216],[36.8818897014,-0.3153603794],[36.8826134902,-0.3155704745],[36.8808971795,-0.3155701216]]]}},{"type":"Feature","properties":{"country":"Kenya","country_code":"KEN","species_name":"Eucalyptus_nitens","genus":"Eucalyptus","species":"nitens","suitability_name":"Marginally suitable","suitability_rank":3,"source_layer":"KCFP_SSMT_Kenya","tz":null,"soil_description":null},"geometry":{"type":"Polygon","coordinates":[[[37.2528879465,-0.2821265869],[37.2528903722,-0.2653700076],[37.2445680985,-0.2653688203],[37.2445691838,-0.2575493548],[37.2447212308,-0.2579598584],[37.2599542317,-0.2712141835],[37.2803165482,-0.2748039983],[37.2963756593,-0.2721277358],[37.3105542987,-0.2738247801],[37.3111462445,-0.2732259371],[37.311144979,-0.2821352488],[37.3028224367,-0.2821340294],[37.3028212053,-0.2905125403],[37.2778537765,-0.2905087363],[37.2778550269,-0.2821303351],[37.2695326299,-0.2821290926],[37.2695313735,-0.2905074568],[37.2612090081,-0.2905061694],[37.2612102697,-0.2821278423],[37.2528879465,-0.2821265869]]]}},{"type":"Feature","properties":{"country":"Kenya","country_code":"KEN","species_name":"Eucalyptus_nitens","genus":"Eucalyptus","species":"nitens","suitability_name":"Marginally suitable","suitability_rank":3,"source_layer":"KCFP_SSMT_Kenya","tz":null,"soil_description":null},"geometry":{"type":"Polygon","coordinates":[[[37.3277932098,-0.2599880675],[37.3277924938,-0.2653804314],[37.3189025408,-0.2653792189],[37.3225757096,-0.261663201],[37.3277932098,-0.2599880675]]]}},{"type":"Feature","properties":{"country":"Kenya","country_code":"KEN","species_name":"Eucalyptus_nitens","genus":"Eucalyptus","species":"nitens","suitability_name":"Marginally suitable","suitability_rank":3,"source_layer":"KCFP_SSMT_Kenya","tz":null,"soil_description":null},"geometry":{"type":"Polygon","coordinates":[[[37.2362492523,-0.2402329824],[37.236249905,-0.2350889315],[37.2381553644,-0.24023323],[37.2362492523,-0.2402329824]]]}},{"type":"Feature","properties":{"country":"Kenya","country_code":"KEN","species_name":"Eucalyptus_nitens","genus":"Eucalyptus","species":"nitens","suitability_name":"Marginally suitable","suitability_rank":3,"source_layer":"KCFP_SSMT_Kenya","tz":null,"soil_description":null},"geometry":{"type":"Polygon","coordinates":[[[37.2279291523,-0.2234755427],[37.2279292936,-0.2222935867],[37.2287179901,-0.2234756385],[37.2279291523,-0.2234755427]]]}},{"type":"Feature","properties":{"country":"Kenya","country_code":"KEN","species_name":"Eucalyptus_nitens","genus":"Eucalyptus","species":"nitens","suitability_name":"Marginally suitable","suitability_rank":3,"source_layer":"KCFP_SSMT_Kenya","tz":null,"soil_description":null},"geometry":{"type":"Polygon","coordinates":[[[37.0282108287,-0.2066781636],[37.0282128098,-0.1899410444],[37.0198916474,-0.1899400862],[37.0198931095,-0.1766308636],[37.0365461337,-0.1892646635],[37.0365460584,-0.1899246203],[37.0282248227,-0.1899236663],[37.0282108287,-0.2066781636]]]}},{"type":"Feature","properties":{"country":"Kenya","country_code":"KEN","species_name":"Eucalyptus_nitens","genus":"Eucalyptus","species":"nitens","suitability_name":"Marginally suitable","suitability_rank":3,"source_layer":"KCFP_SSMT_Kenya","tz":null,"soil_description":null},"geometry":{"type":"Polygon","coordinates":[[[37.22818799,-0.1800406628],[37.22278028,-0.1983404524],[37.2196098734,-0.1983401093],[37.2196131518,-0.1648275481],[37.2112910819,-0.1648267972],[37.2112925012,-0.1480705925],[37.2196145654,-0.1480712671],[37.2196158259,-0.1313149858],[37.2205311672,-0.1313150505],[37.2216315557,-0.1421390933],[37.2308689382,-0.1606617478],[37.22818799,-0.1800406628]]]}},{"type":"Feature","properties":{"country":"Kenya","country_code":"KEN","species_name":"Eucalyptus_nitens","genus":"Eucalyptus","species":"nitens","suitability_name":"Marginally suitable","suitability_rank":3,"source_layer":"KCFP_SSMT_Kenya","tz":null,"soil_description":null},"geometry":{"type":"Polygon","coordinates":[[[37.0550697423,-0.1480398037],[37.0615141705,-0.148040372],[37.0615134222,-0.1564177896],[37.0610393436,-0.1564177455],[37.0550697423,-0.1480398037]]]}},{"type":"Feature","properties":{"country":"Kenya","country_code":"KEN","species_name":"Eucalyptus_nitens","genus":"Eucalyptus","species":"nitens","suitability_name":"Marginally suitable","suitability_rank":3,"source_layer":"KCFP_SSMT_Kenya","tz":null,"soil_description":null},"geometry":{"type":"Polygon","coordinates":[[[37.4826888439,-0.0706913545],[37.4614019311,-0.0682657703],[37.4377812132,-0.0706592161],[37.4249539823,-0.0426399103],[37.4014359254,-0.0167813887],[37.3716146297,-0.0014348759],[37.3454772969,-0.0051122284],[37.327574028,-0.0168607777],[37.2861146924,-0.0446020261],[37.2695524122,-0.0637282752],[37.2695528841,-0.0475348544],[37.2778751828,-0.0475350639],[37.2778755249,-0.0307782572],[37.2861978604,-0.0307783922],[37.286197975,-0.0223999521],[37.2945203464,-0.0224000499],[37.2945204243,-0.0140215732],[37.3028428315,-0.0140216341],[37.3028428729,-0.0056431201],[37.3361328563,-0.0056432178],[37.3361328633,0.0027354391],[37.3611007226,0.0027354746],[37.3611006302,0.0194929994],[37.4027144254,0.0194934029],[37.4027144874,0.0111144661],[37.4193602436,0.0111145563],[37.4193602647,-0.0056434506],[37.427683194,-0.0056434743],[37.4276831539,-0.0140225119],[37.4443291114,-0.014022623],[37.4443290395,-0.0224017275],[37.4526520692,-0.0224018171],[37.4526519639,-0.0307809549],[37.4609750271,-0.0307810761],[37.4609748906,-0.0391602469],[37.4692979862,-0.0391603994],[37.469297817,-0.0475396039],[37.4776209461,-0.0475397891],[37.4776207473,-0.0559190253],[37.485943909,-0.0559192421],[37.4859436782,-0.0642985107],[37.494266875,-0.0642987576],[37.49426632,-0.0810573603],[37.502589551,-0.0810576711],[37.5025888718,-0.0978163369],[37.4942656361,-0.0978159619],[37.4942648259,-0.1145745625],[37.4859416186,-0.1145741217],[37.4859411626,-0.1229533901],[37.4692948397,-0.1229524343],[37.4692943462,-0.1313316375],[37.4360020814,-0.1313295622],[37.4360015439,-0.1397086329],[37.4276785575,-0.1397080735],[37.4276773766,-0.1564661477],[37.4193544173,-0.1564655179],[37.4193537724,-0.1648445211],[37.4110308443,-0.1648438542],[37.4110286996,-0.1899807617],[37.4027057922,-0.189979989],[37.4027050066,-0.1983589239],[37.3943821299,-0.1983581129],[37.3943804464,-0.2151159139],[37.3860575942,-0.2151150308],[37.3860557656,-0.2318727617],[37.3694101473,-0.231870841],[37.3694091703,-0.2402496373],[37.3527636806,-0.2402476268],[37.3527626596,-0.248626353],[37.3447489908,-0.2486253438],[37.3525894979,-0.2338924589],[37.3786537769,-0.2123478192],[37.394425941,-0.1886546778],[37.4040375501,-0.1621528706],[37.4132481372,-0.1287154578],[37.4387793162,-0.1168623143],[37.4660617732,-0.1140181774],[37.4852227202,-0.0968088663],[37.4871601417,-0.0834221205],[37.4826888439,-0.0706913545]]]}},{"type":"Feature","properties":{"country":"Kenya","country_code":"KEN","species_name":"Eucalyptus_nitens","genus":"Eucalyptus","species":"nitens","suitability_name":"Marginally suitable","suitability_rank":3,"source_layer":"KCFP_SSMT_Kenya","tz":null,"soil_description":null},"geometry":{"type":"Polygon","coordinates":[[[37.0864820258,-0.0977773095],[37.0948035174,-0.0977777871],[37.0948030239,-0.1061553685],[37.086481531,-0.106154851],[37.0864820258,-0.0977773095]]]}},{"type":"Feature","properties":{"country":"Kenya","country_code":"KEN","species_name":"Eucalyptus_nitens","genus":"Eucalyptus","species":"nitens","suitability_name":"Marginally suitable","suitability_rank":3,"source_layer":"KCFP_SSMT_Kenya","tz":null,"soil_description":null},"geometry":{"type":"Polygon","coordinates":[[[37.2445845915,-0.0913117102],[37.2445846812,-0.0894254924],[37.2465016941,-0.0894255846],[37.2445845915,-0.0913117102]]]}},{"type":"Feature","properties":{"country":"Kenya","country_code":"KEN","species_name":"Eucalyptus_nitens","genus":"Eucalyptus","species":"nitens","suitability_name":"Marginally suitable","suitability_rank":3,"source_layer":"KCFP_SSMT_Kenya","tz":null,"soil_description":null},"geometry":{"type":"Polygon","coordinates":[[[37.2529071724,-0.0829499124],[37.2529075954,-0.0726693084],[37.2612298252,-0.0726696317],[37.2612301272,-0.0642913016],[37.2690646233,-0.0642915705],[37.2529071724,-0.0829499124]]]}},{"type":"Feature","properties":{"country":"Kenya","country_code":"KEN","species_name":"Eucalyptus_nitens","genus":"Eucalyptus","species":"nitens","suitability_name":"Marginally suitable","suitability_rank":3,"source_layer":"KCFP_SSMT_Kenya","tz":null,"soil_description":null},"geometry":{"type":"Polygon","coordinates":[[[37.2100418512,0.0111315099],[37.1946670975,0.0111314155],[37.1946671292,0.0027533567],[37.1780232614,0.0027533312],[37.1780232547,-0.005624649],[37.1697013783,-0.0056246237],[37.1697013328,-0.0140025658],[37.161379495,-0.0140025002],[37.1613794111,-0.0223804031],[37.153057612,-0.0223802969],[37.1530574876,-0.0307581604],[37.1447357272,-0.030758015],[37.1447355628,-0.0391358379],[37.136413841,-0.0391356531],[37.1364140062,-0.030757869],[37.1280923257,-0.0307577214],[37.1280921589,-0.0391354664],[37.1197705174,-0.0391352781],[37.1197703109,-0.0475129821],[37.1114487084,-0.0475127544],[37.1114481731,-0.0642680808],[37.1031266076,-0.0642677693],[37.1031268965,-0.0558901471],[37.0948053734,-0.0558898759],[37.0948050832,-0.0642674583],[37.0864835975,-0.0642671442],[37.0864828934,-0.0810222274],[37.0781614462,-0.0810218307],[37.0781605748,-0.0977768309],[37.0698391647,-0.0977763501],[37.0698386665,-0.1061538094],[37.0615172952,-0.1061532852],[37.0615155445,-0.1312855376],[37.0531942069,-0.1312848866],[37.0531930556,-0.1454060161],[37.0503046235,-0.1413523333],[37.044861322,-0.1248710472],[37.0448626005,-0.1061699317],[37.0531838569,-0.1061704605],[37.0531848225,-0.0894157721],[37.0615061161,-0.0894162164],[37.0615073653,-0.0611324811],[37.0831085877,-0.0519535821],[37.1065064519,-0.0481738891],[37.1128673428,-0.0262688271],[37.1218845034,-0.0182013459],[37.1757637495,0.0390710731],[37.2369941139,0.0600431393],[37.2442372588,0.055524429],[37.2566002492,0.0446451536],[37.252921342,0.0446450657],[37.2529215213,0.036266742],[37.2445993012,0.0362665789],[37.244599444,0.0278882917],[37.2279551182,0.0278880415],[37.2279552247,0.0195098306],[37.2196331191,0.0195097412],[37.2196331552,0.0157030078],[37.2110365796,0.0119427612],[37.2100418512,0.0111315099]]]}},{"type":"Feature","properties":{"country":"Kenya","country_code":"KEN","species_name":"Eucalyptus_nitens","genus":"Eucalyptus","species":"nitens","suitability_name":"Marginally suitable","suitability_rank":3,"source_layer":"KCFP_SSMT_Kenya","tz":null,"soil_description":null},"geometry":{"type":"Polygon","coordinates":[[[37.1696852247,0.1141007381],[37.1696842639,0.1284038362],[37.161362438,0.1284032339],[37.1613620154,0.1341871818],[37.1613618198,0.1367811037],[37.1530400302,0.1367804611],[37.15303937,0.1451582905],[37.1613611625,0.1451589734],[37.1613589563,0.1702925831],[37.1486828888,0.1702913613],[37.1496315723,0.1786880665],[37.153048827,0.1786884128],[37.1530496443,0.170310551],[37.1613714792,0.1703113523],[37.1613722529,0.1619334501],[37.1696941234,0.1619342085],[37.1696955497,0.1451783256],[37.174553829,0.1451787211],[37.1826049986,0.135271889],[37.1907085307,0.1352882377],[37.1951803293,0.1462668649],[37.1849427967,0.1786728141],[37.2029677562,0.1786745976],[37.2029768787,0.2121868545],[37.2029778245,0.2038276878],[37.2112999069,0.2038286207],[37.2112989625,0.2122067552],[37.2196210873,0.2122077211],[37.2196220265,0.2038295493],[37.2279441847,0.2038304736],[37.2279432521,0.2121897546],[37.2528970868,0.2121926127],[37.2528980084,0.2038143209],[37.2693544099,0.203816111],[37.2695425961,0.2038161313],[37.2695434721,0.195437765],[37.2945106164,0.1954403375],[37.294509753,0.2038188131],[37.3072802371,0.2038201689],[37.3194772361,0.2038214551],[37.3194780869,0.1954428708],[37.3278006495,0.1954437073],[37.3278014606,0.1870650879],[37.336124053,0.1870658846],[37.3361241399,0.1861507259],[37.3194998697,0.17734372],[37.3186392611,0.1664623117],[37.3133143131,0.1464148667],[37.3215292423,0.1219521712],[37.3197724906,0.1092557082],[37.2865120266,0.0801772848],[37.2603949201,0.0736885125],[37.2442065316,0.0627771926],[37.2369941139,0.0600431393],[37.1854251306,0.1053606306],[37.1696852247,0.1141007381]],[[37.1613736848,0.1451776457],[37.161374343,0.1367997442],[37.1696962032,0.136800384],[37.1696955497,0.1451783256],[37.1613736848,0.1451776457]]]}},{"type":"Feature","properties":{"country":"Kenya","country_code":"KEN","species_name":"Eucalyptus_nitens","genus":"Eucalyptus","species":"nitens","suitability_name":"Marginally suitable","suitability_rank":3,"source_layer":"KCFP_SSMT_Kenya","tz":null,"soil_description":null},"geometry":{"type":"Polygon","coordinates":[[[37.1197642454,0.1535332009],[37.1197642438,0.1535519033],[37.1364076253,0.1535346674],[37.1197642454,0.1535332009]]]}},{"type":"Feature","properties":{"country":"Kenya","country_code":"KEN","species_name":"Eucalyptus_nitens","genus":"Eucalyptus","species":"nitens","suitability_name":"Marginally suitable","suitability_rank":3,"source_layer":"KCFP_SSMT_Kenya","tz":null,"soil_description":null},"geometry":{"type":"Polygon","coordinates":[[[37.3444488804,0.1619306025],[37.3444487163,0.1639291307],[37.3487563742,0.1619309563],[37.3444488804,0.1619306025]]]}},{"type":"Feature","properties":{"country":"Kenya","country_code":"KEN","species_name":"Eucalyptus_nitens","genus":"Eucalyptus","species":"nitens","suitability_name":"Marginally suitable","suitability_rank":3,"source_layer":"KCFP_SSMT_Kenya","tz":null,"soil_description":null},"geometry":{"type":"Polygon","coordinates":[[[37.1707440797,0.1619343031],[37.1696941234,0.1619342085],[37.1696936936,0.1666559794],[37.1707440797,0.1619343031]]]}},{"type":"Feature","properties":{"country":"Kenya","country_code":"KEN","species_name":"Eucalyptus_nitens","genus":"Eucalyptus","species":"nitens","suitability_name":"Marginally suitable","suitability_rank":3,"source_layer":"KCFP_SSMT_Kenya","tz":null,"soil_description":null},"geometry":{"type":"Polygon","coordinates":[[[37.161369812,0.1870671554],[37.1613697904,0.1872744765],[37.1615771746,0.1870671773],[37.161369812,0.1870671554]]]}},{"type":"Feature","properties":{"country":"Kenya","country_code":"KEN","species_name":"Eucalyptus_nitens","genus":"Eucalyptus","species":"nitens","suitability_name":"Marginally suitable","suitability_rank":3,"source_layer":"KCFP_SSMT_Kenya","tz":null,"soil_description":null},"geometry":{"type":"Polygon","coordinates":[[[37.2112862461,0.2122067528],[37.2112979841,0.2205659275],[37.2112989625,0.2122067552],[37.2112862461,0.2122067528]]]}},{"type":"Feature","properties":{"country":"Kenya","country_code":"KEN","species_name":"Eucalyptus_nitens","genus":"Eucalyptus","species":"nitens","suitability_name":"Marginally suitable","suitability_rank":3,"source_layer":"KCFP_SSMT_Kenya","tz":null,"soil_description":null},"geometry":{"type":"Polygon","coordinates":[[[37.2196201134,0.2205669324],[37.2279294986,0.2205679311],[37.2279304688,0.2122086828],[37.2196210873,0.2122077211],[37.2196201134,0.2205669324]]]}},{"type":"Feature","properties":{"country":"Kenya","country_code":"KEN","species_name":"Eucalyptus_nitens","genus":"Eucalyptus","species":"nitens","suitability_name":"Marginally suitable","suitability_rank":3,"source_layer":"KCFP_SSMT_Kenya","tz":null,"soil_description":null},"geometry":{"type":"Polygon","coordinates":[[[37.893807199,0.2206327746],[37.8938078062,0.2122521327],[37.8854832214,0.2122515319],[37.8854838104,0.2038709146],[37.8771592545,0.2038703314],[37.8771586611,0.2122509257],[37.8688341247,0.2122503149],[37.8688335038,0.2206308832],[37.8605089869,0.2206302437],[37.8605087376,0.2238945904],[37.8631388308,0.2319445349],[37.8794326746,0.2457734908],[37.885480633,0.2457739994],[37.8854813159,0.2373933824],[37.8938059131,0.2373940563],[37.8938065674,0.2290134155],[37.9021311842,0.2290140599],[37.9021318101,0.2206333954],[37.893807199,0.2206327746]]]}},{"type":"Feature","properties":{"country":"Kenya","country_code":"KEN","species_name":"Eucalyptus_nitens","genus":"Eucalyptus","species":"nitens","suitability_name":"Marginally suitable","suitability_rank":3,"source_layer":"KCFP_SSMT_Kenya","tz":null,"soil_description":null},"geometry":{"type":"Polygon","coordinates":[[[37.9102465364,0.2876794919],[37.9187755295,0.2876803088],[37.9187760956,0.2815912616],[37.90986314,0.2801932753],[37.9102465364,0.2876794919]]]}},{"type":"Feature","properties":{"country":"Kenya","country_code":"KEN","species_name":"Eucalyptus_nitens","genus":"Eucalyptus","species":"nitens","suitability_name":"Marginally suitable","suitability_rank":3,"source_layer":"KCFP_SSMT_Kenya","tz":null,"soil_description":null},"geometry":{"type":"Polygon","coordinates":[[[37.9520661664,0.3683993576],[37.9570237451,0.3798728474],[37.9603896973,0.3798732558],[37.9603916553,0.3631116112],[37.952066779,0.3631106435],[37.9520661664,0.3683993576]]]}},{"type":"Feature","properties":{"country":"Kenya","country_code":"KEN","species_name":"Eucalyptus_nitens","genus":"Eucalyptus","species":"nitens","suitability_name":"Marginally suitable","suitability_rank":3,"source_layer":"KCFP_SSMT_Kenya","tz":null,"soil_description":null},"geometry":{"type":"Polygon","coordinates":[[[37.3858486581,0.9495466003],[37.3775381264,0.9495426837],[37.3775381153,0.9495644526],[37.3775247556,0.9495644463],[37.3775208404,0.9579214858],[37.3941687014,0.9579293806],[37.3941725857,0.9495505031],[37.4024965474,0.9495543858],[37.4025003785,0.9411754736],[37.3858525291,0.9411677578],[37.3858486581,0.9495466003]]]}},{"type":"Feature","properties":{"country":"Kenya","country_code":"KEN","species_name":"Eucalyptus_nitens","genus":"Eucalyptus","species":"nitens","suitability_name":"Marginally suitable","suitability_rank":3,"source_layer":"KCFP_SSMT_Kenya","tz":null,"soil_description":null},"geometry":{"type":"Polygon","coordinates":[[[37.2441554271,1.2929842259],[37.2607911949,1.2929957531],[37.2608025282,1.2762391828],[37.2691268376,1.2762448354],[37.2691489402,1.2427544357],[37.2608376488,1.24274894],[37.2608266112,1.2595055792],[37.2441781456,1.259494342],[37.2441837358,1.2511160979],[37.2358595862,1.2511104769],[37.2358426384,1.2762220703],[37.2441540206,1.2762277962],[37.244154005,1.2762508215],[37.2441668531,1.2762508303],[37.2441554271,1.2929842259]]]}},{"type":"Feature","properties":{"country":"Kenya","country_code":"KEN","species_name":"Eucalyptus_nitens","genus":"Eucalyptus","species":"nitens","suitability_name":"Marginally suitable","suitability_rank":3,"source_layer":"KCFP_SSMT_Kenya","tz":null,"soil_description":null},"geometry":{"type":"Polygon","coordinates":[[[37.2271563422,1.7118784833],[37.2271640218,1.7035003814],[37.218851051,1.7034926664],[37.2188433364,1.7118707294],[37.2271563422,1.7118784833]]]}},{"type":"Feature","properties":{"country":"Kenya","country_code":"KEN","species_name":"Eucalyptus_nitens","genus":"Eucalyptus","species":"nitens","suitability_name":"Marginally suitable","suitability_rank":3,"source_layer":"KCFP_SSMT_Kenya","tz":null,"soil_description":null},"geometry":{"type":"Polygon","coordinates":[[[37.2021918403,1.7118797926],[37.2021840375,1.7202330762],[37.2188228277,1.7202487805],[37.2188305584,1.7118954197],[37.2021918403,1.7118797926]]]}},{"type":"Feature","properties":{"country":"Kenya","country_code":"KEN","species_name":"Eucalyptus_nitens","genus":"Eucalyptus","species":"nitens","suitability_name":"Marginally suitable","suitability_rank":3,"source_layer":"KCFP_SSMT_Kenya","tz":null,"soil_description":null},"geometry":{"type":"Polygon","coordinates":[[[37.1438513663,1.7620903527],[37.1272126199,1.7620735935],[37.1272042291,1.7704512527],[37.110553101,1.7704342518],[37.1105360754,1.7871644174],[37.1271749513,1.7871815663],[37.1271834217,1.7788039414],[37.1355090505,1.7788124258],[37.1355174437,1.7704347592],[37.1438430747,1.7704431661],[37.1438513663,1.7620903527]]]}},{"type":"Feature","properties":{"country":"Kenya","country_code":"KEN","species_name":"Eucalyptus_nitens","genus":"Eucalyptus","species":"nitens","suitability_name":"Marginally suitable","suitability_rank":3,"source_layer":"KCFP_SSMT_Kenya","tz":null,"soil_description":null},"geometry":{"type":"Polygon","coordinates":[[[37.0189207062,1.8205756627],[37.0272340082,1.820584836],[37.0272339809,1.8206099551],[37.0272459978,1.8206099683],[37.0272368936,1.8289619782],[37.0355502437,1.828971155],[37.0355683609,1.8122418996],[37.0189298067,1.8122236625],[37.0189207062,1.8205756627]]]}}]}