{"type":"FeatureCollection","features":[{"type":"Feature","properties":{"country":"Kenya","country_code":"KEN","species_name":"Cupressus_lusitanica","genus":"Cupressus","species":"lusitanica","suitability_name":"Very suitable","suitability_rank":1,"source_layer":"KCFP_SSMT_Kenya","tz":null,"soil_description":null},"geometry":{"type":"Polygon","coordinates":[[[34.4173462598,-1.2087809357],[34.4173466616,-1.2073804427],[34.4173582985,-1.2004257323],[34.4007562877,-1.2003841785],[34.4007702064,-1.1920426155],[34.3841686352,-1.1920011243],[34.384182506,-1.1836597901],[34.3675813746,-1.1836183647],[34.3675951977,-1.1752772582],[34.3509945089,-1.1752359],[34.3510082818,-1.1668950219],[34.3427097592,-1.1668811766],[34.3427218194,-1.1585268566],[34.3261218183,-1.1584856837],[34.3261354666,-1.1501451668],[34.3223676698,-1.1501389405],[34.3242392555,-1.1430494474],[34.3163996073,-1.1101502955],[34.3037041848,-1.0899897396],[34.293017663,-1.081013933],[34.284750949,-1.0796832175],[34.2847583488,-1.0748797967],[34.276459185,-1.0748668583],[34.2764973069,-1.0498202058],[34.2930941335,-1.0498454535],[34.2931040409,-1.0442002696],[34.3025253904,-1.0525653914],[34.3337586094,-1.0678480833],[34.3589354754,-1.0810350517],[34.3690795765,-1.0863486427],[34.3797750612,-1.0953252308],[34.4105433443,-1.1131121464],[34.4390226587,-1.1308837274],[34.4590632265,-1.1442542372],[34.4895492554,-1.172077388],[34.5152227858,-1.184702991],[34.5040950305,-1.1879250366],[34.4929232862,-1.1921828205],[34.4905845075,-1.1930741606],[34.4837837841,-1.192309236],[34.4826284149,-1.1921792824],[34.4732247096,-1.1911215629],[34.4588907666,-1.1861478451],[34.4504129782,-1.1832061571],[34.4422891956,-1.1852607488],[34.44079494,-1.185638656],[34.4339782375,-1.1910907411],[34.4249602383,-1.1983032624],[34.4384384448,-1.2006791372],[34.4422636073,-1.2007771966],[34.4507761362,-1.2009954021],[34.4588579663,-1.2047892767],[34.4626321401,-1.206561002],[34.4749374137,-1.2139538839],[34.4824624541,-1.2176586799],[34.4867593313,-1.2272683426],[34.4889316201,-1.233969998],[34.4937267936,-1.2487640445],[34.5002884861,-1.2531560969],[34.5071678376,-1.2577608021],[34.5141179643,-1.2590687777],[34.5311493941,-1.2622739668],[34.5334793672,-1.2629312811],[34.5494112494,-1.2674258561],[34.5685466502,-1.2789740983],[34.5872396733,-1.2905229875],[34.6016085638,-1.2956503745],[34.6171672388,-1.2934843916],[34.6272448197,-1.2905859993],[34.6413805867,-1.2891742989],[34.6421151513,-1.2891009371],[34.6509010591,-1.2927342245],[34.6578492988,-1.2956075762],[34.6696859673,-1.3057360033],[34.6911476369,-1.3120523506],[34.7055710355,-1.3089634951],[34.7165298593,-1.3111000786],[34.7219734831,-1.3195833406],[34.7312947721,-1.3319719069],[34.7467667541,-1.345101891],[34.7611716358,-1.3452032828],[34.7692247247,-1.3370451144],[34.7741775133,-1.336037992],[34.787770436,-1.3328518482],[34.7907939187,-1.3331015962],[34.8054649975,-1.3343134311],[34.807403598,-1.3343175466],[34.8262754699,-1.3343575274],[34.8265639315,-1.3472893661],[34.821244954,-1.3588883412],[34.820373825,-1.3598994688],[34.8069865802,-1.3754376971],[34.7817456794,-1.390090726],[34.7602019773,-1.3990599056],[34.7574545329,-1.3978432097],[34.7444719158,-1.3920939144],[34.7275851186,-1.3839815514],[34.7234622308,-1.3866891753],[34.706011428,-1.3926541046],[34.6584063114,-1.3661039322],[34.6195985856,-1.3444715789],[34.5862281115,-1.3258669033],[34.5661240026,-1.31465813],[34.5402334815,-1.3002270504],[34.4727097203,-1.2625772969],[34.4588280461,-1.2548392406],[34.4588095476,-1.2336252446],[34.458823201,-1.2255626276],[34.4339206516,-1.2255065829],[34.4339347831,-1.2171511575],[34.4256334411,-1.2171369699],[34.4256454976,-1.2087950481],[34.4173462598,-1.2087809357]]]}},{"type":"Feature","properties":{"country":"Kenya","country_code":"KEN","species_name":"Cupressus_lusitanica","genus":"Cupressus","species":"lusitanica","suitability_name":"Very suitable","suitability_rank":1,"source_layer":"KCFP_SSMT_Kenya","tz":null,"soil_description":null},"geometry":{"type":"Polygon","coordinates":[[[34.6933014496,-1.2510283413],[34.6912672696,-1.2505891645],[34.6807300629,-1.2483141901],[34.6679416522,-1.2348360006],[34.6692544579,-1.2342722276],[34.6801418101,-1.229596669],[34.6792882735,-1.2170349659],[34.6747561426,-1.2094751737],[34.6617588829,-1.2018486942],[34.645562565,-1.1953442547],[34.6439281416,-1.1887866571],[34.6373791308,-1.1852424725],[34.6193800045,-1.1730233856],[34.6090687272,-1.172160516],[34.6162493774,-1.1590754195],[34.609016144,-1.1435085289],[34.5779931043,-1.1295969273],[34.5584297441,-1.1109752954],[34.5423106768,-1.0894137517],[34.5385161419,-1.0836210818],[34.5337772896,-1.0763869369],[34.5330366626,-1.0752563368],[34.5328708219,-1.0669134503],[34.5328327281,-1.0644799422],[34.5354424091,-1.0444200181],[34.534157917,-1.0418455863],[34.5338253795,-1.0411791022],[34.5299854514,-1.0334830825],[34.5229895698,-1.0194622783],[34.5161634031,-1.0083801185],[34.509156634,-0.9970050512],[34.4857354253,-0.9812566028],[34.4726393924,-0.9650450081],[34.4643941761,-0.943332347],[34.4616313921,-0.922818274],[34.4585439751,-0.9110569612],[34.4564696166,-0.9067635287],[34.4625076974,-0.9032509894],[34.4756993493,-0.9043989501],[34.4758982551,-0.9043902353],[34.4828326012,-0.9040864207],[34.4842014106,-0.9027317563],[34.4883733994,-0.8986028391],[34.4870945654,-0.8913545542],[34.4857700582,-0.8838478121],[34.4817160347,-0.8785159456],[34.476935933,-0.8770547117],[34.4792852307,-0.8690596848],[34.4784773813,-0.8586889694],[34.4780281307,-0.8579194522],[34.4759585946,-0.8543745853],[34.4737549138,-0.8505999794],[34.4759637896,-0.8499308694],[34.4797105649,-0.848795894],[34.489382615,-0.8412650526],[34.4920313795,-0.8281606167],[34.4989427156,-0.8217619495],[34.5077547461,-0.8317284736],[34.5234288961,-0.8417348624],[34.5340828579,-0.8410356731],[34.5456128564,-0.8402789462],[34.5524134738,-0.8343772962],[34.5237739249,-0.8161912077],[34.5211820264,-0.8145453859],[34.5073444061,-0.8036247292],[34.4923477617,-0.7952282568],[34.4776292612,-0.7806198876],[34.4724559724,-0.772287679],[34.4775472306,-0.764958993],[34.4917000306,-0.7666641781],[34.504586543,-0.7573115989],[34.5131856944,-0.7421754308],[34.5175864325,-0.7419971831],[34.5326162112,-0.7413883751],[34.5341441279,-0.7409932544],[34.5507972652,-0.736686645],[34.5525517399,-0.7362329157],[34.5731263682,-0.7410060207],[34.5908339782,-0.724520726],[34.5893115093,-0.7164463782],[34.5829756432,-0.708801951],[34.5892027818,-0.7028541023],[34.6036807727,-0.6942026702],[34.6124529168,-0.6852764582],[34.610446224,-0.680195958],[34.6046263683,-0.6670254068],[34.6015464774,-0.654340443],[34.5945167985,-0.6492293883],[34.5827846372,-0.6569742708],[34.5695590302,-0.6536605554],[34.5565122113,-0.6554199137],[34.545228736,-0.6654696976],[34.5311954626,-0.6665137186],[34.5150643059,-0.6645791359],[34.5110496107,-0.6694168956],[34.5053252055,-0.6566776708],[34.5152683622,-0.6519839492],[34.5247007308,-0.6604997682],[34.5247028865,-0.660287903],[34.5249377916,-0.6604999835],[34.5250385912,-0.6505890546],[34.5214973202,-0.6376708678],[34.522947164,-0.6296212885],[34.5203166528,-0.617859679],[34.51283929,-0.6104350306],[34.5094053067,-0.6117795793],[34.501824858,-0.6149681651],[34.5011351728,-0.6156159408],[34.5011012393,-0.615647813],[34.4931130601,-0.6231504877],[34.4848682056,-0.6210729678],[34.4815468605,-0.609538814],[34.4821398521,-0.5945733217],[34.4784348383,-0.5758874345],[34.4789870454,-0.5654770155],[34.4928387481,-0.5654878811],[34.4928451584,-0.557131771],[34.501145775,-0.5571381703],[34.5011643991,-0.5320695502],[34.5177658499,-0.5320817393],[34.5177718454,-0.5237253405],[34.5426746999,-0.5237432537],[34.5426687384,-0.5320999392],[34.5509698891,-0.5321059835],[34.5509638434,-0.5404627618],[34.5592651004,-0.5404688897],[34.5592711348,-0.5321120166],[34.5675724747,-0.5321180385],[34.5675733501,-0.5308937524],[34.567578405,-0.5237610696],[34.5758798267,-0.5237669851],[34.5758856514,-0.5154099224],[34.6007904484,-0.5154273224],[34.6007961483,-0.5070699773],[34.6090979223,-0.5070756622],[34.6091035185,-0.4987182222],[34.6257073252,-0.4987293723],[34.6257128183,-0.4903555646],[34.6257155657,-0.4903555664],[34.6257209442,-0.4820141195],[34.6340202183,-0.4820194912],[34.6340202296,-0.482003278],[34.6340230092,-0.4820032798],[34.6340485061,-0.4402308861],[34.6385463148,-0.4402335419],[34.6423478027,-0.4402194088],[34.6423482949,-0.4441900993],[34.6423457076,-0.4485772569],[34.6465664451,-0.4485797916],[34.6506479073,-0.4485822395],[34.6506528051,-0.4402242993],[34.6672574639,-0.4402340494],[34.6672525847,-0.4485921738],[34.6755550611,-0.4485971281],[34.6755647085,-0.4318806927],[34.6838672582,-0.4318854533],[34.683871936,-0.4235271422],[34.6890725368,-0.4235300623],[34.6921745682,-0.4235318019],[34.6921724493,-0.4273453026],[34.6921698984,-0.4318902031],[34.7004726307,-0.4318949457],[34.7004730268,-0.4311907994],[34.7004772916,-0.4235364517],[34.7170830105,-0.4235457247],[34.717087561,-0.4151870476],[34.7087846653,-0.415182507],[34.7087870994,-0.4106512962],[34.7087891345,-0.406823921],[34.6921836322,-0.4068149969],[34.6921880265,-0.398456595],[34.700490725,-0.3984609687],[34.7004936991,-0.3926929192],[34.7121594456,-0.4009962806],[34.7274544681,-0.4031727702],[34.7455838099,-0.3949968858],[34.7563622827,-0.3913811849],[34.7767507534,-0.3896934493],[34.7853667569,-0.392496432],[34.793254796,-0.4047602879],[34.8064197186,-0.4152166979],[34.814679113,-0.4122739476],[34.8232010205,-0.4042738819],[34.8297009999,-0.3934812513],[34.8413731577,-0.3914830537],[34.8513645929,-0.3984705141],[34.8591377553,-0.3996719334],[34.8735962609,-0.3928476826],[34.8831764662,-0.3911128605],[34.8882334159,-0.3901971141],[34.8906113458,-0.3897664996],[34.891481702,-0.3900956858],[34.8917544614,-0.3901988488],[34.8979209065,-0.3925311333],[34.8988297976,-0.39020233],[34.9001537262,-0.3868100602],[34.9080947672,-0.3831710196],[34.9247083919,-0.3756004598],[34.9481295276,-0.3652328737],[34.9641889194,-0.3588842216],[34.9724057946,-0.3598670447],[34.9728986558,-0.3651708565],[34.9732414027,-0.3688594597],[34.9712623316,-0.3861259169],[34.9757843865,-0.3916837293],[34.98368644,-0.403036454],[34.9824880618,-0.4069825643],[34.9818006224,-0.4092461837],[34.982825879,-0.4097346373],[34.9879162992,-0.412159827],[34.9911296627,-0.4136899116],[34.9975022234,-0.4167243043],[35.0046095742,-0.4151577001],[35.0078580173,-0.4103664098],[35.0092751478,-0.4167434408],[35.014033027,-0.4237219458],[35.0239501808,-0.4375790075],[35.028080384,-0.4599592762],[35.0325471132,-0.4745665419],[35.036174264,-0.4819180843],[35.040851587,-0.4644205024],[35.0393457831,-0.4535822716],[35.0380279469,-0.4475758054],[35.0435439453,-0.4448533724],[35.047099117,-0.4450835917],[35.0470017098,-0.4418804634],[35.0431610689,-0.4331719999],[35.0414028699,-0.4291659394],[35.0312690604,-0.4153688921],[35.0242274525,-0.4057820841],[35.0143025447,-0.3913915286],[35.0156276483,-0.3838884132],[35.0152974125,-0.3818969282],[35.0125628185,-0.3654070954],[35.0164026331,-0.3612480533],[35.0202142032,-0.3600116744],[35.0278315758,-0.3620179276],[35.0360289273,-0.365063929],[35.040989191,-0.3640724453],[35.0409935396,-0.3640715772],[35.0449695538,-0.3632768238],[35.0461458415,-0.3568415159],[35.0465164566,-0.3548138731],[35.0475561455,-0.356842127],[35.0515868955,-0.3647055394],[35.0510518081,-0.3734565617],[35.0606848995,-0.3695962509],[35.0669041371,-0.3652614256],[35.0775902396,-0.3715524274],[35.0906164757,-0.3720937818],[35.0939530854,-0.3824863634],[35.1008236657,-0.3823041138],[35.1085589982,-0.3865004882],[35.1239502619,-0.3785318756],[35.1310708593,-0.3751184524],[35.1315736425,-0.3700498672],[35.1265925774,-0.3637950856],[35.1328004706,-0.360147631],[35.1465469986,-0.357927464],[35.1541823866,-0.3480694196],[35.1505920039,-0.3399753225],[35.1343082015,-0.3454033341],[35.1323709646,-0.3453051762],[35.1292822848,-0.3451486749],[35.1217236321,-0.3462463238],[35.1098106213,-0.3489433738],[35.1074542802,-0.3457262283],[35.1030244766,-0.3396782171],[35.1058746035,-0.3286335085],[35.1074609739,-0.3289044958],[35.1170560207,-0.3305435489],[35.1225923926,-0.3250508342],[35.1224073575,-0.3150429038],[35.1222898315,-0.3086896516],[35.123966325,-0.2994744854],[35.1240858803,-0.2994328185],[35.1272824243,-0.2983187786],[35.1317661375,-0.2967561332],[35.1323942162,-0.2959370743],[35.1361642998,-0.2910205877],[35.1404968165,-0.2899603526],[35.1407034765,-0.2899097796],[35.1508314618,-0.2874312703],[35.1556670275,-0.2899825208],[35.1583386154,-0.291392061],[35.1724877065,-0.2951702698],[35.1811768428,-0.294993368],[35.1922215955,-0.2876900492],[35.2051038339,-0.2797047531],[35.2110070055,-0.2845824072],[35.2123261903,-0.2908160831],[35.2143372233,-0.2983662572],[35.2145382284,-0.299120918],[35.223771693,-0.2991316974],[35.2381500053,-0.2918965485],[35.2548495802,-0.2922315248],[35.2628716987,-0.2902091845],[35.2686735932,-0.2805603169],[35.2799326433,-0.2748667745],[35.2856272454,-0.2769754234],[35.2878277121,-0.2869011089],[35.2929997837,-0.2970845243],[35.2967659776,-0.2976396155],[35.3018758772,-0.2983962726],[35.3060172887,-0.2990095211],[35.3101629195,-0.2964955361],[35.3134295605,-0.2900354314],[35.3138825326,-0.2891396229],[35.3114405579,-0.2812868476],[35.3128437703,-0.2776096107],[35.3226482463,-0.2818206389],[35.3306154428,-0.2855640632],[35.3539071016,-0.2900486488],[35.378069558,-0.2950274534],[35.4100739091,-0.2800567126],[35.4150413865,-0.2777401198],[35.4486527325,-0.2800202739],[35.4564324507,-0.281218163],[35.4861157424,-0.28578872],[35.5134341562,-0.274662151],[35.5322977855,-0.2630239217],[35.5398345773,-0.2569995732],[35.5398287644,-0.256640172],[35.5396164299,-0.243518827],[35.5398938251,-0.239889363],[35.5403915034,-0.2333772454],[35.5443603887,-0.2244071631],[35.5375931951,-0.2128389833],[35.5214606532,-0.200979432],[35.5096846624,-0.1861430891],[35.4987593404,-0.1803137477],[35.486410848,-0.1797741743],[35.4767433861,-0.1864090772],[35.461367309,-0.1918406884],[35.4600658927,-0.1896719127],[35.4564627451,-0.1836674135],[35.4541496764,-0.1798128237],[35.4452878564,-0.1728395711],[35.4398398152,-0.1672616126],[35.4350929381,-0.1624015905],[35.4342657899,-0.158012458],[35.4085840055,-0.159008701],[35.3930755941,-0.153152237],[35.3839098954,-0.155866176],[35.3771564452,-0.16455847],[35.3733677929,-0.1694347279],[35.3650563294,-0.1804243921],[35.3644122086,-0.1812866612],[35.3568315732,-0.1914345154],[35.3531243434,-0.198032012],[35.3510222462,-0.2017729141],[35.3345065797,-0.207205384],[35.3148611389,-0.2043155393],[35.2906279742,-0.2032439895],[35.2778949505,-0.1950926874],[35.2741953649,-0.1734034168],[35.2704520874,-0.1565567662],[35.2656598403,-0.1497769549],[35.2753318372,-0.1480580808],[35.2916697624,-0.1622123807],[35.3068961419,-0.1643917541],[35.3235079432,-0.1667694545],[35.3401320397,-0.1631221696],[35.3484414816,-0.1612725725],[35.3539053356,-0.1600563634],[35.3637467575,-0.156208237],[35.3650609077,-0.1556943835],[35.3733651675,-0.1524472584],[35.3835104088,-0.1484802226],[35.383897147,-0.1478463288],[35.3839078334,-0.1478288148],[35.3909355886,-0.1363096156],[35.3860218437,-0.1229120035],[35.3886365736,-0.1116280399],[35.3908820926,-0.0901969958],[35.3905433489,-0.0892890929],[35.3859677984,-0.0770259406],[35.371165606,-0.0681824676],[35.3567569095,-0.0679612694],[35.3464723944,-0.0678033842],[35.3318534069,-0.0651786632],[35.3235208852,-0.0676504539],[35.3151174594,-0.0701432508],[35.3021892436,-0.0834369352],[35.2817904399,-0.0886159754],[35.2713058187,-0.084408515],[35.267533757,-0.0710108223],[35.2701834041,-0.0641839607],[35.2705676219,-0.0631940019],[35.2736695767,-0.0618945752],[35.2944424707,-0.0531925434],[35.3069044561,-0.0506229392],[35.3237723633,-0.0471447915],[35.3522326114,-0.0364817897],[35.3737439387,-0.0349923005],[35.3898868306,-0.0461591582],[35.4084232088,-0.0455807494],[35.4186289832,-0.0283432195],[35.4232349273,-0.0226465927],[35.4250287968,-0.0204279164],[35.4254254697,-0.0240120211],[35.4379332411,-0.0254906972],[35.4475351821,-0.020384476],[35.4555779143,-0.0022629575],[35.4429175574,0.0112916686],[35.4398548245,0.0121015746],[35.412018114,0.0194625482],[35.4119494405,0.0194807077],[35.4066213299,0.0208896132],[35.4066155718,0.0208911363],[35.3816868757,0.02748288],[35.3803845211,0.0278272479],[35.3780145293,0.0284539192],[35.3753539443,0.0278270922],[35.3484556144,0.0214900253],[35.3276424705,0.0165867221],[35.3247515839,0.0194788133],[35.3231274049,0.0211036611],[35.3258015073,0.0274451425],[35.3235014329,0.0278254746],[35.3203923638,0.0283395783],[35.3192908175,0.0278253423],[35.2736596549,0.0065239874],[35.2691922572,0.0027488551],[35.2653686118,-0.0004822535],[35.2653633999,-0.0004866582],[35.2592940135,-0.0056154431],[35.2570602865,-0.0075029843],[35.2493958027,-0.0139795527],[35.2413665185,-0.0207642764],[35.2311102643,-0.0277621887],[35.2216985142,-0.0327762299],[35.2326335691,-0.0365384934],[35.248932423,-0.0297191414],[35.26566718,-0.0207173807],[35.2861972037,-0.0056336787],[35.290293962,-0.0026236656],[35.2952871877,0.001045037],[35.316907698,-0.0016281954],[35.3497257071,0.0111142342],[35.3650740961,0.0170738203],[35.3663473952,0.0175682322],[35.3979022769,0.0075822591],[35.4066157822,0.0071722083],[35.4348369224,0.0058441179],[35.4393717818,-0.0031998388],[35.4368116498,-0.0056346269],[35.4315449553,-0.0106434238],[35.4280151051,-0.0140003936],[35.4241198839,-0.0177048121],[35.4232350288,-0.0180407392],[35.4169296657,-0.0204344968],[35.3782109117,-0.0205182804],[35.361429092,-0.0139993615],[35.3567593777,-0.012185429],[35.3484502929,-0.0089578259],[35.3457482908,-0.00790826],[35.3250286572,-0.0070433702],[35.2985970103,-0.019964123],[35.2971804748,-0.0206565641],[35.2784131319,-0.0284315814],[35.267617932,-0.0348243053],[35.2653678449,-0.0368405136],[35.2581633952,-0.0432960506],[35.2445756294,-0.0547350806],[35.2261829981,-0.0656940387],[35.225849158,-0.0769808692],[35.2177968898,-0.0826977666],[35.2239264794,-0.0880353155],[35.2234136533,-0.0942631191],[35.214129613,-0.1101096838],[35.2176911485,-0.1214254748],[35.2142064063,-0.1283192743],[35.2221848572,-0.131590248],[35.2193092309,-0.1467914135],[35.2225126592,-0.1524242492],[35.2128908726,-0.1542062183],[35.2085511794,-0.1575354606],[35.2050870934,-0.156690855],[35.2042918331,-0.1433156878],[35.2078391433,-0.1295073375],[35.2076881883,-0.1198235807],[35.2009939431,-0.1128307065],[35.2034585946,-0.1071244282],[35.2106565869,-0.0935626175],[35.2065740426,-0.0905472925],[35.1969526709,-0.0920945996],[35.1902909817,-0.095509822],[35.1855467422,-0.0993377775],[35.1846045039,-0.0922531621],[35.1972634712,-0.0821838528],[35.2104001237,-0.0707467222],[35.2116236868,-0.0603815677],[35.2071175835,-0.0525161316],[35.2023629633,-0.0476378965],[35.2035745329,-0.0391191197],[35.2020553122,-0.0289674292],[35.2036979747,-0.0250273279],[35.1981638033,-0.0216712329],[35.1879084367,-0.0253925809],[35.1772441969,-0.0337573663],[35.1648993343,-0.0423423464],[35.1557173421,-0.0473554068],[35.1407464835,-0.0491071645],[35.1407465763,-0.0474481213],[35.1324395209,-0.0474476536],[35.1324398585,-0.0409294452],[35.1425034067,-0.041742464],[35.1571695839,-0.0374519877],[35.1709578609,-0.0294705997],[35.1882257535,-0.0217266019],[35.1791901251,-0.0073270642],[35.1629884913,-0.0091685893],[35.1540354555,-0.0209237494],[35.1460989856,-0.0217083006],[35.1410613731,-0.0232926808],[35.1298599265,-0.0225269428],[35.1224807788,-0.0298622912],[35.1263716887,-0.0390843741],[35.1162286174,-0.0390839028],[35.1158261367,-0.0378792461],[35.1158264257,-0.0307210527],[35.1128680867,-0.0307209443],[35.1115164147,-0.0279467448],[35.1065099081,-0.0256125619],[35.1027434334,-0.0307205724],[35.0909062515,-0.0307201365],[35.0909059057,-0.0390827183],[35.0857890338,-0.039082478],[35.0815024984,-0.035596652],[35.0679988743,-0.0371246087],[35.0627785345,-0.047443692],[35.0244596085,-0.0474414827],[35.0244596095,-0.0474235871],[35.0244553252,-0.0474235878],[35.0244554865,-0.0445281169],[35.032308728,-0.0367313024],[35.0391787108,-0.0356232838],[35.0515208003,-0.036160714],[35.0657270962,-0.0321067602],[35.0847268741,-0.0210484345],[35.1026768529,-0.007385426],[35.1117384509,-0.0209963154],[35.1269775277,-0.0055282159],[35.1404819571,-0.0083073477],[35.1530475317,0.0017624981],[35.1739817766,0.0024611728],[35.1818526719,0.002723866],[35.1822892671,0.0029734018],[35.2025084418,0.0145298636],[35.2106464755,0.0278400641],[35.2141430055,0.0335589723],[35.2100560868,0.0361856157],[35.2015082929,0.041679187],[35.1844164029,0.0371198433],[35.1656685378,0.0415651466],[35.1654917012,0.0416070761],[35.1601298617,0.0361834999],[35.1493551882,0.025284971],[35.1372563319,0.0194564319],[35.1304921278,0.0161978672],[35.1247867225,0.0194561436],[35.1241754175,0.0198052485],[35.1304008468,0.0379169232],[35.112432043,0.0297364634],[35.0908168039,0.0324085694],[35.0836481724,0.025154602],[35.088264187,-0.0046986994],[35.0837956156,-0.0129421644],[35.0818435675,-0.0139767944],[35.0818095607,-0.0139948197],[35.0667284265,-0.0219880627],[35.049378942,-0.0220215184],[35.0410684193,-0.0220375439],[35.0360064807,-0.0220473046],[35.0330927309,-0.0235278502],[35.0283879269,-0.0253104363],[35.0244561628,-0.0293014986],[35.0229967128,-0.0306996502],[35.0214298581,-0.032200689],[35.0106382635,-0.0348725437],[35.0078443788,-0.0316921594],[35.0078444156,-0.0307170402],[35.0069877294,-0.0307170079],[35.0057738552,-0.02933522],[34.9969382178,-0.0242399248],[34.9992637815,-0.022109106],[34.992266126,-0.0139932944],[34.9922505852,-0.0139752702],[34.9820703371,-0.0021686096],[34.9730927462,-0.0057919272],[34.9748899652,-0.0216635113],[34.9744207884,-0.02233639],[34.974408244,-0.0223543807],[34.9699746308,-0.0287128711],[34.9580109541,-0.0401492663],[34.9580110062,-0.0390763761],[34.9414006707,-0.0390755685],[34.9414005326,-0.0418489709],[34.9330954496,-0.0426906641],[34.9330956318,-0.0390751635],[34.9164896807,-0.0390743512],[34.9164896816,-0.0390564264],[34.883270954,-0.0390727163],[34.8666621137,-0.039071893],[34.8599797999,-0.0390536386],[34.8583541905,-0.0388559264],[34.8583545471,-0.030711303],[34.8186689149,-0.0307097457],[34.8209859538,-0.0269944615],[34.8251421165,-0.0250350374],[34.836385728,-0.0197341699],[34.8417467414,-0.0154305643],[34.8617067285,0.0005929313],[34.8805557703,0.0023935049],[34.8796668451,-0.0057719247],[34.8859638864,-0.0121271687],[34.9416411286,-0.0094264289],[34.9524091213,-0.0012671299],[34.9487999182,0.0050759583],[34.8967118346,0.0060097926],[34.8895204109,0.0141808318],[34.8607870282,0.0142066904],[34.8417468565,0.0075406625],[34.8041764527,-0.0056123296],[34.8002312089,-0.0069934756],[34.79619041,-0.0084080648],[34.7895984082,-0.0139716964],[34.7816842791,-0.0206510925],[34.7670171741,-0.0208963531],[34.7400619818,-0.0213470749],[34.7360689628,-0.0322039111],[34.7350284177,-0.0437446747],[34.7308693445,-0.0474059578],[34.7290478033,-0.0490094715],[34.7100819191,-0.0522987169],[34.7088949851,-0.052649087],[34.6983480521,-0.0557624029],[34.6842440508,-0.0599256411],[34.659076293,-0.0723815116],[34.6590770346,-0.0641353568],[34.6540992547,-0.0641349307],[34.6591239007,-0.0629438354],[34.6701662127,-0.0540292679],[34.673200982,-0.0474023476],[34.6755398129,-0.0422950222],[34.6756858155,-0.0420645891],[34.6775994078,-0.0390443794],[34.6841276933,-0.0287406361],[34.6912148297,-0.0210093222],[34.7163229113,-0.0001507753],[34.7005911218,0.0078134198],[34.7001562069,0.008033592],[34.6871844666,0.0027288002],[34.6839863174,0.0014209324],[34.6673818225,-0.0053692863],[34.6669669984,-0.0055389213],[34.6588837355,0.0026359354],[34.6463273964,-0.0018863544],[34.6319618797,0.0044807438],[34.6294871649,0.0027285892],[34.6230062772,-0.0018599864],[34.6177676316,0.0027285462],[34.6095236402,0.009949349],[34.6023520719,0.007235656],[34.6059753905,-0.0227161798],[34.5996493075,-0.0322075072],[34.6023550524,-0.0436962022],[34.6075264256,-0.0499804095],[34.6209673703,-0.0503321533],[34.6392581199,-0.046688628],[34.6369403201,-0.0557578447],[34.6368682718,-0.0560397502],[34.6399987182,-0.0611514747],[34.647251712,-0.0641343438],[34.6341712674,-0.0641332201],[34.6341705117,-0.0724909483],[34.6092655733,-0.0724885194],[34.6092651011,-0.0772352226],[34.6001420978,-0.0785673757],[34.5886228302,-0.0724687068],[34.5788654973,-0.065196201],[34.5699054182,-0.071816864],[34.5677615957,-0.0738334564],[34.5603122698,-0.0808405982],[34.5594573498,-0.0808405039],[34.5594582124,-0.0724836206],[34.5428565079,-0.0724819746],[34.5428562756,-0.0748162588],[34.5412072629,-0.0724640239],[34.540728513,-0.0717811152],[34.5316575199,-0.067769497],[34.5269289131,-0.0724626039],[34.5262574821,-0.0731289889],[34.5228939054,-0.0764672702],[34.5144229776,-0.0798585378],[34.514091613,-0.0689908164],[34.5135218756,-0.063057552],[34.5130743079,-0.0583581288],[34.5032536961,-0.0598883517],[34.5013569477,-0.0641540098],[34.4983435018,-0.0709309067],[34.4951361772,-0.0718250036],[34.4858494557,-0.0675775212],[34.4764562796,-0.0659041429],[34.4640093952,-0.0636867852],[34.4452230103,-0.0526525381],[34.4398429223,-0.0507231786],[34.4391863281,-0.0417428226],[34.4332179005,-0.0252824098],[34.4329094053,-0.0223384068],[34.434957989,-0.0223204928],[34.4349583119,-0.0056275833],[34.4266608315,-0.0056275177],[34.425445643,-0.0056275081],[34.4193479625,0.003812203],[34.4024475214,-0.0139823871],[34.4017628198,-0.0139823736],[34.3934637146,-0.0139822086],[34.393461671,-0.0216611961],[34.3925068404,-0.0223191573],[34.3924807529,-0.0223371336],[34.3768637962,-0.0223366388],[34.3768640089,-0.0139818803],[34.3685652291,-0.0139817152],[34.368565016,-0.0223363742],[34.3602663337,-0.0223361102],[34.3602660221,-0.0306906713],[34.3270722747,-0.0306892133],[34.3270725886,-0.0223350491],[34.3104763088,-0.0223345166],[34.3104759938,-0.0306884814],[34.3021780021,-0.030688114],[34.3021783177,-0.0223342493],[34.2938804251,-0.0223339814],[34.2938801099,-0.030687746],[34.2892232544,-0.0306875391],[34.2882431301,-0.0297386444],[34.2939149626,-0.0205045726],[34.2955281822,-0.005608427],[34.2955813566,-0.0051173747],[34.3108144367,0.0094658319],[34.3654998628,0.0202881155],[34.3681965874,0.0211920891],[34.3655070281,0.0230089065],[34.3331754436,0.0502510438],[34.2865334867,0.0584617436],[34.2772844893,0.0556104713],[34.2440940481,0.0453788834],[34.2440935191,0.0528460743],[34.2357963245,0.0528454318],[34.2357956372,0.061198491],[34.2309981005,0.0611980599],[34.2274985422,0.0611977458],[34.2274977518,0.0695507025],[34.2192007574,0.0695498552],[34.2191998644,0.07790271],[34.2274968613,0.07790366],[34.2274960414,0.0848559989],[34.236288299,0.0758333363],[34.2685698911,0.0776141113],[34.2689847436,0.0777458102],[34.3169762174,0.0929817356],[34.3501492954,0.1056455121],[34.3662732047,0.1192337507],[34.3797043322,0.1364529337],[34.386835116,0.1637457533],[34.4566811375,0.2417797964],[34.4790252662,0.2952795295],[34.4234680968,0.2554111627],[34.3759688772,0.2327740549],[34.3652050382,0.2336895826],[34.3602272049,0.2368922725],[34.3602244519,0.2450098257],[34.3685232093,0.2450127227],[34.3685202852,0.2533673814],[34.3851181025,0.253373357],[34.3851163062,0.2583897393],[34.4001402248,0.2626849333],[34.4225180564,0.288971059],[34.4197964295,0.3072037454],[34.425166183,0.3171770773],[34.4726683229,0.338914047],[34.4932734198,0.3570422915],[34.513001743,0.3588439406],[34.5228537546,0.3697232187],[34.5515441333,0.3787769491],[34.5623206363,0.3787703272],[34.5910578845,0.3633299696],[34.5955256133,0.3678632058],[34.5928252733,0.374215426],[34.571272898,0.3888346145],[34.5775465954,0.3924596187],[34.5981936835,0.3832842907],[34.6017688392,0.3888161775],[34.5909868416,0.4006164811],[34.6026472403,0.4024240564],[34.6062260485,0.4096798036],[34.5963270162,0.42873714],[34.6259163364,0.4387005538],[34.6698656682,0.451378879],[34.6859778985,0.471422224],[34.693125769,0.4832139553],[34.7209211224,0.5004401845],[34.7227087184,0.5013467059],[34.7352499991,0.5140441429],[34.7549844704,0.5194794898],[34.7891023773,0.5140191435],[34.8097820508,0.4931375437],[34.8124626287,0.5003960145],[34.8223036644,0.5140034982],[34.8501545614,0.5003774443],[34.8582316553,0.5003734355],[34.8609181596,0.50490976],[34.8734949721,0.5003658322],[34.8748078723,0.4993048932],[34.8869802884,0.4894683456],[34.8887509336,0.5003581976],[34.8896186773,0.5148787953],[34.8860234341,0.5185107745],[34.8635595811,0.5321345032],[34.8415542521,0.552860045],[34.8398257817,0.5544879358],[34.8332443718,0.5606862971],[34.8309559246,0.5628415248],[34.8249344794,0.5685123705],[34.8114062897,0.581252515],[34.8069021501,0.5894214746],[34.7925343018,0.5930566521],[34.7893700062,0.5962491326],[34.778138039,0.6075808932],[34.7691743593,0.6075839894],[34.7667752699,0.610183043],[34.7642230171,0.6129480014],[34.7584644919,0.6191863565],[34.7556845389,0.6221979073],[34.7530914776,0.6296571882],[34.7501455624,0.6381311888],[34.7443758898,0.6547268518],[34.7418219459,0.6620725151],[34.7414705163,0.6630832756],[34.7358077529,0.6793695746],[34.7335011479,0.6820020432],[34.7281159278,0.6881479686],[34.7251892875,0.6914879684],[34.7214139861,0.6957964413],[34.7204391813,0.696499709],[34.7168791001,0.6990680981],[34.7088678531,0.7048476524],[34.7085703585,0.7050622719],[34.6899618465,0.7184865337],[34.6919477951,0.7225269838],[34.6944211169,0.7275590711],[34.6919340576,0.7369393411],[34.6915825644,0.7382650054],[34.690812398,0.7411696656],[34.6857008329,0.7382592538],[34.6764744954,0.7330060238],[34.6621129506,0.7330083213],[34.6255072439,0.7419223644],[34.5983649074,0.748531414],[34.5947642258,0.7512535011],[34.5795270429,0.7503480834],[34.5669322106,0.7630500671],[34.5670248988,0.7214276021],[34.567029322,0.7194146187],[34.5643760233,0.6976427421],[34.5473901941,0.6740597295],[34.5214139896,0.6531105628],[34.5214425363,0.6395036647],[34.5502341446,0.5995811466],[34.5646723701,0.5613843228],[34.5736285145,0.5686385436],[34.5798781231,0.5858730608],[34.5960110413,0.589496456],[34.6274585203,0.5686188988],[34.6158406417,0.5477566058],[34.6212418488,0.5395892244],[34.6382474841,0.5586349337],[34.6463528039,0.5450226171],[34.6464069482,0.516806201],[34.6527186439,0.4995649497],[34.6680188199,0.478689771],[34.6617620478,0.4650833934],[34.6447308386,0.4532067646],[34.6312824072,0.4504920422],[34.620479954,0.4678261861],[34.6097444771,0.4495961428],[34.5980821478,0.4468806026],[34.5944789572,0.4569526151],[34.5989131696,0.4823525611],[34.5935224128,0.4859840133],[34.5693638024,0.4487100809],[34.5739235885,0.4106056323],[34.5685503215,0.4078871557],[34.5631378005,0.4242194952],[34.5577756362,0.4088005331],[34.5524081553,0.4051749487],[34.552387563,0.4133394525],[34.5461029517,0.4151573305],[34.5309022859,0.3897659846],[34.5272977837,0.3933966732],[34.5380179617,0.4187904763],[34.5379725394,0.4441906428],[34.5666105815,0.4832751869],[34.5683720215,0.4996036794],[34.5656701625,0.5113982621],[34.5853362458,0.5441397713],[34.5934001996,0.5504870849],[34.60775228,0.5504814975],[34.6077293732,0.5640899961],[34.5790443081,0.5523070331],[34.5558175493,0.4996093486],[34.5522634448,0.4796533159],[34.5244859056,0.4606167605],[34.5254547325,0.4233331363],[34.5120287687,0.4015697273],[34.5093891953,0.3760813848],[34.4986230657,0.3769950717],[34.4796816113,0.4351501517],[34.4770245665,0.4115676763],[34.484251272,0.3843511867],[34.4807079404,0.36521398],[34.4654724248,0.3516176049],[34.4439525676,0.3480032538],[34.4260270491,0.3362236681],[34.4242147147,0.3462019282],[34.4573618319,0.3742989989],[34.4528616173,0.3789276527],[34.4313567304,0.3679656872],[34.4027384265,0.3171924117],[34.4063709563,0.2944246403],[34.3982993348,0.2862676451],[34.3741035301,0.279936574],[34.3660212522,0.283570219],[34.3874802217,0.3235515317],[34.3856717903,0.3317153618],[34.3650814162,0.305427941],[34.3507624479,0.2908365962],[34.3418374356,0.2654497351],[34.3239184135,0.250953109],[34.3194374819,0.2500496828],[34.3158338816,0.2582142674],[34.3327927877,0.3108916815],[34.3309844929,0.3190549031],[34.3166517343,0.3063683753],[34.3113125128,0.2827029647],[34.292509534,0.2573250923],[34.2781355131,0.2745655259],[34.2763732683,0.2627782032],[34.2880838069,0.2246824987],[34.2773301255,0.2164390993],[34.2611695235,0.2274245052],[34.229794667,0.2211022256],[34.2154164816,0.2437822034],[34.2207524341,0.2691668999],[34.2297490298,0.2519319416],[34.2360108099,0.2564609959],[34.2377723685,0.284569403],[34.2502790077,0.3064139186],[34.2502709402,0.3163885252],[34.2439856927,0.3200198182],[34.258282536,0.3535616486],[34.258199323,0.398085182],[34.2546653374,0.4036849957],[34.2688707878,0.4036933477],[34.2688755765,0.3953398902],[34.2741748141,0.3953429351],[34.2734815031,0.3754064497],[34.2878819622,0.3499160588],[34.2959523647,0.346283653],[34.2995244975,0.3562567078],[34.2854732985,0.3917098661],[34.285456635,0.4204103902],[34.3020527584,0.420420483],[34.3020577118,0.4120666242],[34.3186542164,0.4120764819],[34.3186590534,0.4037224229],[34.3269574464,0.4037272392],[34.3269668084,0.3870189213],[34.3435638562,0.3870281307],[34.3435532997,0.405884086],[34.364021236,0.3998400262],[34.3765836373,0.399832958],[34.3900275251,0.4079880345],[34.4034335455,0.4342830021],[34.4141927134,0.4324634308],[34.4195684412,0.4406236173],[34.3989156599,0.4543294554],[34.4024718316,0.4624905131],[34.435692282,0.4506832709],[34.4715626969,0.4570147022],[34.4670615576,0.4651804693],[34.4912668742,0.4751466898],[34.5127502464,0.4996286094],[34.512689543,0.5341897584],[34.5314980606,0.5441608023],[34.5449267449,0.5632058736],[34.5439884912,0.5840707649],[34.5385975841,0.5877011538],[34.5278878224,0.5550478114],[34.4992203991,0.5351021829],[34.5001771967,0.5050767808],[34.4956976009,0.4996361552],[34.4786882609,0.4869446017],[34.4714996909,0.4932973306],[34.4562879215,0.4715350007],[34.442847047,0.4651921535],[34.4042482837,0.4770013428],[34.3776226754,0.4622398215],[34.3767143663,0.462239225],[34.376714692,0.4617364348],[34.3764613285,0.4615959707],[34.3639082725,0.4643227223],[34.3522184991,0.4761180889],[34.3575896433,0.4824641008],[34.356627471,0.4872895499],[34.3600996286,0.4872919635],[34.3600946892,0.494443173],[34.3618808668,0.4956477793],[34.3670365494,0.49565142],[34.3835913234,0.4888011822],[34.4006298986,0.4887936819],[34.4266232745,0.4996662528],[34.4320024084,0.5060130407],[34.4257144951,0.5096437219],[34.401519442,0.4996770056],[34.3844694132,0.4996842521],[34.3841331197,0.5040183072],[34.3849852645,0.5040189155],[34.3849793223,0.5123737638],[34.3834848014,0.5123726775],[34.3826322803,0.5233564844],[34.4032328902,0.5387670455],[34.4229666748,0.5387596759],[34.4552961161,0.5196995308],[34.4660555115,0.5251374895],[34.4534763978,0.5369340682],[34.417564852,0.5460176726],[34.4130705444,0.554182223],[34.4175398315,0.5587156313],[34.4426676309,0.5568928167],[34.4758931876,0.5360183749],[34.4740607583,0.5586957776],[34.4902343163,0.5432694988],[34.4983009608,0.5496161119],[34.4812208697,0.5668569117],[34.4839019291,0.5695772221],[34.5090320816,0.5677543259],[34.5269383257,0.5858906991],[34.5188604754,0.5877075914],[34.5009361902,0.5759210623],[34.4991246488,0.584085562],[34.5071647311,0.5986873884],[34.5008870839,0.6023177157],[34.4892643607,0.5831816783],[34.4767041858,0.5795574645],[34.4632825879,0.5632348767],[34.4552099648,0.561423593],[34.4488987077,0.5750313324],[34.4623215768,0.5923516053],[34.4560346011,0.5968887584],[34.43724191,0.5777562197],[34.4112489695,0.5668807012],[34.4076336039,0.5750447603],[34.4246146036,0.6068751513],[34.4236962747,0.6186664582],[34.3861159556,0.5714238161],[34.3637904651,0.5215499477],[34.3405142427,0.4997027243],[34.3351958731,0.4979109264],[34.335185564,0.5123373827],[34.3434842779,0.512343474],[34.343478184,0.5206978271],[34.3517770072,0.5207040059],[34.3517645459,0.5374129113],[34.3515181257,0.5374127221],[34.3637367285,0.548757805],[34.4039595567,0.6213925607],[34.4003636235,0.6259283506],[34.3905071274,0.6159542184],[34.3780322531,0.581402826],[34.3637150564,0.5632686568],[34.3556501435,0.5569228951],[34.3502561975,0.5641799995],[34.3214717079,0.5290354839],[34.3185760805,0.5290332805],[34.3185633337,0.5457413901],[34.3164621451,0.5457397398],[34.3180036356,0.5478668096],[34.3206778248,0.553307122],[34.3143940105,0.5587504214],[34.3091286279,0.5540879202],[34.3019599644,0.5540821891],[34.3019616549,0.5519366656],[34.2767383955,0.5496945084],[34.2853846196,0.5267597447],[34.2853875941,0.5227956929],[34.2808423521,0.5206508377],[34.2770911619,0.5206480037],[34.2770924763,0.5188813181],[34.2732126976,0.517050507],[34.2715713481,0.5122903381],[34.260501604,0.5122820866],[34.260513705,0.4955753789],[34.2522160084,0.4955693841],[34.2522272402,0.4795716257],[34.2508651304,0.478861925],[34.2439301517,0.4788570737],[34.2439524271,0.4454444638],[34.2416947148,0.4454429933],[34.238281602,0.491583632],[34.2302192226,0.4897734438],[34.2311652595,0.4643838934],[34.2132108347,0.4779929493],[34.1941502816,0.4738238896],[34.1941468121,0.4788220412],[34.210740854,0.4788337589],[34.2107349935,0.487186504],[34.2190321766,0.4871924497],[34.2190262249,0.4955452964],[34.2273235194,0.4955513337],[34.2273050882,0.5206101784],[34.2107105369,0.5205974815],[34.2107054069,0.5273385694],[34.2202662674,0.5370187664],[34.2184433454,0.5488069919],[34.2115798706,0.5540091853],[34.2189817293,0.5540152163],[34.2189681067,0.5707209047],[34.2272655003,0.5707278569],[34.2272585496,0.5790808033],[34.2604491837,0.5791089008],[34.2604560874,0.5707555509],[34.285350081,0.5707761951],[34.285356849,0.5624225418],[34.3185501896,0.5624494984],[34.3185434681,0.5708035521],[34.3351407582,0.5708171592],[34.3351366106,0.5759303757],[34.3386958945,0.5791743684],[34.3517316706,0.5791851704],[34.3517248004,0.587539621],[34.3600238143,0.5875465797],[34.3600220628,0.5896613303],[34.3636543504,0.5896602669],[34.3726070428,0.5987270234],[34.3627378915,0.6023575028],[34.3600115516,0.6021961676],[34.3599953995,0.6209647758],[34.3682945621,0.6209721182],[34.3682858901,0.6308349794],[34.3770202119,0.6331896638],[34.3770066054,0.6404452211],[34.3814637075,0.6513276194],[34.363512706,0.6604913071],[34.3267629977,0.6613621934],[34.3267538398,0.6710601754],[34.3184550903,0.6710521708],[34.3184470812,0.6794062199],[34.3112127364,0.6793991425],[34.3101484158,0.6793980995],[34.3101470632,0.6807963435],[34.3101402933,0.6877520492],[34.3184389519,0.6877809768],[34.3184347647,0.6920554856],[34.3184224592,0.7044683649],[34.3146381147,0.7044645275],[34.3146456852,0.7044853064],[34.3207348536,0.7211997132],[34.3221111802,0.7249777994],[34.3217961278,0.7295549419],[34.3211747627,0.7385809618],[34.318386861,0.7406921188],[34.3103956081,0.7467434509],[34.3183758794,0.7510605754],[34.3249568716,0.7546207544],[34.3349642529,0.7600345932],[34.3404306514,0.7629918566],[34.3559047353,0.7713632713],[34.3598474697,0.7734962975],[34.3623584727,0.7748547608],[34.3698901966,0.7797333477],[34.4143029711,0.808502194],[34.4012975497,0.8169994024],[34.4012906063,0.8230706586],[34.4070589237,0.8348046165],[34.4079523557,0.8366186193],[34.409554309,0.8382420772],[34.4095712042,0.8382420963],[34.4095711842,0.8382591792],[34.4178084084,0.8466070645],[34.4178615672,0.8466071279],[34.4178615421,0.8466284496],[34.426062543,0.8549722282],[34.4261519656,0.8549723357],[34.4261519403,0.8549936892],[34.4285376728,0.8574806796],[34.4357093445,0.8629232689],[34.435929465,0.8633609081],[34.4427428619,0.8633691519],[34.4427286612,0.8768791626],[34.4510071439,0.8933392607],[34.4653642045,0.9218872001],[34.4675731418,0.9218900368],[34.4675697155,0.926272898],[34.4695580659,0.9302268118],[34.4749878612,0.9410243992],[34.4758436322,0.9457177169],[34.4791154717,0.9636629769],[34.4802967079,0.9701423399],[34.4841141248,0.9691146308],[34.4924184038,0.9668789513],[34.4937636315,0.9665167847],[34.6148888277,0.9719823785],[34.6579072068,0.9919498916],[34.6999018217,1.0284022192],[34.7026902398,1.0308227104],[34.7164903345,1.042802036],[34.7196973722,1.0455859737],[34.7211170806,1.0475650935],[34.7268583971,1.0555687509],[34.7196530909,1.0637332319],[34.7061581591,1.0728031631],[34.7024458213,1.1209820318],[34.7068892948,1.1391304981],[34.6664563585,1.1869794116],[34.6600596411,1.1945486135],[34.6742473969,1.1979471188],[34.674742994,1.1980658321],[34.7093746328,1.2063613547],[34.7093943242,1.2063660719],[34.7094035799,1.2063614016],[34.7111907343,1.2054595282],[34.7162519622,1.2060302808],[34.7192689437,1.2063705014],[34.7328599254,1.2088766352],[34.7389997091,1.2100087821],[34.740796185,1.209102192],[34.7856611234,1.217288613],[34.8035739388,1.2281858878],[34.806374498,1.2315926461],[34.8063932762,1.2316154885],[34.8075710779,1.2316173566],[34.8075821644,1.2245148864],[34.8075841555,1.2232349484],[34.8075970733,1.2148981006],[34.8159026763,1.2149110807],[34.8159282657,1.1981916434],[34.8242339061,1.1982044186],[34.8242590918,1.1814848004],[34.832564771,1.1814973734],[34.8326380556,1.1313379696],[34.8243325205,1.1313259296],[34.824425469,1.0644474016],[34.8327308206,1.0644587288],[34.8327420186,1.0560988209],[34.841043856,1.0561100321],[34.8410474364,1.0561100369],[34.8410474658,1.0560878982],[34.8410695237,1.0393900426],[34.8493749857,1.0394010592],[34.8493858746,1.031040973],[34.857687759,1.0310518735],[34.8649473366,1.0310613884],[34.8743027223,1.0310736257],[34.8743134597,1.0227132741],[34.8759497516,1.0227153934],[34.8714587122,1.0201162714],[34.8948817726,0.9856322707],[34.9030044309,0.9692059758],[34.8940694358,0.9492387677],[34.8752170869,0.9546828655],[34.8571919823,0.9783679099],[34.8446115175,0.9856266171],[34.8356436219,0.983810528],[34.8328299431,0.9851556228],[34.8185632653,0.9919757412],[34.7988070165,0.998325189],[34.794333252,0.9910648997],[34.8230942906,0.9756416248],[34.8328471009,0.971271276],[34.8374693171,0.9691999697],[34.8554384913,0.9619415664],[34.8707531835,0.9419769797],[34.9021854365,0.9365331774],[34.9174970907,0.9147515336],[34.924657043,0.9265504153],[34.9110633196,0.9764673113],[34.8975263104,1.0046915218],[34.8788011795,1.0227190869],[34.8826192305,1.0227240265],[34.8826085145,1.0310844677],[34.8909143923,1.0310952863],[34.8909250867,1.0227347591],[34.899231031,1.0227454684],[34.8992416162,1.014384853],[34.907547627,1.0143954543],[34.9075370613,1.022756157],[34.9158431793,1.0227668242],[34.9158641787,1.0060452437],[34.9241703418,1.0060557143],[34.9241806902,0.9976948363],[34.9324869178,0.9977051998],[34.93249716,0.9893442334],[34.9408034531,0.9893544892],[34.9407932317,0.9977155422],[34.9490996316,0.9977258628],[34.9491098313,0.9893647242],[34.9657228471,0.9893851316],[34.9657429085,0.9726625068],[34.9823561835,0.9726824865],[34.9823636266,0.9663792109],[34.9757388659,0.9583192285],[34.9622654264,0.9628567919],[34.9587005128,0.9555954741],[34.9632030086,0.9483345307],[34.9991533743,0.9310897],[35.0117413779,0.9229204698],[35.0162554009,0.9110295165],[35.011797842,0.901044929],[35.0010070069,0.9037683376],[35.0029074091,0.8638299618],[35.0011064661,0.8620147246],[35.0146305772,0.8401380132],[35.0155741012,0.8192607295],[35.0416568237,0.7956561002],[35.0443323973,0.8074562057],[35.0299083459,0.8283359728],[35.0280809888,0.8447658868],[35.0190759873,0.858382443],[35.0217528913,0.8647361798],[35.0333843862,0.8819819567],[35.0504342114,0.8837963281],[35.0655270432,0.8829477958],[35.0655467065,0.8640707862],[35.0738540646,0.8640794515],[35.0738626214,0.8557170276],[35.0821700439,0.8557255901],[35.0822051795,0.8204185764],[35.0822274905,0.7971880261],[35.090534875,0.7971959861],[35.0905505074,0.7804707973],[35.0952385792,0.7804751878],[35.1071654599,0.7804863339],[35.1071854591,0.7584566002],[35.10548768,0.7574263262],[35.0903064614,0.7174872222],[35.0804197038,0.7229365768],[35.0741166206,0.7320159312],[35.0453680484,0.7383772835],[35.0373404272,0.7165937211],[35.0212040479,0.7057054219],[34.9933227068,0.7311279895],[34.9977760182,0.7420191508],[34.9896828962,0.7510977092],[34.9896547988,0.7674358722],[34.9744281519,0.7511009004],[34.9483788328,0.7529214813],[34.9501430161,0.7684416253],[34.9833078908,0.7929425541],[34.979668139,0.8138193997],[34.9742928456,0.8110971304],[34.9707443843,0.7920368687],[34.9554879805,0.7865934013],[34.942079301,0.763814198],[34.9313033053,0.7675373692],[34.9195977714,0.7820609735],[34.9176884723,0.8283485885],[34.9400898804,0.8502199577],[34.9463436489,0.8638338681],[34.9507806305,0.884709111],[34.9678072431,0.8992308437],[34.9587692691,0.923828088],[34.951597927,0.9220127515],[34.9516433927,0.9001388232],[34.9337820355,0.8638346197],[34.9069098557,0.8375162082],[34.9061185054,0.7884161257],[34.8998430837,0.7802488595],[34.8911980719,0.7795213071],[34.8890786196,0.7793429355],[34.8912005969,0.7769163312],[34.9025720961,0.7639120431],[34.9187423642,0.7610956412],[34.9313462647,0.7465715663],[34.9152267255,0.7266077801],[34.9152779413,0.7002875901],[34.9078871721,0.6939444896],[34.9013359249,0.6883219672],[34.8995879523,0.6868218025],[34.898257537,0.6856800017],[34.888379559,0.6884053593],[34.8785197396,0.6802400116],[34.8884119343,0.6729767939],[34.9126352137,0.6756925923],[34.916204488,0.6799523071],[34.9332394009,0.7002829414],[34.9304916751,0.7266043334],[34.9448282802,0.7374925545],[34.9573972219,0.7374898056],[34.9502448267,0.7229692681],[34.9476694333,0.6647908609],[34.9746113638,0.6620595155],[34.9719587983,0.6411842579],[34.9800762112,0.6257511618],[34.9890439923,0.6266555804],[35.0087647771,0.6375407529],[35.0061065614,0.6220201171],[35.0195993686,0.612937987],[35.0267595277,0.618381525],[35.0366314743,0.6256395842],[35.0501005838,0.6256345364],[35.0671296738,0.6384275369],[35.0806198393,0.6274385172],[35.0896042214,0.6265273091],[35.0933287436,0.6299255279],[35.0976600075,0.6338773553],[35.1057605106,0.6210742799],[35.1012948397,0.6147214415],[35.1014145554,0.5547158925],[35.0834812448,0.5401998265],[35.0852832585,0.5329366997],[35.1113602691,0.5156753833],[35.1113256557,0.5320159781],[35.1203023284,0.5365505886],[35.1418486969,0.5347241946],[35.1517937464,0.5011286348],[35.1895349785,0.482859409],[35.1931792009,0.4538046187],[35.188720363,0.433833667],[35.1815536145,0.4265750676],[35.1698641592,0.4293060817],[35.1609108499,0.4219580122],[35.1681112179,0.4083353608],[35.1645367614,0.3992590196],[35.1483514503,0.4101639381],[35.1451865419,0.3874535708],[35.144809251,0.384746532],[35.1349541016,0.3711356645],[35.1135158447,0.3066049594],[35.1198226853,0.29298282],[35.1413509807,0.300228684],[35.1449461801,0.2965945021],[35.1297216776,0.272912198],[35.1351371687,0.2602005683],[35.1432234963,0.2620125689],[35.1405818152,0.2293375066],[35.1576748523,0.2157265837],[35.1640029519,0.2011204527],[35.1801655416,0.2056626707],[35.2044596514,0.2029668825],[35.2232961608,0.2203153435],[35.2314207998,0.2148021498],[35.2431305612,0.2121061477],[35.2511890016,0.2239821668],[35.2124125062,0.2520245439],[35.2069531634,0.2764999982],[35.2213068754,0.2828425099],[35.2487101651,0.2716465881],[35.2517537671,0.2704030603],[35.2570195118,0.2682516129],[35.2744363785,0.2611354039],[35.2853444978,0.2331009022],[35.2997853528,0.2240814537],[35.3006492915,0.2202302034],[35.3016321599,0.2158486931],[35.306884446,0.2189247236],[35.3141981418,0.2232080681],[35.3240271226,0.2413331038],[35.3375022412,0.2504148736],[35.3419902049,0.2531404501],[35.3518918947,0.2531625693],[35.3635896548,0.2369573327],[35.3682012044,0.230568642],[35.3726857182,0.2323889752],[35.3764466761,0.2369607279],[35.3771619416,0.2378301977],[35.3743435201,0.2676962089],[35.3868452876,0.2930711685],[35.3982623983,0.2834181962],[35.4220835335,0.2632770735],[35.4418924358,0.2633213997],[35.4445778544,0.2660432741],[35.4418071993,0.2841427971],[35.4236957562,0.3086346427],[35.427204534,0.3294639263],[35.4148625293,0.3404232435],[35.4088944364,0.3457226151],[35.4065499581,0.3478043755],[35.394665211,0.3583571738],[35.4027592605,0.3624514471],[35.405451279,0.363813179],[35.4406188491,0.3521270352],[35.4468937981,0.3584787127],[35.4449974016,0.3802943853],[35.4467997119,0.3821094833],[35.4583446569,0.4174446291],[35.444677346,0.4591739176],[35.4473468234,0.4718782287],[35.4599013733,0.4845862131],[35.449975457,0.5009113657],[35.4400473404,0.5127054386],[35.4364744533,0.509983133],[35.42655407,0.5236876917],[35.439903312,0.582699279],[35.4398098313,0.63364642],[35.4396439195,0.6341114037],[35.4396408775,0.6385416142],[35.4396291875,0.6552940563],[35.4479397192,0.6553000028],[35.4479277682,0.6720320509],[35.4562324542,0.6720381307],[35.456238404,0.6720381351],[35.4562323439,0.6803835284],[35.4479216806,0.680398075],[35.4479155158,0.6887640978],[35.4562261801,0.6887703334],[35.4562136556,0.7055025312],[35.447902962,0.7054961441],[35.4478901068,0.7222281881],[35.4645116281,0.7222412501],[35.4645051179,0.7306074233],[35.4811269705,0.7306205749],[35.4811204161,0.7389868984],[35.4644985337,0.7389735952],[35.4644955152,0.7427757498],[35.4656383543,0.7437054281],[35.4782144496,0.7473339959],[35.4729199058,0.7807905185],[35.4727747175,0.781707855],[35.4727745397,0.7819206985],[35.4749019824,0.7891584326],[35.4749081936,0.7891795628],[35.4810734763,0.7891848232],[35.4810677555,0.8030477218],[35.4838601623,0.8058987128],[35.4888516328,0.8109949312],[35.481660364,0.8173541317],[35.4814519432,0.8226292112],[35.480459053,0.8477485416],[35.4801282182,0.8561145553],[35.4797574358,0.8654884451],[35.4761412155,0.8764781747],[35.4726814507,0.8799718787],[35.4714813137,0.8811837798],[35.4680454814,0.8846532684],[35.4652998081,0.9037253483],[35.448233776,0.9037279992],[35.4481833555,0.925523704],[35.4402255257,0.9313710024],[35.4393863972,0.9319875749],[35.4382941639,0.932790122],[35.4310734718,0.9339132948],[35.4227670725,0.9352053184],[35.4149236364,0.9364252998],[35.3914330396,0.973148505],[35.3894811799,0.9761996874],[35.3869813166,0.9801074766],[35.3728432371,0.9864533714],[35.3546080542,0.9946379552],[35.3708608055,0.963762887],[35.3811847928,0.957391606],[35.3828132899,0.9563865909],[35.3870486143,0.9537727745],[35.3888014354,0.9480492349],[35.3728897116,0.9480324726],[35.3728983895,0.9396671525],[35.3645879748,0.9396584461],[35.3645527221,0.9731194165],[35.3396217008,0.9730922439],[35.3396306917,0.9647272354],[35.3313205258,0.964718215],[35.3313294591,0.9563532843],[35.339639604,0.9563622264],[35.3396486256,0.9478186291],[35.3396658751,0.9312671975],[35.3374659184,0.9312648943],[35.3340766328,0.9437881957],[35.3233032164,0.9410649126],[35.3169994378,0.9474215442],[35.3147157327,0.9503900981],[35.3147094038,0.9563353396],[35.3101458056,0.9563303981],[35.3063942554,0.9612068356],[35.3063905001,0.964691031],[35.3037160037,0.9646881048],[35.2980726722,0.972023347],[35.2980715559,0.9730465458],[35.2972861382,0.9730456761],[35.2827684499,0.9919150442],[35.2814265943,0.9959701731],[35.2814241763,0.9981214904],[35.289733954,0.99813095],[35.2897245274,1.0064954844],[35.2779480961,1.006481959],[35.2751811339,1.0148431812],[35.2814052023,1.0148503993],[35.2813761505,1.039943759],[35.2896860349,1.039953615],[35.2896795269,1.0455037613],[35.2896762139,1.0483181468],[35.2868052119,1.0483147167],[35.2647467337,1.0482882746],[35.2647367687,1.0566525674],[35.2481174659,1.0566323814],[35.2481274749,1.0482682493],[35.2398179648,1.0482582027],[35.239793293,1.0687130835],[35.2397773619,1.0817144098],[35.2480869612,1.0817247763],[35.2480766338,1.0900889071],[35.2314574704,1.0900679908],[35.2314470175,1.0984319605],[35.1982095589,1.0983895281],[35.1981989337,1.1067531741],[35.1898897469,1.1067424271],[35.1898790188,1.1151059913],[35.1815698896,1.1150951387],[35.1815371458,1.1401855834],[35.1732280276,1.1401744634],[35.1732169273,1.1485378622],[35.1649078655,1.1485266365],[35.1648966599,1.156889952],[35.1399698917,1.1568558832],[35.1399355665,1.1819450889],[35.1482444813,1.1819567164],[35.1482329007,1.1903198664],[35.1316151041,1.1902964216],[35.1316033917,1.1986594062],[35.1289748272,1.1986556624],[35.1149858726,1.1986356956],[35.1149621014,1.215361331],[35.106653414,1.2153492718],[35.1066653674,1.206986537],[35.0900482929,1.2069625085],[35.0900362896,1.2153250767],[35.0817278522,1.2153129408],[35.0817157396,1.2236754249],[35.0734073589,1.2236631787],[35.0733951393,1.2320255785],[35.0817035456,1.2320379083],[35.0816789066,1.2487628724],[35.0733704483,1.248750376],[35.0733579778,1.2571127729],[35.0650495766,1.2571001663],[35.0650330461,1.2680770401],[35.0650243329,1.2738247922],[35.0701134346,1.2738326199],[35.0733327862,1.2738375665],[35.0733272664,1.2774735973],[35.0733072631,1.2905623565],[35.0899244219,1.2906573178],[35.0943164904,1.287395563],[35.1410806901,1.2637194513],[35.1618061883,1.2373988601],[35.1730813344,1.2428056954],[35.1788565272,1.2455751128],[35.2013172344,1.2410427175],[35.2380817412,1.2619363314],[35.2578627601,1.2555868047],[35.2704661986,1.2446949076],[35.2651096894,1.2283499744],[35.2543483976,1.2256232012],[35.2516464088,1.2283463331],[35.2373094132,1.2406280305],[35.2336342658,1.2437762356],[35.2312533291,1.2432682489],[35.2165886644,1.2401394418],[35.2031375611,1.2283326418],[35.1923931375,1.2174347946],[35.1933133443,1.2100811271],[35.2283040985,1.2238002124],[35.2417749405,1.2210800762],[35.2679334417,1.1801375144],[35.2728969746,1.1753169464],[35.3147613289,1.1346553111],[35.3273977381,1.1056000852],[35.3697078599,1.0682824287],[35.3931608895,1.0265110029],[35.397045688,1.023325842],[35.4075593757,1.0147054629],[35.4381320421,1.0028080237],[35.4507248581,0.9937259039],[35.4615522257,0.9746537766],[35.4687007558,0.9732090893],[35.4705434082,0.9728366925],[35.4759390886,0.9673871455],[35.4809120516,0.9679615369],[35.5073657641,0.9710169387],[35.5133842317,0.9732777712],[35.5141529583,0.973566542],[35.538788398,0.9828208515],[35.5576877644,0.9673785901],[35.5666717839,0.9673775275],[35.5723436284,0.9611344024],[35.5764750466,0.9565867883],[35.5765747888,0.956476997],[35.5649672333,0.9227818378],[35.5724296032,0.8707470195],[35.5731864549,0.8654683219],[35.5724361405,0.8634871505],[35.5641498153,0.8417159797],[35.5626318495,0.8394558852],[35.547547477,0.816997264],[35.5457628122,0.8143401897],[35.5392462556,0.8046382051],[35.5391754726,0.8045328232],[35.537643598,0.7892326696],[35.5365383014,0.7781945904],[35.541071528,0.7545788076],[35.5196180592,0.7018181043],[35.5124836136,0.6763907502],[35.5143163715,0.6590429906],[35.5227196488,0.672544328],[35.5227258485,0.6725542877],[35.5227969712,0.5632989231],[35.5228006976,0.5569840982],[35.5227945043,0.5569626994],[35.5226181461,0.5563533601],[35.514487535,0.5500229451],[35.5109571492,0.5472742403],[35.5124027245,0.5298464641],[35.5128363848,0.5246174959],[35.5145090533,0.5229367792],[35.5159570264,0.5214818335],[35.5311339462,0.5062314995],[35.5311401876,0.5062252284],[35.532600812,0.5047575071],[35.5326207345,0.504737487],[35.535428589,0.501915974],[35.5394493364,0.4980915305],[35.5394556091,0.4980855637],[35.541232653,0.496395268],[35.5412536672,0.4963752805],[35.5477645919,0.4901821298],[35.5477708969,0.4901761321],[35.5500450061,0.488012992],[35.5544161212,0.4838551355],[35.5557476584,0.4796689029],[35.5560816673,0.4786187967],[35.5560880115,0.4785988517],[35.5584085063,0.4713032275],[35.558414836,0.4712833293],[35.5690574702,0.4378202748],[35.5727289101,0.4262753584],[35.5743783612,0.4210884598],[35.581051487,0.4001029344],[35.5823591638,0.3959903783],[35.586381207,0.3833409119],[35.5865880304,0.333452469],[35.5812751283,0.3206851718],[35.5810812869,0.3202193655],[35.5743101799,0.3039485561],[35.5727764392,0.3002631142],[35.560379627,0.2704760463],[35.5544917794,0.2563295783],[35.5662350909,0.2473015802],[35.5913823267,0.2636548504],[35.600441046,0.2509988609],[35.5907125552,0.2092370735],[35.5925872942,0.1920379513],[35.6079345649,0.1803001554],[35.6309861876,0.1803493996],[35.6349505246,0.1803578662],[35.6485057298,0.1721469128],[35.6620098809,0.1730811153],[35.6764309913,0.153356349],[35.6864669464,0.1396289532],[35.7062694677,0.1396703562],[35.7224246248,0.143397134],[35.7224315994,0.1433987428],[35.7260762279,0.1442395172],[35.7307372859,0.141908579],[35.7350924771,0.1397305871],[35.7390501065,0.139738854],[35.747369764,0.1397562309],[35.7556824501,0.1397735888],[35.7612213643,0.1397851543],[35.7666519429,0.1334573637],[35.7648794145,0.1253033811],[35.7244668581,0.0970568896],[35.728093554,0.0907254267],[35.7370896498,0.0916493465],[35.7434418232,0.0798899153],[35.7569472837,0.0835396453],[35.7615029401,0.0708707134],[35.7535810337,0.0236740939],[35.7676689652,-0.0206992069],[35.7881574779,-0.0616294011],[35.7874837795,-0.0693826788],[35.797073392,-0.063070592],[35.8058305798,-0.0557456635],[35.8111202906,-0.0516240787],[35.8347171947,-0.0483007902],[35.846791107,-0.0528966732],[35.8471345556,-0.0523337639],[35.8471344873,-0.0536838524],[35.8471343747,-0.0558357812],[35.8480732109,-0.055835832],[35.8554478568,-0.0558362299],[35.8554468341,-0.0725753115],[35.8548275778,-0.0725752681],[35.8388199296,-0.0725741436],[35.8388186323,-0.0893129556],[35.8471320545,-0.0893136752],[35.8471313072,-0.0976831491],[35.8138780146,-0.0976799885],[35.8138787697,-0.0893107855],[35.7972525327,-0.0893093293],[35.7972508034,-0.1074304046],[35.7972493209,-0.1208204555],[35.7972418834,-0.1729999908],[35.8055549969,-0.1730014021],[35.8055535612,-0.1813705363],[35.7972404457,-0.1813690558],[35.7972389392,-0.1897381216],[35.8055520594,-0.1897396705],[35.8055488509,-0.2064779376],[35.7972357224,-0.2064762521],[35.7972267477,-0.2148453161],[35.7928359158,-0.214844388],[35.7889209425,-0.214860825],[35.7889191641,-0.2232125554],[35.7972322328,-0.2232143831],[35.7972303874,-0.2315834484],[35.8055435289,-0.231585338],[35.8055416196,-0.2399544706],[35.8138548346,-0.2399564243],[35.8138528627,-0.2483256258],[35.8221661496,-0.2483276424],[35.8221641163,-0.2566969118],[35.8304774726,-0.2567160966],[35.8304732172,-0.273437664],[35.8387866552,-0.273439873],[35.8387844304,-0.2818092783],[35.8470979421,-0.281811548],[35.8470956553,-0.2901810197],[35.85540924,-0.2901833515],[35.8554068934,-0.2985528904],[35.863720551,-0.2985552832],[35.8637156704,-0.3152944936],[35.8886570795,-0.3153020347],[35.8886595334,-0.3069322298],[35.8803456713,-0.3069297884],[35.8803480656,-0.2985600499],[35.8969758441,-0.2985647905],[35.8969734616,-0.3069346628],[35.9052874574,-0.3069370903],[35.9052850165,-0.3153070287],[35.9135990837,-0.3153095157],[35.9135940176,-0.332049524],[35.9219081638,-0.3320521351],[35.92190554,-0.3404222049],[35.9135913867,-0.3404195261],[35.9135886904,-0.3487895298],[35.9219028509,-0.3487922744],[35.9218972768,-0.3655324122],[35.9302115176,-0.3655352789],[35.930205697,-0.3822755482],[35.9385200195,-0.38227854],[35.9385170201,-0.390648739],[35.9468314139,-0.3906517871],[35.9468252369,-0.407392316],[35.9551397122,-0.4073954861],[35.9551365352,-0.4157658158],[35.9564826046,-0.4157663388],[35.9634510847,-0.4157690424],[35.9634413964,-0.4403776502],[35.9634411937,-0.4408802242],[35.9637116004,-0.4408803353],[35.9717558337,-0.4408836363],[35.9717524169,-0.4492540949],[35.9800671306,-0.4492575623],[35.980061877,-0.4618658001],[35.9800491325,-0.4911101732],[35.9883639597,-0.4911139532],[35.9883563324,-0.5078551246],[35.9939150978,-0.5078577319],[35.9966712454,-0.5078590237],[35.9966678368,-0.5151847119],[35.9966673466,-0.5162296728],[35.9970604935,-0.5162298599],[36.0049823341,-0.5162336243],[36.0049783816,-0.5246043373],[36.0132934436,-0.5246083417],[36.0132853721,-0.5413498965],[36.0216005199,-0.5413540173],[36.0216045751,-0.5329831763],[36.0299197757,-0.5329872222],[36.0299157299,-0.5413581267],[36.0382310048,-0.5413622246],[36.0382227482,-0.5581041587],[36.0465381081,-0.5581083725],[36.0465338978,-0.5664794018],[36.0548493322,-0.5664836659],[36.0548450703,-0.5748547589],[36.0627156784,-0.5748588433],[36.0631605793,-0.574859073],[36.0631600554,-0.5758827772],[36.063151895,-0.5916013848],[36.0680737572,-0.5916040063],[36.0714674899,-0.591605812],[36.0714629417,-0.6002112003],[36.0714540327,-0.6167194632],[36.0797697202,-0.6167397907],[36.0797651317,-0.6250953455],[36.088072516,-0.6250999932],[36.0880809019,-0.6250999969],[36.0880715397,-0.6418583071],[36.0880570548,-0.6669566993],[36.0934135605,-0.6669598892],[36.0932544699,-0.6684343778],[36.0993731244,-0.6783634416],[36.0997473175,-0.6846315493],[36.1072068349,-0.6959902371],[36.1129767247,-0.6999936631],[36.1129852034,-0.6999995461],[36.1129849135,-0.700473008],[36.1129797652,-0.708829129],[36.121287408,-0.7088343401],[36.1212930601,-0.713452806],[36.1212845411,-0.7134583441],[36.1196423157,-0.7145261123],[36.1202815259,-0.7198428127],[36.1212883536,-0.7209783815],[36.1212854438,-0.7255928209],[36.1212801174,-0.7339643732],[36.1212747398,-0.7423206835],[36.1295824723,-0.7423261241],[36.1295910194,-0.7423261297],[36.1295910095,-0.7423413723],[36.1295632458,-0.7841843518],[36.1378796665,-0.7841900894],[36.1378564171,-0.817676905],[36.1461729659,-0.8176828703],[36.1461670191,-0.8260546348],[36.1522711325,-0.8260590453],[36.1544836457,-0.8260606419],[36.1544895753,-0.8176888165],[36.1627975692,-0.8176947402],[36.1628062442,-0.8176947463],[36.1628062337,-0.8177096984],[36.1627883267,-0.8428104033],[36.1665171865,-0.8428131379],[36.1710964017,-0.8428164902],[36.1711051091,-0.8428164966],[36.1711050984,-0.8428313521],[36.1710867034,-0.8679323307],[36.17939486,-0.8679385815],[36.1794035998,-0.867938589],[36.1794035888,-0.867953347],[36.1793975102,-0.876113557],[36.1793910649,-0.8846825958],[36.1841275163,-0.8846862206],[36.1876992867,-0.8846889494],[36.187708058,-0.8846889561],[36.1877017087,-0.8930756823],[36.1876757709,-0.9265492694],[36.1847630486,-0.92654694],[36.1793586817,-0.9265426091],[36.1793520262,-0.9349146106],[36.1741806018,-0.9349104218],[36.1544010636,-0.9348943302],[36.1543874523,-0.9516379677],[36.1460705454,-0.9516310462],[36.1460774012,-0.9432592891],[36.1377605748,-0.9432524076],[36.1377327073,-0.9767391928],[36.1294158619,-0.9767320464],[36.1294087224,-0.9851036803],[36.1210919165,-0.9850964527],[36.1210990766,-0.9767248812],[36.1044656904,-0.9767104868],[36.1044799077,-0.9599675864],[36.0992761748,-0.9599631445],[36.0878468498,-0.9599533586],[36.0878539068,-0.9515820331],[36.0795374897,-0.9515749497],[36.0795514579,-0.9348324212],[36.0629188892,-0.9348184461],[36.0629462356,-0.9013338834],[36.0546301228,-0.9013271176],[36.0546368224,-0.8929560393],[36.0380048204,-0.8929425759],[36.0380114948,-0.8845716234],[36.0213797826,-0.8845582122],[36.0213864311,-0.8761873854],[36.0047550089,-0.876174027],[36.0047616298,-0.8678033283],[35.9881304986,-0.8677900241],[35.9881370932,-0.8594194524],[35.9715062531,-0.859406204],[35.9715193228,-0.8426653174],[35.9632040357,-0.8426587955],[35.9631975157,-0.8510291742],[35.9465670978,-0.8510159468],[35.9465658121,-0.842645693],[35.9382585594,-0.8426391229],[35.9382650563,-0.8342838242],[35.9382650687,-0.8342689402],[35.938257258,-0.834268934],[35.9299500573,-0.8342624125],[35.9299565182,-0.8258922939],[35.9216415894,-0.8258858143],[35.9216479909,-0.8175307098],[35.9216543498,-0.8091457082],[35.9216466048,-0.8091457023],[35.9133318071,-0.809139336],[35.9050247571,-0.8091329595],[35.9050247467,-0.8091479406],[35.9050183754,-0.8175028813],[35.9133331561,-0.8175093298],[35.9133267259,-0.8258793172],[35.9050119289,-0.8258728027],[35.9050054158,-0.8342427237],[35.8966906661,-0.8342361255],[35.8966840697,-0.8426059799],[35.880054733,-0.8425925968],[35.8800613655,-0.8342228762],[35.8883759832,-0.8342295097],[35.8883825303,-0.8258597213],[35.8717533968,-0.82584657],[35.871746814,-0.8342162252],[35.8634323298,-0.8342095555],[35.863425662,-0.8425791433],[35.8551112259,-0.8425723899],[35.8551179103,-0.8342028692],[35.8384892746,-0.8341894445],[35.838482555,-0.8425588305],[35.8301683196,-0.8425520227],[35.8301817268,-0.8258133865],[35.8218675947,-0.8258066974],[35.8218742146,-0.8174374469],[35.8135601663,-0.8174308084],[35.8135468243,-0.8341691739],[35.7969188623,-0.834155572],[35.796925601,-0.8257865255],[35.7886117397,-0.8257797667],[35.7886184286,-0.8174107883],[35.7719909435,-0.8173973567],[35.7719774282,-0.8341350371],[35.7802911713,-0.8341418988],[35.7802774182,-0.8508797162],[35.7636499298,-0.8508656975],[35.7636568765,-0.8424969269],[35.755343253,-0.8424899608],[35.7553501486,-0.834121259],[35.7470366116,-0.8341143435],[35.7470502308,-0.8173770784],[35.7387367984,-0.8173702835],[35.7387435215,-0.8090017204],[35.7221168977,-0.8089882194],[35.7221033136,-0.8257250678],[35.7054768985,-0.8257112186],[35.7054837598,-0.8173429359],[35.7137969153,-0.817349798],[35.7138036896,-0.8089814447],[35.7054905512,-0.8089746519],[35.7054972727,-0.8006063675],[35.697184222,-0.8005996281],[35.6971774836,-0.8089678421],[35.6888644853,-0.8089610152],[35.6888712405,-0.8005928727],[35.6805583293,-0.8005860986],[35.6805378016,-0.825690315],[35.6722249096,-0.8256833111],[35.6722179087,-0.8340513114],[35.6639050709,-0.8340442197],[35.6639190367,-0.817308361],[35.6556063033,-0.8173013944],[35.6555993386,-0.8256692536],[35.6472866599,-0.8256621973],[35.647293641,-0.8172944106],[35.6389810507,-0.8172874104],[35.6389598392,-0.8423905524],[35.6306472671,-0.8423833185],[35.6306327338,-0.8591186019],[35.6223136066,-0.8591112002],[35.6140077338,-0.8591037921],[35.6140150591,-0.85075111],[35.614015072,-0.8507362949],[35.5973903823,-0.8507363723],[35.5973830203,-0.8590889097],[35.605695341,-0.85909636],[35.6056879128,-0.8674637844],[35.5973755739,-0.8674562616],[35.5973680554,-0.875823612],[35.5641193525,-0.8757930456],[35.5641269441,-0.8674259862],[35.547503065,-0.8674107392],[35.5474954368,-0.8757776514],[35.5241434329,-0.8757559015],[35.5201550464,-0.8724245271],[35.5137640242,-0.874522468],[35.5325161526,-0.8506781722],[35.5391170481,-0.8423173311],[35.5392075523,-0.8422026953],[35.5403603102,-0.8407425654],[35.5432150703,-0.8283086216],[35.5392213525,-0.8264276426],[35.5377490389,-0.8257342068],[35.5308652517,-0.8275342901],[35.5218625493,-0.8366972046],[35.5114198231,-0.8518458176],[35.508834215,-0.8551439995],[35.4998386722,-0.8432300557],[35.4807926382,-0.8493248181],[35.4688478018,-0.8589713882],[35.4643958324,-0.8589672388],[35.4643925978,-0.862474326],[35.4534029372,-0.8673230478],[35.4512613859,-0.8673210238],[35.4423026555,-0.8548327289],[35.4328971712,-0.8568430471],[35.4265535092,-0.8508023387],[35.4160007003,-0.8539544258],[35.4084047452,-0.8589772777],[35.3949823156,-0.8508165806],[35.3918452481,-0.8436503215],[35.3810980637,-0.8431091643],[35.3975200682,-0.8263815485],[35.391267233,-0.8087053268],[35.3908171331,-0.8074329684],[35.3896483027,-0.8046385679],[35.3876493411,-0.7998595659],[35.38365032,-0.7903137176],[35.3825456859,-0.7824213456],[35.3655868405,-0.7648516311],[35.3588909187,-0.7719558323],[35.3662748829,-0.7899794885],[35.3710183736,-0.7957767843],[35.3714518898,-0.8144961586],[35.3703764502,-0.8163258243],[35.3678183841,-0.8226468889],[35.3534485768,-0.8394623248],[35.351174027,-0.8408677018],[35.3355011771,-0.8501707972],[35.3219350665,-0.85768824],[35.3054483399,-0.8596506677],[35.3030246783,-0.849723615],[35.3159232621,-0.8408220564],[35.3254389433,-0.8258952422],[35.3379896292,-0.8050088082],[35.340048517,-0.7971948991],[35.3369153842,-0.7976236734],[35.3311499741,-0.8021918894],[35.3246873791,-0.8088336051],[35.3104936639,-0.8101247459],[35.3001468079,-0.7916072686],[35.2903138271,-0.7915362489],[35.2744770739,-0.7816962987],[35.2655416751,-0.7736232249],[35.2620068155,-0.775002784],[35.2556747542,-0.7774714375],[35.2502541168,-0.7816949568],[35.2436355084,-0.7923729361],[35.2367106692,-0.7997022746],[35.2280163788,-0.7998742104],[35.2276679499,-0.7885793177],[35.2296568678,-0.7817982515],[35.2238393285,-0.7816324386],[35.2136721297,-0.7667231862],[35.2080505621,-0.7584798603],[35.1885356076,-0.7666370865],[35.1769387305,-0.7587214947],[35.1736432743,-0.7586119391],[35.1597968434,-0.7581515954],[35.1506788149,-0.7548581286],[35.140232133,-0.7469507579],[35.1393452265,-0.7437209497],[35.1343206034,-0.7416901974],[35.1277230634,-0.7390276938],[35.1124714525,-0.7315512445],[35.0966813659,-0.7328262812],[35.0804625552,-0.7313326461],[35.0694176719,-0.7142057701],[35.0683983613,-0.7008234219],[35.0656945899,-0.7008078316],[35.0631394635,-0.7007930978],[35.0575677329,-0.7090518949],[35.0500501855,-0.7066984587],[35.0490432629,-0.6921672147],[35.0451258237,-0.6956010906],[35.0418878774,-0.6992694393],[35.0421942536,-0.715402959],[35.0489056638,-0.7306518682],[35.0551582177,-0.7463720392],[35.0536678724,-0.7594944343],[35.0422412456,-0.783150636],[35.031409321,-0.7920654097],[35.0251319576,-0.8023960463],[35.0166046207,-0.809480316],[35.0113933671,-0.8041468512],[35.0065891221,-0.8041153632],[35.005620683,-0.8100972453],[35.0064425738,-0.8204748714],[35.0031148029,-0.8328923076],[35.0098231197,-0.8523489916],[35.0004217161,-0.8515432975],[34.9937182238,-0.8597923503],[34.9903312891,-0.8629260814],[34.9865620861,-0.8664220517],[34.9788986124,-0.8792771086],[34.9776668678,-0.8880185629],[34.9826143437,-0.8963565649],[34.9866377858,-0.9065191212],[34.9825158741,-0.9233507616],[34.9777794708,-0.9248642004],[34.9748190919,-0.925385073],[34.9657919152,-0.9269733565],[34.965183296,-0.9270804379],[34.9602108467,-0.9206046337],[34.960066874,-0.9118561026],[34.9689445636,-0.8914191002],[34.9708300108,-0.8614778856],[34.966872693,-0.8448514367],[34.9571686099,-0.8311891584],[34.9474381828,-0.8207572249],[34.946177859,-0.8099102771],[34.9364187421,-0.8013244407],[34.9320508411,-0.8045133756],[34.9291148543,-0.8076828071],[34.9288601294,-0.8283926883],[34.9329303254,-0.8324059919],[34.9404255593,-0.8366061704],[34.9470410516,-0.8387262596],[34.9496708883,-0.8504948806],[34.9529914785,-0.8624981999],[34.9609102254,-0.8706250968],[34.9638032157,-0.8789375032],[34.9616025966,-0.8934430931],[34.9462555188,-0.8963243442],[34.9379909835,-0.9004208646],[34.935809178,-0.9130607977],[34.943260398,-0.9246231235],[34.9562330114,-0.9313902974],[34.9522517366,-0.941028233],[34.9437395469,-0.9467297186],[34.9365980669,-0.9526650529],[34.9268867098,-0.9638720304],[34.9179822773,-0.9729092911],[34.919295112,-0.9686510764],[34.916766495,-0.9638269226],[34.9137708882,-0.9551978128],[34.910201697,-0.9516286218],[34.9044909913,-0.9509147838],[34.8944972547,-0.9541270565],[34.8873588718,-0.9612654396],[34.8826894428,-0.9630486307],[34.875223621,-0.9626931159],[34.8652298843,-0.9573393286],[34.8588053395,-0.9509147836],[34.8548792282,-0.9427056426],[34.8498823606,-0.9255735234],[34.8427439775,-0.9259304432],[34.8412047097,-0.9274706106],[34.839020393,-0.9296561879],[34.8372602454,-0.9335849598],[34.8361440615,-0.9360763282],[34.8417771742,-0.9496481154],[34.8580915014,-0.9648346311],[34.8595191782,-0.9719730127],[34.8563069056,-0.9776837196],[34.8484546841,-0.9812529109],[34.8425303701,-0.986300547],[34.8331337366,-0.989909945],[34.8280233569,-1.0065300172],[34.8185746824,-1.0222126129],[34.8161817919,-1.0150971797],[34.8151911349,-1.0121514424],[34.8103930473,-1.0116627413],[34.807147261,-1.0171450647],[34.8055517002,-1.0198400213],[34.8000082853,-1.0312170851],[34.7921611264,-1.0473634162],[34.7912235868,-1.0480606745],[34.7878664688,-1.0505573846],[34.7829104313,-1.0542431785],[34.7790847711,-1.0570882761],[34.7777846066,-1.0672622637],[34.7761058247,-1.0876219353],[34.7584136699,-1.1215264078],[34.7501889812,-1.1446606907],[34.7578742313,-1.1429982258],[34.758999096,-1.1427548925],[34.7606263701,-1.1424567953],[34.7697526494,-1.1407849442],[34.7744959729,-1.1348383875],[34.7750698346,-1.1341189466],[34.7782635482,-1.1301150081],[34.7828120426,-1.1272035502],[34.7881306629,-1.1237990933],[34.7892517447,-1.1174208772],[34.791146446,-1.1066405235],[34.7918970707,-1.1023694015],[34.7933363849,-1.1007077805],[34.7994698058,-1.0936269238],[34.8005685111,-1.0923584815],[34.8013269344,-1.0914828869],[34.8021613653,-1.0923607254],[34.8070046296,-1.0974559562],[34.808982931,-1.1150373083],[34.8118912078,-1.1280744732],[34.8224375434,-1.1215246409],[34.8297389168,-1.1245483789],[34.8285430741,-1.1368629417],[34.8311939929,-1.155824517],[34.8478661362,-1.159594864],[34.8655204962,-1.1499031537],[34.8797431601,-1.140652589],[34.8872587922,-1.1477812861],[34.8693134342,-1.168882754],[34.8355780761,-1.1937486227],[34.8323180216,-1.2058135344],[34.833583297,-1.2094438308],[34.8350692332,-1.2137072959],[34.8325121149,-1.2162609818],[34.8295018619,-1.2192671626],[34.821962188,-1.2189850208],[34.8146301106,-1.2212120273],[34.8143379823,-1.2346727465],[34.824323006,-1.2493553076],[34.8286160246,-1.2603401248],[34.8200630027,-1.2771662404],[34.822281303,-1.2901955387],[34.8192512756,-1.294764581],[34.811412565,-1.2941423518],[34.8052259666,-1.2922387829],[34.7961849988,-1.2865527678],[34.7887113677,-1.2810453418],[34.7736580001,-1.2756853621],[34.7576447899,-1.2764822713],[34.7384296568,-1.2777108024],[34.7270339506,-1.2707809568],[34.7174650856,-1.2631872344],[34.7078658894,-1.2569372134],[34.7015137217,-1.252801353],[34.699568789,-1.2523814477],[34.6933014496,-1.2510283413]],[[34.9663169304,-0.0223541568],[34.9663209904,-0.0223541569],[34.9744207884,-0.02233639],[34.9663169304,-0.0223541568]],[[35.8886545595,-0.3236718394],[35.8969685018,-0.323674407],[35.8969710151,-0.315304535],[35.8886570795,-0.3153020347],[35.8886545595,-0.3236718394]],[[35.5376392899,-0.0763259218],[35.5395820459,-0.0829882294],[35.5414125725,-0.0892658269],[35.541416322,-0.0892859676],[35.5429739271,-0.0976530075],[35.5436045761,-0.1010408052],[35.5568474155,-0.1045745722],[35.5625163852,-0.1099150558],[35.5600994695,-0.1248857562],[35.5637049882,-0.1309091767],[35.5695600861,-0.1415461579],[35.5740048026,-0.1563325888],[35.583171718,-0.1552387384],[35.5873696086,-0.1458057419],[35.5828855002,-0.1358632327],[35.5801694893,-0.1321559318],[35.5802315907,-0.1243148916],[35.591792744,-0.1114729364],[35.59275682,-0.1054862695],[35.5834106841,-0.1015105738],[35.5816706617,-0.0908932057],[35.5869781852,-0.0849256504],[35.5879423795,-0.0796271105],[35.5843046471,-0.076609797],[35.575841522,-0.0774767286],[35.5736380084,-0.0668603579],[35.5704243905,-0.0682245201],[35.5662356734,-0.0764987516],[35.5636399006,-0.085937912],[35.5592839818,-0.0863715597],[35.5564006818,-0.0764447266],[35.5511168814,-0.0725529598],[35.5507114739,-0.0722543592],[35.5408044153,-0.0701905648],[35.5376392899,-0.0763259218]],[[35.5218863604,-0.1260417537],[35.5226561473,-0.1343787595],[35.5266269356,-0.1394850357],[35.5417325906,-0.1586718555],[35.5490026334,-0.1644805316],[35.5572560065,-0.1622295153],[35.5589123091,-0.1560064749],[35.5525706048,-0.1488199424],[35.5460555582,-0.1349520645],[35.5445637647,-0.1224876103],[35.5395785341,-0.1165622685],[35.5361823123,-0.1125256313],[35.5288495905,-0.1136345715],[35.5233818155,-0.1157178727],[35.5218863604,-0.1260417537]],[[35.6541706297,-0.1994894744],[35.65591705,-0.2031340042],[35.662260363,-0.2163718669],[35.6698343884,-0.2141131064],[35.671250237,-0.2095106936],[35.6694670075,-0.2032748892],[35.6668811991,-0.1980812798],[35.6649715939,-0.1942458683],[35.6655532697,-0.1897304106],[35.6657136206,-0.1884855983],[35.668827414,-0.1897310462],[35.6739180537,-0.1917671972],[35.6783054264,-0.187639419],[35.6821726389,-0.1897424522],[35.6840567694,-0.1980847515],[35.6841535806,-0.1985134075],[35.6893601836,-0.2057031738],[35.6936760931,-0.1980866894],[35.6947018879,-0.1962764008],[35.6936725936,-0.1831209452],[35.6909995967,-0.1745775469],[35.6857222383,-0.1756916447],[35.681855185,-0.1740595257],[35.676368022,-0.1731003722],[35.6725460631,-0.1764214664],[35.6708337567,-0.177909367],[35.6612300703,-0.1776185031],[35.6536640178,-0.1791893379],[35.6535812934,-0.188416398],[35.6540955508,-0.1980786822],[35.6541706297,-0.1994894744]],[[35.7140619498,-0.3487382165],[35.7140560007,-0.3654748926],[35.7306811149,-0.3654810057],[35.7306749182,-0.3822179602],[35.7389875956,-0.382221146],[35.7389811907,-0.3988265209],[35.7389811388,-0.3989582391],[35.7306684441,-0.3989549148],[35.7306651031,-0.4073233904],[35.7389778062,-0.4073267845],[35.7389673923,-0.4324324221],[35.7555930578,-0.4324396014],[35.7555858069,-0.4491769699],[35.7638987602,-0.4491806843],[35.7638950419,-0.4575494374],[35.7722080733,-0.4575532113],[35.7722042952,-0.4659220342],[35.7888305854,-0.4659296895],[35.7888267585,-0.4742986497],[35.7971400144,-0.4743025315],[35.7971281564,-0.4994096134],[35.8054415118,-0.4994136893],[35.8054414591,-0.4995208378],[35.8043662324,-0.4995578203],[35.7943575683,-0.5186446911],[35.7836769089,-0.535640186],[35.7778171832,-0.5499026655],[35.7780255595,-0.5533617584],[35.7832644766,-0.5552380298],[35.7907053527,-0.5426033505],[35.7965123497,-0.5334121571],[35.8041746893,-0.5207768204],[35.8058932021,-0.516152112],[35.8137467319,-0.5161560827],[35.8137382583,-0.5328944079],[35.8303653941,-0.5329030518],[35.8303566946,-0.5496416475],[35.8469841449,-0.5496505165],[35.846979718,-0.558019949],[35.8552935561,-0.5580244333],[35.8552890731,-0.5663939328],[35.8636029898,-0.5663984725],[35.8635891797,-0.5915071705],[35.8802172827,-0.5915166147],[35.8802125722,-0.5998863138],[35.8968409659,-0.599895841],[35.8968362136,-0.6082656727],[35.9051505212,-0.6082704826],[35.9051443561,-0.6189897708],[35.8826194835,-0.6027094602],[35.8780526531,-0.6008319293],[35.8743288328,-0.6081912096],[35.8766964416,-0.6245808491],[35.8818201081,-0.6333504363],[35.8821106655,-0.6338477537],[35.8887420057,-0.6341195671],[35.8906424644,-0.6333557778],[35.8960907557,-0.6311661083],[35.896171752,-0.6333591164],[35.8962784008,-0.636246838],[35.8973565161,-0.6429385223],[35.9014393956,-0.6471173933],[35.9069862783,-0.6411594383],[35.9140269684,-0.6472001323],[35.9181351422,-0.6488430235],[35.9236450573,-0.6461093947],[35.9346183224,-0.6482593188],[35.9341213428,-0.6333975341],[35.9383939543,-0.6334000791],[35.9383988382,-0.6250299181],[35.9521231225,-0.6250379613],[35.955028224,-0.6250396601],[35.9550267784,-0.627544005],[35.9550236314,-0.6329581498],[35.9525928432,-0.6350021052],[35.95533093,-0.6458673895],[35.9565822461,-0.6493256718],[35.9512361065,-0.6580552304],[35.9543661833,-0.6661574998],[35.9550038192,-0.6660329161],[35.9550032917,-0.6668911095],[35.9633181499,-0.666896285],[35.9633024572,-0.6920073457],[35.9716174227,-0.6920127014],[35.9716066681,-0.7087535365],[35.9799217264,-0.7087590068],[35.9799162685,-0.7171294884],[35.9882314068,-0.7171350082],[35.9882203274,-0.7338760993],[35.9965355601,-0.7338817324],[35.99652994,-0.7422523417],[36.0048452519,-0.7422580234],[36.004833852,-0.758999369],[36.013149259,-0.7590051637],[36.0131434797,-0.7673758989],[36.0214589653,-0.7673817414],[36.02144725,-0.784123339],[36.0297628323,-0.7841292915],[36.0297592354,-0.789211868],[36.0297568959,-0.7925001537],[36.0336708965,-0.7925029795],[36.0380725579,-0.7925061529],[36.0380697814,-0.7964018717],[36.0380665751,-0.8008770791],[36.042728313,-0.8008804694],[36.0463823167,-0.8008831238],[36.0463788188,-0.805750665],[36.0463640425,-0.8259960878],[36.054679898,-0.8260023047],[36.0546736986,-0.8343733546],[36.0629896341,-0.8343796177],[36.0629833898,-0.8427507301],[36.0546674367,-0.8427444041],[36.0546611123,-0.8511154541],[36.0629770832,-0.8511218429],[36.0629707142,-0.8594929544],[36.0712867654,-0.859499387],[36.0712803522,-0.8678705608],[36.0877642075,-0.8678833829],[36.0879126774,-0.8678834981],[36.087910836,-0.8702857503],[36.0878931756,-0.8929973922],[36.0899703998,-0.8929990494],[36.0962094865,-0.8930040188],[36.096196214,-0.9097467364],[36.1045126245,-0.9097534699],[36.104505915,-0.91812489],[36.1211389595,-0.9181384199],[36.121125433,-0.9348815056],[36.137758799,-0.934895204],[36.1377722583,-0.9181373079],[36.1377788794,-0.9097802077],[36.1294622241,-0.9097735512],[36.129468815,-0.9014019458],[36.1211522397,-0.9013953324],[36.1211587999,-0.8930091266],[36.1211589492,-0.8928174204],[36.1211652876,-0.8846375501],[36.1211948199,-0.8454820795],[36.1211968088,-0.842779658],[36.1212029189,-0.8344229656],[36.1140249795,-0.8344176684],[36.112895034,-0.8344168331],[36.1128877724,-0.8327405302],[36.1128926386,-0.826030421],[36.1128986438,-0.8176738543],[36.1045908216,-0.8176678258],[36.1046116156,-0.7758106902],[36.1046200665,-0.7758106961],[36.1129278042,-0.775816415],[36.1129445649,-0.7507019475],[36.1046368753,-0.7506964146],[36.1046284244,-0.750696408],[36.1046393327,-0.7339382775],[36.1046446808,-0.7255821226],[36.0963370659,-0.7255767595],[36.0963392073,-0.7088340183],[36.0880232666,-0.7088287578],[36.0880336093,-0.6920861459],[36.0797177599,-0.692080995],[36.0797228623,-0.6836942839],[36.079727884,-0.6753385064],[36.0714204474,-0.6753334708],[36.0714121253,-0.6753334658],[36.0714220386,-0.6585755382],[36.0714268883,-0.6502199179],[36.0631195242,-0.6502150559],[36.0631160438,-0.6418439304],[36.0464931745,-0.6418342861],[36.0464849486,-0.6418342813],[36.0464752203,-0.6585607073],[36.0464752112,-0.6585762705],[36.0298524732,-0.6585663188],[36.0215370867,-0.6585613197],[36.0215289571,-0.6585613148],[36.0215339075,-0.650174916],[36.0215387765,-0.6418197058],[36.0132316093,-0.6418148249],[36.013223512,-0.6418148202],[36.0132283493,-0.6334284205],[36.013233114,-0.6250576464],[36.0132378058,-0.6167025956],[36.0049226452,-0.6166978881],[36.004923529,-0.6151160293],[36.0049272953,-0.6083272089],[35.9882971986,-0.6083021293],[35.9883018026,-0.5999473338],[35.9739556633,-0.5999393587],[35.9716719774,-0.5999380856],[35.9716673393,-0.6083085068],[35.946723045,-0.6082943445],[35.9467277221,-0.5999241182],[35.9384209083,-0.5999194415],[35.9384222825,-0.5831791143],[35.938430092,-0.5831791186],[35.9467368801,-0.5831836648],[35.9467368886,-0.583167814],[35.9467413619,-0.5748134377],[35.9384267756,-0.5748089525],[35.9384312055,-0.5664387904],[35.9467457789,-0.5664432103],[35.9467548711,-0.5488115252],[35.946758641,-0.5413325263],[35.9439236492,-0.5413310874],[35.9135008775,-0.541315561],[35.9135172961,-0.5078356956],[35.9063496004,-0.507832243],[35.9052030617,-0.50783169],[35.9052108998,-0.4910918874],[35.888582672,-0.4910841091],[35.8885939947,-0.4659748011],[35.8802800107,-0.4659710951],[35.880287248,-0.4492316884],[35.8636595164,-0.4492245169],[35.8636630549,-0.440854946],[35.8553492977,-0.4408514135],[35.8553527788,-0.4324819104],[35.8387254822,-0.4324749504],[35.8387289155,-0.4241055817],[35.8207109901,-0.424098145],[35.8137885016,-0.4240952766],[35.8137905197,-0.4191378903],[35.8137918942,-0.4157261101],[35.8088833638,-0.4157241127],[35.7971653067,-0.4157193317],[35.7971685595,-0.4075745117],[35.797168649,-0.4073503025],[35.7968460799,-0.4073501733],[35.7888554653,-0.4073469695],[35.7888576509,-0.4017929504],[35.7888619618,-0.3906090464],[35.7805488638,-0.3906058413],[35.7805520166,-0.3822369486],[35.7722389951,-0.3822338049],[35.7722420893,-0.3738649809],[35.7556162678,-0.3738588058],[35.7556193072,-0.3654901189],[35.7473065083,-0.3654870889],[35.7473094865,-0.3571184721],[35.7389967641,-0.3571155039],[35.7389996816,-0.3487469574],[35.7146674154,-0.3487384295],[35.7140619498,-0.3487382165]],[[35.8451779281,-0.6176861994],[35.8455139594,-0.6063921924],[35.8469938085,-0.5939464135],[35.8426678315,-0.5916067394],[35.8311378615,-0.6012225077],[35.8265927619,-0.5970356191],[35.8214882469,-0.6053110972],[35.8135829958,-0.6193319791],[35.8107652369,-0.6266894773],[35.8120586859,-0.6354632791],[35.8178132683,-0.6322677655],[35.8261902738,-0.6161814189],[35.8293443035,-0.6215113816],[35.8281148321,-0.6314207711],[35.8365268142,-0.6377037434],[35.8386263782,-0.6399473193],[35.8417325442,-0.6432665532],[35.8414168476,-0.6531838845],[35.8427021272,-0.6624198641],[35.8470271347,-0.6654481336],[35.8557596274,-0.662275888],[35.856559557,-0.6491336058],[35.8496796708,-0.6333308532],[35.8451779281,-0.6176861994]],[[34.8553688094,-0.4427157809],[34.8555952627,-0.4459330663],[34.844777878,-0.4569376709],[34.8446615431,-0.4570560176],[34.8416179725,-0.4601521984],[34.8416170227,-0.4601531642],[34.8371355655,-0.4647120368],[34.8361291382,-0.4654110045],[34.8333094548,-0.4673692769],[34.8333085052,-0.467369936],[34.8241021403,-0.4737636755],[34.8187331048,-0.47749236],[34.8166937351,-0.4781059039],[34.8033820113,-0.4821106687],[34.779835054,-0.488969451],[34.7820865066,-0.4904567869],[34.7834698633,-0.4913704494],[34.7840851347,-0.4917768158],[34.7907859547,-0.5011840829],[34.792654814,-0.5038139877],[34.8001371544,-0.5112409398],[34.816668032,-0.5134485864],[34.8273057909,-0.5148692267],[34.8412775672,-0.5117390157],[34.8559535148,-0.506536059],[34.8726831055,-0.5022710245],[34.9022320614,-0.4957811523],[34.9219387528,-0.5007308154],[34.9270587156,-0.5054277012],[34.9292144574,-0.5135223249],[34.9336203342,-0.5141860232],[34.9473652029,-0.5105940351],[34.9490758192,-0.4990830956],[34.9521533313,-0.487579303],[34.9600300983,-0.476566474],[34.9694088965,-0.475712161],[34.9755219409,-0.4824354748],[34.980767148,-0.4847446132],[34.9839677473,-0.4836363839],[34.9941032398,-0.4761034931],[34.9933136438,-0.4622699003],[34.9872087798,-0.4541622323],[34.9873158305,-0.4474393283],[34.9874185251,-0.4404311467],[34.9875226105,-0.4333239617],[34.9828126772,-0.4353941883],[34.9745050247,-0.4390457281],[34.9713728703,-0.4404224189],[34.9704226355,-0.440841451],[34.967658376,-0.4420573186],[34.9412803027,-0.4440938306],[34.9402522068,-0.4441732017],[34.9171246999,-0.443801844],[34.9002132603,-0.4364737262],[34.8982141221,-0.4356135946],[34.8821939083,-0.4339349167],[34.8821929233,-0.4339364944],[34.8665423527,-0.4389755923],[34.8555951257,-0.4425633582],[34.8553688094,-0.4427157809]],[[34.9695228436,-0.4886143449],[34.9611956943,-0.498931117],[34.957917788,-0.5072052026],[34.9661339614,-0.5091033561],[34.9833161836,-0.5050631178],[34.9909810303,-0.4919782622],[34.9866804342,-0.4873424083],[34.980767148,-0.4847446132],[34.9695228436,-0.4886143449]],[[35.0334310396,-0.549161946],[35.0298631506,-0.5906364731],[35.0309511269,-0.6208393371],[35.0382677351,-0.6213462845],[35.0410554341,-0.5918622344],[35.0445761213,-0.5819766279],[35.0496136405,-0.5815540585],[35.0532658644,-0.5798663837],[35.0529672875,-0.5649814226],[35.0515143674,-0.5575361977],[35.0499042165,-0.5492856574],[35.0412699861,-0.543469466],[35.0334489177,-0.5489540531],[35.0334310396,-0.549161946]],[[34.5888228512,-1.107867956],[34.5949045655,-1.1127912481],[34.6053303613,-1.1229274402],[34.6108328649,-1.1278507329],[34.6302364311,-1.1429102155],[34.6426894644,-1.1487023246],[34.6563009212,-1.1542048281],[34.664989085,-1.1591281207],[34.6768629084,-1.1626033866],[34.6823654124,-1.1623137809],[34.6864668955,-1.1590757743],[34.6878679147,-1.1579696994],[34.6907639704,-1.1521775901],[34.6907639702,-1.1452270587],[34.6896732985,-1.1423640327],[34.6884471255,-1.139145345],[34.682075806,-1.1342220526],[34.6710707991,-1.1327740256],[34.6629618466,-1.1333532366],[34.6502192062,-1.1333532366],[34.6444270977,-1.1307467865],[34.6406622266,-1.1243754668],[34.6392141992,-1.1191625683],[34.6377661716,-1.1093159834],[34.6360285396,-1.1049719012],[34.6302364307,-1.0954149217],[34.6119912876,-1.0820930714],[34.6041719398,-1.0713776691],[34.6001882223,-1.0572006458],[34.6000838936,-1.0537782848],[34.609269477,-1.0456272645],[34.6261825082,-1.0457486134],[34.6334495514,-1.0461743939],[34.6334523312,-1.0461745566],[34.6423314783,-1.0466947744],[34.6595822162,-1.0409558922],[34.6667233639,-1.031201693],[34.6685862435,-1.0240231629],[34.6699787475,-1.0186728461],[34.6684359691,-1.0074740087],[34.6660047962,-1.002664492],[34.6632197648,-0.9971743421],[34.6518309396,-0.9891111329],[34.6335321323,-0.9847497222],[34.6219516411,-0.9819895807],[34.6119397503,-0.9773146094],[34.608646805,-0.9689251005],[34.6077808109,-0.9667188273],[34.6003387556,-0.9477595287],[34.583764102,-0.9494348687],[34.5790627447,-0.9499100532],[34.5660541806,-0.9240255249],[34.5574701608,-0.9140682575],[34.5478978845,-0.910540123],[34.5309545251,-0.9143411327],[34.5181362052,-0.9158605094],[34.5130213684,-0.9254937683],[34.5295073996,-0.9456448136],[34.5339450304,-0.9544072042],[34.535900087,-0.9582676562],[34.5427308428,-0.9717559753],[34.5446612456,-0.9749926353],[34.5496492872,-0.9833560822],[34.553077767,-0.9891047079],[34.5587993303,-0.9937758456],[34.563787921,-0.997848609],[34.5670936239,-0.9997261149],[34.5768141299,-1.0052470026],[34.5790431237,-1.0071624197],[34.579892008,-1.0084680217],[34.5849524064,-1.0162510986],[34.5849146871,-1.0168320911],[34.5842124215,-1.027647641],[34.5701730457,-1.0464902567],[34.5670195003,-1.0534416075],[34.5567841118,-1.0669344136],[34.5559800272,-1.0679650216],[34.5524577987,-1.0699374694],[34.549499127,-1.0723325842],[34.5480902352,-1.0751503673],[34.5483308901,-1.0789907077],[34.5500157201,-1.0826722821],[34.5552286185,-1.0875955753],[34.5586639455,-1.0902501421],[34.5615999381,-1.0925188675],[34.5723153398,-1.0997590033],[34.5735939884,-1.1003871079],[34.5888228512,-1.107867956]],[[34.7459886021,-1.2300705216],[34.7422961053,-1.2355208687],[34.7470830395,-1.2394341088],[34.763745425,-1.2464054657],[34.7743200542,-1.2479179948],[34.7872732394,-1.2497707052],[34.7820492999,-1.2422012765],[34.7743348004,-1.2386603819],[34.7633492401,-1.2336181143],[34.7537731238,-1.2285337181],[34.7459886021,-1.2300705216]],[[34.7616409638,-0.5459978663],[34.7593018914,-0.5489722083],[34.7585165199,-0.5499708733],[34.7527317871,-0.5573265417],[34.7510027711,-0.5595250663],[34.7502052365,-0.5608706798],[34.7437974123,-0.5716818577],[34.7354952049,-0.5803844418],[34.7259309249,-0.5873064395],[34.7207333867,-0.5945667942],[34.7238903964,-0.5991941568],[34.7406056843,-0.5960809466],[34.7584914114,-0.5843990993],[34.7587674448,-0.5842188081],[34.7600107681,-0.5824091764],[34.7657509267,-0.5740543497],[34.7671145671,-0.5720695334],[34.7734337936,-0.5557524296],[34.7761872999,-0.5406249698],[34.7763240588,-0.539873582],[34.7757652431,-0.5260524232],[34.7710365587,-0.5188762183],[34.7645261725,-0.5155377404],[34.7645314932,-0.5155231989],[34.7613858514,-0.5241079414],[34.7626484042,-0.5361007496],[34.7616409638,-0.5459978663]],[[34.6304709937,-0.8495599581],[34.6273141706,-0.8528364872],[34.6306462918,-0.8627640507],[34.6392442512,-0.8677855867],[34.6445611942,-0.8649414249],[34.6450574066,-0.8617122531],[34.6476475113,-0.8534437373],[34.6586085118,-0.8462071512],[34.6600745414,-0.8452392452],[34.6649939472,-0.8328352148],[34.6649206612,-0.8164739409],[34.6590114003,-0.8132141363],[34.6502673863,-0.8189106799],[34.648064749,-0.824701606],[34.6458109862,-0.8306267889],[34.6372430724,-0.8425451799],[34.6304709937,-0.8495599581]],[[34.6579261582,-0.8864360163],[34.6586799705,-0.8899035568],[34.660489123,-0.8938233856],[34.6615444618,-0.8981955026],[34.6624490376,-0.9006077047],[34.6642581896,-0.903472196],[34.6704394585,-0.9037737206],[34.6773494245,-0.9020244743],[34.6831121518,-0.8970002576],[34.6847808047,-0.8903330528],[34.683260577,-0.8815700094],[34.6764964988,-0.8716173708],[34.6673616009,-0.8715524172],[34.6597667773,-0.876560078],[34.6585687775,-0.8811582138],[34.6585292086,-0.8813100856],[34.6583046564,-0.8832188159],[34.6579261582,-0.8864360163]],[[34.639533747,-0.8915544344],[34.6390345152,-0.8930007011],[34.6336396793,-0.8984788982],[34.6293458612,-0.90283899],[34.6272708241,-0.908255052],[34.6250700884,-0.9139990531],[34.6327837746,-0.9256558764],[34.6378691015,-0.9427300521],[34.6457836826,-0.9524606414],[34.6522587581,-0.9449064044],[34.6509533825,-0.9375302231],[34.6490508663,-0.9207069215],[34.6508203515,-0.9039078785],[34.6477610153,-0.8915642506],[34.6477320548,-0.8914474072],[34.6397777246,-0.8908476291],[34.639533747,-0.8915544344]],[[34.5305728074,-0.8834705344],[34.5362076062,-0.8915776984],[34.5423296054,-0.8880020393],[34.5451680856,-0.8863441557],[34.542337491,-0.8814070574],[34.5399960937,-0.8773232578],[34.5414439512,-0.8699612114],[34.5400651835,-0.8663495845],[34.5376545313,-0.8600350909],[34.5340637656,-0.8576345015],[34.5324261117,-0.8565396589],[34.5271397906,-0.8599620109],[34.5284087827,-0.871020299],[34.5305728074,-0.8834705344]],[[34.5339206872,-0.9730588789],[34.5313614976,-0.9666182724],[34.5256357938,-0.9601386124],[34.523967647,-0.958251952],[34.5225466948,-0.9566448721],[34.5173428275,-0.9534148291],[34.5064107337,-0.9466293321],[34.4991917681,-0.9415067803],[34.4924598647,-0.9367298892],[34.4916575416,-0.9361605705],[34.4899177722,-0.9331385855],[34.4844717391,-0.9236789577],[34.4775123397,-0.9102658275],[34.4717763244,-0.913217584],[34.4698653968,-0.921266225],[34.472710037,-0.9348722133],[34.4828818164,-0.9460044632],[34.4841456525,-0.9467621334],[34.4892963419,-0.949849983],[34.4924404992,-0.9517349209],[34.4976444954,-0.9548547559],[34.5056042534,-0.9592884824],[34.5089383109,-0.966588439],[34.5090237578,-0.9667755293],[34.5094063433,-0.9676132159],[34.5155481919,-0.9749536532],[34.5202559635,-0.9805802224],[34.5332271883,-0.9857420645],[34.5360385337,-0.9783888801],[34.5339206872,-0.9730588789]],[[34.7087195076,-1.1594177269],[34.7124843781,-1.1672370741],[34.72001412,-1.1712915493],[34.7255166236,-1.170712339],[34.727254256,-1.1675266788],[34.7272542564,-1.1640514131],[34.723199781,-1.1582593051],[34.7194349093,-1.1515983785],[34.714801222,-1.1449374537],[34.7121947729,-1.1403037663],[34.7078941325,-1.1376973177],[34.7046650314,-1.1376973178],[34.7023481877,-1.1426206105],[34.7049546376,-1.1498607464],[34.7087195076,-1.1594177269]],[[34.6914077422,-0.4778067802],[34.6879015796,-0.4865395764],[34.6907432995,-0.5006094213],[34.6997826808,-0.5110353901],[34.7088951968,-0.5154737497],[34.7164262096,-0.5166675258],[34.7215024981,-0.512328408],[34.7077359271,-0.4924292295],[34.7045988026,-0.4859572106],[34.6987213836,-0.4785482263],[34.6916448489,-0.4778069302],[34.6914077422,-0.4778067802]],[[34.6822845271,-1.0278827913],[34.6886701781,-1.0304402356],[34.6925646785,-1.0284120241],[34.6919562279,-1.0128931743],[34.6883460636,-1.0032817707],[34.6895200623,-0.9957540912],[34.695451663,-0.9983116681],[34.6965477996,-1.0074413938],[34.699462482,-1.0209333666],[34.7047059038,-1.0232497886],[34.7090703365,-1.0203160716],[34.7091358964,-1.0063912994],[34.6989612245,-0.9848357211],[34.6939216187,-0.9627002378],[34.6910290665,-0.9539244493],[34.6807741776,-0.9506331107],[34.6709343979,-0.952178031],[34.6640362767,-0.9553478645],[34.6607988452,-0.9590300468],[34.6652596854,-0.9714752876],[34.6701154661,-0.9912906482],[34.6693144277,-0.9935044806],[34.6741452756,-1.0088849284],[34.6782020915,-1.0205566717],[34.6822845271,-1.0278827913]],[[34.7051452713,-0.9597889529],[34.7032590864,-0.9637682382],[34.7093735882,-0.9841849344],[34.7129040648,-0.9853932834],[34.7159433883,-0.9778150247],[34.7171955778,-0.9665499484],[34.7217951344,-0.9638159582],[34.7224177945,-0.9711921431],[34.7243912994,-0.9792632455],[34.7285715961,-0.9721541912],[34.7335318507,-0.9558418249],[34.7306589568,-0.9456922965],[34.7208406433,-0.9442359052],[34.7166131629,-0.9477749253],[34.71377295,-0.9501525717],[34.7104743099,-0.9529139606],[34.7051452713,-0.9597889529]],[[34.7522146499,-0.938017684],[34.7504926166,-0.9506658303],[34.7539205689,-0.9757845627],[34.7531522216,-0.9846894374],[34.7615759756,-0.9880358178],[34.7645502287,-0.9882953543],[34.7676097233,-0.9790993121],[34.7625895436,-0.9535122294],[34.7693359653,-0.9408962029],[34.7745579321,-0.9202182545],[34.7693387417,-0.9158021025],[34.7655722546,-0.9180379473],[34.764280329,-0.9197384577],[34.7608059396,-0.9242611403],[34.7522146499,-0.938017684]],[[34.7780543659,-1.2193521605],[34.7793894753,-1.2177187574],[34.7838071404,-1.2123140194],[34.773096625,-1.2040223773],[34.7568893878,-1.1984316255],[34.7466069896,-1.1976673071],[34.7490829931,-1.2045388714],[34.7689252701,-1.2165437764],[34.7743702967,-1.2182188298],[34.7780543659,-1.2193521605]],[[34.7921578784,-1.1874945416],[34.7910287776,-1.1870463548],[34.7840811956,-1.1842885763],[34.7827285169,-1.1837407838],[34.7691216122,-1.1763794192],[34.7581461305,-1.1772109512],[34.7587966766,-1.1829277228],[34.768135382,-1.1909778906],[34.7790917035,-1.1953978659],[34.7944135171,-1.1945906152],[34.7938007787,-1.192662966],[34.7921578784,-1.1874945416]],[[34.8352153327,-0.8176682769],[34.8355270595,-0.8153882962],[34.8364352293,-0.8086931105],[34.8339875536,-0.8081824254],[34.8284495849,-0.80702698],[34.8188639966,-0.8055704222],[34.8032602463,-0.8123785116],[34.7878918488,-0.8171055099],[34.7798666273,-0.8171308969],[34.7761745338,-0.8173422994],[34.7701643632,-0.8217620236],[34.769289286,-0.825959987],[34.7831817245,-0.8288627872],[34.7841181854,-0.8290584591],[34.7964564782,-0.830069604],[34.8177489596,-0.8269928635],[34.827610938,-0.8236096537],[34.8352153327,-0.8176682769]],[[34.7972558235,-0.575958623],[34.8068743969,-0.5739476922],[34.8135441034,-0.5689189017],[34.8192922014,-0.5659627463],[34.8263865887,-0.5648593636],[34.8326183715,-0.5584467998],[34.8253867143,-0.5489572147],[34.8098446525,-0.548623972],[34.7983937107,-0.5506194315],[34.7949189586,-0.5565850626],[34.7971225691,-0.5655830587],[34.7949946252,-0.5724877395],[34.7972558235,-0.575958623]],[[34.7678603293,-0.5898161496],[34.7616328427,-0.5957574901],[34.7594826219,-0.6063433183],[34.7532305876,-0.6141388001],[34.7520339786,-0.6208066851],[34.7584277432,-0.6215410297],[34.7648011721,-0.623885518],[34.7676299333,-0.6149180394],[34.7718208016,-0.6066544521],[34.7678603293,-0.5898161496]],[[34.7463826478,-0.6871158242],[34.7454494808,-0.6889530292],[34.7492645543,-0.6956606575],[34.7526070508,-0.7055890233],[34.7537055585,-0.7106623788],[34.7571050059,-0.7127574003],[34.7601089976,-0.709326026],[34.7622050086,-0.7051900193],[34.7693030652,-0.704088052],[34.7677580566,-0.6987798935],[34.7570537265,-0.6943317696],[34.7545971757,-0.6880929999],[34.7518856295,-0.6850837651],[34.7463826478,-0.6871158242]],[[34.7398743857,-0.6985922116],[34.7323399786,-0.6971528981],[34.7284239988,-0.700359005],[34.7283471406,-0.7088796304],[34.7310453237,-0.7137341039],[34.7387975731,-0.7149381772],[34.7472319284,-0.7175345489],[34.7481862484,-0.7136259563],[34.7471124601,-0.7067073476],[34.7398743857,-0.6985922116]],[[34.9316503609,-0.7738699015],[34.9338951958,-0.7704838868],[34.9285571874,-0.7625546168],[34.9097237763,-0.7476818606],[34.8919863182,-0.7369611777],[34.8784656146,-0.7331754608],[34.8766116058,-0.7403459731],[34.8807756626,-0.7465920583],[34.8936988776,-0.7585638013],[34.8963394322,-0.7602619911],[34.9099609512,-0.7704897368],[34.9192966837,-0.7747055271],[34.926374305,-0.7765984433],[34.9316503609,-0.7738699015]],[[34.9944346491,-0.7118447432],[34.9860066628,-0.7325288158],[34.9824169566,-0.7488643717],[34.9726717623,-0.7644731689],[34.9622477561,-0.7789150782],[34.959887783,-0.7865085472],[34.9634734791,-0.7941323331],[34.9724717572,-0.7852112684],[34.9855647991,-0.7555747798],[34.9992273702,-0.7365412336],[35.0073036746,-0.72898636],[35.0140298231,-0.7193606993],[35.0171359749,-0.7050879399],[35.0109384795,-0.6829262438],[34.9982328515,-0.6475800398],[34.9926832753,-0.6300240056],[34.9875748278,-0.6096808493],[34.9831254489,-0.6007015029],[34.9813373073,-0.5971206583],[34.9758638601,-0.5939696162],[34.9710473767,-0.5955498724],[34.9772588381,-0.6167869744],[34.9866285402,-0.641974697],[34.9926275538,-0.660444036],[34.9954342199,-0.6784376859],[34.9966408717,-0.6959627202],[34.9944346491,-0.7118447432]],[[35.0444790174,-0.6660938673],[35.0521053801,-0.6571629198],[35.0478801872,-0.6449157986],[35.0435803495,-0.6398173852],[35.0319384291,-0.6374332914],[35.0232170005,-0.6410630314],[35.021108073,-0.6468113106],[35.0217666077,-0.6493531652],[35.0287990326,-0.656312334],[35.0385198617,-0.6679014275],[35.0444790174,-0.6660938673]],[[34.9113590311,-0.6223393214],[34.9079614112,-0.6120204437],[34.9044900348,-0.5983271366],[34.9013653764,-0.5902427592],[34.8961197707,-0.5892901648],[34.8914917085,-0.5947873696],[34.8899876214,-0.608830186],[34.8949154576,-0.6201512455],[34.9078588709,-0.6301512185],[34.914267137,-0.6288137518],[34.9113590311,-0.6223393214]],[[34.903430787,-0.7116895918],[34.8997256921,-0.7171942109],[34.9079293666,-0.7193206391],[34.9273480114,-0.7212994852],[34.9354741765,-0.7331069277],[34.9383351485,-0.7441871961],[34.9428549751,-0.7495206039],[34.949920866,-0.751874763],[34.9531798688,-0.7461351418],[34.9557476404,-0.7403871469],[34.9617268622,-0.7372051063],[34.9631990747,-0.7268437754],[34.9543347058,-0.7201035732],[34.9390646034,-0.7156232365],[34.9340490042,-0.7135114912],[34.9368583853,-0.7063880497],[34.9535442658,-0.7076547283],[34.9652186783,-0.706583447],[34.972615392,-0.6981065059],[34.9710915137,-0.689802178],[34.9633214755,-0.6888245847],[34.9515958887,-0.6958857595],[34.933746125,-0.6980677011],[34.9397804104,-0.6884344712],[34.9519133765,-0.686674829],[34.959022238,-0.6839525907],[34.9546029392,-0.6677982305],[34.9578946896,-0.6586019412],[34.9476376947,-0.6546146138],[34.9408784563,-0.668628061],[34.932990491,-0.6805525441],[34.9244654069,-0.6874109286],[34.9195730311,-0.6970517667],[34.9142515294,-0.7039244708],[34.903430787,-0.7116895918]],[[34.4486450319,0.6994766421],[34.4638654434,0.7121729926],[34.4530975597,0.71670971],[34.4539694226,0.7257800068],[34.4432180761,0.7176180442],[34.4369371067,0.7194328945],[34.4422805752,0.7349423722],[34.4261331707,0.7385720715],[34.4181230979,0.7103652626],[34.4154885698,0.6813418438],[34.4253814442,0.6731770585],[34.4325094088,0.6922230183],[34.4486450319,0.6994766421]],[[34.5435916115,0.7648665495],[34.5247435109,0.7712180712],[34.5211814304,0.7603328367],[34.5226311584,0.7548095863],[34.5248238549,0.7464553813],[34.5257052987,0.7430969494],[34.5436167987,0.7548878673],[34.5435916115,0.7648665495]],[[34.8163151569,0.8056702353],[34.805535656,0.8111161041],[34.7957227381,0.7820784364],[34.798448137,0.7702811385],[34.8155231132,0.7566665165],[34.8199988922,0.7639256486],[34.8137013,0.7711864257],[34.8118563746,0.7902436352],[34.8503378152,0.8420581157],[34.8476328831,0.8484108876],[34.8163151569,0.8056702353]],[[34.7364199832,0.8129365707],[34.7391374408,0.8029551047],[34.7346656293,0.797511184],[34.7607348532,0.7775456234],[34.7680213968,0.7302680018],[34.7859682271,0.7302646253],[34.8021422332,0.7202794322],[34.8111112685,0.7229999894],[34.8057018318,0.7347981628],[34.7823449667,0.7465992229],[34.7760187619,0.7657470973],[34.7750292666,0.8065816143],[34.7678297252,0.8120267837],[34.7570961751,0.7966016716],[34.7364199832,0.8129365707]],[[34.9413119387,-0.3818206447],[34.9397551629,-0.3817663876],[34.9329181593,-0.3787275194],[34.9269321074,-0.3842191764],[34.9247027347,-0.3876040499],[34.9234546807,-0.3894989636],[34.9162948039,-0.3979778098],[34.9167210938,-0.4005104407],[34.9223635803,-0.4090791447],[34.9329035082,-0.406385805],[34.9413053677,-0.4036248051],[34.9480306552,-0.4014147259],[34.9496081576,-0.4007399831],[34.9565208514,-0.3977832044],[34.9593065518,-0.3938795115],[34.956429825,-0.3821125816],[34.9479721445,-0.3820527617],[34.9413119387,-0.3818206447]],[[35.1527793352,-0.4273488197],[35.1417657068,-0.4321159718],[35.1304868288,-0.440114102],[35.122339312,-0.4555010499],[35.1236243264,-0.4656528812],[35.1298329597,-0.4615446514],[35.1367456423,-0.4551367267],[35.1432077402,-0.4487202842],[35.1497858681,-0.4464031673],[35.1527793352,-0.4273488197]],[[35.1820262006,0.1875495535],[35.1722951159,0.1440812439],[35.2163589778,0.1541172073],[35.1874891663,0.1703550895],[35.1820262006,0.1875495535]],[[35.0992297968,0.2575040161],[35.1099967893,0.2584029554],[35.1216337216,0.2774576402],[35.1081601981,0.2839138695],[35.0973630156,0.2993549579],[35.0866024834,0.2930087853],[35.0821064579,0.2957356305],[35.0785056947,0.3066317329],[35.0641177419,0.3193513403],[35.0604986376,0.3356936479],[35.0551057596,0.3393285638],[35.05243004,0.3302530232],[35.0731523833,0.2848493391],[35.0579355173,0.2511836741],[35.0660204806,0.2457304051],[35.0821709237,0.2520713716],[35.0983738027,0.2293629986],[35.0992297968,0.2575040161]],[[35.0192370726,0.311215338],[35.0326924932,0.3139283907],[35.0434840562,0.3093816079],[35.0461650418,0.3157337618],[35.0353723922,0.3248191239],[35.0237020124,0.3248277166],[35.0165394534,0.3157559038],[35.0192370726,0.311215338]],[[35.4122310505,-0.8165802969],[35.4146890763,-0.823285644],[35.4249867687,-0.8231208658],[35.4498612358,-0.8048437773],[35.4623237756,-0.7938670138],[35.4637856156,-0.7920523562],[35.4644497239,-0.7912279611],[35.4669442647,-0.7881313294],[35.4659171457,-0.7836880315],[35.4649692245,-0.7795874154],[35.4644593532,-0.7797843989],[35.4491298064,-0.7857067099],[35.428633478,-0.8000959559],[35.4166345446,-0.8103836426],[35.4122310505,-0.8165802969]],[[35.3261513369,-0.8475733069],[35.3337689956,-0.8400164558],[35.3431986023,-0.835245574],[35.3506080377,-0.8256067131],[35.3529565781,-0.8187066817],[35.3596858724,-0.8090773331],[35.3615880533,-0.8014806518],[35.3506208262,-0.8000168705],[35.3438491507,-0.8142717258],[35.3375811396,-0.8248326971],[35.3290515077,-0.8314583246],[35.3232432281,-0.8406426607],[35.3261513369,-0.8475733069]],[[35.4095314379,-0.6152820911],[35.3993709195,-0.6079543689],[35.3895340591,-0.6008601502],[35.3888976158,-0.6199885412],[35.3795814933,-0.6381410632],[35.3684726003,-0.6521314231],[35.3697363414,-0.6632096778],[35.3775190208,-0.6625665132],[35.3895819781,-0.6453613618],[35.4024219918,-0.6415252274],[35.4063980929,-0.6323958193],[35.4066270992,-0.6318699958],[35.4095314379,-0.6152820911]],[[35.3148333214,-0.6151219987],[35.3065056459,-0.6252068392],[35.3050683925,-0.6314270078],[35.3141423308,-0.640014709],[35.3193235592,-0.6485801938],[35.3224413346,-0.6578181109],[35.3272184061,-0.6603829753],[35.3321324684,-0.6488903168],[35.3363139651,-0.641082522],[35.3391478848,-0.6318823506],[35.349047301,-0.6252620589],[35.3541820702,-0.6144565777],[35.3494381133,-0.6079723748],[35.3398796599,-0.6028340901],[35.3376373923,-0.5970619059],[35.3323930248,-0.5961001231],[35.3243157343,-0.6034242836],[35.3219773461,-0.6094013674],[35.3148333214,-0.6151219987]],[[35.4983646877,0.1075478151],[35.4983029458,0.1220331473],[35.4932291301,0.1282276504],[35.4901598175,0.1319748617],[35.4802845439,0.1229009558],[35.4808543338,0.1114933346],[35.4812791734,0.1029858827],[35.4929971119,0.0984833638],[35.4983646877,0.1075478151]],[[35.6148241946,-0.3288475714],[35.620383295,-0.3205808428],[35.6293734664,-0.3132501052],[35.6387700705,-0.3119308992],[35.644144085,-0.2997434437],[35.6411908501,-0.2969594379],[35.6350084989,-0.2969152966],[35.6306315932,-0.3008069551],[35.6228349947,-0.3030653007],[35.6156715856,-0.3099403725],[35.6114282591,-0.3246698794],[35.6148241946,-0.3288475714]],[[35.6353658499,-0.3596456684],[35.6388013712,-0.3601291842],[35.6489751176,-0.3479705497],[35.6559178947,-0.3394840852],[35.6580338828,-0.3321099904],[35.655531732,-0.3309459483],[35.6500404857,-0.3306831689],[35.6471304014,-0.323978253],[35.6383179516,-0.3366057688],[35.6315920705,-0.3467034735],[35.6290178742,-0.3529190666],[35.6351968453,-0.353878094],[35.6353658499,-0.3596456684]],[[35.5986141318,-0.3767078756],[35.6036225366,-0.3792805562],[35.605308323,-0.3691369758],[35.6013929394,-0.3469779949],[35.5966254995,-0.3427934291],[35.5924350445,-0.3501522116],[35.5883071763,-0.3519696211],[35.5853025206,-0.3551795862],[35.5832143795,-0.3583971376],[35.5886734826,-0.3616571026],[35.5913570487,-0.3690502261],[35.5947721146,-0.371380881],[35.5986141318,-0.3767078756]],[[35.6749123092,-0.0586469028],[35.6718975437,-0.0641940631],[35.6666065306,-0.0739293307],[35.6770420579,-0.1059375976],[35.680864407,-0.1363588935],[35.682681398,-0.150822574],[35.6933699115,-0.1519352498],[35.6976369175,-0.1630293433],[35.7019417503,-0.1729835385],[35.7086403309,-0.188473386],[35.7262461591,-0.2064789779],[35.7276977442,-0.2079635492],[35.7430458858,-0.2055189116],[35.7577578146,-0.1984568337],[35.7676893446,-0.1869836842],[35.7716952975,-0.1730130542],[35.7717002936,-0.172995628],[35.7722961371,-0.1709175797],[35.7723033093,-0.1708925689],[35.7731009885,-0.1681105769],[35.7723050918,-0.1598686457],[35.7722979353,-0.159794548],[35.7707828973,-0.1441074421],[35.7693119842,-0.1311686305],[35.7673715995,-0.1141023552],[35.7647798826,-0.106061744],[35.7591010381,-0.0884442849],[35.755383965,-0.0813242993],[35.7551911395,-0.0809546751],[35.7507681615,-0.0724764046],[35.7320426408,-0.0670601206],[35.7058090587,-0.0567592722],[35.6975033144,-0.0554843757],[35.6891912027,-0.054208512],[35.6854713277,-0.0536375338],[35.6808790022,-0.0558162153],[35.6749123092,-0.0586469028]],[[35.6583273222,-0.1157966835],[35.6572184693,-0.1144004308],[35.6559382255,-0.1127883707],[35.6505723572,-0.1060318185],[35.6504142629,-0.1058327523],[35.6476272547,-0.1049148479],[35.6449736338,-0.1040408777],[35.6384530968,-0.1126820667],[35.6363077652,-0.1230445969],[35.6394078919,-0.1345927877],[35.6528442827,-0.1348762805],[35.6583273222,-0.1157966835]],[[35.6074148471,-0.1825940697],[35.6225313511,-0.1803852586],[35.6296627128,-0.1765063272],[35.6326787917,-0.171683899],[35.6252300092,-0.160333588],[35.6210916424,-0.1621518951],[35.6175740511,-0.1720457283],[35.6086280913,-0.1745334665],[35.5946845431,-0.1730641976],[35.5840952635,-0.1803806678],[35.5823992263,-0.1912034395],[35.5875783234,-0.2006922758],[35.6002829842,-0.1871609942],[35.6074148471,-0.1825940697]],[[35.5030441426,0.2842809857],[35.4985563837,0.2806495037],[35.5022484037,0.2589295301],[35.5122159891,0.2435606959],[35.5175536671,0.2607743244],[35.5030441426,0.2842809857]],[[35.5765868444,0.1384934691],[35.5855929669,0.1385123386],[35.5928152794,0.1330948822],[35.5954898136,0.1394385038],[35.5791076622,0.1829547816],[35.5709717242,0.190180641],[35.5711684969,0.1430091672],[35.5765868444,0.1384934691]]]}},{"type":"Feature","properties":{"country":"Kenya","country_code":"KEN","species_name":"Cupressus_lusitanica","genus":"Cupressus","species":"lusitanica","suitability_name":"Very suitable","suitability_rank":1,"source_layer":"KCFP_SSMT_Kenya","tz":null,"soil_description":null},"geometry":{"type":"Polygon","coordinates":[[[34.2681554149,-1.0770117658],[34.2663058018,-1.0767140241],[34.2598564646,-1.077872873],[34.2598611352,-1.0748548375],[34.2681587257,-1.074867819],[34.2681554149,-1.0770117658]]]}},{"type":"Feature","properties":{"country":"Kenya","country_code":"KEN","species_name":"Cupressus_lusitanica","genus":"Cupressus","species":"lusitanica","suitability_name":"Very suitable","suitability_rank":1,"source_layer":"KCFP_SSMT_Kenya","tz":null,"soil_description":null},"geometry":{"type":"Polygon","coordinates":[[[34.2515622711,-1.0748418331],[34.251555254,-1.0793644362],[34.2443520445,-1.0806586758],[34.2349554589,-1.0808411272],[34.2349777707,-1.0664627349],[34.2432764112,-1.0664756838],[34.2432635291,-1.0748148829],[34.2515609831,-1.0748279094],[34.2515609615,-1.0748418301],[34.2515622711,-1.0748418331]]]}},{"type":"Feature","properties":{"country":"Kenya","country_code":"KEN","species_name":"Cupressus_lusitanica","genus":"Cupressus","species":"lusitanica","suitability_name":"Very suitable","suitability_rank":1,"source_layer":"KCFP_SSMT_Kenya","tz":null,"soil_description":null},"geometry":{"type":"Polygon","coordinates":[[[34.4515511631,-0.0962043276],[34.4515485439,-0.1142510076],[34.4432488735,-0.1142496808],[34.4432501443,-0.1058941402],[34.4330056764,-0.1058926192],[34.4337190671,-0.1026790454],[34.4417566948,-0.0974375485],[34.4515511631,-0.0962043276]]]}},{"type":"Feature","properties":{"country":"Kenya","country_code":"KEN","species_name":"Cupressus_lusitanica","genus":"Cupressus","species":"lusitanica","suitability_name":"Very suitable","suitability_rank":1,"source_layer":"KCFP_SSMT_Kenya","tz":null,"soil_description":null},"geometry":{"type":"Polygon","coordinates":[[[34.5022962805,-0.083907372],[34.5097394945,-0.0913640426],[34.5227225373,-0.0914800923],[34.5262531805,-0.0905775657],[34.5262522908,-0.097549834],[34.5013509967,-0.0975464851],[34.5013526744,-0.0840043999],[34.5022962805,-0.083907372]]]}},{"type":"Feature","properties":{"country":"Kenya","country_code":"KEN","species_name":"Cupressus_lusitanica","genus":"Cupressus","species":"lusitanica","suitability_name":"Very suitable","suitability_rank":1,"source_layer":"KCFP_SSMT_Kenya","tz":null,"soil_description":null},"geometry":{"type":"Polygon","coordinates":[[[34.5345539684,-0.0891943477],[34.5316656095,-0.0891939941],[34.5345540572,-0.0884556191],[34.5345539684,-0.0891943477]]]}},{"type":"Feature","properties":{"country":"Kenya","country_code":"KEN","species_name":"Cupressus_lusitanica","genus":"Cupressus","species":"lusitanica","suitability_name":"Very suitable","suitability_rank":1,"source_layer":"KCFP_SSMT_Kenya","tz":null,"soil_description":null},"geometry":{"type":"Polygon","coordinates":[[[34.3768651982,-0.03241471],[34.3768634094,-0.0324156081],[34.3768652736,-0.0306913974],[34.3802970638,-0.030691547],[34.3768651982,-0.03241471]]]}},{"type":"Feature","properties":{"country":"Kenya","country_code":"KEN","species_name":"Cupressus_lusitanica","genus":"Cupressus","species":"lusitanica","suitability_name":"Very suitable","suitability_rank":1,"source_layer":"KCFP_SSMT_Kenya","tz":null,"soil_description":null},"geometry":{"type":"Polygon","coordinates":[[[34.2109029696,0.0779017602],[34.2109019747,0.0862545122],[34.194308485,0.0862524024],[34.1943048771,0.1113100465],[34.2017149738,0.111311265],[34.2261313385,0.0862564438],[34.2191988712,0.0862555648],[34.2191998644,0.07790271],[34.2109029696,0.0779017602]]]}},{"type":"Feature","properties":{"country":"Kenya","country_code":"KEN","species_name":"Cupressus_lusitanica","genus":"Cupressus","species":"lusitanica","suitability_name":"Very suitable","suitability_rank":1,"source_layer":"KCFP_SSMT_Kenya","tz":null,"soil_description":null},"geometry":{"type":"Polygon","coordinates":[[[34.0319111276,0.1864374913],[34.0316967948,0.183097149],[34.0283784181,0.1761072799],[34.0283755942,0.1864364841],[34.0319111276,0.1864374913]]]}},{"type":"Feature","properties":{"country":"Kenya","country_code":"KEN","species_name":"Cupressus_lusitanica","genus":"Cupressus","species":"lusitanica","suitability_name":"Very suitable","suitability_rank":1,"source_layer":"KCFP_SSMT_Kenya","tz":null,"soil_description":null},"geometry":{"type":"Polygon","coordinates":[[[34.0698475669,0.1947992464],[34.0698499467,0.1864482534],[34.0781451317,0.1864505966],[34.0781474044,0.1780994994],[34.0864426879,0.1781017322],[34.0864448528,0.1697505311],[34.0947402376,0.1697526565],[34.0947425594,0.1603007038],[34.0918089981,0.1549423161],[34.0855304334,0.160387306],[34.0780234312,0.1530648203],[34.0698590337,0.1530442848],[34.0698601981,0.1451024074],[34.0694597497,0.1447118155],[34.0615652202,0.1447100815],[34.061563361,0.1530423588],[34.0532689432,0.153040429],[34.0532669677,0.1614098869],[34.0532664252,0.1614098859],[34.0532621765,0.1780927751],[34.0449673087,0.1780905265],[34.0449694917,0.1697398509],[34.0364309173,0.169737641],[34.0391400613,0.1947901514],[34.0449626292,0.1947918802],[34.0449585137,0.2083714533],[34.0469940073,0.2115127561],[34.0523939191,0.2198463973],[34.0532497028,0.2198655836],[34.0532492733,0.2211664775],[34.0532498155,0.221167315],[34.057818277,0.2282179833],[34.0615404787,0.2339627049],[34.0621051347,0.2348341855],[34.0615398516,0.2357452173],[34.0610398426,0.2365510483],[34.0615389917,0.2365512285],[34.0615365549,0.2449021141],[34.0698310913,0.2449051966],[34.0698310853,0.2449241928],[34.0698279805,0.2532561879],[34.086418526,0.2532625458],[34.0864216204,0.2449303425],[34.0864216274,0.2449113449],[34.0864222971,0.2449113442],[34.1030133117,0.2449174729],[34.1113082084,0.2449205288],[34.1113058828,0.253291073],[34.1113082015,0.2449395262],[34.1113019361,0.2616235568],[34.1030062862,0.2616393542],[34.1029995954,0.2783231102],[34.1112960067,0.2783457107],[34.1112952412,0.2783457104],[34.1112917414,0.2866972563],[34.111280633,0.3117326369],[34.1173540693,0.3117354806],[34.1130886883,0.3074132887],[34.1166808664,0.3010646608],[34.1328225005,0.3028669559],[34.1587705261,0.338209116],[34.144456358,0.3287452864],[34.144448215,0.3451558414],[34.1693371828,0.3451686314],[34.1693344634,0.3505043923],[34.1739782347,0.3508930946],[34.1892340698,0.3454435699],[34.2072272079,0.3182306552],[34.203682707,0.2901246675],[34.123110209,0.2121215851],[34.122790215,0.2115369831],[34.1196170134,0.2057398649],[34.1196152292,0.2115171061],[34.1030239018,0.2115118319],[34.1030264739,0.2031604205],[34.0947309698,0.2031578811],[34.0947334433,0.1948065758],[34.0864380463,0.1948041368],[34.0864355695,0.2031553384],[34.0781402732,0.2031527896],[34.0781427541,0.1948016936],[34.0698475669,0.1947992464]],[[34.1150087252,0.232073398],[34.0989810498,0.2365835907],[34.0988555703,0.2366188998],[34.0988323281,0.2365835377],[34.095282269,0.2311822079],[34.1042630794,0.2212027331],[34.1159155885,0.2230066581],[34.1499220943,0.2655921066],[34.1418423652,0.2692245834],[34.1150087252,0.232073398]],[[34.123901089,0.2773971463],[34.1633315161,0.2901529283],[34.1874927051,0.3200570863],[34.1830037014,0.3236868053],[34.1722603031,0.3137203303],[34.1677373572,0.3345767992],[34.1588077151,0.3137292609],[34.124775688,0.2856467168],[34.123901089,0.2773971463]]]}},{"type":"Feature","properties":{"country":"Kenya","country_code":"KEN","species_name":"Cupressus_lusitanica","genus":"Cupressus","species":"lusitanica","suitability_name":"Very suitable","suitability_rank":1,"source_layer":"KCFP_SSMT_Kenya","tz":null,"soil_description":null},"geometry":{"type":"Polygon","coordinates":[[[34.0532439899,0.2365482468],[34.0533815923,0.2365482963],[34.0532440549,0.2363677502],[34.0532439899,0.2365482468]]]}},{"type":"Feature","properties":{"country":"Kenya","country_code":"KEN","species_name":"Cupressus_lusitanica","genus":"Cupressus","species":"lusitanica","suitability_name":"Very suitable","suitability_rank":1,"source_layer":"KCFP_SSMT_Kenya","tz":null,"soil_description":null},"geometry":{"type":"Polygon","coordinates":[[[34.1235677047,0.3117383862],[34.1278722987,0.311740397],[34.1278683985,0.3200921177],[34.13452437,0.3200953066],[34.1310127075,0.3101211659],[34.1235677047,0.3117383862]]]}},{"type":"Feature","properties":{"country":"Kenya","country_code":"KEN","species_name":"Cupressus_lusitanica","genus":"Cupressus","species":"lusitanica","suitability_name":"Very suitable","suitability_rank":1,"source_layer":"KCFP_SSMT_Kenya","tz":null,"soil_description":null},"geometry":{"type":"Polygon","coordinates":[[[34.1440124027,0.3284517689],[34.1361628905,0.3232621648],[34.1361603966,0.3284479158],[34.1440124027,0.3284517689]]]}},{"type":"Feature","properties":{"country":"Kenya","country_code":"KEN","species_name":"Cupressus_lusitanica","genus":"Cupressus","species":"lusitanica","suitability_name":"Very suitable","suitability_rank":1,"source_layer":"KCFP_SSMT_Kenya","tz":null,"soil_description":null},"geometry":{"type":"Polygon","coordinates":[[[34.1101218217,0.4704105882],[34.1194845462,0.4704172026],[34.1194903108,0.4620655908],[34.1277863398,0.4620713364],[34.1277805849,0.4704230529],[34.1357672523,0.4704286757],[34.1360771208,0.469859401],[34.1360824718,0.4620770731],[34.140311553,0.4620799937],[34.1415032597,0.4598905733],[34.1379372534,0.4517324751],[34.1146540275,0.4345176564],[34.1105378309,0.4286533594],[34.1029206627,0.4286484477],[34.1029152923,0.4369998532],[34.0951380031,0.4369947325],[34.1101218217,0.4704105882]]]}},{"type":"Feature","properties":{"country":"Kenya","country_code":"KEN","species_name":"Cupressus_lusitanica","genus":"Cupressus","species":"lusitanica","suitability_name":"Very suitable","suitability_rank":1,"source_layer":"KCFP_SSMT_Kenya","tz":null,"soil_description":null},"geometry":{"type":"Polygon","coordinates":[[[34.2854411204,0.4454713636],[34.2854247096,0.4705323348],[34.2897510058,0.4705352833],[34.2858781317,0.4643589926],[34.2872004454,0.4454724991],[34.2854411204,0.4454713636]]]}},{"type":"Feature","properties":{"country":"Kenya","country_code":"KEN","species_name":"Cupressus_lusitanica","genus":"Cupressus","species":"lusitanica","suitability_name":"Very suitable","suitability_rank":1,"source_layer":"KCFP_SSMT_Kenya","tz":null,"soil_description":null},"geometry":{"type":"Polygon","coordinates":[[[34.1775589749,0.4704579476],[34.178765141,0.4704587887],[34.1775591558,0.4701950125],[34.1775589749,0.4704579476]]]}},{"type":"Feature","properties":{"country":"Kenya","country_code":"KEN","species_name":"Cupressus_lusitanica","genus":"Cupressus","species":"lusitanica","suitability_name":"Very suitable","suitability_rank":1,"source_layer":"KCFP_SSMT_Kenya","tz":null,"soil_description":null},"geometry":{"type":"Polygon","coordinates":[[[34.2109650484,0.554008683],[34.202392849,0.5470638804],[34.202387291,0.5540016822],[34.2109650484,0.554008683]]]}},{"type":"Feature","properties":{"country":"Kenya","country_code":"KEN","species_name":"Cupressus_lusitanica","genus":"Cupressus","species":"lusitanica","suitability_name":"Very suitable","suitability_rank":1,"source_layer":"KCFP_SSMT_Kenya","tz":null,"soil_description":null},"geometry":{"type":"Polygon","coordinates":[[[34.5528248152,0.6458457486],[34.5501468203,0.6385891287],[34.5654519912,0.6149984177],[34.5726383605,0.6104603388],[34.5789023769,0.619530405],[34.5825401964,0.6004781073],[34.5735747322,0.5922255223],[34.5628026304,0.5968556535],[34.534010781,0.6367790312],[34.533985484,0.6458504552],[34.5456308522,0.6567334253],[34.5528248152,0.6458457486]]]}},{"type":"Feature","properties":{"country":"Kenya","country_code":"KEN","species_name":"Cupressus_lusitanica","genus":"Cupressus","species":"lusitanica","suitability_name":"Very suitable","suitability_rank":1,"source_layer":"KCFP_SSMT_Kenya","tz":null,"soil_description":null},"geometry":{"type":"Polygon","coordinates":[[[34.343382519,0.6376587502],[34.3433806476,0.6397345317],[34.3448661987,0.637660104],[34.343382519,0.6376587502]]]}},{"type":"Feature","properties":{"country":"Kenya","country_code":"KEN","species_name":"Cupressus_lusitanica","genus":"Cupressus","species":"lusitanica","suitability_name":"Very suitable","suitability_rank":1,"source_layer":"KCFP_SSMT_Kenya","tz":null,"soil_description":null},"geometry":{"type":"Polygon","coordinates":[[[34.6783950472,-0.9837684111],[34.6711920152,-0.9719766107],[34.6703396444,-0.9657574236],[34.6726312926,-0.9648514697],[34.6817695318,-0.9662993965],[34.6846964913,-0.9711516646],[34.6843737048,-0.9803641293],[34.681544958,-0.9909134404],[34.6783950472,-0.9837684111]]]}},{"type":"Feature","properties":{"country":"Kenya","country_code":"KEN","species_name":"Cupressus_lusitanica","genus":"Cupressus","species":"lusitanica","suitability_name":"Very suitable","suitability_rank":1,"source_layer":"KCFP_SSMT_Kenya","tz":null,"soil_description":null},"geometry":{"type":"Polygon","coordinates":[[[34.6009619855,-0.0919015878],[34.6009612697,-0.097559769],[34.5926598971,-0.0975586741],[34.5926591764,-0.10293867],[34.5843585231,-0.0982800022],[34.5843586178,-0.0975575763],[34.583071016,-0.0975574058],[34.581020573,-0.0964066256],[34.5827131255,-0.0874183461],[34.5877428319,-0.0910988197],[34.6009619855,-0.0919015878]]]}},{"type":"Feature","properties":{"country":"Kenya","country_code":"KEN","species_name":"Cupressus_lusitanica","genus":"Cupressus","species":"lusitanica","suitability_name":"Very suitable","suitability_rank":1,"source_layer":"KCFP_SSMT_Kenya","tz":null,"soil_description":null},"geometry":{"type":"Polygon","coordinates":[[[34.7587132665,-0.0387390474],[34.7645503402,-0.0373188103],[34.7753164133,-0.0400799062],[34.7753157303,-0.0517144383],[34.7728101723,-0.0535715771],[34.7719280304,-0.0641448855],[34.7585476045,-0.0641437688],[34.7590574517,-0.0603788803],[34.7536840281,-0.0510805132],[34.7529030692,-0.0474073243],[34.7526014403,-0.0459886549],[34.757238759,-0.0390978135],[34.7587132665,-0.0387390474]]]}},{"type":"Feature","properties":{"country":"Kenya","country_code":"KEN","species_name":"Cupressus_lusitanica","genus":"Cupressus","species":"lusitanica","suitability_name":"Very suitable","suitability_rank":1,"source_layer":"KCFP_SSMT_Kenya","tz":null,"soil_description":null},"geometry":{"type":"Polygon","coordinates":[[[34.8522728791,-1.075710624],[34.8540364694,-1.0656037975],[34.8591536893,-1.0473792825],[34.855337721,-1.0341094204],[34.847423264,-1.0146593745],[34.8463380609,-1.0025524735],[34.8529433483,-1.0071620902],[34.86573446,-1.0115870181],[34.8720735792,-1.0125134587],[34.8736751802,-1.022827812],[34.8837174142,-1.0283757584],[34.8887272554,-1.0271883047],[34.8852384761,-1.0436825116],[34.8863241837,-1.0560141035],[34.8871825802,-1.0678888216],[34.881184923,-1.0785771068],[34.8742332146,-1.0836344612],[34.8609953419,-1.0932647069],[34.8538489775,-1.090940143],[34.8519280712,-1.077686567],[34.8522728791,-1.075710624]],[[34.8783435573,-1.0523013711],[34.8809053445,-1.04205504],[34.8784126565,-1.0363301365],[34.8719972911,-1.0394814833],[34.8673537002,-1.0556535879],[34.8636681984,-1.0606486854],[34.857214953,-1.0699568501],[34.8602250598,-1.0757215113],[34.8615232073,-1.0782076203],[34.8642378471,-1.0757269973],[34.8647430143,-1.0752653768],[34.8714169898,-1.0657239482],[34.8783435573,-1.0523013711]]]}},{"type":"Feature","properties":{"country":"Kenya","country_code":"KEN","species_name":"Cupressus_lusitanica","genus":"Cupressus","species":"lusitanica","suitability_name":"Very suitable","suitability_rank":1,"source_layer":"KCFP_SSMT_Kenya","tz":null,"soil_description":null},"geometry":{"type":"Polygon","coordinates":[[[34.9168889669,-1.0260968638],[34.9207731256,-1.0261203015],[34.9260033385,-1.0325511054],[34.917873758,-1.0589720628],[34.9120545191,-1.0794750813],[34.9067381108,-1.0906202122],[34.8991344666,-1.096068153],[34.8966443793,-1.0978522514],[34.889326735,-1.0978042644],[34.8868689208,-1.0924788328],[34.8845715339,-1.0875010711],[34.8905791436,-1.0763556992],[34.8935240014,-1.0825375306],[34.8996734935,-1.0857770499],[34.9147585169,-1.0402332629],[34.9131834648,-1.0338261656],[34.9168889669,-1.0260968638]]]}},{"type":"Feature","properties":{"country":"Kenya","country_code":"KEN","species_name":"Cupressus_lusitanica","genus":"Cupressus","species":"lusitanica","suitability_name":"Very suitable","suitability_rank":1,"source_layer":"KCFP_SSMT_Kenya","tz":null,"soil_description":null},"geometry":{"type":"Polygon","coordinates":[[[34.9613547071,-0.0471013373],[34.9647356014,-0.0474201024],[34.9586027003,-0.0474197416],[34.9613547071,-0.0471013373]]]}},{"type":"Feature","properties":{"country":"Kenya","country_code":"KEN","species_name":"Cupressus_lusitanica","genus":"Cupressus","species":"lusitanica","suitability_name":"Very suitable","suitability_rank":1,"source_layer":"KCFP_SSMT_Kenya","tz":null,"soil_description":null},"geometry":{"type":"Polygon","coordinates":[[[35.0405897806,0.8974930278],[35.0410876334,0.8974935711],[35.0279630886,0.8955980457],[35.0225571768,0.9046753919],[35.0225350562,0.9141971008],[35.0239574138,0.9141986889],[35.0239485141,0.9222411139],[35.0241718235,0.9225608548],[35.0322552291,0.9225699515],[35.0322736152,0.9058459528],[35.0405807312,0.9058551129],[35.0405897806,0.8974930278]]]}},{"type":"Feature","properties":{"country":"Kenya","country_code":"KEN","species_name":"Cupressus_lusitanica","genus":"Cupressus","species":"lusitanica","suitability_name":"Very suitable","suitability_rank":1,"source_layer":"KCFP_SSMT_Kenya","tz":null,"soil_description":null},"geometry":{"type":"Polygon","coordinates":[[[35.0073154323,0.9392653354],[35.0073173377,0.9375875674],[35.0063208141,0.9374435863],[35.0038439122,0.9392613343],[35.0073154323,0.9392653354]]]}},{"type":"Feature","properties":{"country":"Kenya","country_code":"KEN","species_name":"Cupressus_lusitanica","genus":"Cupressus","species":"lusitanica","suitability_name":"Very suitable","suitability_rank":1,"source_layer":"KCFP_SSMT_Kenya","tz":null,"soil_description":null},"geometry":{"type":"Polygon","coordinates":[[[34.9989990097,0.9476174159],[34.9990045172,0.9428128349],[34.9924679035,0.9476098047],[34.9989990097,0.9476174159]]]}},{"type":"Feature","properties":{"country":"Kenya","country_code":"KEN","species_name":"Cupressus_lusitanica","genus":"Cupressus","species":"lusitanica","suitability_name":"Very suitable","suitability_rank":1,"source_layer":"KCFP_SSMT_Kenya","tz":null,"soil_description":null},"geometry":{"type":"Polygon","coordinates":[[[34.9906727909,0.9643308759],[34.9906907148,0.9489139997],[34.9865317837,0.9519660202],[34.9852131897,0.9643243886],[34.9906727909,0.9643308759]]]}},{"type":"Feature","properties":{"country":"Kenya","country_code":"KEN","species_name":"Cupressus_lusitanica","genus":"Cupressus","species":"lusitanica","suitability_name":"Very suitable","suitability_rank":1,"source_layer":"KCFP_SSMT_Kenya","tz":null,"soil_description":null},"geometry":{"type":"Polygon","coordinates":[[[35.2811717832,-1.2017349314],[35.2777551112,-1.2017302413],[35.2788384658,-1.1998543425],[35.2811820998,-1.1940940517],[35.2811717832,-1.2017349314]]]}},{"type":"Feature","properties":{"country":"Kenya","country_code":"KEN","species_name":"Cupressus_lusitanica","genus":"Cupressus","species":"lusitanica","suitability_name":"Very suitable","suitability_rank":1,"source_layer":"KCFP_SSMT_Kenya","tz":null,"soil_description":null},"geometry":{"type":"Polygon","coordinates":[[[35.2707720627,-1.1933562852],[35.2707654573,-1.1933697649],[35.2666762087,-1.2017150044],[35.2645513448,-1.2017120767],[35.264562665,-1.1933612835],[35.2707720627,-1.1933562852]]]}},{"type":"Feature","properties":{"country":"Kenya","country_code":"KEN","species_name":"Cupressus_lusitanica","genus":"Cupressus","species":"lusitanica","suitability_name":"Very suitable","suitability_rank":1,"source_layer":"KCFP_SSMT_Kenya","tz":null,"soil_description":null},"geometry":{"type":"Polygon","coordinates":[[[35.2843964637,-1.1861934214],[35.2843610083,-1.185023853],[35.2843605985,-1.1850103301],[35.2894992611,-1.185017272],[35.2895045711,-1.1850172791],[35.2894933867,-1.1933818009],[35.281476321,-1.19337089],[35.2843964637,-1.1861934214]]]}},{"type":"Feature","properties":{"country":"Kenya","country_code":"KEN","species_name":"Cupressus_lusitanica","genus":"Cupressus","species":"lusitanica","suitability_name":"Very suitable","suitability_rank":1,"source_layer":"KCFP_SSMT_Kenya","tz":null,"soil_description":null},"geometry":{"type":"Polygon","coordinates":[[[35.2521835232,-1.1766024638],[35.2562750984,-1.1766080013],[35.2562689533,-1.1812022649],[35.2521835232,-1.1766024638]]]}},{"type":"Feature","properties":{"country":"Kenya","country_code":"KEN","species_name":"Cupressus_lusitanica","genus":"Cupressus","species":"lusitanica","suitability_name":"Very suitable","suitability_rank":1,"source_layer":"KCFP_SSMT_Kenya","tz":null,"soil_description":null},"geometry":{"type":"Polygon","coordinates":[[[35.2972360696,-1.180345397],[35.2953667473,-1.1850251875],[35.2895045711,-1.1850172791],[35.2895213956,-1.1682882276],[35.2821535238,-1.1682784119],[35.281219582,-1.1659091309],[35.281227423,-1.1599263367],[35.281231299,-1.1569575314],[35.284136186,-1.1599301865],[35.289526902,-1.1640891762],[35.2924947329,-1.1663788929],[35.2972360696,-1.180345397]]]}},{"type":"Feature","properties":{"country":"Kenya","country_code":"KEN","species_name":"Cupressus_lusitanica","genus":"Cupressus","species":"lusitanica","suitability_name":"Very suitable","suitability_rank":1,"source_layer":"KCFP_SSMT_Kenya","tz":null,"soil_description":null},"geometry":{"type":"Polygon","coordinates":[[[35.2684876723,-1.1143744693],[35.2675989093,-1.1098022676],[35.2621091345,-1.1099954999],[35.2563581215,-1.1085662793],[35.2545595082,-1.1081192945],[35.2511643142,-1.1005546198],[35.2480617866,-1.1020022672],[35.2480730761,-1.0929554779],[35.2563827855,-1.0929659299],[35.2563931174,-1.0846017193],[35.2647028826,-1.0846120675],[35.2647131133,-1.0762477765],[35.2664544264,-1.0762499263],[35.2666108317,-1.077594944],[35.2656530416,-1.0846271578],[35.265180532,-1.0880962157],[35.2648881446,-1.1033935634],[35.2772557342,-1.1002798363],[35.2815523635,-1.1076735201],[35.2803974348,-1.1124000637],[35.2755558061,-1.1192191435],[35.2750807546,-1.1228690282],[35.2737961598,-1.1276494292],[35.2720592691,-1.1340442175],[35.2731343059,-1.1484348489],[35.2760857907,-1.1515414946],[35.2646129781,-1.1515263652],[35.2603729941,-1.1515207624],[35.2594033691,-1.1487962871],[35.2590040894,-1.1431683881],[35.2583333582,-1.1337154453],[35.2621670999,-1.1264440504],[35.2643305698,-1.1223405481],[35.2646513212,-1.1217259124],[35.2684876723,-1.1143744693]]]}},{"type":"Feature","properties":{"country":"Kenya","country_code":"KEN","species_name":"Cupressus_lusitanica","genus":"Cupressus","species":"lusitanica","suitability_name":"Very suitable","suitability_rank":1,"source_layer":"KCFP_SSMT_Kenya","tz":null,"soil_description":null},"geometry":{"type":"Polygon","coordinates":[[[35.2405277225,-1.1096741089],[35.2397391654,-1.1122689339],[35.2397424519,-1.1096731029],[35.2405277225,-1.1096741089]]]}},{"type":"Feature","properties":{"country":"Kenya","country_code":"KEN","species_name":"Cupressus_lusitanica","genus":"Cupressus","species":"lusitanica","suitability_name":"Very suitable","suitability_rank":1,"source_layer":"KCFP_SSMT_Kenya","tz":null,"soil_description":null},"geometry":{"type":"Polygon","coordinates":[[[35.2226393213,-0.8085656681],[35.2303724252,-0.8164888741],[35.2376478777,-0.8218395249],[35.2375500833,-0.8319765044],[35.2291822905,-0.8455247272],[35.223234637,-0.8454853252],[35.2131445034,-0.8244346459],[35.2072741769,-0.8158697442],[35.211685136,-0.8089778291],[35.2132092399,-0.8085568125],[35.2206299413,-0.8065069079],[35.2226393213,-0.8085656681]]]}},{"type":"Feature","properties":{"country":"Kenya","country_code":"KEN","species_name":"Cupressus_lusitanica","genus":"Cupressus","species":"lusitanica","suitability_name":"Very suitable","suitability_rank":1,"source_layer":"KCFP_SSMT_Kenya","tz":null,"soil_description":null},"geometry":{"type":"Polygon","coordinates":[[[35.2155518476,-0.1901865783],[35.2205781567,-0.1909109579],[35.2293426151,-0.1819717473],[35.2307766138,-0.1752988537],[35.2266906767,-0.1711245964],[35.229895333,-0.1706845303],[35.2366961151,-0.1629703462],[35.2458365814,-0.1783950085],[35.2484449443,-0.1947726019],[35.2510731569,-0.2077018486],[35.2715986427,-0.2138304328],[35.2763327096,-0.2219231586],[35.2689506972,-0.2292580834],[35.258458778,-0.2259631736],[35.2488442775,-0.2272828142],[35.2444694183,-0.231634645],[35.2421223742,-0.237612171],[35.2404120534,-0.236712066],[35.2337051868,-0.2331824033],[35.2360089794,-0.2315765279],[35.2359448093,-0.2314444586],[35.2310657063,-0.2214027964],[35.2221748199,-0.2176618911],[35.2078584875,-0.2074230151],[35.2031743068,-0.1991408383],[35.2104861039,-0.1943043031],[35.2139827965,-0.1875012844],[35.2155518476,-0.1901865783]]]}},{"type":"Feature","properties":{"country":"Kenya","country_code":"KEN","species_name":"Cupressus_lusitanica","genus":"Cupressus","species":"lusitanica","suitability_name":"Very suitable","suitability_rank":1,"source_layer":"KCFP_SSMT_Kenya","tz":null,"soil_description":null},"geometry":{"type":"Polygon","coordinates":[[[35.1100422015,0.7292832545],[35.1105852455,0.7303127036],[35.115517684,0.7303170038],[35.115524833,0.7219541565],[35.1129571916,0.7219519443],[35.1100422015,0.7292832545]]]}},{"type":"Feature","properties":{"country":"Kenya","country_code":"KEN","species_name":"Cupressus_lusitanica","genus":"Cupressus","species":"lusitanica","suitability_name":"Very suitable","suitability_rank":1,"source_layer":"KCFP_SSMT_Kenya","tz":null,"soil_description":null},"geometry":{"type":"Polygon","coordinates":[[[35.0821528833,0.872450604],[35.0821615052,0.8640880978],[35.0738540646,0.8640794515],[35.0738454246,0.872441875],[35.0821528833,0.872450604]]]}},{"type":"Feature","properties":{"country":"Kenya","country_code":"KEN","species_name":"Cupressus_lusitanica","genus":"Cupressus","species":"lusitanica","suitability_name":"Very suitable","suitability_rank":1,"source_layer":"KCFP_SSMT_Kenya","tz":null,"soil_description":null},"geometry":{"type":"Polygon","coordinates":[[[35.2730954622,1.0148407597],[35.2739527674,1.0148417552],[35.2730979037,1.0127083958],[35.2730954622,1.0148407597]]]}},{"type":"Feature","properties":{"country":"Kenya","country_code":"KEN","species_name":"Cupressus_lusitanica","genus":"Cupressus","species":"lusitanica","suitability_name":"Very suitable","suitability_rank":1,"source_layer":"KCFP_SSMT_Kenya","tz":null,"soil_description":null},"geometry":{"type":"Polygon","coordinates":[[[35.2564370646,1.0482782721],[35.2564433586,1.042972562],[35.2564469722,1.0399140595],[35.2544767273,1.0399117029],[35.2481374044,1.0399041158],[35.2481274749,1.0482682493],[35.2564370646,1.0482782721]]]}},{"type":"Feature","properties":{"country":"Kenya","country_code":"KEN","species_name":"Cupressus_lusitanica","genus":"Cupressus","species":"lusitanica","suitability_name":"Very suitable","suitability_rank":1,"source_layer":"KCFP_SSMT_Kenya","tz":null,"soil_description":null},"geometry":{"type":"Polygon","coordinates":[[[35.214703005,1.273731706],[35.2145895407,1.2737531568],[35.2145891059,1.274050624],[35.2160860938,1.2740528393],[35.214703005,1.273731706]]]}},{"type":"Feature","properties":{"country":"Kenya","country_code":"KEN","species_name":"Cupressus_lusitanica","genus":"Cupressus","species":"lusitanica","suitability_name":"Very suitable","suitability_rank":1,"source_layer":"KCFP_SSMT_Kenya","tz":null,"soil_description":null},"geometry":{"type":"Polygon","coordinates":[[[35.2311968268,1.2824391348],[35.2523401527,1.2824704215],[35.2312039561,1.2775629772],[35.2311968268,1.2824391348]]]}},{"type":"Feature","properties":{"country":"Kenya","country_code":"KEN","species_name":"Cupressus_lusitanica","genus":"Cupressus","species":"lusitanica","suitability_name":"Very suitable","suitability_rank":1,"source_layer":"KCFP_SSMT_Kenya","tz":null,"soil_description":null},"geometry":{"type":"Polygon","coordinates":[[[35.1730032397,1.2990789286],[35.1730069883,1.2965888109],[35.1711602435,1.2990761147],[35.1730032397,1.2990789286]]]}},{"type":"Feature","properties":{"country":"Kenya","country_code":"KEN","species_name":"Cupressus_lusitanica","genus":"Cupressus","species":"lusitanica","suitability_name":"Very suitable","suitability_rank":1,"source_layer":"KCFP_SSMT_Kenya","tz":null,"soil_description":null},"geometry":{"type":"Polygon","coordinates":[[[35.5058725091,-0.9426711556],[35.5141842149,-0.9426795496],[35.5141758479,-0.9510461623],[35.5058641223,-0.951037692],[35.5058725091,-0.9426711556]]]}},{"type":"Feature","properties":{"country":"Kenya","country_code":"KEN","species_name":"Cupressus_lusitanica","genus":"Cupressus","species":"lusitanica","suitability_name":"Very suitable","suitability_rank":1,"source_layer":"KCFP_SSMT_Kenya","tz":null,"soil_description":null},"geometry":{"type":"Polygon","coordinates":[[[35.4533385308,0.8728218217],[35.4560718706,0.8728244185],[35.4560796749,0.8644583286],[35.4477686687,0.8644505023],[35.4477672954,0.865925259],[35.4533385308,0.8728218217]]]}},{"type":"Feature","properties":{"country":"Kenya","country_code":"KEN","species_name":"Cupressus_lusitanica","genus":"Cupressus","species":"lusitanica","suitability_name":"Very suitable","suitability_rank":1,"source_layer":"KCFP_SSMT_Kenya","tz":null,"soil_description":null},"geometry":{"type":"Polygon","coordinates":[[[35.4144851685,0.9062475591],[35.4144795733,0.9119126318],[35.4227802533,0.9162676862],[35.4248497269,0.9173534651],[35.428933527,0.9146061865],[35.4311000636,0.9131486907],[35.4311068363,0.9062641033],[35.4144851685,0.9062475591]]]}},{"type":"Feature","properties":{"country":"Kenya","country_code":"KEN","species_name":"Cupressus_lusitanica","genus":"Cupressus","species":"lusitanica","suitability_name":"Very suitable","suitability_rank":1,"source_layer":"KCFP_SSMT_Kenya","tz":null,"soil_description":null},"geometry":{"type":"Polygon","coordinates":[[[35.7045894371,-1.5683739724],[35.7045992144,-1.5621180671],[35.712914592,-1.5621311861],[35.7129275768,-1.5537628843],[35.7212429915,-1.5537759001],[35.7212433244,-1.5535596786],[35.7485485318,-1.5789242696],[35.7378351611,-1.578907365],[35.7378481864,-1.5705388549],[35.7295325669,-1.5705257652],[35.7295195086,-1.5788942055],[35.7212039264,-1.5788810126],[35.7212170178,-1.5705126432],[35.7129015375,-1.5704994871],[35.7128884131,-1.5788677864],[35.708792984,-1.5788612601],[35.7074737191,-1.5761453847],[35.7045894371,-1.5683739724]]]}},{"type":"Feature","properties":{"country":"Kenya","country_code":"KEN","species_name":"Cupressus_lusitanica","genus":"Cupressus","species":"lusitanica","suitability_name":"Very suitable","suitability_rank":1,"source_layer":"KCFP_SSMT_Kenya","tz":null,"soil_description":null},"geometry":{"type":"Polygon","coordinates":[[[35.6722108373,-0.8424193113],[35.6722036961,-0.8507873099],[35.663890822,-0.8507800759],[35.6638979818,-0.8424121476],[35.6722108373,-0.8424193113]]]}},{"type":"Feature","properties":{"country":"Kenya","country_code":"KEN","species_name":"Cupressus_lusitanica","genus":"Cupressus","species":"lusitanica","suitability_name":"Very suitable","suitability_rank":1,"source_layer":"KCFP_SSMT_Kenya","tz":null,"soil_description":null},"geometry":{"type":"Polygon","coordinates":[[[35.7141088808,0.2031484179],[35.7224126162,0.2115500358],[35.7293730371,0.2185926038],[35.7390364461,0.2172263559],[35.7482980867,0.2159168926],[35.753521367,0.2203176438],[35.7582056241,0.2287063551],[35.7639791473,0.2287076681],[35.7639772368,0.2370764583],[35.7722901095,0.2370784137],[35.7722833419,0.2646698688],[35.776922326,0.2649716952],[35.7832038267,0.2722304086],[35.7827665305,0.2789255999],[35.7972186621,0.2789295724],[35.7972163644,0.2872986368],[35.8055295421,0.2873009812],[35.8055271825,0.2956701148],[35.7972139969,0.2956677012],[35.7972115633,0.3040367654],[35.7888984403,0.3040342771],[35.7888852207,0.3458598269],[35.7888852142,0.3458792514],[35.7888779831,0.345879249],[35.7805721252,0.3458764124],[35.7805692691,0.3542453394],[35.7722562402,0.3542424242],[35.7722440991,0.3877178504],[35.7805571574,0.38772104],[35.7805539589,0.3960899652],[35.7722408915,0.3960867067],[35.7722342727,0.4128244178],[35.7639212577,0.4128210128],[35.7639178368,0.4211897995],[35.7722308614,0.4211932735],[35.7722202132,0.4462998375],[35.7639071621,0.4462961564],[35.7639034666,0.4546649431],[35.7555904738,0.4546611825],[35.7555941788,0.4462924668],[35.7389684198,0.4462850576],[35.7389531091,0.4797593659],[35.7354289385,0.4797576715],[35.7433558689,0.4964787065],[35.7461795551,0.5024351259],[35.7462737437,0.5048487604],[35.7469922321,0.5232652728],[35.7472370805,0.5239325764],[35.7525184469,0.538326543],[35.755538158,0.5465567899],[35.7576676235,0.5523607727],[35.7564500971,0.5550862621],[35.7555395311,0.5571245955],[35.7503939164,0.568642978],[35.751425509,0.571800553],[35.7555171695,0.5843248997],[35.7583883729,0.5931137703],[35.7555023132,0.6096454369],[35.752841483,0.6248854722],[35.7617892274,0.6375866209],[35.7637977513,0.6386282856],[35.7640474061,0.6387577618],[35.7721083344,0.6429383537],[35.7802037944,0.6471368751],[35.7802435329,0.6471574839],[35.78042624,0.6471576007],[35.7804261803,0.6472522107],[35.7887296961,0.6515586597],[35.7963604255,0.6555162029],[35.7964002264,0.6555368448],[35.7970406838,0.6555372567],[35.7970477333,0.655872663],[35.7986418702,0.6566994373],[35.804907756,0.6638907952],[35.8049257575,0.6639114558],[35.8053489223,0.6639117304],[35.8053559005,0.6644051328],[35.8121159823,0.672264631],[35.8121205103,0.6722853155],[35.8136571878,0.6722863262],[35.8219782936,0.6722917907],[35.8219728434,0.6806610485],[35.8139527933,0.6806557164],[35.8249406984,0.7308578179],[35.8249452746,0.7308787288],[35.8302452813,0.730882501],[35.8302526738,0.7308825062],[35.8302467818,0.73923089],[35.8385607964,0.7392578016],[35.8385725122,0.7225190197],[35.846886579,0.7225248423],[35.8469091452,0.6890470045],[35.8469146332,0.6806568312],[35.8469306546,0.6555485459],[35.8469394101,0.6414133854],[35.8469319622,0.6413998071],[35.8455221601,0.638829362],[35.8317462242,0.6137127963],[35.8303283177,0.6136914938],[35.8303298235,0.6111304523],[35.8303224391,0.61111699],[35.825010746,0.6014329601],[35.8261369251,0.5802322587],[35.8220338056,0.58020961],[35.8220384342,0.5718606762],[35.8265813673,0.5718632087],[35.8269826049,0.5643065974],[35.8220448702,0.5600488354],[35.8220356478,0.5634914103],[35.8137294,0.5634868383],[35.813729411,0.5634665759],[35.8137339177,0.5551176442],[35.8137265902,0.5551176403],[35.8054203885,0.5551131253],[35.8054203993,0.5550928947],[35.8054253924,0.5457182026],[35.8054180997,0.5457119152],[35.8027564327,0.5434168411],[35.8042304228,0.5383540749],[35.8054313956,0.5342289712],[35.8054335702,0.5300057459],[35.7971128793,0.5300014165],[35.7888067845,0.5299970825],[35.7888067948,0.5299769488],[35.7888110649,0.5216280923],[35.7721845738,0.5216195198],[35.7721888078,0.5132506678],[35.7888152771,0.5132591027],[35.7888194213,0.5048901111],[35.7971327471,0.5048942434],[35.7971286146,0.5132633026],[35.8115328817,0.5132705554],[35.8137592531,0.5056226075],[35.8137634948,0.4968543977],[35.8124404363,0.4881634509],[35.805454184,0.488160111],[35.8054694558,0.4546835966],[35.8073431194,0.4546844318],[35.8067625752,0.45087188],[35.80845362,0.4462959607],[35.811538591,0.4379479399],[35.813785291,0.4318681621],[35.8137926276,0.4318483093],[35.8146381137,0.4295603151],[35.8167937519,0.4237268022],[35.8168695243,0.4044536756],[35.8168901776,0.3991843467],[35.8141401658,0.387733842],[35.8138100745,0.3877337168],[35.8138105871,0.3863615746],[35.8121299171,0.3793638931],[35.8054998492,0.3793614291],[35.8054935769,0.3960800723],[35.8055028884,0.370992299],[35.8055095985,0.3518012795],[35.805502313,0.3517709509],[35.8040836553,0.3458649964],[35.8036141268,0.343910357],[35.8119197458,0.2976516426],[35.8073428604,0.2621940486],[35.8055362177,0.2621935833],[35.8055383071,0.253824451],[35.8062623557,0.2538246312],[35.8062598929,0.2538055607],[35.8023182451,0.22327864],[35.8007311418,0.220327936],[35.7972269623,0.2138131208],[35.7915892491,0.2033319262],[35.7898879859,0.1796918413],[35.7737511743,0.159734424],[35.7556780306,0.1689166546],[35.7556709266,0.1689202637],[35.7533378548,0.1701055847],[35.7473575456,0.1731438761],[35.7390442141,0.1773674156],[35.7224176919,0.1858142702],[35.7204050277,0.1868367602],[35.7096722501,0.1922892651],[35.7096410438,0.1986279675],[35.7141088808,0.2031484179]],[[35.788863844,0.4044425586],[35.7888638363,0.4044622081],[35.7888779831,0.345879249],[35.788863844,0.4044425586]],[[35.7721929732,0.5048818146],[35.7721970703,0.4965129621],[35.7805102491,0.4965170468],[35.7805142673,0.4881481252],[35.7888275042,0.4881521299],[35.7888194213,0.5048901111],[35.7721929732,0.5048818146]],[[35.7971633681,0.4379417639],[35.797169785,0.4044655155],[35.7971697918,0.4044458658],[35.7971633681,0.4379417639]]]}},{"type":"Feature","properties":{"country":"Kenya","country_code":"KEN","species_name":"Cupressus_lusitanica","genus":"Cupressus","species":"lusitanica","suitability_name":"Very suitable","suitability_rank":1,"source_layer":"KCFP_SSMT_Kenya","tz":null,"soil_description":null},"geometry":{"type":"Polygon","coordinates":[[[35.5536261239,0.7645653984],[35.5491261207,0.7672916328],[35.5490673513,0.7990804959],[35.5558690166,0.8054950698],[35.5559003963,0.7672528633],[35.5536261239,0.7645653984]]]}},{"type":"Feature","properties":{"country":"Kenya","country_code":"KEN","species_name":"Cupressus_lusitanica","genus":"Cupressus","species":"lusitanica","suitability_name":"Very suitable","suitability_rank":1,"source_layer":"KCFP_SSMT_Kenya","tz":null,"soil_description":null},"geometry":{"type":"Polygon","coordinates":[[[35.5607168886,0.8100670762],[35.5625002032,0.8059875562],[35.5563856999,0.8059823498],[35.5607168886,0.8100670762]]]}},{"type":"Feature","properties":{"country":"Kenya","country_code":"KEN","species_name":"Cupressus_lusitanica","genus":"Cupressus","species":"lusitanica","suitability_name":"Very suitable","suitability_rank":1,"source_layer":"KCFP_SSMT_Kenya","tz":null,"soil_description":null},"geometry":{"type":"Polygon","coordinates":[[[35.9537603863,-1.7717535929],[35.9537682629,-1.771753605],[35.9537682435,-1.7717648817],[35.9537545437,-1.7801238477],[35.9454362993,-1.7801099915],[35.9454500558,-1.7717398149],[35.9537603863,-1.7717535929]]]}},{"type":"Feature","properties":{"country":"Kenya","country_code":"KEN","species_name":"Cupressus_lusitanica","genus":"Cupressus","species":"lusitanica","suitability_name":"Very suitable","suitability_rank":1,"source_layer":"KCFP_SSMT_Kenya","tz":null,"soil_description":null},"geometry":{"type":"Polygon","coordinates":[[[35.9206044165,-1.704738341],[35.9205776616,-1.7214783155],[35.9122599355,-1.72146477],[35.9122867624,-1.7047249282],[35.9206044165,-1.704738341]]]}},{"type":"Feature","properties":{"country":"Kenya","country_code":"KEN","species_name":"Cupressus_lusitanica","genus":"Cupressus","species":"lusitanica","suitability_name":"Very suitable","suitability_rank":1,"source_layer":"KCFP_SSMT_Kenya","tz":null,"soil_description":null},"geometry":{"type":"Polygon","coordinates":[[[35.7761100247,-1.6961313363],[35.7714776677,-1.687190911],[35.777246793,-1.6769516549],[35.7713409012,-1.6677679956],[35.7626580367,-1.657383967],[35.7626766484,-1.6458963602],[35.7590559225,-1.6458904373],[35.7582126137,-1.6395781238],[35.7559909046,-1.63751674],[35.7626901247,-1.6375276482],[35.7627035322,-1.6291589353],[35.7469926191,-1.62913345],[35.7460738736,-1.6276392958],[35.7461114907,-1.6040262256],[35.7710593711,-1.6040660263],[35.771072469,-1.5956972412],[35.7770044436,-1.5957066109],[35.7927013438,-1.6098903419],[35.8029717222,-1.6208664823],[35.8125106037,-1.6310609165],[35.8125910508,-1.6311186033],[35.8209055659,-1.6370807728],[35.8209047132,-1.6376214888],[35.821661303,-1.6376226963],[35.8216777813,-1.6376345138],[35.8292054531,-1.6430324565],[35.8292128406,-1.6430377537],[35.8292081534,-1.646004015],[35.833201076,-1.646010405],[35.8332153886,-1.6460221857],[35.8375118789,-1.6495589366],[35.8375192956,-1.6495650414],[35.8375116637,-1.6543866419],[35.8458285091,-1.6543999751],[35.8458152426,-1.6627693683],[35.8541321899,-1.6627827337],[35.8541101523,-1.6766302795],[35.8498534488,-1.6719965442],[35.8466570949,-1.6719803636],[35.8457923871,-1.6724312122],[35.8322388819,-1.6794977109],[35.8291446523,-1.6811109373],[35.8172694255,-1.6873021483],[35.8083452415,-1.6865531575],[35.8041940252,-1.6858291281],[35.8042044347,-1.6794401184],[35.7958805556,-1.6794263933],[35.7792548021,-1.6793988727],[35.7792279031,-1.6957325749],[35.7773328609,-1.6961333875],[35.7761100247,-1.6961313363]]]}},{"type":"Feature","properties":{"country":"Kenya","country_code":"KEN","species_name":"Cupressus_lusitanica","genus":"Cupressus","species":"lusitanica","suitability_name":"Very suitable","suitability_rank":1,"source_layer":"KCFP_SSMT_Kenya","tz":null,"soil_description":null},"geometry":{"type":"Polygon","coordinates":[[[35.7544536459,-1.5873022324],[35.7544612084,-1.582449187],[35.7637027221,-1.5873168322],[35.7544536459,-1.5873022324]]]}},{"type":"Feature","properties":{"country":"Kenya","country_code":"KEN","species_name":"Cupressus_lusitanica","genus":"Cupressus","species":"lusitanica","suitability_name":"Very suitable","suitability_rank":1,"source_layer":"KCFP_SSMT_Kenya","tz":null,"soil_description":null},"geometry":{"type":"Polygon","coordinates":[[[35.9633381712,-0.6334148662],[35.9633373825,-0.6347671205],[35.9626738407,-0.6341460155],[35.9618268928,-0.6334139738],[35.9633381712,-0.6334148662]]]}},{"type":"Feature","properties":{"country":"Kenya","country_code":"KEN","species_name":"Cupressus_lusitanica","genus":"Cupressus","species":"lusitanica","suitability_name":"Very suitable","suitability_rank":1,"source_layer":"KCFP_SSMT_Kenya","tz":null,"soil_description":null},"geometry":{"type":"Polygon","coordinates":[[[35.8469146332,0.6806568312],[35.8469146197,0.6806775442],[35.8500175408,0.6806795883],[35.8500181295,0.6806588748],[35.8502554739,0.6723102537],[35.8469200282,0.6723080844],[35.8469146332,0.6806568312]]]}},{"type":"Feature","properties":{"country":"Kenya","country_code":"KEN","species_name":"Cupressus_lusitanica","genus":"Cupressus","species":"lusitanica","suitability_name":"Very suitable","suitability_rank":1,"source_layer":"KCFP_SSMT_Kenya","tz":null,"soil_description":null},"geometry":{"type":"Polygon","coordinates":[[[36.4871760526,-0.8579902545],[36.4925779774,-0.855224716],[36.4953455264,-0.8524754575],[36.4871850353,-0.84411983],[36.4872119222,-0.8011642764],[36.4955308295,-0.8011694065],[36.4955381673,-0.7890008412],[36.5010890073,-0.7975814999],[36.5141892494,-0.8191308798],[36.5162975443,-0.8396892283],[36.5167409655,-0.8676170191],[36.5203131465,-0.8782600069],[36.5223242063,-0.8849631581],[36.5250162978,-0.8912123667],[36.5238399208,-0.8944398759],[36.5148962756,-0.8966895146],[36.5121084701,-0.8955862668],[36.5121100129,-0.8932966378],[36.5063127861,-0.8932926802],[36.5037919363,-0.8916100652],[36.5037964301,-0.8849167368],[36.4957707657,-0.8849112887],[36.4954777355,-0.8842490648],[36.4954828846,-0.8765369233],[36.4920641266,-0.8765346181],[36.4894688912,-0.8706696776],[36.4871728275,-0.8629177456],[36.4871760526,-0.8579902545]]]}},{"type":"Feature","properties":{"country":"Kenya","country_code":"KEN","species_name":"Cupressus_lusitanica","genus":"Cupressus","species":"lusitanica","suitability_name":"Very suitable","suitability_rank":1,"source_layer":"KCFP_SSMT_Kenya","tz":null,"soil_description":null},"geometry":{"type":"Polygon","coordinates":[[[36.4872463473,-0.7425454522],[36.4872781572,-0.6839266099],[36.4789595211,-0.6839222162],[36.4789638662,-0.6755481481],[36.470645298,-0.6755437938],[36.4706525843,-0.6613107795],[36.484795128,-0.6679959055],[36.4953482055,-0.692528691],[36.5071867227,-0.7274538193],[36.5205133377,-0.7576650857],[36.5206652605,-0.7580094999],[36.5263668519,-0.7760651614],[36.5288072207,-0.7837934704],[36.5288172883,-0.7838253546],[36.536292912,-0.8049648873],[36.5384592995,-0.8195244778],[36.5399338006,-0.834764673],[36.5409445978,-0.8497698998],[36.5406402509,-0.8585422484],[36.5364417821,-0.8675190112],[36.5287653579,-0.8678637552],[36.5287552702,-0.8678642086],[36.5275072856,-0.8679202531],[36.5257706019,-0.8568308222],[36.5233408324,-0.8203420577],[36.5157444346,-0.7972174669],[36.4955465622,-0.7748432505],[36.4955651408,-0.742550206],[36.4872463473,-0.7425454522]]]}},{"type":"Feature","properties":{"country":"Kenya","country_code":"KEN","species_name":"Cupressus_lusitanica","genus":"Cupressus","species":"lusitanica","suitability_name":"Very suitable","suitability_rank":1,"source_layer":"KCFP_SSMT_Kenya","tz":null,"soil_description":null},"geometry":{"type":"Polygon","coordinates":[[[36.4457287624,-0.5965692866],[36.4457347633,-0.5834182655],[36.440366479,-0.583415809],[36.4374196997,-0.5764298083],[36.4374348303,-0.5415454548],[36.4291167373,-0.5415419069],[36.4291304208,-0.5080469215],[36.4347988315,-0.50804919],[36.4411506576,-0.5209217422],[36.454055881,-0.5545716407],[36.4634572467,-0.57726742],[36.458605914,-0.5965029506],[36.4594503291,-0.6001882058],[36.4623479927,-0.6128347278],[36.4625784545,-0.6138405748],[36.462345817,-0.6174379142],[36.4618376424,-0.6252954103],[36.4596730689,-0.6252943557],[36.4543046903,-0.6177128966],[36.4540374611,-0.6170540417],[36.4540414814,-0.608543788],[36.4505850384,-0.6085421446],[36.4457287624,-0.5965692866]],[[36.4457529769,-0.5415489913],[36.445756457,-0.5331751354],[36.4374383218,-0.5331716535],[36.4374348303,-0.5415454548],[36.4457529769,-0.5415489913]]]}},{"type":"Feature","properties":{"country":"Kenya","country_code":"KEN","species_name":"Cupressus_lusitanica","genus":"Cupressus","species":"lusitanica","suitability_name":"Very suitable","suitability_rank":1,"source_layer":"KCFP_SSMT_Kenya","tz":null,"soil_description":null},"geometry":{"type":"Polygon","coordinates":[[[36.476695995,-0.4329883269],[36.4767804642,-0.421679426],[36.4750927811,-0.4050452543],[36.4790682506,-0.3961604146],[36.4814456699,-0.390846994],[36.4820959834,-0.3893935628],[36.4829508022,-0.3740600041],[36.4851011272,-0.3575643768],[36.4881528144,-0.3481170919],[36.4927773708,-0.3439953401],[36.4957189012,-0.3457883602],[36.5023395497,-0.349824016],[36.5040457113,-0.3513030668],[36.5128037743,-0.3588953631],[36.5193758345,-0.3663150299],[36.527406861,-0.3642898786],[36.5272011934,-0.3503440235],[36.5265076116,-0.3489719742],[36.5133237298,-0.3228921051],[36.5052409288,-0.302988227],[36.4998376557,-0.2819881933],[36.4994728726,-0.280570496],[36.4961252191,-0.271695884],[36.4933914027,-0.2689912133],[36.4849013889,-0.2542356392],[36.4829980489,-0.2509224438],[36.4678625291,-0.1975136093],[36.4557699783,-0.1653583875],[36.4377226451,-0.1310944023],[36.4283233255,-0.103801353],[36.4244575277,-0.0719314405],[36.4211100567,-0.0490946694],[36.4203601453,-0.047508171],[36.4114903499,-0.0287437668],[36.4086669204,-0.0223869734],[36.4069907167,-0.0186131364],[36.404268338,-0.0153800558],[36.3535669278,0.0447896832],[36.3418773842,0.0384241119],[36.3311623353,0.0121275292],[36.3374773643,-0.0181856865],[36.3372233205,-0.0439452412],[36.3459809991,-0.0643057574],[36.3544863599,-0.0892789026],[36.3571569824,-0.1273739974],[36.3527811635,-0.1584962877],[36.3542257369,-0.173086501],[36.3543616465,-0.1744592789],[36.3551131002,-0.1820497361],[36.3609453003,-0.1968625254],[36.3569757301,-0.2332934958],[36.3583331524,-0.2633091166],[36.3536178305,-0.2808133929],[36.3450842269,-0.2883846009],[36.3348858444,-0.3035512413],[36.3239549263,-0.3237836341],[36.3196148318,-0.3496039875],[36.3165150915,-0.3573037117],[36.3137748789,-0.3641102466],[36.3044070469,-0.3684219655],[36.2974568063,-0.3716209068],[36.2804856764,-0.3752093845],[36.2794540634,-0.3757543937],[36.2711449817,-0.3801441213],[36.2711468852,-0.3740355351],[36.2711468894,-0.3740188727],[36.2711377987,-0.3740188707],[36.2656679497,-0.3740171557],[36.2628314196,-0.3697810784],[36.262835185,-0.3572877574],[36.2628351891,-0.3572710319],[36.2628261299,-0.3572710291],[36.2545184873,-0.3572685321],[36.254520945,-0.348895975],[36.2476453251,-0.3488939512],[36.2462048215,-0.3471304862],[36.2462067165,-0.340521027],[36.2408045156,-0.3405194707],[36.2404731032,-0.3401137598],[36.2378904476,-0.3394585755],[36.2378947991,-0.3237737494],[36.2295783004,-0.3237714625],[36.229580546,-0.3153990816],[36.2212641138,-0.315396848],[36.2212663063,-0.3070245253],[36.2129499395,-0.3070223445],[36.2129520794,-0.298650082],[36.2212684398,-0.2986522025],[36.2212702426,-0.2913898814],[36.2212705152,-0.2902798804],[36.212954161,-0.2902778185],[36.2129581449,-0.2735332911],[36.2046418618,-0.2735313433],[36.2046474104,-0.2484147311],[36.1963312031,-0.2484129561],[36.1963329391,-0.2400408113],[36.1880167963,-0.240039091],[36.1880184778,-0.2316670061],[36.1797024006,-0.2316653409],[36.1796952892,-0.2232933143],[36.1713880137,-0.2232917063],[36.171389585,-0.2149197426],[36.1630736362,-0.2149181887],[36.1630751528,-0.2065462845],[36.1628537596,-0.2065462447],[36.1464434449,-0.2065432847],[36.1464463123,-0.1897997201],[36.1381305574,-0.1897983357],[36.1381344163,-0.16468317],[36.1298187333,-0.1646819654],[36.1298220542,-0.1395669845],[36.1381377275,-0.1395680046],[36.138139416,-0.1248230029],[36.1394326603,-0.1267421069],[36.1479507619,-0.127378702],[36.1455059818,-0.1117834825],[36.1445693434,-0.0857041837],[36.1448106043,-0.0725946522],[36.1464596003,-0.072594757],[36.1464610955,-0.042536815],[36.1467052532,-0.0391076321],[36.1547769886,-0.0391079073],[36.1547772621,-0.0298774989],[36.1621956165,-0.0223823761],[36.1622134443,-0.0223643638],[36.1630845883,-0.0223643817],[36.16309328,-0.0214754179],[36.1654733867,-0.0190706557],[36.1686610056,-0.0140105894],[36.1686723726,-0.0139925443],[36.1714005777,-0.0139925774],[36.1714093282,-0.0096478273],[36.179208673,0.0027332625],[36.1792200821,0.002751373],[36.1797165768,0.0027513742],[36.1797253135,0.0035534147],[36.1798036924,0.0036778391],[36.1850727173,0.0362396462],[36.1880407696,0.0362397382],[36.1880400613,0.0545799125],[36.189136325,0.0613560547],[36.1963558019,0.0613564364],[36.1963553351,0.0697285837],[36.2129876665,0.0697295778],[36.2129881287,0.0613573128],[36.229620694,0.0613581831],[36.2296214383,0.0446134138],[36.2379378061,0.0446137288],[36.237936605,0.0697310592],[36.2462530359,0.06973155],[36.2462525198,0.0781040527],[36.2545690108,0.0781046008],[36.254568438,0.0864771622],[36.262884988,0.0864777664],[36.2628843597,0.0948503872],[36.2712009698,0.0948510479],[36.2712008887,0.0958797017],[36.2821682285,0.0963813146],[36.2920208087,0.1108975857],[36.290421374,0.1283252239],[36.2891940516,0.1416963961],[36.2878295543,0.1439126146],[36.2878283882,0.1534619239],[36.2819505636,0.1534611723],[36.2795111368,0.1574231951],[36.2795105568,0.1618335951],[36.2961441099,0.1618358367],[36.2961451906,0.1534629847],[36.3044620528,0.1534453505],[36.3044630698,0.1450911333],[36.2961462171,0.1450714736],[36.2961471799,0.1367172814],[36.3044548136,0.1367182225],[36.3127716922,0.1367191617],[36.3127799838,0.1450921291],[36.3210969548,0.1450931228],[36.3210959408,0.1534661474],[36.3377300595,0.1534682397],[36.3377329129,0.1283488241],[36.3460500473,0.1283496949],[36.3460508837,0.1199765],[36.3543680719,0.1199773106],[36.354367239,0.128350563],[36.362684486,0.1283514284],[36.3626853162,0.1199781204],[36.3710026174,0.1199789259],[36.3710033901,0.1116055616],[36.3793207438,0.1116063094],[36.3793221157,0.0948594675],[36.3876395216,0.0948601002],[36.3876401213,0.0864866228],[36.3959575816,0.0864871986],[36.3959581241,0.0781136654],[36.4042756371,0.0781141847],[36.4042750955,0.0864877725],[36.4125926644,0.0864883456],[36.4125932043,0.0781147015],[36.4209108283,0.0781152165],[36.4209117395,0.0613678187],[36.4292294143,0.061368222],[36.4292301052,0.0446207131],[36.4375478315,0.0446210054],[36.4375483034,0.0278733876],[36.4458660835,0.0278735696],[36.4458662369,0.0194997055],[36.4541840698,0.0194998324],[36.4541841696,0.0111259138],[36.4625020562,0.0111259869],[36.4625021009,0.002752014],[36.4708200422,0.0027520318],[36.4708200321,-0.0056219944],[36.4791380271,-0.0056220315],[36.4791379644,-0.0139961126],[36.4874560131,-0.0139962016],[36.4874557281,-0.0307444704],[36.4957738303,-0.0307446672],[36.4957736085,-0.0391188566],[36.5124099754,-0.039119355],[36.5124097022,-0.0474936492],[36.520727965,-0.0474939503],[36.5207272626,-0.0642426466],[36.5262834792,-0.0642429179],[36.5262864834,-0.0642607752],[36.5289122678,-0.0798714366],[36.5290346374,-0.0801389061],[36.5294330205,-0.0810096705],[36.5361115493,-0.0956074792],[36.537843204,-0.0990568306],[36.5552347894,-0.1088747173],[36.5607788421,-0.1156971909],[36.570624376,-0.1148697803],[36.5706346216,-0.1148689188],[36.5706339232,-0.1228676984],[36.5789525669,-0.1228684591],[36.5789517869,-0.1312431735],[36.5872704856,-0.1312439832],[36.5872696571,-0.1396187484],[36.6122260675,-0.1396213156],[36.6122268875,-0.1312463956],[36.6134076432,-0.1312465092],[36.6182119851,-0.1338692934],[36.6204991188,-0.1351156871],[36.6239221701,-0.1396400774],[36.6288527873,-0.1461571333],[36.6302589325,-0.1480157194],[36.6309337975,-0.1489077305],[36.6295304398,-0.1510943837],[36.6273707013,-0.1633146409],[36.6253399079,-0.1647476532],[36.6217180084,-0.1673034068],[36.6251845198,-0.1773836587],[36.628952186,-0.1774855605],[36.6323157951,-0.1647484894],[36.6328670087,-0.1626611491],[36.6402460982,-0.1567025791],[36.6617629261,-0.1579862817],[36.6704469099,-0.1579005482],[36.6764188446,-0.1578415884],[36.686255778,-0.1607599262],[36.6859635035,-0.1664338412],[36.6975820172,-0.1729651281],[36.6979846178,-0.1677622414],[36.7003207601,-0.1731494026],[36.7014522023,-0.1757585346],[36.703721623,-0.1792483747],[36.705202382,-0.1815254451],[36.7095934145,-0.1882778995],[36.7157974417,-0.1857742902],[36.7203596307,-0.1864761001],[36.7251721878,-0.1872164263],[36.7399148213,-0.1766853459],[36.7443259831,-0.1731372864],[36.7462078755,-0.1731375118],[36.7440340401,-0.1774028932],[36.7464801682,-0.1864164019],[36.7536487837,-0.1882700418],[36.7536485763,-0.1898899249],[36.7559174039,-0.1898902217],[36.7521319003,-0.1949981562],[36.7617591298,-0.193893103],[36.7692492163,-0.1898919587],[36.7702881455,-0.1898920937],[36.7702871915,-0.1971939089],[36.7692470723,-0.2013296586],[36.7761167055,-0.2020151188],[36.7693747011,-0.2142538747],[36.7536333393,-0.2205916365],[36.7484585962,-0.2226750611],[36.7475156861,-0.2233920241],[36.7367140147,-0.2316052655],[36.7295441158,-0.2391858249],[36.7342931693,-0.2468267175],[36.7530849691,-0.2448628513],[36.761948926,-0.2468448083],[36.7647471882,-0.2474704943],[36.766891682,-0.2523337346],[36.7660014486,-0.2569153142],[36.7638897033,-0.2677830801],[36.7732759555,-0.2680746824],[36.7754222471,-0.2664666631],[36.7785190589,-0.2708751125],[36.7869045451,-0.2696589235],[36.7876919014,-0.2695447285],[36.79523705,-0.2616013809],[36.8031601154,-0.2546258862],[36.8127522935,-0.2569926059],[36.8240512114,-0.2652844457],[36.8248145324,-0.26584462],[36.8285167735,-0.2656814693],[36.8479569969,-0.2648247512],[36.8533598304,-0.2754743598],[36.8505381638,-0.2844616806],[36.8398971772,-0.2970972757],[36.8344751007,-0.3071673806],[36.8303570045,-0.314815557],[36.8355486067,-0.3240878906],[36.8368257638,-0.3238832018],[36.8564164027,-0.3207433871],[36.8808971795,-0.3155701216],[36.8818897014,-0.3153603794],[36.8826134902,-0.3155704745],[36.8867383316,-0.3167677944],[36.9033900245,-0.3216013075],[36.9033895466,-0.3239344125],[36.8950689156,-0.3239326753],[36.8950671642,-0.3323092259],[36.9117084854,-0.3323127831],[36.9117102066,-0.3240164284],[36.9155686053,-0.3251364185],[36.920030018,-0.328445574],[36.9200274383,-0.3406912358],[36.9283482173,-0.3406930402],[36.9283445498,-0.3574464987],[36.9366653875,-0.3574483844],[36.9366634944,-0.3658251571],[36.9449843836,-0.3658270802],[36.9449824554,-0.3742038968],[36.9366615585,-0.3742019297],[36.9366595787,-0.3825787013],[36.9283387185,-0.382576682],[36.9283366867,-0.3909534092],[36.9366575559,-0.3909554735],[36.9366533762,-0.4077090175],[36.9532952787,-0.4077132943],[36.9532931419,-0.4160901539],[36.9449721597,-0.4160879755],[36.9449699695,-0.424464791],[36.969933073,-0.4244714309],[36.9699373561,-0.4077175385],[36.9782584595,-0.4077196462],[36.9782605283,-0.3993426568],[36.9699394334,-0.3993405915],[36.9699434586,-0.382586697],[36.9782645371,-0.3825886757],[36.9782625542,-0.3909656663],[36.9865836828,-0.39096768],[36.9865894788,-0.365836579],[36.9949106272,-0.3658384555],[36.9949142622,-0.3490843017],[37.0032354382,-0.3490860849],[37.0032397103,-0.3282104984],[37.0111662075,-0.3293027418],[37.0218196621,-0.3162035136],[37.0409594213,-0.2996716427],[37.044231583,-0.2925588992],[37.0580842872,-0.2790183315],[37.0614858991,-0.2773145747],[37.0808611898,-0.2676100162],[37.0908338859,-0.2533506671],[37.0903254469,-0.2307156455],[37.098200233,-0.2203760201],[37.0992162991,-0.209296379],[37.0954154479,-0.1984249708],[37.0858487991,-0.1909727166],[37.072842742,-0.1848956949],[37.0709498273,-0.175843083],[37.072466498,-0.1684793823],[37.0774729343,-0.1516723537],[37.0884675925,-0.1249548099],[37.1128117653,-0.0883848644],[37.1514676391,-0.0403548072],[37.1741872176,-0.0181093041],[37.2100418512,0.0111315099],[37.2196331883,0.0111315683],[37.2196331552,0.0157030078],[37.2445866175,0.0266102632],[37.247698863,0.0278701183],[37.252908754,0.0299791183],[37.2668521326,0.0356235248],[37.2661416566,0.0362487453],[37.2566002492,0.0446451536],[37.2695529529,0.0446454618],[37.2695658951,0.0446454621],[37.2695656813,0.0530055442],[37.2695654297,0.0614022601],[37.2778877628,0.0614025298],[37.2778874764,0.0697809657],[37.2945192182,0.0697815758],[37.2945322558,0.0697815763],[37.2945319366,0.0781416706],[37.2945319359,0.0781600855],[37.3028413121,0.0781604244],[37.3028543829,0.078160425],[37.3028540284,0.0865205239],[37.3028540276,0.0865389705],[37.3111634101,0.086539343],[37.3111765107,0.0865393445],[37.3111761239,0.0948994461],[37.3194986439,0.0949183336],[37.3194982215,0.1032969513],[37.3444660066,0.10329827],[37.3444655544,0.1116769947],[37.3527882223,0.1116774656],[37.3527877392,0.1200562255],[37.3611104427,0.1200567301],[37.3611099273,0.1284355242],[37.3694326691,0.1284360602],[37.3694315386,0.1451937192],[37.3527860763,0.1451925051],[37.3527854523,0.1535712639],[37.3361401237,0.1535699658],[37.3361394581,0.1619486537],[37.3278168452,0.161947965],[37.327816321,0.1682117034],[37.3330609878,0.169211479],[37.3444487163,0.1639291307],[37.3487563742,0.1619309563],[37.3583597848,0.1574762365],[37.385488259,0.1619339347],[37.3860758752,0.1620304908],[37.3862919937,0.1620660037],[37.3998449847,0.1556560066],[37.424206967,0.154798462],[37.431412329,0.1584397412],[37.4756460676,0.1467417357],[37.4837618014,0.1467580432],[37.5179866687,0.158614207],[37.50983171,0.1686623974],[37.5332543977,0.1750567638],[37.6024668393,0.1583874849],[37.6045675035,0.1578815434],[37.6388126644,0.1661112311],[37.687527671,0.1643954964],[37.6940280075,0.1680478618],[37.6956259551,0.1689457071],[37.7434764096,0.1590668177],[37.7740429056,0.1827052886],[37.7743725148,0.1787219353],[37.7757593224,0.1619614526],[37.7768936146,0.1482518228],[37.7850978664,0.1255976047],[37.7995562649,0.1192785306],[37.7968964036,0.1064869851],[37.8008587084,0.1033189137],[37.8059473594,0.0992502569],[37.8189085418,0.105418607],[37.8212547506,0.1065351938],[37.8212055554,0.1184146417],[37.8536700609,0.1184789962],[37.8633525188,0.1117018133],[37.8654267486,0.1102499619],[37.8771795754,0.1091484418],[37.8843783701,0.1084737389],[37.8855041432,0.108664696],[37.9104777814,0.1129008134],[37.9104781229,0.1033228888],[37.9021535038,0.1033226003],[37.9021539476,0.0894648015],[37.8844590083,0.0894299353],[37.8819046819,0.0865606092],[37.8771804778,0.0812538276],[37.8763718367,0.0803454687],[37.8761754269,0.0781798147],[37.8754136768,0.0697807863],[37.874653574,0.0614001799],[37.8846204809,0.0446574495],[37.877181260600004,0.044657335059422675],[37.8771812609,0.0446390444],[37.8771660914,0.0362767073],[37.8688568621,0.0362766031],[37.868856746,0.044657207],[37.8688564421,0.0614000567],[37.86885644168804,0.06141841100000047],[37.8688411897,0.0614184116],[37.8438830371,0.061417873],[37.8438832049,0.0530373444],[37.8355587866,0.0530371873],[37.835559146,0.027895674],[37.8272347549,0.0278955908],[37.8272346595,0.0362760696],[37.8105859509,0.0362758517],[37.8105861663,0.011134565],[37.8022618514,0.0111345311],[37.8022618725,0.0027541265],[37.7939375832,0.0027541189],[37.7939374931,-0.0223870141],[37.7856132297,-0.0223869449],[37.7856130402,-0.0391476481],[37.7772888003,-0.0391475272],[37.777288666,-0.0475278523],[37.7689644512,-0.0475277043],[37.7689643892,-0.050908618],[37.7689641021,-0.0642883027],[37.7439916094,-0.0642876895],[37.7606399121,-0.0642880991],[37.7606391865,-0.0894289186],[37.760639696,-0.0726683723],[37.7772881069,-0.0726688291],[37.7772881043,-0.0727647611],[37.7772878676,-0.0810491549],[37.7745572266,-0.0810490718],[37.7689636484,-0.0810489011],[37.7689620561,-0.1229503966],[37.7523136739,-0.1229496194],[37.7523130198,-0.1363130987],[37.7523123874,-0.1480903563],[37.7356640931,-0.1480894065],[37.7356636058,-0.1564695989],[37.7273394956,-0.1564690921],[37.7273384306,-0.1732294215],[37.7356625477,-0.1732299834],[37.7356619394,-0.1821893384],[37.7356601109,-0.2067507497],[37.7523084567,-0.2067520757],[37.7523070961,-0.2235125667],[37.7564716972,-0.2235129224],[37.7470972622,-0.2341553185],[37.7538579197,-0.2478265997],[37.7551615466,-0.2486535731],[37.752304855,-0.2486533007],[37.752304054,-0.2570335457],[37.7606282966,-0.2570343627],[37.7606266281,-0.2737949039],[37.743978148,-0.2737931595],[37.7439772625,-0.2821733774],[37.7523014947,-0.2821742793],[37.7523005895,-0.2905545238],[37.7439763503,-0.2905535952],[37.7439754114,-0.2989338119],[37.7273270019,-0.2989318819],[37.7273260235,-0.3073120454],[37.7439744459,-0.3073140294],[37.7439724346,-0.3240744632],[37.7273239847,-0.3240723709],[37.7273218386,-0.3408326967],[37.7189976411,-0.3408315856],[37.7189953711,-0.3575918553],[37.7273195853,-0.3575930211],[37.7273184176,-0.3659731826],[37.7356426646,-0.3659743688],[37.7356400118,-0.38445139],[37.7293326262,-0.3858058746],[37.727752832,-0.3911137356],[37.7189905073,-0.3911123938],[37.7189879107,-0.4078726615],[37.7106636771,-0.4078713232],[37.7106623297,-0.4162514297],[37.702338114,-0.4162500551],[37.7023367312,-0.4246301337],[37.7106609549,-0.4246315361],[37.7106595527,-0.4330116414],[37.6856869356,-0.4330073246],[37.6856854792,-0.4413873462],[37.6940096649,-0.4413888226],[37.6940066864,-0.458148922],[37.6856824799,-0.4581473895],[37.6856809388,-0.4665274114],[37.6940051551,-0.4665289719],[37.6940047412,-0.4687629938],[37.694003596,-0.4749090216],[37.6884253491,-0.4749079581],[37.6856793707,-0.4749074321],[37.6856787964,-0.477932906],[37.6856777728,-0.4832874535],[37.6808178798,-0.4832865049],[37.6607052331,-0.483282543],[37.6607018932,-0.500042414],[37.6357295475,-0.5000372367],[37.6357278038,-0.5084170855],[37.6190796961,-0.5084135222],[37.6190779009,-0.5167933111],[37.6024298899,-0.5167896451],[37.6024317059,-0.5084099156],[37.5857838353,-0.5084062659],[37.5857794357,-0.5282380236],[37.5857763011,-0.5419249438],[37.5774523661,-0.5419229813],[37.5774469658,-0.5645981167],[37.5727301297,-0.5624744739],[37.5680285902,-0.5559629711],[37.5588102927,-0.5559242358],[37.5555973585,-0.5586768917],[37.5441528675,-0.5586740479],[37.5441549147,-0.5502945323],[37.5338941094,-0.5502920021],[37.5275073596,-0.5502904182],[37.5275093998,-0.541910965],[37.510861992,-0.5419068675],[37.5108599296,-0.5502862573],[37.4942126262,-0.5502820497],[37.4942105088,-0.5586613743],[37.4692397587,-0.5586548788],[37.4692375736,-0.5670341057],[37.4442670798,-0.5670274034],[37.4442679525,-0.5637529111],[37.4442693004,-0.5586482756],[37.4192991407,-0.5586415648],[37.4192968854,-0.5670205929],[37.4026502556,-0.5670159923],[37.4026479416,-0.5753949513],[37.3943246664,-0.5753925996],[37.3943292833,-0.5586347481],[37.3527135395,-0.5586231508],[37.3527111892,-0.5670019017],[37.3110962604,-0.5669898286],[37.3110913317,-0.5837469748],[37.3027684284,-0.5837444517],[37.3027673921,-0.5871900317],[37.3027658979,-0.5921229872],[37.2861201759,-0.5921178308],[37.2861175841,-0.600496294],[37.2777947646,-0.6004936602],[37.2777921236,-0.6088720855],[37.2694693289,-0.6088694029],[37.2694666384,-0.617247791],[37.2611438667,-0.6172450575],[37.2611411254,-0.6256234091],[37.2543364483,-0.625621134],[37.2444956676,-0.625617828],[37.2444928646,-0.6339961046],[37.2361701779,-0.6339932565],[37.2361673232,-0.6423714943],[37.2278446605,-0.6423685949],[37.2278388114,-0.6591249958],[37.2111935442,-0.6591190029],[37.2111781198,-0.701009618],[37.2028554715,-0.7010064093],[37.2028547298,-0.7029486225],[37.1931824666,-0.6892390623],[37.1831126655,-0.6880218813],[37.1832987424,-0.7093768042],[37.1778844987,-0.7093746616],[37.1778812015,-0.7177526291],[37.1845991697,-0.7177553192],[37.1876910288,-0.7261345673],[37.1778778654,-0.7261305953],[37.1778744907,-0.7345085621],[37.1861970835,-0.734511971],[37.1861936865,-0.7428899755],[37.1778710772,-0.7428865277],[37.1778657392,-0.7558018203],[37.1778648778,-0.7578654577],[37.1778444465,-0.7763983839],[37.1695344015,-0.7763947696],[37.169534395,-0.7764098943],[37.1695283546,-0.7903260743],[37.1695157957,-0.7903297247],[37.1618630931,-0.7925543135],[37.1622801283,-0.8015252786],[37.1612007695,-0.8015247907],[37.161185506,-0.8350363283],[37.1528628305,-0.8350323996],[37.1528588993,-0.843410245],[37.1362136308,-0.8434022542],[37.1362096255,-0.8517800189],[37.1278870327,-0.8517759571],[37.1278829689,-0.8601536815],[37.1112378677,-0.8601454233],[37.1112337267,-0.868523066],[37.1029112185,-0.8685188699],[37.1029082825,-0.8743838263],[37.1029070198,-0.8768964717],[37.0862620869,-0.876887941],[37.0862578108,-0.8852654618],[37.0779353853,-0.8852611275],[37.0779266734,-0.9020160849],[37.0529595343,-0.9020027211],[37.0529459866,-0.9271347821],[37.0279790447,-0.9271208689],[37.027974388,-0.9354980964],[37.0196521389,-0.9354933761],[37.0196474187,-0.9438705617],[37.0113251919,-0.9438657792],[37.0113204097,-0.9522429211],[37.0029982052,-0.9522380768],[37.0029933614,-0.9606151756],[36.9946711783,-0.9606102683],[36.9946662717,-0.9689873239],[36.9863441118,-0.9689823532],[36.9863391422,-0.9773593645],[36.9696949089,-0.977349276],[36.9696898542,-0.9857262003],[36.961367782,-0.985721081],[36.9613575021,-1.0024748421],[36.9447134032,-1.0024643657],[36.9447081563,-1.0108411584],[36.9363861516,-1.0108358443],[36.9363808387,-1.0192125916],[36.9280588555,-1.0192072127],[36.9280534781,-1.0275839163],[36.9114096027,-1.0275730019],[36.9113986276,-1.0443262296],[36.8947548415,-1.0443150497],[36.8947492436,-1.0526915722],[36.8864273951,-1.0526859039],[36.8864217302,-1.0610623817],[36.8780999043,-1.0610566458],[36.8780941721,-1.0694330779],[36.8697723698,-1.069427274],[36.8697665698,-1.0778036601],[36.8614447902,-1.0777977879],[36.8614330086,-1.0945504664],[36.8531112278,-1.0945444797],[36.8531052457,-1.1029207729],[36.8447834873,-1.102914716],[36.8447713394,-1.1196672088],[36.83644958,-1.1196610371],[36.8364372014,-1.1364134346],[36.8447590083,-1.1364196986],[36.8447575764,-1.1383489576],[36.844752774,-1.1447959432],[36.8413673004,-1.144793379],[36.836430943,-1.144789633],[36.8364238648,-1.15418995],[36.8364182884,-1.1615420273],[36.8296072777,-1.1615367687],[36.8197746685,-1.1615291482],[36.8197690418,-1.1688434294],[36.8197682231,-1.1699052521],[36.8183408122,-1.169904135],[36.8031247385,-1.1698921809],[36.8031181982,-1.1782681898],[36.7947965011,-1.1782615708],[36.7947925028,-1.1833318606],[36.7947898883,-1.1866375329],[36.7879369691,-1.1866320238],[36.7864682132,-1.1866308399],[36.7864676505,-1.1873393269],[36.7864615294,-1.1950067543],[36.7781398762,-1.1949999896],[36.7781084119,-1.220127577],[36.7614761463,-1.2201136937],[36.7614551526,-1.245241],[36.7531334875,-1.2452338715],[36.7531263681,-1.2536095911],[36.7614480595,-1.2536167676],[36.7614409188,-1.2619925346],[36.7697626843,-1.2619997313],[36.7697611265,-1.2638262929],[36.7623221094,-1.267480843],[36.7516992283,-1.2703597905],[36.7447902901,-1.2703537285],[36.7447975317,-1.2619780591],[36.7249093027,-1.26196062],[36.6782259132,-1.2619190872],[36.678210955,-1.2786696433],[36.6698896692,-1.278662052],[36.6698842984,-1.2846014432],[36.6698820885,-1.287037279],[36.6532396117,-1.2870219159],[36.6532497424,-1.27589774],[36.653262366,-1.2618965314],[36.6421635523,-1.2618864248],[36.6366202506,-1.2618813596],[36.6366277886,-1.2535063307],[36.6283068322,-1.2534987566],[36.6283143471,-1.2451237778],[36.60335186,-1.2451010465],[36.6033593909,-1.2367395656],[36.5950387017,-1.2367186415],[36.5950433396,-1.219969081],[36.5867330861,-1.2199615886],[36.5867552533,-1.1948374116],[36.5784347824,-1.1948300392],[36.578442094,-1.1864553638],[36.5750231885,-1.1864523483],[36.5754500826,-1.1842313458],[36.5752519736,-1.166419967],[36.5702178524,-1.1727646387],[36.5701332901,-1.1730968744],[36.5701433997,-1.1613241448],[36.5751935652,-1.1613285121],[36.5784534399,-1.1613313263],[36.5784637199,-1.1613313352],[36.5784605457,-1.1529566497],[36.5751076367,-1.1529537751],[36.5701505306,-1.15294952],[36.570164635,-1.136200267],[36.5784746028,-1.136207293],[36.5785121481,-1.1029944331],[36.5812448838,-1.1040173506],[36.5847931527,-1.1081782623],[36.5868355076,-1.0990812167],[36.5883859217,-1.0921751438],[36.6025247006,-1.0692428036],[36.602533321,-1.0692288193],[36.6031329398,-1.0682562424],[36.6034906532,-1.0673159413],[36.6035010503,-1.0672886101],[36.6107701422,-1.0481801973],[36.6216001531,-1.0297334103],[36.6271498506,-1.0171923328],[36.627507623,-1.0070736217],[36.6299540726,-1.0023477062],[36.6271115771,-0.9718609733],[36.6237917528,-0.9603852742],[36.6210536936,-0.9509207824],[36.6112911249,-0.9373078713],[36.6035890571,-0.9316330053],[36.5971210336,-0.9268673921],[36.5952734233,-0.9254081613],[36.5888918013,-0.9184870344],[36.5869597143,-0.9163916136],[36.5811650436,-0.9101070967],[36.5791269153,-0.9078966839],[36.5755311228,-0.9039962956],[36.5657509737,-0.8947124735],[36.5541240631,-0.8881755572],[36.5498924196,-0.8752223514],[36.5518776093,-0.8299912993],[36.5487883729,-0.8165836634],[36.5572384388,-0.819644375],[36.5637463585,-0.8344612356],[36.5695396403,-0.8531940084],[36.5726160423,-0.8684506107],[36.5722780295,-0.8813736679],[36.573584723,-0.8894554124],[36.58417689,-0.8821466322],[36.5852529253,-0.8636854729],[36.5801975841,-0.8394144823],[36.5741280279,-0.8264455379],[36.5689196872,-0.8194927909],[36.56666548,-0.8153181822],[36.5724249455,-0.8112052847],[36.5797197243,-0.8149471913],[36.5891856995,-0.8337023606],[36.5965347532,-0.8307472862],[36.6029618942,-0.8289443234],[36.6049058205,-0.8162634675],[36.6072648966,-0.7809623123],[36.626500851,-0.7543101028],[36.6268528465,-0.7409242834],[36.629649332,-0.7074796032],[36.6297672934,-0.6952268931],[36.6238528414,-0.6894354466],[36.6207257076,-0.6840105839],[36.628692507,-0.6840145553],[36.6286883689,-0.6923895318],[36.6370079207,-0.6923937155],[36.6370037469,-0.7007687423],[36.6619627468,-0.7007813561],[36.6619601758,-0.7059449558],[36.6619585673,-0.7091565333],[36.6649053791,-0.7091580314],[36.6784535388,-0.7091648948],[36.6785981788,-0.7091649678],[36.6785981405,-0.7092417711],[36.6785939806,-0.7175402443],[36.6862943842,-0.7175441731],[36.6952338185,-0.7175487186],[36.6952296005,-0.7259240928],[36.7035496095,-0.7259283559],[36.7035453579,-0.7343037807],[36.7118654293,-0.7343080765],[36.7118611444,-0.7426835491],[36.7201812808,-0.74268788],[36.7201769631,-0.7510634002],[36.7368174134,-0.75107211],[36.7368216988,-0.7426964918],[36.7451419809,-0.7427007746],[36.7451462027,-0.7343251086],[36.7617868776,-0.7343335299],[36.7617910216,-0.7259577666],[36.7701114159,-0.7259619066],[36.7701195302,-0.7092102834],[36.7784399408,-0.7092143128],[36.7784439134,-0.7008384532],[36.7867643555,-0.7008424201],[36.7867682662,-0.6924665128],[36.778447837,-0.6924625932],[36.7784517143,-0.6840867329],[36.7701313486,-0.6840828463],[36.7701351921,-0.6757070333],[36.7618148872,-0.6757031799],[36.7618186992,-0.6673274143],[36.7701389891,-0.6673312199],[36.770146442,-0.6505795924],[36.7784667524,-0.6505832886],[36.778473987,-0.6338315647],[36.7701537036,-0.6338279636],[36.7701676601,-0.6003247025],[36.7784878924,-0.6003281133],[36.7784912497,-0.5919522497],[36.7701710318,-0.5919488866],[36.7701743542,-0.5835730695],[36.7784945616,-0.5835763859],[36.7784978245,-0.5752005218],[36.7951383544,-0.5752070211],[36.7951446935,-0.5584551029],[36.7868244289,-0.5584519529],[36.786830603,-0.5417001289],[36.7951508436,-0.5417031827],[36.7951538488,-0.5333272236],[36.7868336195,-0.5333242162],[36.7868395115,-0.5165723889],[36.7701992358,-0.5165665302],[36.7701962923,-0.5249423494],[36.7535561841,-0.5249363512],[36.7535620691,-0.5081849049],[36.7618820781,-0.5081878146],[36.7618849384,-0.4998120427],[36.778525075,-0.4998177326],[36.7785278669,-0.491441867],[36.7868479969,-0.4914446477],[36.7868560584,-0.4663169053],[36.7785359603,-0.4663142659],[36.7785385626,-0.4579383975],[36.7702185206,-0.4579357958],[36.7702210861,-0.4495599758],[36.7785411195,-0.4495625308],[36.7785485033,-0.4244349266],[36.7702284985,-0.4244325143],[36.7702354846,-0.3993050511],[36.7619155532,-0.399302774],[36.7619302519,-0.3406723546],[36.7536104225,-0.3406704056],[36.7536121462,-0.3331474105],[36.7536142072,-0.3239189516],[36.7459536593,-0.3239172375],[36.7452944395,-0.3239170898],[36.7452946149,-0.3231229482],[36.7452962683,-0.3155414116],[36.7415312329,-0.3155405881],[36.7369765543,-0.3155395912],[36.7369787404,-0.3052599769],[36.7369834124,-0.2820370675],[36.7286637726,-0.2820354343],[36.7286653728,-0.2736598513],[36.720345787,-0.2736582617],[36.7203488539,-0.2569071926],[36.7129925292,-0.2569058685],[36.7120293286,-0.2569056949],[36.7120297761,-0.254373178],[36.7120322114,-0.2401547238],[36.7066244695,-0.240153811],[36.7037127442,-0.2401533178],[36.7037139122,-0.2330580574],[36.7037141181,-0.2317778806],[36.7028153395,-0.2317777338],[36.6953947047,-0.2317765196],[36.6953960356,-0.2234011315],[36.687076675,-0.2233998158],[36.6870788038,-0.2093560009],[36.6870791971,-0.2066491372],[36.6851787818,-0.2066488584],[36.6454831844,-0.206642982],[36.6454843931,-0.1982678925],[36.6038896517,-0.1982618818],[36.6038908308,-0.189887046],[36.5955720385,-0.1898858826],[36.5955731715,-0.1815110981],[36.5872544334,-0.1815099822],[36.5872565517,-0.1647605159],[36.5623006698,-0.164757456],[36.5623016623,-0.1563828783],[36.5539831417,-0.1563819036],[36.5539821458,-0.1647564291],[36.5456636738,-0.1647553986],[36.545661519,-0.1815043446],[36.5290247168,-0.1815020627],[36.5290235534,-0.1898764303],[36.5207844168,-0.1898752421],[36.5123869533,-0.189874027],[36.5123857293,-0.1982482886],[36.5040675034,-0.1982470276],[36.5040648891,-0.2149954438],[36.5123831228,-0.2149968113],[36.51237882,-0.2401024147],[36.5123756822,-0.2568681163],[36.5123857038,-0.2568681183],[36.5206939935,-0.2568697447],[36.5206923559,-0.2652269742],[36.5206889123,-0.2819926856],[36.5206989663,-0.2819926886],[36.5290072933,-0.2819944681],[36.5290036586,-0.2987262446],[36.5290036548,-0.2987432005],[36.5290137403,-0.2987432019],[36.530167864,-0.2987434633],[36.5373221005,-0.2987450807],[36.5373162689,-0.3238683365],[36.5456347856,-0.323870369],[36.5456285055,-0.3489937819],[36.5539470965,-0.3489959647],[36.5539403692,-0.3741195315],[36.562259035,-0.3741218635],[36.5622543065,-0.3908710131],[36.5607792296,-0.3908705817],[36.5206614185,-0.3908587485],[36.5206610166,-0.3922263218],[36.520656399,-0.4076073709],[36.5123379619,-0.407604786],[36.5123353645,-0.4159790438],[36.5206538103,-0.4159816818],[36.5206457281,-0.4411046133],[36.5123272553,-0.441101817],[36.5123244466,-0.449476074],[36.5206429288,-0.4494789234],[36.5206371713,-0.466227543],[36.5289557263,-0.4662304878],[36.5289527789,-0.4746048511],[36.5745946407,-0.4746211244],[36.5871841867,-0.4746255598],[36.5871870648,-0.466250832],[36.611273944,-0.466259105],[36.6204632465,-0.4662622385],[36.620460408,-0.4746371721],[36.6287795902,-0.47464005],[36.6287767112,-0.4830150333],[36.6370959537,-0.4830179518],[36.6370741262,-0.5425202548],[36.6370610837,-0.5751433087],[36.6287417187,-0.5751398336],[36.6287311177,-0.6002647728],[36.6204117659,-0.6002611331],[36.6203733211,-0.683399277],[36.6107618942,-0.6667258777],[36.6045148151,-0.6468340536],[36.6067073207,-0.631152898],[36.6155202608,-0.5912831694],[36.6229059702,-0.5564719923],[36.6140166124,-0.5254831315],[36.609616162,-0.5030696299],[36.6024005883,-0.4898681151],[36.5978623836,-0.4849907323],[36.5907969793,-0.4803258416],[36.5801757266,-0.4904199512],[36.5714183229,-0.4975204357],[36.5617514628,-0.5039154058],[36.5559536733,-0.512424726],[36.5483599052,-0.5160704733],[36.5185025892,-0.499026503],[36.5145042707,-0.4949912327],[36.5040009229,-0.4918778565],[36.5036785174,-0.4917822894],[36.4911816994,-0.4808555222],[36.4835085338,-0.467184696],[36.4777815679,-0.4578381753],[36.472436836,-0.4491155755],[36.476695995,-0.4329883269]],[[36.3210979118,0.136720099],[36.3294149367,0.1367210315],[36.3294139826,0.1450941134],[36.3210969548,0.1450931228],[36.3210979118,0.136720099]],[[36.9283324902,-0.4077068647],[36.9283303264,-0.4160835922],[36.936651222,-0.4160857882],[36.9366533762,-0.4077090175],[36.9283324902,-0.4077068647]],[[37.4692419103,-0.5502756498],[37.4612244081,-0.550273573],[37.460918404,-0.5502734944],[37.4609183416,-0.5505168807],[37.4609162398,-0.5586526896],[37.4692397587,-0.5586548788],[37.4692419103,-0.5502756498]],[[36.6698971994,-1.2702868235],[36.6615759908,-1.270279255],[36.6615684329,-1.2786544336],[36.6698896692,-1.278662052],[36.6698971994,-1.2702868235]],[[36.2296133145,-0.0080709015],[36.2270004593,-0.017991476],[36.2081463098,-0.0373972396],[36.2034917503,-0.0558539524],[36.2012887992,-0.0645888819],[36.2052935804,-0.0789134808],[36.2089422042,-0.0809887115],[36.2129779238,-0.0832841197],[36.2135013866,-0.0835818524],[36.2250301856,-0.0728063671],[36.2251047603,-0.0725996885],[36.2276078875,-0.0656624581],[36.2328525655,-0.0400859389],[36.2456699853,-0.0189157394],[36.2500242637,-0.0056390689],[36.2519077213,0.0001039544],[36.2500236048,0.0201226055],[36.2391800161,0.0282551162],[36.2296133145,-0.0080709015]],[[36.2711875445,-0.1396015012],[36.2711884814,-0.1312288558],[36.2628718916,-0.1312279404],[36.2628727741,-0.1228553524],[36.2462397761,-0.1228536315],[36.2462379429,-0.1395985709],[36.2545544182,-0.1395995507],[36.2545512409,-0.1647171355],[36.2865650305,-0.1647215529],[36.2878177626,-0.1647217247],[36.2878199119,-0.1479762016],[36.2863143279,-0.1479760161],[36.2795032024,-0.1479751757],[36.2795041942,-0.1396024721],[36.2711875445,-0.1396015012]],[[37.3611000275,0.0530080507],[37.3611002053,0.0457505734],[37.3611002304,0.0446292879],[37.3574108416,0.044629205],[37.3527775722,0.0446291007],[37.3527776194,0.0424988609],[37.3527777412,0.0362503739],[37.3424023786,0.0362501824],[37.3278099825,0.0362499131],[37.3278101194,0.0278712919],[37.3194876046,0.0278711717],[37.319487674,0.0224495346],[37.3194877047,0.0194925873],[37.3145778063,0.0194925379],[37.3116070434,0.019492507],[37.3028427835,0.0194924192],[37.30284284,0.0126549789],[37.3028428503,0.0111139052],[37.3001831133,0.0111138898],[37.2945204432,0.011113857],[37.2945204592,0.0078328658],[37.294520474,0.0027353812],[37.2857227487,0.0027353685],[37.2778757707,0.0027353563],[37.2778757709,-0.0018112363],[37.2778757643,-0.0056430471],[37.2712624569,-0.0056430273],[37.2695534665,-0.0056430213],[37.2695534643,-0.0066332238],[37.2695534234,-0.0140213878],[37.256802238,-0.0140212925],[37.2529089406,-0.0140212642],[37.2529089225,-0.0162770703],[37.2529087421,-0.0307778474],[37.244586554,-0.0307777107],[37.2445863983,-0.0391559644],[37.2362642477,-0.0391557894],[37.2362635546,-0.0642904393],[37.2279414372,-0.0642901491],[37.2279407841,-0.0810465081],[37.2196187022,-0.0810461405],[37.2196178948,-0.0978024216],[37.2112958479,-0.097801976],[37.2112948837,-0.1145581823],[37.2029728694,-0.114557658],[37.2029723283,-0.1229357223],[37.1863284094,-0.1229345881],[37.1863243234,-0.1732025101],[37.1946462824,-0.1732033102],[37.1946446198,-0.1899593616],[37.2029666248,-0.1899602342],[37.20296574,-0.1983382979],[37.1946437309,-0.1983373858],[37.1946418382,-0.2150934358],[37.2029638569,-0.2150944249],[37.2029607436,-0.2402286147],[37.2112828139,-0.2402297143],[37.2112768905,-0.2821202202],[37.2195990273,-0.2821215064],[37.2195977346,-0.2904996454],[37.2279199135,-0.2905009618],[37.2279158286,-0.3156354919],[37.2445603383,-0.3156383344],[37.2445589145,-0.3240165863],[37.2528812326,-0.324018035],[37.2528826505,-0.3156397456],[37.261204999,-0.315641151],[37.2612035887,-0.3240194777],[37.3028159145,-0.3240265835],[37.3028172911,-0.3156480722],[37.3111398586,-0.3156494365],[37.3111424906,-0.2988923438],[37.319465081,-0.2988936294],[37.3194663369,-0.2905150455],[37.3277889577,-0.2905162888],[37.3277901711,-0.2821376698],[37.3361128205,-0.2821388713],[37.3361139942,-0.2737602174],[37.3527593872,-0.2737625306],[37.3527605124,-0.2653838049],[37.3610832567,-0.2653849181],[37.3610821354,-0.273763679],[37.3694049193,-0.2737648216],[37.369406034,-0.2653860257],[37.3860516942,-0.265388224],[37.3860527633,-0.2570093586],[37.3943756403,-0.2570104149],[37.3943776651,-0.2402526148],[37.402700564,-0.2402535971],[37.4027015211,-0.2318746627],[37.4193474114,-0.231876544],[37.4193492041,-0.2151185388],[37.4276721899,-0.2151194055],[37.4276730309,-0.2067403682],[37.4359960475,-0.2067411959],[37.435997621,-0.1899830556],[37.452643735,-0.1899845647],[37.4526444641,-0.1816054279],[37.4692907019,-0.1816068551],[37.4692913906,-0.1732276523],[37.4776145537,-0.1732283274],[37.4776158266,-0.1564698564],[37.485939016,-0.1564704629],[37.4859396007,-0.1480911939],[37.4942628199,-0.1480917657],[37.4942633685,-0.1397124652],[37.5025866168,-0.1397130008],[37.5025876142,-0.1229543354],[37.5109108878,-0.1229548042],[37.5109113354,-0.1145754394],[37.5192346391,-0.1145758738],[37.5192361084,-0.0810582874],[37.5109128139,-0.0810579801],[37.5109140809,-0.0307817892],[37.5025908251,-0.0307816727],[37.5025909261,-0.0224023396],[37.4859445113,-0.0224021673],[37.4859446246,0.0027356397],[37.477621466,0.0027356291],[37.4776214383,0.0111148645],[37.4692983119,0.0111148221],[37.4692980361,0.0362524328],[37.452651879,0.036252147],[37.4526516575,0.0475008611],[37.4526515287,0.0530104224],[37.4360054984,0.0530100013],[37.4360052706,0.0613890724],[37.3987064577,0.0613879617],[37.3694224833,0.0613870706],[37.3694227207,0.0530082719],[37.3611000275,0.0530080507]],[[37.1850697589,-0.4999435606],[37.183305099,-0.5051388306],[37.1820384485,-0.5196732815],[37.1924312364,-0.5368266165],[37.2048093209,-0.5355188447],[37.2074706037,-0.5186791817],[37.2007374785,-0.5027073427],[37.194870852,-0.4947392444],[37.1862646415,-0.4974198299],[37.1858870296,-0.4975374447],[37.1850697589,-0.4999435606]],[[37.1402779406,-0.5250642314],[37.138655071,-0.5302609894],[37.1441393029,-0.5582372399],[37.1492276174,-0.5790525123],[37.1529622295,-0.5845696686],[37.1580436275,-0.5920764739],[37.1609969157,-0.5964394181],[37.1612806937,-0.5960290213],[37.1640123842,-0.5920784665],[37.1691049672,-0.5847135344],[37.166586398,-0.5583728727],[37.1614375899,-0.5449551077],[37.1510194808,-0.5250674388],[37.1503914638,-0.523868596],[37.1412439462,-0.5219708568],[37.1402779406,-0.5250642314]],[[37.1945552603,-0.6026001257],[37.197551926,-0.6068242065],[37.2058801195,-0.5983342271],[37.2054757328,-0.5921079708],[37.205069978,-0.5858609588],[37.2035510157,-0.5750025734],[37.1987582208,-0.5733513431],[37.1944759194,-0.5650087422],[37.1867054809,-0.5635799815],[37.1862576437,-0.5647113079],[37.1853708453,-0.5669515249],[37.1834232799,-0.57187141],[37.1866951317,-0.5915205987],[37.1945552603,-0.6026001257]],[[37.4398725614,-0.5330317222],[37.4415259032,-0.5502844219],[37.4415553299,-0.5505914985],[37.4475011122,-0.5522407437],[37.4479214576,-0.5502861009],[37.4498807547,-0.5411750563],[37.4522400044,-0.5333372164],[37.4398725614,-0.5330317222]],[[37.0855931692,-0.600830089],[37.0938463737,-0.6267345014],[37.0975764049,-0.645928863],[37.0950540682,-0.6651149273],[37.0978183692,-0.6710937009],[37.1030304919,-0.6771321444],[37.1140162027,-0.6842159007],[37.119636312,-0.687839841],[37.1196641983,-0.687857822],[37.1211737188,-0.6925964276],[37.1281386428,-0.714460786],[37.1374420926,-0.7251437371],[37.1537314954,-0.7222449367],[37.1604867778,-0.7093523176],[37.1647366953,-0.6946050363],[37.1634996383,-0.6786605435],[37.1595895351,-0.6527753166],[37.1629886471,-0.6293172006],[37.1587185789,-0.6211377686],[37.152951523,-0.6164585307],[37.1389253183,-0.6050780821],[37.128387575,-0.5786963898],[37.1196182793,-0.5590114394],[37.092084218,-0.5650754417],[37.0841986548,-0.5765738081],[37.0855931692,-0.600830089]],[[36.92834265,-0.3658232264],[36.9200218487,-0.3658212878],[36.9200198972,-0.3741979718],[36.9283407054,-0.3741999538],[36.92834265,-0.3658232264]]]}},{"type":"Feature","properties":{"country":"Kenya","country_code":"KEN","species_name":"Cupressus_lusitanica","genus":"Cupressus","species":"lusitanica","suitability_name":"Very suitable","suitability_rank":1,"source_layer":"KCFP_SSMT_Kenya","tz":null,"soil_description":null},"geometry":{"type":"Polygon","coordinates":[[[36.3293525546,-0.4159023034],[36.3293546122,-0.4097388344],[36.3303497064,-0.4087509722],[36.3320108161,-0.3991735811],[36.332748395,-0.3949207989],[36.3376681466,-0.3923799524],[36.3380457047,-0.3921849587],[36.3434441721,-0.4030669507],[36.3447205784,-0.4143815316],[36.3452537148,-0.4159077075],[36.3293525546,-0.4159023034]]]}},{"type":"Feature","properties":{"country":"Kenya","country_code":"KEN","species_name":"Cupressus_lusitanica","genus":"Cupressus","species":"lusitanica","suitability_name":"Very suitable","suitability_rank":1,"source_layer":"KCFP_SSMT_Kenya","tz":null,"soil_description":null},"geometry":{"type":"Polygon","coordinates":[[[36.279457556,-0.39352599],[36.2855906221,-0.3948524545],[36.291029172,-0.4013488359],[36.2934497618,-0.4075171526],[36.287769864,-0.407515228],[36.2877726385,-0.3991424387],[36.2794557222,-0.3991396713],[36.279457556,-0.39352599]]]}},{"type":"Feature","properties":{"country":"Kenya","country_code":"KEN","species_name":"Cupressus_lusitanica","genus":"Cupressus","species":"lusitanica","suitability_name":"Very suitable","suitability_rank":1,"source_layer":"KCFP_SSMT_Kenya","tz":null,"soil_description":null},"geometry":{"type":"Polygon","coordinates":[[[36.3058670572,-0.4075213471],[36.3066794455,-0.391529335],[36.3124438783,-0.3857938221],[36.3190491198,-0.391146782],[36.3195904036,-0.3991529477],[36.3127237275,-0.3991506902],[36.3127209803,-0.4075236526],[36.3058670572,-0.4075213471]]]}},{"type":"Feature","properties":{"country":"Kenya","country_code":"KEN","species_name":"Cupressus_lusitanica","genus":"Cupressus","species":"lusitanica","suitability_name":"Very suitable","suitability_rank":1,"source_layer":"KCFP_SSMT_Kenya","tz":null,"soil_description":null},"geometry":{"type":"Polygon","coordinates":[[[36.3427826933,-0.3725973722],[36.3361465098,-0.3439408479],[36.3380850825,-0.3317240261],[36.3438813513,-0.3223003638],[36.3504435182,-0.3324915403],[36.3561559345,-0.3334514336],[36.3553774939,-0.3238053091],[36.3626491944,-0.3238240727],[36.3626447554,-0.3405538289],[36.3626353113,-0.3405538254],[36.3543273835,-0.3405515328],[36.3543273789,-0.3405683246],[36.3543250711,-0.3489247813],[36.3460077472,-0.3489224214],[36.3460029387,-0.3656688065],[36.3543202776,-0.3656712798],[36.3543126661,-0.3907910253],[36.346375841,-0.3907885032],[36.3459865404,-0.3888175204],[36.3427826933,-0.3725973722]]]}},{"type":"Feature","properties":{"country":"Kenya","country_code":"KEN","species_name":"Cupressus_lusitanica","genus":"Cupressus","species":"lusitanica","suitability_name":"Very suitable","suitability_rank":1,"source_layer":"KCFP_SSMT_Kenya","tz":null,"soil_description":null},"geometry":{"type":"Polygon","coordinates":[[[36.3604652092,-0.3106293874],[36.3677933231,-0.3154352226],[36.3549534055,-0.3154319429],[36.3549304547,-0.3149788339],[36.3604652092,-0.3106293874]]]}},{"type":"Feature","properties":{"country":"Kenya","country_code":"KEN","species_name":"Cupressus_lusitanica","genus":"Cupressus","species":"lusitanica","suitability_name":"Very suitable","suitability_rank":1,"source_layer":"KCFP_SSMT_Kenya","tz":null,"soil_description":null},"geometry":{"type":"Polygon","coordinates":[[[36.1048568749,-0.2484680531],[36.1048484249,-0.2484714794],[36.0956888562,-0.2521854274],[36.1042507955,-0.2400386543],[36.1048588623,-0.2391759816],[36.1048568749,-0.2484680531]]]}},{"type":"Feature","properties":{"country":"Kenya","country_code":"KEN","species_name":"Cupressus_lusitanica","genus":"Cupressus","species":"lusitanica","suitability_name":"Very suitable","suitability_rank":1,"source_layer":"KCFP_SSMT_Kenya","tz":null,"soil_description":null},"geometry":{"type":"Polygon","coordinates":[[[36.2711926151,0.1709335862],[36.2711889253,0.1953231792],[36.2628722769,0.1953218167],[36.2628708933,0.2036944357],[36.2711875441,0.2036958566],[36.2711846097,0.2204412111],[36.2795013283,0.2204427433],[36.2795094117,0.1702063311],[36.27164109,0.1702052122],[36.2711926151,0.1709335862]]]}},{"type":"Feature","properties":{"country":"Kenya","country_code":"KEN","species_name":"Cupressus_lusitanica","genus":"Cupressus","species":"lusitanica","suitability_name":"Very suitable","suitability_rank":1,"source_layer":"KCFP_SSMT_Kenya","tz":null,"soil_description":null},"geometry":{"type":"Polygon","coordinates":[[[36.2379134225,0.2455523573],[36.2545464819,0.2455558101],[36.254548162,0.2371832502],[36.2628647733,0.2371849098],[36.2628663902,0.2288122921],[36.2379167443,0.2288074738],[36.2379134225,0.2455523573]]]}},{"type":"Feature","properties":{"country":"Kenya","country_code":"KEN","species_name":"Cupressus_lusitanica","genus":"Cupressus","species":"lusitanica","suitability_name":"Very suitable","suitability_rank":1,"source_layer":"KCFP_SSMT_Kenya","tz":null,"soil_description":null},"geometry":{"type":"Polygon","coordinates":[[[36.2212751442,0.2706658544],[36.2295915427,0.2706677721],[36.2295952265,0.2539230066],[36.2165943398,0.2539201931],[36.2129615417,0.2584008888],[36.2129606859,0.2622916688],[36.2212770207,0.2622935319],[36.2212751442,0.2706658544]]]}},{"type":"Feature","properties":{"country":"Kenya","country_code":"KEN","species_name":"Cupressus_lusitanica","genus":"Cupressus","species":"lusitanica","suitability_name":"Very suitable","suitability_rank":1,"source_layer":"KCFP_SSMT_Kenya","tz":null,"soil_description":null},"geometry":{"type":"Polygon","coordinates":[[[36.204636501,0.2957786157],[36.2129528001,0.2957807229],[36.2129548596,0.2874084594],[36.2046385676,0.2874064118],[36.204636501,0.2957786157]]]}},{"type":"Feature","properties":{"country":"Kenya","country_code":"KEN","species_name":"Cupressus_lusitanica","genus":"Cupressus","species":"lusitanica","suitability_name":"Very suitable","suitability_rank":1,"source_layer":"KCFP_SSMT_Kenya","tz":null,"soil_description":null},"geometry":{"type":"Polygon","coordinates":[[[36.6035164935,-1.0471584135],[36.6035061094,-1.0471692057],[36.5951897053,-1.0558126545],[36.5952101742,-1.0288436958],[36.5956121017,-1.0273493954],[36.6035210228,-1.027355379],[36.611470256,-1.0273613732],[36.6114677193,-1.0273755234],[36.611303111,-1.0282934294],[36.6082675955,-1.0357338343],[36.6082618366,-1.0357479494],[36.6035164935,-1.0471584135]]]}},{"type":"Feature","properties":{"country":"Kenya","country_code":"KEN","species_name":"Cupressus_lusitanica","genus":"Cupressus","species":"lusitanica","suitability_name":"Very suitable","suitability_rank":1,"source_layer":"KCFP_SSMT_Kenya","tz":null,"soil_description":null},"geometry":{"type":"Polygon","coordinates":[[[36.5952505497,-0.9734587001],[36.5952538854,-0.968739939],[36.5952538965,-0.9687255612],[36.5952435523,-0.9687255547],[36.5927499568,-0.9687237716],[36.58869618,-0.9610479052],[36.5869410239,-0.9587289866],[36.5869457317,-0.9519845649],[36.5869457409,-0.9519701239],[36.5869354301,-0.9519701166],[36.5818389752,-0.9519665219],[36.578630135,-0.945915875],[36.5786317355,-0.9436040348],[36.5786317455,-0.9435895613],[36.5786214662,-0.9435895541],[36.5773959548,-0.9435886939],[36.5757692586,-0.9405213917],[36.5703146667,-0.9397373768],[36.5703177798,-0.9352235869],[36.5703177898,-0.9352090809],[36.5703075421,-0.9352090738],[36.559282075,-0.9352013692],[36.5583925064,-0.9346645222],[36.5567313295,-0.9268395625],[36.5567282433,-0.9268250238],[36.5563903567,-0.9252334357],[36.5623591455,-0.9222854129],[36.571280182,-0.9248710203],[36.5753694315,-0.9268379255],[36.5786421609,-0.9284120879],[36.5795074335,-0.9288282793],[36.5886268188,-0.935092938],[36.5945669316,-0.9436006938],[36.5952706948,-0.9446086685],[36.5974840594,-0.9477787877],[36.6095420517,-0.9602614088],[36.6170254809,-0.97271391],[36.6158596596,-0.9768368061],[36.6174333744,-0.981442785],[36.6162177854,-1.0008859072],[36.611470256,-1.0273613732],[36.6035313995,-1.0273553868],[36.6035437738,-1.010619922],[36.6035437833,-1.0106057068],[36.6035559644,-0.9938560248],[36.6010109101,-0.9938541633],[36.6006779419,-0.990269259],[36.5952505497,-0.9734587001]]]}},{"type":"Feature","properties":{"country":"Kenya","country_code":"KEN","species_name":"Cupressus_lusitanica","genus":"Cupressus","species":"lusitanica","suitability_name":"Very suitable","suitability_rank":1,"source_layer":"KCFP_SSMT_Kenya","tz":null,"soil_description":null},"geometry":{"type":"Polygon","coordinates":[[[37.3520778423,-1.6915125147],[37.3562391135,-1.6981330761],[37.3520722472,-1.6981295057],[37.3520778423,-1.6915125147]]]}},{"type":"Feature","properties":{"country":"Kenya","country_code":"KEN","species_name":"Cupressus_lusitanica","genus":"Cupressus","species":"lusitanica","suitability_name":"Very suitable","suitability_rank":1,"source_layer":"KCFP_SSMT_Kenya","tz":null,"soil_description":null},"geometry":{"type":"Polygon","coordinates":[[[37.3509699575,-1.6897498746],[37.3437530826,-1.689743696],[37.3437601642,-1.6813650467],[37.3486105319,-1.6813691817],[37.3478575095,-1.6847979807],[37.3509699575,-1.6897498746]]]}},{"type":"Feature","properties":{"country":"Kenya","country_code":"KEN","species_name":"Cupressus_lusitanica","genus":"Cupressus","species":"lusitanica","suitability_name":"Very suitable","suitability_rank":1,"source_layer":"KCFP_SSMT_Kenya","tz":null,"soil_description":null},"geometry":{"type":"Polygon","coordinates":[[[37.3521087315,-1.6545060541],[37.3524384424,-1.6562363571],[37.3521073019,-1.65623608],[37.3521087315,-1.6545060541]]]}},{"type":"Feature","properties":{"country":"Kenya","country_code":"KEN","species_name":"Cupressus_lusitanica","genus":"Cupressus","species":"lusitanica","suitability_name":"Very suitable","suitability_rank":1,"source_layer":"KCFP_SSMT_Kenya","tz":null,"soil_description":null},"geometry":{"type":"Polygon","coordinates":[[[37.3487291842,-1.636770727],[37.3492447542,-1.6394763206],[37.3437950442,-1.6394717904],[37.3437995506,-1.6339796022],[37.3487291842,-1.636770727]]]}},{"type":"Feature","properties":{"country":"Kenya","country_code":"KEN","species_name":"Cupressus_lusitanica","genus":"Cupressus","species":"lusitanica","suitability_name":"Very suitable","suitability_rank":1,"source_layer":"KCFP_SSMT_Kenya","tz":null,"soil_description":null},"geometry":{"type":"Polygon","coordinates":[[[37.2798309104,-1.4974575265],[37.2773152409,-1.4832226954],[37.2773304189,-1.4634694319],[37.2717569,-1.4634651155],[37.2690853647,-1.4555283358],[37.2690115248,-1.4554479407],[37.269018172,-1.4467062961],[37.2609770624,-1.4467001071],[37.260693482,-1.446391348],[37.2606996099,-1.4383215828],[37.2274004013,-1.4382957935],[37.2273939158,-1.4466739495],[37.2190691776,-1.446667388],[37.2190626228,-1.4550455053],[37.210737891,-1.455038875],[37.2107246089,-1.4717950303],[37.2023998533,-1.4717882924],[37.2023931236,-1.4801663312],[37.1940683752,-1.4801595234],[37.1940547382,-1.4969155209],[37.1857299663,-1.4969086052],[37.1857230577,-1.5052865638],[37.1773982927,-1.5052795765],[37.1774052321,-1.496901656],[37.1607558803,-1.4968876639],[37.1607628438,-1.488509821],[37.1690874688,-1.4885167946],[37.1690943629,-1.4801389117],[37.1774189946,-1.4801458137],[37.1774121328,-1.4885237347],[37.1857368355,-1.4885306442],[37.1857572114,-1.4633967615],[37.1940818584,-1.4634035232],[37.1940927036,-1.4497852652],[37.1944050369,-1.4495587177],[37.2096226134,-1.425414495],[37.2183489197,-1.4218100203],[37.2185274829,-1.4215452385],[37.2185360033,-1.4215326041],[37.2190758591,-1.4215330242],[37.2274132592,-1.4215394805],[37.227423271,-1.4083539731],[37.2294127286,-1.4054038198],[37.2440589879,-1.4093671661],[37.244071835,-1.4093706421],[37.2440689808,-1.4131740514],[37.2523937025,-1.4131930455],[37.2523874292,-1.4215586426],[37.2690370618,-1.4215712649],[37.269041628,-1.4154283048],[37.2713093391,-1.4159615275],[37.2773514958,-1.4181489311],[37.2773644691,-1.4181536288],[37.2773619338,-1.4215775313],[37.2856868425,-1.4215837675],[37.2856871502,-1.4211666155],[37.2868768147,-1.4215972979],[37.2951088632,-1.4245774489],[37.2964415971,-1.4351110778],[37.295723999,-1.4435728131],[37.3004773648,-1.4591583862],[37.3022949087,-1.4604632524],[37.30653077,-1.4635042943],[37.3210426396,-1.4739227156],[37.3183175741,-1.4960306326],[37.3152533446,-1.4885350909],[37.3106150164,-1.4845371169],[37.3058900519,-1.4804644604],[37.3052217762,-1.4802478284],[37.3022937536,-1.4792986606],[37.2958198814,-1.4772000351],[37.2877791412,-1.4810372735],[37.2856388016,-1.4852715917],[37.2836312524,-1.489243167],[37.2798309104,-1.4974575265]]]}},{"type":"Feature","properties":{"country":"Kenya","country_code":"KEN","species_name":"Cupressus_lusitanica","genus":"Cupressus","species":"lusitanica","suitability_name":"Very suitable","suitability_rank":1,"source_layer":"KCFP_SSMT_Kenya","tz":null,"soil_description":null},"geometry":{"type":"Polygon","coordinates":[[[37.3424120892,-1.4718974572],[37.3439257487,-1.471898589],[37.3439243248,-1.4738269309],[37.342549418,-1.4724645832],[37.3424120892,-1.4718974572]]]}},{"type":"Feature","properties":{"country":"Kenya","country_code":"KEN","species_name":"Cupressus_lusitanica","genus":"Cupressus","species":"lusitanica","suitability_name":"Very suitable","suitability_rank":1,"source_layer":"KCFP_SSMT_Kenya","tz":null,"soil_description":null},"geometry":{"type":"Polygon","coordinates":[[[37.2247531424,-1.4634281677],[37.2247394209,-1.4634406369],[37.2190519333,-1.468609048],[37.2190560213,-1.463436102],[37.2247531424,-1.4634281677]]]}},{"type":"Feature","properties":{"country":"Kenya","country_code":"KEN","species_name":"Cupressus_lusitanica","genus":"Cupressus","species":"lusitanica","suitability_name":"Very suitable","suitability_rank":1,"source_layer":"KCFP_SSMT_Kenya","tz":null,"soil_description":null},"geometry":{"type":"Polygon","coordinates":[[[37.3189868384,-1.4216084105],[37.3189807599,-1.4299869741],[37.3178894937,-1.4299861695],[37.3132147996,-1.4216041736],[37.3189868384,-1.4216084105]]]}},{"type":"Feature","properties":{"country":"Kenya","country_code":"KEN","species_name":"Cupressus_lusitanica","genus":"Cupressus","species":"lusitanica","suitability_name":"Very suitable","suitability_rank":1,"source_layer":"KCFP_SSMT_Kenya","tz":null,"soil_description":null},"geometry":{"type":"Polygon","coordinates":[[[37.3085401165,-1.4132222081],[37.3106678592,-1.4132237676],[37.3106651028,-1.4170324238],[37.3085401165,-1.4132222081]]]}},{"type":"Feature","properties":{"country":"Kenya","country_code":"KEN","species_name":"Cupressus_lusitanica","genus":"Cupressus","species":"lusitanica","suitability_name":"Very suitable","suitability_rank":1,"source_layer":"KCFP_SSMT_Kenya","tz":null,"soil_description":null},"geometry":{"type":"Polygon","coordinates":[[[37.3523616851,-1.3127093383],[37.3523602192,-1.3149463927],[37.352022611,-1.3149441381],[37.3471998925,-1.3127059094],[37.3523616851,-1.3127093383]]]}},{"type":"Feature","properties":{"country":"Kenya","country_code":"KEN","species_name":"Cupressus_lusitanica","genus":"Cupressus","species":"lusitanica","suitability_name":"Very suitable","suitability_rank":1,"source_layer":"KCFP_SSMT_Kenya","tz":null,"soil_description":null},"geometry":{"type":"Polygon","coordinates":[[[37.2761772715,-1.1367113863],[37.2775519432,-1.1367122121],[37.2775513455,-1.1377202868],[37.2761772715,-1.1367113863]]]}},{"type":"Feature","properties":{"country":"Kenya","country_code":"KEN","species_name":"Cupressus_lusitanica","genus":"Cupressus","species":"lusitanica","suitability_name":"Very suitable","suitability_rank":1,"source_layer":"KCFP_SSMT_Kenya","tz":null,"soil_description":null},"geometry":{"type":"Polygon","coordinates":[[[37.2661635836,-1.1283407679],[37.2661491459,-1.1283269884],[37.2692329605,-1.128328837],[37.2692312205,-1.1312683557],[37.2692182841,-1.1312560095],[37.2661635836,-1.1283407679]]]}},{"type":"Feature","properties":{"country":"Kenya","country_code":"KEN","species_name":"Cupressus_lusitanica","genus":"Cupressus","species":"lusitanica","suitability_name":"Very suitable","suitability_rank":1,"source_layer":"KCFP_SSMT_Kenya","tz":null,"soil_description":null},"geometry":{"type":"Polygon","coordinates":[[[37.2570875038,-1.1199432243],[37.2609140246,-1.1199455125],[37.2609120267,-1.1233289623],[37.2580014596,-1.1205512731],[37.2570875038,-1.1199432243]]]}},{"type":"Feature","properties":{"country":"Kenya","country_code":"KEN","species_name":"Cupressus_lusitanica","genus":"Cupressus","species":"lusitanica","suitability_name":"Very suitable","suitability_rank":1,"source_layer":"KCFP_SSMT_Kenya","tz":null,"soil_description":null},"geometry":{"type":"Polygon","coordinates":[[[37.2525951367,-1.1115622372],[37.2525919589,-1.1169523633],[37.2444828227,-1.1115573935],[37.2525951367,-1.1115622372]]]}},{"type":"Feature","properties":{"country":"Kenya","country_code":"KEN","species_name":"Cupressus_lusitanica","genus":"Cupressus","species":"lusitanica","suitability_name":"Very suitable","suitability_rank":1,"source_layer":"KCFP_SSMT_Kenya","tz":null,"soil_description":null},"geometry":{"type":"Polygon","coordinates":[[[37.1816991217,-0.7986166311],[37.1778485844,-0.7958898672],[37.1778497832,-0.7931543177],[37.1861724896,-0.7931579997],[37.1861696958,-0.799547788],[37.1816991217,-0.7986166311]]]}},{"type":"Feature","properties":{"country":"Kenya","country_code":"KEN","species_name":"Cupressus_lusitanica","genus":"Cupressus","species":"lusitanica","suitability_name":"Very suitable","suitability_rank":1,"source_layer":"KCFP_SSMT_Kenya","tz":null,"soil_description":null},"geometry":{"type":"Polygon","coordinates":[[[37.2283260136,-0.7093943842],[37.2258462538,-0.6998312084],[37.2234216571,-0.6959275973],[37.2195012302,-0.6998894491],[37.2195039516,-0.6926346511],[37.2266738486,-0.6926373588],[37.2278266611,-0.6926377921],[37.2278235294,-0.7010159908],[37.2361462912,-0.7010191549],[37.2361431367,-0.7093973903],[37.2283260136,-0.7093943842]]]}},{"type":"Feature","properties":{"country":"Kenya","country_code":"KEN","species_name":"Cupressus_lusitanica","genus":"Cupressus","species":"lusitanica","suitability_name":"Very suitable","suitability_rank":1,"source_layer":"KCFP_SSMT_Kenya","tz":null,"soil_description":null},"geometry":{"type":"Polygon","coordinates":[[[36.935502515,-0.3399220399],[36.9395487368,-0.3406954599],[36.9283482173,-0.3406930402],[36.928349504,-0.3346163982],[36.935502515,-0.3399220399]]]}},{"type":"Feature","properties":{"country":"Kenya","country_code":"KEN","species_name":"Cupressus_lusitanica","genus":"Cupressus","species":"lusitanica","suitability_name":"Very suitable","suitability_rank":1,"source_layer":"KCFP_SSMT_Kenya","tz":null,"soil_description":null},"geometry":{"type":"Polygon","coordinates":[[[37.541383782,-1.9011011652],[37.5372174042,-1.9111312076],[37.5362070394,-1.9138812008],[37.5353768757,-1.9161427315],[37.5350843842,-1.9161424808],[37.5350985551,-1.8993944935],[37.5351056074,-1.8910042909],[37.5411720244,-1.8910094311],[37.5409589487,-1.8930891766],[37.5412935679,-1.8993997648],[37.541383782,-1.9011011652]]]}},{"type":"Feature","properties":{"country":"Kenya","country_code":"KEN","species_name":"Cupressus_lusitanica","genus":"Cupressus","species":"lusitanica","suitability_name":"Very suitable","suitability_rank":1,"source_layer":"KCFP_SSMT_Kenya","tz":null,"soil_description":null},"geometry":{"type":"Polygon","coordinates":[[[37.5252459259,-1.8239609352],[37.5268332611,-1.8239622433],[37.5268318055,-1.8257496372],[37.5252459259,-1.8239609352]]]}},{"type":"Feature","properties":{"country":"Kenya","country_code":"KEN","species_name":"Cupressus_lusitanica","genus":"Cupressus","species":"lusitanica","suitability_name":"Very suitable","suitability_rank":1,"source_layer":"KCFP_SSMT_Kenya","tz":null,"soil_description":null},"geometry":{"type":"Polygon","coordinates":[[[37.3853066661,-1.781696919],[37.3853064492,-1.7819459791],[37.4008748701,-1.781959645],[37.4093536088,-1.7831076751],[37.4186075568,-1.7894427017],[37.418606775,-1.7903540066],[37.4199404489,-1.7903551637],[37.422842787,-1.7923420213],[37.4365527776,-1.8038755595],[37.4366146927,-1.8071276051],[37.4352465195,-1.8071264206],[37.4352393295,-1.8155054363],[37.4367741996,-1.8155067723],[37.4369272083,-1.8235462043],[37.4210595676,-1.8378570159],[37.4138293248,-1.8406234681],[37.4102358843,-1.8406202486],[37.4102432906,-1.8322413365],[37.3935890871,-1.8322263882],[37.3935831072,-1.8238475299],[37.3519618213,-1.8238096645],[37.351965129,-1.8201713634],[37.3631565039,-1.8164263017],[37.3819432266,-1.8181544319],[37.393586754,-1.8197307554],[37.4032426105,-1.8210379324],[37.4083352631,-1.8100912894],[37.4049269716,-1.8018320588],[37.3797937368,-1.782220124],[37.3853066661,-1.781696919]]]}},{"type":"Feature","properties":{"country":"Kenya","country_code":"KEN","species_name":"Cupressus_lusitanica","genus":"Cupressus","species":"lusitanica","suitability_name":"Very suitable","suitability_rank":1,"source_layer":"KCFP_SSMT_Kenya","tz":null,"soil_description":null},"geometry":{"type":"Polygon","coordinates":[[[37.5185119189,-1.8163656794],[37.5184980206,-1.8163500034],[37.5178211659,-1.8155865809],[37.510376723,-1.8071899813],[37.5185193689,-1.8071966823],[37.5185119189,-1.8163656794]]]}},{"type":"Feature","properties":{"country":"Kenya","country_code":"KEN","species_name":"Cupressus_lusitanica","genus":"Cupressus","species":"lusitanica","suitability_name":"Very suitable","suitability_rank":1,"source_layer":"KCFP_SSMT_Kenya","tz":null,"soil_description":null},"geometry":{"type":"Polygon","coordinates":[[[37.446324449,-1.7820100391],[37.4463159767,-1.7819987768],[37.4519219713,-1.7820035253],[37.4519172192,-1.7876842474],[37.4519035751,-1.7876732312],[37.4485444585,-1.7849613571],[37.446324449,-1.7820100391]]]}},{"type":"Feature","properties":{"country":"Kenya","country_code":"KEN","species_name":"Cupressus_lusitanica","genus":"Cupressus","species":"lusitanica","suitability_name":"Very suitable","suitability_rank":1,"source_layer":"KCFP_SSMT_Kenya","tz":null,"soil_description":null},"geometry":{"type":"Polygon","coordinates":[[[37.4400091574,-1.7736143674],[37.4436019336,-1.7736174112],[37.4435979435,-1.7783853728],[37.443584336,-1.7783672843],[37.4400176548,-1.7736256632],[37.4400091574,-1.7736143674]]]}},{"type":"Feature","properties":{"country":"Kenya","country_code":"KEN","species_name":"Cupressus_lusitanica","genus":"Cupressus","species":"lusitanica","suitability_name":"Very suitable","suitability_rank":1,"source_layer":"KCFP_SSMT_Kenya","tz":null,"soil_description":null},"geometry":{"type":"Polygon","coordinates":[[[37.4186281617,-1.7652284701],[37.4186266095,-1.7670641767],[37.4162297671,-1.7652150961],[37.418614645,-1.7652171384],[37.4186281713,-1.76521715],[37.4186281617,-1.7652284701]]]}},{"type":"Feature","properties":{"country":"Kenya","country_code":"KEN","species_name":"Cupressus_lusitanica","genus":"Cupressus","species":"lusitanica","suitability_name":"Very suitable","suitability_rank":1,"source_layer":"KCFP_SSMT_Kenya","tz":null,"soil_description":null},"geometry":{"type":"Polygon","coordinates":[[[37.5185704055,-1.7430943578],[37.5185760147,-1.735904515],[37.5191189191,-1.7341884553],[37.5195016408,-1.73178329],[37.5212290638,-1.7209272454],[37.5249194732,-1.7154607559],[37.5304144828,-1.7166389197],[37.5326634627,-1.7267233534],[37.5359750746,-1.7317961655],[37.538364065,-1.7354556783],[37.5366743413,-1.7401875496],[37.5352239033,-1.7442492824],[37.5352098985,-1.7442885018],[37.5336869633,-1.7485532091],[37.5336828982,-1.7485645908],[37.5323338418,-1.752342341],[37.5268899942,-1.752831626],[37.5268933308,-1.748559242],[37.5268933397,-1.7485478563],[37.5222417914,-1.7485441776],[37.5185704055,-1.7430943578]]]}},{"type":"Feature","properties":{"country":"Kenya","country_code":"KEN","species_name":"Cupressus_lusitanica","genus":"Cupressus","species":"lusitanica","suitability_name":"Very suitable","suitability_rank":1,"source_layer":"KCFP_SSMT_Kenya","tz":null,"soil_description":null},"geometry":{"type":"Polygon","coordinates":[[[37.4916889461,-1.7134131467],[37.4833959861,-1.7222810777],[37.4733126836,-1.7233635472],[37.4648619422,-1.7159913512],[37.4585261176,-1.6946757235],[37.4505406907,-1.6834136511],[37.4437526926,-1.675428551],[37.4519944188,-1.6757410574],[37.4520080719,-1.6757415756],[37.4686471618,-1.676372387],[37.4686608796,-1.6763729069],[37.4707440593,-1.6764518732],[37.4727196897,-1.6730916785],[37.4748984187,-1.6693860196],[37.4769925557,-1.669922834],[37.4853176268,-1.6720568762],[37.4853168256,-1.6731015051],[37.4888277335,-1.6731042296],[37.4989139328,-1.6832669631],[37.4988553763,-1.6972258894],[37.4916889461,-1.7134131467]]]}},{"type":"Feature","properties":{"country":"Kenya","country_code":"KEN","species_name":"Cupressus_lusitanica","genus":"Cupressus","species":"lusitanica","suitability_name":"Very suitable","suitability_rank":1,"source_layer":"KCFP_SSMT_Kenya","tz":null,"soil_description":null},"geometry":{"type":"Polygon","coordinates":[[[37.564401351,-1.6646713818],[37.5643161722,-1.6647817495],[37.560260959,-1.6700361194],[37.5602647797,-1.6647787768],[37.5602708445,-1.656399264],[37.5685978033,-1.6564053341],[37.5685951093,-1.6601544025],[37.5675350227,-1.6606067179],[37.564401351,-1.6646713818]]]}},{"type":"Feature","properties":{"country":"Kenya","country_code":"KEN","species_name":"Cupressus_lusitanica","genus":"Cupressus","species":"lusitanica","suitability_name":"Very suitable","suitability_rank":1,"source_layer":"KCFP_SSMT_Kenya","tz":null,"soil_description":null},"geometry":{"type":"Polygon","coordinates":[[[37.5269627458,-1.6571496725],[37.5207771189,-1.6607623025],[37.5186265239,-1.6697652462],[37.5186365146,-1.6563683859],[37.5269633193,-1.6563746319],[37.5269627458,-1.6571496725]]]}},{"type":"Feature","properties":{"country":"Kenya","country_code":"KEN","species_name":"Cupressus_lusitanica","genus":"Cupressus","species":"lusitanica","suitability_name":"Very suitable","suitability_rank":1,"source_layer":"KCFP_SSMT_Kenya","tz":null,"soil_description":null},"geometry":{"type":"Polygon","coordinates":[[[37.6602565235,-1.5642911724],[37.6685834614,-1.5642965049],[37.668578164,-1.572676411],[37.660251193,-1.572671049],[37.6602565235,-1.5642911724]]]}},{"type":"Feature","properties":{"country":"Kenya","country_code":"KEN","species_name":"Cupressus_lusitanica","genus":"Cupressus","species":"lusitanica","suitability_name":"Very suitable","suitability_rank":1,"source_layer":"KCFP_SSMT_Kenya","tz":null,"soil_description":null},"geometry":{"type":"Polygon","coordinates":[[[37.6519402534,-1.5475261069],[37.6519296132,-1.5642858057],[37.6436027315,-1.5642804049],[37.6436134384,-1.5475207649],[37.6519402534,-1.5475261069]]]}},{"type":"Feature","properties":{"country":"Kenya","country_code":"KEN","species_name":"Cupressus_lusitanica","genus":"Cupressus","species":"lusitanica","suitability_name":"Very suitable","suitability_rank":1,"source_layer":"KCFP_SSMT_Kenya","tz":null,"soil_description":null},"geometry":{"type":"Polygon","coordinates":[[[37.410641674,-1.3043683489],[37.4106229079,-1.3127472964],[37.4070532671,-1.31274501],[37.4032788179,-1.3043636575],[37.410628184,-1.3043683403],[37.410641674,-1.3043683489]]]}},{"type":"Feature","properties":{"country":"Kenya","country_code":"KEN","species_name":"Cupressus_lusitanica","genus":"Cupressus","species":"lusitanica","suitability_name":"Very suitable","suitability_rank":1,"source_layer":"KCFP_SSMT_Kenya","tz":null,"soil_description":null},"geometry":{"type":"Polygon","coordinates":[[[37.4023084506,-1.2959841107],[37.4023219082,-1.2959841192],[37.4023218999,-1.2959972453],[37.4023179839,-1.3022300818],[37.4006651409,-1.2985598738],[37.3999271049,-1.2959825975],[37.4023084506,-1.2959841107]]]}},{"type":"Feature","properties":{"country":"Kenya","country_code":"KEN","species_name":"Cupressus_lusitanica","genus":"Cupressus","species":"lusitanica","suitability_name":"Very suitable","suitability_rank":1,"source_layer":"KCFP_SSMT_Kenya","tz":null,"soil_description":null},"geometry":{"type":"Polygon","coordinates":[[[37.3898160677,-1.2792183963],[37.3939939988,-1.2792210309],[37.3940074249,-1.2792210402],[37.3940054511,-1.2823923261],[37.3939920305,-1.2823821588],[37.3898160677,-1.2792183963]]]}},{"type":"Feature","properties":{"country":"Kenya","country_code":"KEN","species_name":"Cupressus_lusitanica","genus":"Cupressus","species":"lusitanica","suitability_name":"Very suitable","suitability_rank":1,"source_layer":"KCFP_SSMT_Kenya","tz":null,"soil_description":null},"geometry":{"type":"Polygon","coordinates":[[[37.6637870446,-0.5754625557],[37.6642828903,-0.5838426189],[37.6606834852,-0.5838417559],[37.6606854541,-0.5754618233],[37.6637870446,-0.5754625557]]]}},{"type":"Feature","properties":{"country":"Kenya","country_code":"KEN","species_name":"Cupressus_lusitanica","genus":"Cupressus","species":"lusitanica","suitability_name":"Very suitable","suitability_rank":1,"source_layer":"KCFP_SSMT_Kenya","tz":null,"soil_description":null},"geometry":{"type":"Polygon","coordinates":[[[37.4525865692,-0.5818079699],[37.4525883033,-0.5754088113],[37.4609118133,-0.5754110783],[37.460909551,-0.5837902719],[37.4554509802,-0.5837887658],[37.4525865692,-0.5818079699]]]}},{"type":"Feature","properties":{"country":"Kenya","country_code":"KEN","species_name":"Cupressus_lusitanica","genus":"Cupressus","species":"lusitanica","suitability_name":"Very suitable","suitability_rank":1,"source_layer":"KCFP_SSMT_Kenya","tz":null,"soil_description":null},"geometry":{"type":"Polygon","coordinates":[[[37.5829222888,-0.5670632489],[37.5857703357,-0.5670639501],[37.5857700234,-0.5683453729],[37.5829222888,-0.5670632489]]]}},{"type":"Feature","properties":{"country":"Kenya","country_code":"KEN","species_name":"Cupressus_lusitanica","genus":"Cupressus","species":"lusitanica","suitability_name":"Very suitable","suitability_rank":1,"source_layer":"KCFP_SSMT_Kenya","tz":null,"soil_description":null},"geometry":{"type":"Polygon","coordinates":[[[37.6856658118,-0.5419475955],[37.6939901238,-0.5419494083],[37.6939883114,-0.5503454537],[37.6939883149,-0.550329456],[37.7071106357,-0.5503323341],[37.7071061524,-0.550348331],[37.6937055731,-0.5632108259],[37.6856614615,-0.5617652812],[37.6790606324,-0.5605790927],[37.6773228979,-0.5606015288],[37.6690131054,-0.5607088098],[37.6690135574,-0.5587038602],[37.6856475966,-0.5587076303],[37.6856621429,-0.5587076336],[37.6856639887,-0.5503436137],[37.6856658118,-0.5419475955]]]}},{"type":"Feature","properties":{"country":"Kenya","country_code":"KEN","species_name":"Cupressus_lusitanica","genus":"Cupressus","species":"lusitanica","suitability_name":"Very suitable","suitability_rank":1,"source_layer":"KCFP_SSMT_Kenya","tz":null,"soil_description":null},"geometry":{"type":"Polygon","coordinates":[[[37.6690158889,-0.548246342],[37.6690172727,-0.5419439353],[37.6773415286,-0.5419457711],[37.6773408407,-0.5451077468],[37.6773396958,-0.5503257625],[37.6690154292,-0.5503238983],[37.6690158889,-0.548246342]]]}},{"type":"Feature","properties":{"country":"Kenya","country_code":"KEN","species_name":"Cupressus_lusitanica","genus":"Cupressus","species":"lusitanica","suitability_name":"Very suitable","suitability_rank":1,"source_layer":"KCFP_SSMT_Kenya","tz":null,"soil_description":null},"geometry":{"type":"Polygon","coordinates":[[[38.5879173364,-3.4699222652],[38.5923989144,-3.4720454575],[38.5923973237,-3.4757514766],[38.5954303649,-3.4757527871],[38.598528093,-3.4875846723],[38.5993333238,-3.4925131775],[38.6007277849,-3.5010480526],[38.6007242965,-3.5092772324],[38.6007150448,-3.5310033673],[38.5993364033,-3.5339895165],[38.5983773754,-3.534421394],[38.5919023634,-3.5344185598],[38.5836286886,-3.5256594483],[38.5805603881,-3.5089631601],[38.5813710603,-3.4915966276],[38.580972715,-3.4819947686],[38.5833223339,-3.4735552003],[38.5879173364,-3.4699222652]]]}},{"type":"Feature","properties":{"country":"Kenya","country_code":"KEN","species_name":"Cupressus_lusitanica","genus":"Cupressus","species":"lusitanica","suitability_name":"Very suitable","suitability_rank":1,"source_layer":"KCFP_SSMT_Kenya","tz":null,"soil_description":null},"geometry":{"type":"Polygon","coordinates":[[[38.3424704339,-3.4887593629],[38.3454103629,-3.4923700397],[38.3478935662,-3.4954197617],[38.3505120345,-3.4961227085],[38.3505088447,-3.5007549868],[38.3426488556,-3.5007494866],[38.3421677961,-3.5007491478],[38.342168147,-3.5002474169],[38.342173637,-3.4923677705],[38.3338326774,-3.4923618712],[38.3338363396,-3.4871624126],[38.3356196371,-3.4880236306],[38.3421761692,-3.4887277618],[38.3424704339,-3.4887593629]]]}},{"type":"Feature","properties":{"country":"Kenya","country_code":"KEN","species_name":"Cupressus_lusitanica","genus":"Cupressus","species":"lusitanica","suitability_name":"Very suitable","suitability_rank":1,"source_layer":"KCFP_SSMT_Kenya","tz":null,"soil_description":null},"geometry":{"type":"Polygon","coordinates":[[[38.3671809442,-3.4900679056],[38.3671793941,-3.4923850098],[38.3643444113,-3.4923830897],[38.3671809442,-3.4900679056]]]}},{"type":"Feature","properties":{"country":"Kenya","country_code":"KEN","species_name":"Cupressus_lusitanica","genus":"Cupressus","species":"lusitanica","suitability_name":"Very suitable","suitability_rank":1,"source_layer":"KCFP_SSMT_Kenya","tz":null,"soil_description":null},"geometry":{"type":"Polygon","coordinates":[[[38.3755289078,-3.4794566506],[38.375525908,-3.4840091772],[38.372364719,-3.4840070687],[38.3755289078,-3.4794566506]]]}},{"type":"Feature","properties":{"country":"Kenya","country_code":"KEN","species_name":"Cupressus_lusitanica","genus":"Cupressus","species":"lusitanica","suitability_name":"Very suitable","suitability_rank":1,"source_layer":"KCFP_SSMT_Kenya","tz":null,"soil_description":null},"geometry":{"type":"Polygon","coordinates":[[[38.3004751771,-3.4839562241],[38.2921343646,-3.4839499675],[38.2921420657,-3.4736277882],[38.2943679584,-3.4763396031],[38.3004801214,-3.4772536413],[38.3004751771,-3.4839562241]]]}},{"type":"Feature","properties":{"country":"Kenya","country_code":"KEN","species_name":"Cupressus_lusitanica","genus":"Cupressus","species":"lusitanica","suitability_name":"Very suitable","suitability_rank":1,"source_layer":"KCFP_SSMT_Kenya","tz":null,"soil_description":null},"geometry":{"type":"Polygon","coordinates":[[[38.3254994513,-3.4574781407],[38.3255164977,-3.4574802073],[38.3262537728,-3.4575695791],[38.3274805259,-3.4672132476],[38.3274811329,-3.4672180227],[38.32776722,-3.469466986],[38.3305103224,-3.4839781358],[38.3254977058,-3.4839745456],[38.3255096081,-3.4672166143],[38.3255096124,-3.4672118396],[38.3254925643,-3.4672118283],[38.3171689008,-3.4672058354],[38.3171744135,-3.4595116874],[38.3203219976,-3.4568505151],[38.3254994513,-3.4574781407]]]}},{"type":"Feature","properties":{"country":"Kenya","country_code":"KEN","species_name":"Cupressus_lusitanica","genus":"Cupressus","species":"lusitanica","suitability_name":"Very suitable","suitability_rank":1,"source_layer":"KCFP_SSMT_Kenya","tz":null,"soil_description":null},"geometry":{"type":"Polygon","coordinates":[[[38.2827438879,-3.4587989891],[38.2871165659,-3.4671835897],[38.2754655721,-3.4671747076],[38.2754719433,-3.4587934428],[38.2827438879,-3.4587989891]]]}},{"type":"Feature","properties":{"country":"Kenya","country_code":"KEN","species_name":"Cupressus_lusitanica","genus":"Cupressus","species":"lusitanica","suitability_name":"Very suitable","suitability_rank":1,"source_layer":"KCFP_SSMT_Kenya","tz":null,"soil_description":null},"geometry":{"type":"Polygon","coordinates":[[[38.3484722759,-3.4188517011],[38.35567041,-3.4085630329],[38.3593463194,-3.403140697],[38.3583455132,-3.4001834015],[38.3575632691,-3.3978719306],[38.3539882317,-3.3917990635],[38.3514831996,-3.3875437585],[38.3505858828,-3.387066767],[38.3410331093,-3.3819886633],[38.3300699188,-3.3826032957],[38.319279911,-3.391780235],[38.3183324345,-3.3925860514],[38.3172047547,-3.3926959513],[38.3050820549,-3.3938773004],[38.3034935578,-3.3917638888],[38.2969611758,-3.3830727923],[38.2896917633,-3.3791379138],[38.283868745,-3.3830293826],[38.2825696345,-3.3838975554],[38.2793320921,-3.3884463708],[38.280868498,-3.3950916309],[38.2852696201,-3.4001368769],[38.2880932146,-3.4033736851],[38.2960103977,-3.4112052302],[38.3041970649,-3.4169133629],[38.3082641657,-3.4197490927],[38.3171991275,-3.4248058792],[38.3240067627,-3.4286586117],[38.3193356608,-3.4360413387],[38.3146557529,-3.4420648564],[38.3110302415,-3.4467311788],[38.3027994928,-3.4485097599],[38.3004864394,-3.4455344644],[38.2977757452,-3.4420476524],[38.2960113111,-3.439778017],[38.2934532929,-3.4252867657],[38.2933870923,-3.4249117348],[38.2879234401,-3.4214459122],[38.2806291107,-3.4198026874],[38.2754863501,-3.4173709844],[38.2713074074,-3.4153949851],[38.2677543096,-3.4057607195],[38.2690180942,-3.3922758729],[38.2693702852,-3.3917386203],[38.2755293422,-3.3823431013],[38.2803531472,-3.3749842993],[38.2824591984,-3.3717714276],[38.2937467729,-3.3604058929],[38.2947613045,-3.358237449],[38.2974801929,-3.3524260749],[38.2998868636,-3.3382593472],[38.3027245373,-3.3288901194],[38.3079937583,-3.3270960209],[38.3172451712,-3.3346058231],[38.3179492007,-3.335177309],[38.3255996182,-3.337746482],[38.3304606956,-3.3393788988],[38.3387188636,-3.3331189094],[38.342283734,-3.3304165588],[38.3493270786,-3.3250772575],[38.3569771124,-3.3163735367],[38.3569818171,-3.3163681843],[38.3589562521,-3.3141217588],[38.3589734371,-3.3141022052],[38.3643394616,-3.3079968953],[38.3643441942,-3.3079915112],[38.3657297099,-3.3064150904],[38.3673182662,-3.3056587326],[38.3728446196,-3.3030274432],[38.3756587769,-3.3039052973],[38.3803415624,-3.3053660338],[38.3825313746,-3.308003046],[38.3839945752,-3.3097650483],[38.3866519269,-3.3129650446],[38.3839881111,-3.3202158482],[38.3839708122,-3.3202629343],[38.3823164858,-3.3247658681],[38.3819534884,-3.3257539111],[38.3783777084,-3.3406047775],[38.3798428325,-3.3499087235],[38.3839468849,-3.3586544027],[38.3839641328,-3.3586902793],[38.3863976831,-3.3637521452],[38.38924816,-3.3770370401],[38.3850513306,-3.3877536774],[38.377415856,-3.3989150719],[38.3755774548,-3.4049056721],[38.3744512491,-3.4085754687],[38.3727240449,-3.4142035709],[38.3714566616,-3.416959923],[38.3685313747,-3.4233218637],[38.3672239831,-3.4251406403],[38.3670853427,-3.425333508],[38.3670817971,-3.4253384423],[38.3595364685,-3.4358349186],[38.3569204891,-3.4497660746],[38.3561532538,-3.4602756281],[38.3540276833,-3.4700870392],[38.3505116006,-3.4717484995],[38.3482949857,-3.4727959091],[38.3421908114,-3.4676064071],[38.3412549128,-3.4668107393],[38.3392835529,-3.4560536241],[38.3416681041,-3.4423562022],[38.3380945767,-3.4315922637],[38.3344729784,-3.427908822],[38.3324118596,-3.4241425249],[38.3367840549,-3.4242712867],[38.3484722759,-3.4188517011]]]}},{"type":"Feature","properties":{"country":"Kenya","country_code":"KEN","species_name":"Cupressus_lusitanica","genus":"Cupressus","species":"lusitanica","suitability_name":"Very suitable","suitability_rank":1,"source_layer":"KCFP_SSMT_Kenya","tz":null,"soil_description":null},"geometry":{"type":"Polygon","coordinates":[[[38.2671547587,-3.4282319785],[38.2698882718,-3.4336453568],[38.2671506357,-3.4336432531],[38.2671547587,-3.4282319785]]]}},{"type":"Feature","properties":{"country":"Kenya","country_code":"KEN","species_name":"Cupressus_lusitanica","genus":"Cupressus","species":"lusitanica","suitability_name":"Very suitable","suitability_rank":1,"source_layer":"KCFP_SSMT_Kenya","tz":null,"soil_description":null},"geometry":{"type":"Polygon","coordinates":[[[38.2588167786,-3.4252555554],[38.2588194924,-3.4217253808],[38.2644742153,-3.4252599329],[38.2588167786,-3.4252555554]]]}},{"type":"Feature","properties":{"country":"Kenya","country_code":"KEN","species_name":"Cupressus_lusitanica","genus":"Cupressus","species":"lusitanica","suitability_name":"Very suitable","suitability_rank":1,"source_layer":"KCFP_SSMT_Kenya","tz":null,"soil_description":null},"geometry":{"type":"Polygon","coordinates":[[[38.2474565146,-3.4024340444],[38.23939269,-3.4103852693],[38.2417734159,-3.4168609519],[38.233802812,-3.4168545999],[38.2338160743,-3.4000922089],[38.2496411935,-3.4001046931],[38.2474565146,-3.4024340444]]]}},{"type":"Feature","properties":{"country":"Kenya","country_code":"KEN","species_name":"Cupressus_lusitanica","genus":"Cupressus","species":"lusitanica","suitability_name":"Very suitable","suitability_rank":1,"source_layer":"KCFP_SSMT_Kenya","tz":null,"soil_description":null},"geometry":{"type":"Polygon","coordinates":[[[38.250502502,-3.3917241298],[38.2574960305,-3.391729544],[38.2504967449,-3.3991924812],[38.250502502,-3.3917241298]]]}},{"type":"Feature","properties":{"country":"Kenya","country_code":"KEN","species_name":"Cupressus_lusitanica","genus":"Cupressus","species":"lusitanica","suitability_name":"Very suitable","suitability_rank":1,"source_layer":"KCFP_SSMT_Kenya","tz":null,"soil_description":null},"geometry":{"type":"Polygon","coordinates":[[[38.2626575597,-3.3414459294],[38.2616934368,-3.3498316922],[38.2631566537,-3.3613447678],[38.263175994,-3.3665952802],[38.2632173205,-3.3778197312],[38.2588436343,-3.3901584617],[38.2588615108,-3.3665919959],[38.2588741497,-3.3498295555],[38.2588804494,-3.3414430755],[38.2626575597,-3.3414459294]]]}},{"type":"Feature","properties":{"country":"Kenya","country_code":"KEN","species_name":"Cupressus_lusitanica","genus":"Cupressus","species":"lusitanica","suitability_name":"Very suitable","suitability_rank":1,"source_layer":"KCFP_SSMT_Kenya","tz":null,"soil_description":null},"geometry":{"type":"Polygon","coordinates":[[[38.4340015795,-3.3318564232],[38.4423605257,-3.3287506797],[38.4467430288,-3.3270955233],[38.4557166878,-3.3205046705],[38.4590284255,-3.3177269918],[38.4590459916,-3.3177122582],[38.4605743748,-3.3164303361],[38.4665463508,-3.3114213174],[38.4673881062,-3.3131090181],[38.4690496155,-3.3164402946],[38.4673687346,-3.3164393875],[38.4673617416,-3.3294818977],[38.4623917583,-3.3358974348],[38.4590342318,-3.3392715589],[38.4567440971,-3.3415729917],[38.449280937,-3.3490728482],[38.4409220605,-3.3668472568],[38.4381463352,-3.3723174798],[38.4335468456,-3.3759498647],[38.4253813364,-3.3699453744],[38.4224666,-3.3632967605],[38.4156720466,-3.3570834057],[38.4139059987,-3.3486105893],[38.4206369109,-3.3360783836],[38.4340015795,-3.3318564232]]]}},{"type":"Feature","properties":{"country":"Kenya","country_code":"KEN","species_name":"Cupressus_lusitanica","genus":"Cupressus","species":"lusitanica","suitability_name":"Very suitable","suitability_rank":1,"source_layer":"KCFP_SSMT_Kenya","tz":null,"soil_description":null},"geometry":{"type":"Polygon","coordinates":[[[38.419369695,-3.3164122746],[38.4173951408,-3.3186589496],[38.4081915481,-3.3254654233],[38.4042797224,-3.3247847473],[38.4089867574,-3.3247822648],[38.4090041227,-3.3247822762],[38.4090091032,-3.3164061146],[38.419369695,-3.3164122746]]]}},{"type":"Feature","properties":{"country":"Kenya","country_code":"KEN","species_name":"Cupressus_lusitanica","genus":"Cupressus","species":"lusitanica","suitability_name":"Very suitable","suitability_rank":1,"source_layer":"KCFP_SSMT_Kenya","tz":null,"soil_description":null},"geometry":{"type":"Polygon","coordinates":[[[38.337988458,-3.3179056342],[38.3339536623,-3.3162539855],[38.3339591938,-3.3079768804],[38.3425271511,-3.3079826197],[38.337988458,-3.3179056342]]]}},{"type":"Feature","properties":{"country":"Kenya","country_code":"KEN","species_name":"Cupressus_lusitanica","genus":"Cupressus","species":"lusitanica","suitability_name":"Very suitable","suitability_rank":1,"source_layer":"KCFP_SSMT_Kenya","tz":null,"soil_description":null},"geometry":{"type":"Polygon","coordinates":[[[38.3062375256,-3.3079524139],[38.3029099751,-3.3119438548],[38.3005991065,-3.3118409196],[38.3006018362,-3.3079484402],[38.3062375256,-3.3079524139]]]}},{"type":"Feature","properties":{"country":"Kenya","country_code":"KEN","species_name":"Cupressus_lusitanica","genus":"Cupressus","species":"lusitanica","suitability_name":"Very suitable","suitability_rank":1,"source_layer":"KCFP_SSMT_Kenya","tz":null,"soil_description":null},"geometry":{"type":"Polygon","coordinates":[[[38.4564832462,-3.2921216603],[38.4507187597,-3.2951578937],[38.4507208815,-3.2912855981],[38.4569600154,-3.29128903],[38.4564832462,-3.2921216603]]]}},{"type":"Feature","properties":{"country":"Kenya","country_code":"KEN","species_name":"Cupressus_lusitanica","genus":"Cupressus","species":"lusitanica","suitability_name":"Very suitable","suitability_rank":1,"source_layer":"KCFP_SSMT_Kenya","tz":null,"soil_description":null},"geometry":{"type":"Polygon","coordinates":[[[38.3718866578,-3.2828574234],[38.3680049071,-3.286274941],[38.3673304096,-3.2864357572],[38.3673326632,-3.2828545395],[38.3718866578,-3.2828574234]]]}},{"type":"Feature","properties":{"country":"Kenya","country_code":"KEN","species_name":"Cupressus_lusitanica","genus":"Cupressus","species":"lusitanica","suitability_name":"Very suitable","suitability_rank":1,"source_layer":"KCFP_SSMT_Kenya","tz":null,"soil_description":null},"geometry":{"type":"Polygon","coordinates":[[[38.0103272558,-0.5758677582],[38.0097152774,-0.57553358],[38.0103115144,-0.5755336842],[38.0103273134,-0.5755336869],[38.0103273106,-0.5755495906],[38.0103272558,-0.5758677582]]]}},{"type":"Feature","properties":{"country":"Kenya","country_code":"KEN","species_name":"Cupressus_lusitanica","genus":"Cupressus","species":"lusitanica","suitability_name":"Very suitable","suitability_rank":1,"source_layer":"KCFP_SSMT_Kenya","tz":null,"soil_description":null},"geometry":{"type":"Polygon","coordinates":[[[38.0226728801,-0.533630771],[38.0213797091,-0.5252495544],[38.0269702427,-0.5252504323],[38.0269861045,-0.5252504356],[38.026984798,-0.5336314591],[38.0269689362,-0.5336314566],[38.0226728801,-0.533630771]]]}},{"type":"Feature","properties":{"country":"Kenya","country_code":"KEN","species_name":"Cupressus_lusitanica","genus":"Cupressus","species":"lusitanica","suitability_name":"Very suitable","suitability_rank":1,"source_layer":"KCFP_SSMT_Kenya","tz":null,"soil_description":null},"geometry":{"type":"Polygon","coordinates":[[[38.011759381,-0.5085022215],[38.0117481513,-0.5084860583],[38.0186634163,-0.5084871194],[38.0186621378,-0.5168842523],[38.0186618991,-0.5184373024],[38.011759381,-0.5085022215]]]}},{"type":"Feature","properties":{"country":"Kenya","country_code":"KEN","species_name":"Cupressus_lusitanica","genus":"Cupressus","species":"lusitanica","suitability_name":"Very suitable","suitability_rank":1,"source_layer":"KCFP_SSMT_Kenya","tz":null,"soil_description":null},"geometry":{"type":"Polygon","coordinates":[[[37.8105584818,-0.2654195696],[37.8105584664,-0.2655809332],[37.8102185537,-0.2654195366],[37.8105584818,-0.2654195696]]]}},{"type":"Feature","properties":{"country":"Kenya","country_code":"KEN","species_name":"Cupressus_lusitanica","genus":"Cupressus","species":"lusitanica","suitability_name":"Very suitable","suitability_rank":1,"source_layer":"KCFP_SSMT_Kenya","tz":null,"soil_description":null},"geometry":{"type":"Polygon","coordinates":[[[37.785601937,-0.2489115296],[37.7832031975,-0.2454599549],[37.7826425874,-0.240275812],[37.7855877823,-0.2402760759],[37.7856027108,-0.2402932696],[37.785601937,-0.2489115296]]]}},{"type":"Feature","properties":{"country":"Kenya","country_code":"KEN","species_name":"Cupressus_lusitanica","genus":"Cupressus","species":"lusitanica","suitability_name":"Very suitable","suitability_rank":1,"source_layer":"KCFP_SSMT_Kenya","tz":null,"soil_description":null},"geometry":{"type":"Polygon","coordinates":[[[37.9024951738,0.089465474],[37.9021539476,0.0894648015],[37.9021537799,0.0949419031],[37.9099443507,0.0949421503],[37.9024951738,0.089465474]]]}},{"type":"Feature","properties":{"country":"Kenya","country_code":"KEN","species_name":"Cupressus_lusitanica","genus":"Cupressus","species":"lusitanica","suitability_name":"Very suitable","suitability_rank":1,"source_layer":"KCFP_SSMT_Kenya","tz":null,"soil_description":null},"geometry":{"type":"Polygon","coordinates":[[[37.9521012796,0.1117051335],[37.9437765434,0.1117048334],[37.9437762925,0.1185232865],[37.9511052799,0.1158605867],[37.9521011733,0.1146666356],[37.9521012796,0.1117051335]]]}},{"type":"Feature","properties":{"country":"Kenya","country_code":"KEN","species_name":"Cupressus_lusitanica","genus":"Cupressus","species":"lusitanica","suitability_name":"Very suitable","suitability_rank":1,"source_layer":"KCFP_SSMT_Kenya","tz":null,"soil_description":null},"geometry":{"type":"Polygon","coordinates":[[[37.927126702,0.123175188],[37.9271268241,0.1200849939],[37.9223288796,0.1200848039],[37.927126702,0.123175188]]]}},{"type":"Feature","properties":{"country":"Kenya","country_code":"KEN","species_name":"Cupressus_lusitanica","genus":"Cupressus","species":"lusitanica","suitability_name":"Very suitable","suitability_rank":1,"source_layer":"KCFP_SSMT_Kenya","tz":null,"soil_description":null},"geometry":{"type":"Polygon","coordinates":[[[38.0103548908,0.2038980326],[38.0103553921,0.1955170459],[38.0069447165,0.1955168422],[38.0057580047,0.2038977475],[38.0103548908,0.2038980326]]]}},{"type":"Feature","properties":{"country":"Kenya","country_code":"KEN","species_name":"Cupressus_lusitanica","genus":"Cupressus","species":"lusitanica","suitability_name":"Very suitable","suitability_rank":1,"source_layer":"KCFP_SSMT_Kenya","tz":null,"soil_description":null},"geometry":{"type":"Polygon","coordinates":[[[38.004571271,0.2122786465],[38.0039294631,0.2168111246],[38.0041013628,0.2206406192],[38.0103538265,0.2206410393],[38.0103543677,0.2122790202],[38.004571271,0.2122786465]]]}},{"type":"Feature","properties":{"country":"Kenya","country_code":"KEN","species_name":"Cupressus_lusitanica","genus":"Cupressus","species":"lusitanica","suitability_name":"Very suitable","suitability_rank":1,"source_layer":"KCFP_SSMT_Kenya","tz":null,"soil_description":null},"geometry":{"type":"Polygon","coordinates":[[[37.9215785129,0.2820308164],[37.9187760956,0.2815912616],[37.90986314,0.2801932753],[37.9102465364,0.2876794919],[37.9115351598,0.3128437553],[37.9465481745,0.3556289853],[37.9520661664,0.3683993576],[37.9570237451,0.3798728474],[37.9626284063,0.3928439968],[37.9967182123,0.4419768857],[37.9974000978,0.4469250083],[37.9997127348,0.463707077],[38.0002184575,0.4673770213],[38.0020187818,0.4693183693],[38.0045879021,0.4720887374],[38.0103426583,0.4782942857],[38.0123610989,0.4804708405],[38.0186665524,0.4872702361],[38.020134312,0.4888529749],[38.0356807893,0.505617332],[38.0436396192,0.5056185181],[38.0436408355,0.4972374517],[38.051966122,0.4972386615],[38.0519643058,0.509811326],[38.0587492576,0.4947964033],[38.0598275481,0.4502696474],[38.0536290591,0.4221428419],[38.0495599774,0.4134275032],[38.0436518788,0.413426789],[38.0436528714,0.4050457223],[38.0456467238,0.405045958],[38.0366334684,0.3857411773],[38.051980017,0.3877857558],[38.0519835366,0.3547406917],[38.051967578,0.35474069],[38.0519684198,0.3463790852],[38.0436592503,0.3463782456],[38.0436600803,0.3379971766],[38.0353349816,0.3379963477],[38.03533886,0.2960911043],[38.0270138143,0.2960903728],[38.0270152343,0.2793283156],[38.018690223,0.2793084249],[38.0186743941,0.2793084236],[38.0186750773,0.2709466104],[38.006359077,0.2709455998],[38.0064165828,0.2722271215],[38.0057230384,0.2709455464],[38.0020409558,0.2709452425],[38.0020415055,0.2641425909],[37.9966516226,0.2541828906],[37.9937173521,0.2541826608],[37.9937173545,0.2541635639],[37.9937020369,0.2487325176],[37.986714753,0.2358211791],[37.9853939341,0.2342788648],[37.9750449708,0.2221944625],[37.9687289112,0.2294704044],[37.9632569317,0.2357739531],[37.9406926403,0.2411697196],[37.9306414271,0.2729805408],[37.9215785129,0.2820308164]]]}},{"type":"Feature","properties":{"country":"Kenya","country_code":"KEN","species_name":"Cupressus_lusitanica","genus":"Cupressus","species":"lusitanica","suitability_name":"Very suitable","suitability_rank":1,"source_layer":"KCFP_SSMT_Kenya","tz":null,"soil_description":null},"geometry":{"type":"Polygon","coordinates":[[[38.0573744007,0.388504429],[38.0581693026,0.3882852268],[38.0557270036,0.3882849516],[38.0573744007,0.388504429]]]}},{"type":"Feature","properties":{"country":"Kenya","country_code":"KEN","species_name":"Cupressus_lusitanica","genus":"Cupressus","species":"lusitanica","suitability_name":"Very suitable","suitability_rank":1,"source_layer":"KCFP_SSMT_Kenya","tz":null,"soil_description":null},"geometry":{"type":"Polygon","coordinates":[[[37.8210212386,0.5642448373],[37.8188550204,0.5573018057],[37.8188536287,0.5642443947],[37.8210212386,0.5642448373]]]}},{"type":"Feature","properties":{"country":"Kenya","country_code":"KEN","species_name":"Cupressus_lusitanica","genus":"Cupressus","species":"lusitanica","suitability_name":"Very suitable","suitability_rank":1,"source_layer":"KCFP_SSMT_Kenya","tz":null,"soil_description":null},"geometry":{"type":"Polygon","coordinates":[[[37.8111561274,0.5977440871],[37.8111977256,0.5893840927],[37.8105236676,0.5893839478],[37.8105218813,0.5977439488],[37.8111561274,0.5977440871]]]}}]}