{"type":"FeatureCollection","features":[{"type":"Feature","properties":{"country":"Kenya","country_code":"KEN","species_name":"Pinus_maximinoi","genus":"Pinus","species":"maximinoi","suitability_name":"Very suitable","suitability_rank":1,"source_layer":"KCFP_SSMT_Kenya","tz":null,"soil_description":null},"geometry":{"type":"Polygon","coordinates":[[[34.5334793672,-1.2629312811],[34.5494112494,-1.2674258561],[34.5685466502,-1.2789740983],[34.5872396733,-1.2905229875],[34.6016085638,-1.2956503745],[34.6171672388,-1.2934843916],[34.6272448197,-1.2905859993],[34.6413805867,-1.2891742989],[34.6421151513,-1.2891009371],[34.6509010591,-1.2927342245],[34.6578492988,-1.2956075762],[34.6696859673,-1.3057360033],[34.6911476369,-1.3120523506],[34.7055710355,-1.3089634951],[34.7165298593,-1.3111000786],[34.7219734831,-1.3195833406],[34.7312947721,-1.3319719069],[34.7467667541,-1.345101891],[34.7611716358,-1.3452032828],[34.7692247247,-1.3370451144],[34.7741775133,-1.336037992],[34.787770436,-1.3328518482],[34.7907939187,-1.3331015962],[34.8054649975,-1.3343134311],[34.807403598,-1.3343175466],[34.8262754699,-1.3343575274],[34.8265639315,-1.3472893661],[34.821244954,-1.3588883412],[34.820373825,-1.3598994688],[34.8069865802,-1.3754376971],[34.7817456794,-1.390090726],[34.7602019773,-1.3990599056],[34.7574545329,-1.3978432097],[34.7444719158,-1.3920939144],[34.7275851186,-1.3839815514],[34.7234622308,-1.3866891753],[34.706011428,-1.3926541046],[34.6584063114,-1.3661039322],[34.6195985856,-1.3444715789],[34.5862281115,-1.3258669033],[34.5661240026,-1.31465813],[34.5402334815,-1.3002270504],[34.4727097203,-1.2625772969],[34.4588280461,-1.2548392406],[34.4588095476,-1.2336252446],[34.458823201,-1.2255626276],[34.4339206516,-1.2255065829],[34.4339347831,-1.2171511575],[34.4256334411,-1.2171369699],[34.4256454976,-1.2087950481],[34.4173462598,-1.2087809357],[34.4173466616,-1.2073804427],[34.4173582985,-1.2004257323],[34.4007562877,-1.2003841785],[34.4007702064,-1.1920426155],[34.3841686352,-1.1920011243],[34.384182506,-1.1836597901],[34.3675813746,-1.1836183647],[34.3675951977,-1.1752772582],[34.3509945089,-1.1752359],[34.3510082818,-1.1668950219],[34.3427097592,-1.1668811766],[34.3427218194,-1.1585268566],[34.3261218183,-1.1584856837],[34.3261354666,-1.1501451668],[34.3223676698,-1.1501389405],[34.3242392555,-1.1430494474],[34.3163996073,-1.1101502955],[34.3037041848,-1.0899897396],[34.293017663,-1.081013933],[34.284750949,-1.0796832175],[34.2847583488,-1.0748797967],[34.276459185,-1.0748668583],[34.2764973069,-1.0498202058],[34.2930941335,-1.0498454535],[34.2931040409,-1.0442002696],[34.3025253904,-1.0525653914],[34.3337586094,-1.0678480833],[34.3589354754,-1.0810350517],[34.3690795765,-1.0863486427],[34.3797750612,-1.0953252308],[34.4105433443,-1.1131121464],[34.4390226587,-1.1308837274],[34.4590632265,-1.1442542372],[34.4895492554,-1.172077388],[34.5152227858,-1.184702991],[34.5040950305,-1.1879250366],[34.4929232862,-1.1921828205],[34.4905845075,-1.1930741606],[34.4837837841,-1.192309236],[34.4826284149,-1.1921792824],[34.4732247096,-1.1911215629],[34.4588907666,-1.1861478451],[34.4504129782,-1.1832061571],[34.4422891956,-1.1852607488],[34.44079494,-1.185638656],[34.4339782375,-1.1910907411],[34.4249602383,-1.1983032624],[34.4384384448,-1.2006791372],[34.4422636073,-1.2007771966],[34.4507761362,-1.2009954021],[34.4588579663,-1.2047892767],[34.4626321401,-1.206561002],[34.4749374137,-1.2139538839],[34.4824624541,-1.2176586799],[34.4867593313,-1.2272683426],[34.4889316201,-1.233969998],[34.4937267936,-1.2487640445],[34.5002884861,-1.2531560969],[34.5071678376,-1.2577608021],[34.5141179643,-1.2590687777],[34.5311493941,-1.2622739668],[34.5334793672,-1.2629312811]]]}},{"type":"Feature","properties":{"country":"Kenya","country_code":"KEN","species_name":"Pinus_maximinoi","genus":"Pinus","species":"maximinoi","suitability_name":"Very suitable","suitability_rank":1,"source_layer":"KCFP_SSMT_Kenya","tz":null,"soil_description":null},"geometry":{"type":"Polygon","coordinates":[[[34.2681554149,-1.0770117658],[34.2663058018,-1.0767140241],[34.2598564646,-1.077872873],[34.2598611352,-1.0748548375],[34.2681587257,-1.074867819],[34.2681554149,-1.0770117658]]]}},{"type":"Feature","properties":{"country":"Kenya","country_code":"KEN","species_name":"Pinus_maximinoi","genus":"Pinus","species":"maximinoi","suitability_name":"Very suitable","suitability_rank":1,"source_layer":"KCFP_SSMT_Kenya","tz":null,"soil_description":null},"geometry":{"type":"Polygon","coordinates":[[[34.5229895698,-1.0194622783],[34.5161634031,-1.0083801185],[34.509156634,-0.9970050512],[34.4857354253,-0.9812566028],[34.4726393924,-0.9650450081],[34.4643941761,-0.943332347],[34.4616313921,-0.922818274],[34.4585439751,-0.9110569612],[34.4564696166,-0.9067635287],[34.4625076974,-0.9032509894],[34.4756993493,-0.9043989501],[34.4758982551,-0.9043902353],[34.4828326012,-0.9040864207],[34.4842014106,-0.9027317563],[34.4883733994,-0.8986028391],[34.4870945654,-0.8913545542],[34.4857700582,-0.8838478121],[34.4817160347,-0.8785159456],[34.476935933,-0.8770547117],[34.4792852307,-0.8690596848],[34.4784773813,-0.8586889694],[34.4780281307,-0.8579194522],[34.4759585946,-0.8543745853],[34.4737549138,-0.8505999794],[34.4759637896,-0.8499308694],[34.4797105649,-0.848795894],[34.489382615,-0.8412650526],[34.4920313795,-0.8281606167],[34.4989427156,-0.8217619495],[34.5077547461,-0.8317284736],[34.5234288961,-0.8417348624],[34.5340828579,-0.8410356731],[34.5456128564,-0.8402789462],[34.5524134738,-0.8343772962],[34.5237739249,-0.8161912077],[34.5211820264,-0.8145453859],[34.5073444061,-0.8036247292],[34.4923477617,-0.7952282568],[34.4776292612,-0.7806198876],[34.4724559724,-0.772287679],[34.4775472306,-0.764958993],[34.4917000306,-0.7666641781],[34.504586543,-0.7573115989],[34.5131856944,-0.7421754308],[34.5175864325,-0.7419971831],[34.5326162112,-0.7413883751],[34.5341441279,-0.7409932544],[34.5507972652,-0.736686645],[34.5525517399,-0.7362329157],[34.5731263682,-0.7410060207],[34.5908339782,-0.724520726],[34.5893115093,-0.7164463782],[34.5829756432,-0.708801951],[34.5892027818,-0.7028541023],[34.6036807727,-0.6942026702],[34.6124529168,-0.6852764582],[34.610446224,-0.680195958],[34.6046263683,-0.6670254068],[34.6015464774,-0.654340443],[34.5945167985,-0.6492293883],[34.5827846372,-0.6569742708],[34.5695590302,-0.6536605554],[34.5565122113,-0.6554199137],[34.545228736,-0.6654696976],[34.5311954626,-0.6665137186],[34.5150643059,-0.6645791359],[34.5110496107,-0.6694168956],[34.5053252055,-0.6566776708],[34.5152683622,-0.6519839492],[34.5247007308,-0.6604997682],[34.5247028865,-0.660287903],[34.5249377916,-0.6604999835],[34.5250385912,-0.6505890546],[34.5214973202,-0.6376708678],[34.522947164,-0.6296212885],[34.5203166528,-0.617859679],[34.51283929,-0.6104350306],[34.5094053067,-0.6117795793],[34.501824858,-0.6149681651],[34.5011351728,-0.6156159408],[34.5011012393,-0.615647813],[34.4931130601,-0.6231504877],[34.4848682056,-0.6210729678],[34.4815468605,-0.609538814],[34.4821398521,-0.5945733217],[34.4784348383,-0.5758874345],[34.4789870454,-0.5654770155],[34.4928387481,-0.5654878811],[34.4928451584,-0.557131771],[34.501145775,-0.5571381703],[34.5011643991,-0.5320695502],[34.5177658499,-0.5320817393],[34.5177718454,-0.5237253405],[34.5426746999,-0.5237432537],[34.5426687384,-0.5320999392],[34.5509698891,-0.5321059835],[34.5509638434,-0.5404627618],[34.5592651004,-0.5404688897],[34.5592711348,-0.5321120166],[34.5675724747,-0.5321180385],[34.5675733501,-0.5308937524],[34.567578405,-0.5237610696],[34.5758798267,-0.5237669851],[34.5758856514,-0.5154099224],[34.6007904484,-0.5154273224],[34.6007961483,-0.5070699773],[34.6090979223,-0.5070756622],[34.6091035185,-0.4987182222],[34.6257073252,-0.4987293723],[34.6257128183,-0.4903555646],[34.6257155657,-0.4903555664],[34.6257209442,-0.4820141195],[34.6340202183,-0.4820194912],[34.6340202296,-0.482003278],[34.6340230092,-0.4820032798],[34.6340485061,-0.4402308861],[34.6385463148,-0.4402335419],[34.6423478027,-0.4402194088],[34.6423482949,-0.4441900993],[34.6423457076,-0.4485772569],[34.6465664451,-0.4485797916],[34.6506479073,-0.4485822395],[34.6506528051,-0.4402242993],[34.6672574639,-0.4402340494],[34.6672525847,-0.4485921738],[34.6755550611,-0.4485971281],[34.6755647085,-0.4318806927],[34.6838672582,-0.4318854533],[34.683871936,-0.4235271422],[34.6890725368,-0.4235300623],[34.6921745682,-0.4235318019],[34.6921724493,-0.4273453026],[34.6921698984,-0.4318902031],[34.7004726307,-0.4318949457],[34.7004730268,-0.4311907994],[34.7004772916,-0.4235364517],[34.7170830105,-0.4235457247],[34.717087561,-0.4151870476],[34.7087846653,-0.415182507],[34.7087870994,-0.4106512962],[34.7087891345,-0.406823921],[34.6921836322,-0.4068149969],[34.6921880265,-0.398456595],[34.700490725,-0.3984609687],[34.7004936991,-0.3926929192],[34.7121594456,-0.4009962806],[34.7274544681,-0.4031727702],[34.7455838099,-0.3949968858],[34.7563622827,-0.3913811849],[34.7767507534,-0.3896934493],[34.7853667569,-0.392496432],[34.793254796,-0.4047602879],[34.8064197186,-0.4152166979],[34.814679113,-0.4122739476],[34.8232010205,-0.4042738819],[34.8297009999,-0.3934812513],[34.8413731577,-0.3914830537],[34.8513645929,-0.3984705141],[34.8591377553,-0.3996719334],[34.8735962609,-0.3928476826],[34.8831764662,-0.3911128605],[34.8882334159,-0.3901971141],[34.8906113458,-0.3897664996],[34.891481702,-0.3900956858],[34.8917544614,-0.3901988488],[34.8979209065,-0.3925311333],[34.8988297976,-0.39020233],[34.9001537262,-0.3868100602],[34.9080947672,-0.3831710196],[34.9247083919,-0.3756004598],[34.9481295276,-0.3652328737],[34.9641889194,-0.3588842216],[34.9724057946,-0.3598670447],[34.9728986558,-0.3651708565],[34.9732414027,-0.3688594597],[34.9712623316,-0.3861259169],[34.9757843865,-0.3916837293],[34.98368644,-0.403036454],[34.9824880618,-0.4069825643],[34.9818006224,-0.4092461837],[34.982825879,-0.4097346373],[34.9879162992,-0.412159827],[34.9911296627,-0.4136899116],[34.9975022234,-0.4167243043],[35.0046095742,-0.4151577001],[35.0078580173,-0.4103664098],[35.0092751478,-0.4167434408],[35.014033027,-0.4237219458],[35.0239501808,-0.4375790075],[35.028080384,-0.4599592762],[35.0325471132,-0.4745665419],[35.036174264,-0.4819180843],[35.040851587,-0.4644205024],[35.0393457831,-0.4535822716],[35.0380279469,-0.4475758054],[35.0435439453,-0.4448533724],[35.047099117,-0.4450835917],[35.0470017098,-0.4418804634],[35.0431610689,-0.4331719999],[35.0414028699,-0.4291659394],[35.0312690604,-0.4153688921],[35.0242274525,-0.4057820841],[35.0143025447,-0.3913915286],[35.0156276483,-0.3838884132],[35.0152974125,-0.3818969282],[35.0125628185,-0.3654070954],[35.0164026331,-0.3612480533],[35.0202142032,-0.3600116744],[35.0278315758,-0.3620179276],[35.0360289273,-0.365063929],[35.040989191,-0.3640724453],[35.0409935396,-0.3640715772],[35.0449695538,-0.3632768238],[35.0461458415,-0.3568415159],[35.0465164566,-0.3548138731],[35.0475561455,-0.356842127],[35.0515868955,-0.3647055394],[35.0510518081,-0.3734565617],[35.0606848995,-0.3695962509],[35.0669041371,-0.3652614256],[35.0775902396,-0.3715524274],[35.0906164757,-0.3720937818],[35.0939530854,-0.3824863634],[35.1008236657,-0.3823041138],[35.1085589982,-0.3865004882],[35.1239502619,-0.3785318756],[35.1310708593,-0.3751184524],[35.1315736425,-0.3700498672],[35.1265925774,-0.3637950856],[35.1328004706,-0.360147631],[35.1465469986,-0.357927464],[35.1541823866,-0.3480694196],[35.1505920039,-0.3399753225],[35.1343082015,-0.3454033341],[35.1323709646,-0.3453051762],[35.1292822848,-0.3451486749],[35.1217236321,-0.3462463238],[35.1098106213,-0.3489433738],[35.1074542802,-0.3457262283],[35.1030244766,-0.3396782171],[35.1058746035,-0.3286335085],[35.1074609739,-0.3289044958],[35.1170560207,-0.3305435489],[35.1225923926,-0.3250508342],[35.1224073575,-0.3150429038],[35.1222898315,-0.3086896516],[35.123966325,-0.2994744854],[35.1240858803,-0.2994328185],[35.1272824243,-0.2983187786],[35.1317661375,-0.2967561332],[35.1323942162,-0.2959370743],[35.1361642998,-0.2910205877],[35.1404968165,-0.2899603526],[35.1407034765,-0.2899097796],[35.1508314618,-0.2874312703],[35.1556670275,-0.2899825208],[35.1583386154,-0.291392061],[35.1724877065,-0.2951702698],[35.1811768428,-0.294993368],[35.1922215955,-0.2876900492],[35.2051038339,-0.2797047531],[35.2110070055,-0.2845824072],[35.2123261903,-0.2908160831],[35.2143372233,-0.2983662572],[35.2145382284,-0.299120918],[35.223771693,-0.2991316974],[35.2381500053,-0.2918965485],[35.2548495802,-0.2922315248],[35.2628716987,-0.2902091845],[35.2686735932,-0.2805603169],[35.2799326433,-0.2748667745],[35.2856272454,-0.2769754234],[35.2878277121,-0.2869011089],[35.2929997837,-0.2970845243],[35.2967659776,-0.2976396155],[35.3018758772,-0.2983962726],[35.3060172887,-0.2990095211],[35.3101629195,-0.2964955361],[35.3134295605,-0.2900354314],[35.3138825326,-0.2891396229],[35.3114405579,-0.2812868476],[35.3128437703,-0.2776096107],[35.3226482463,-0.2818206389],[35.3306154428,-0.2855640632],[35.3539071016,-0.2900486488],[35.378069558,-0.2950274534],[35.4100739091,-0.2800567126],[35.4150413865,-0.2777401198],[35.4486527325,-0.2800202739],[35.4564324507,-0.281218163],[35.4564323014,-0.2817153979],[35.4231922052,-0.2817051609],[35.4231896133,-0.2900709355],[35.4148797725,-0.2900682849],[35.4148780164,-0.2955891801],[35.4148743487,-0.3067996809],[35.423184202,-0.3068024852],[35.4231693464,-0.3486313544],[35.4148594587,-0.3486281678],[35.4148529705,-0.3653595614],[35.3982333935,-0.3653528612],[35.3982300199,-0.3737184043],[35.3899203381,-0.3737149656],[35.3899168802,-0.3820804324],[35.3816072671,-0.3820769079],[35.3816031263,-0.391835258],[35.381580857,-0.4406346244],[35.3898905314,-0.4406386882],[35.3898864602,-0.4490041524],[35.3815767783,-0.4490000115],[35.3815683888,-0.4657307841],[35.3898780907,-0.4657350802],[35.3898649611,-0.4908314701],[35.3815552281,-0.4908269434],[35.3815460722,-0.5075577145],[35.3898558252,-0.5075623954],[35.3898511424,-0.5159278568],[35.3981609826,-0.5159326041],[35.3981562341,-0.5242981431],[35.4064661616,-0.5243029572],[35.4064613479,-0.5326685718],[35.4147713627,-0.5326734514],[35.4147664839,-0.5410391433],[35.423076586,-0.5410440873],[35.4230615284,-0.5661413897],[35.4147513915,-0.5661362164],[35.4147409498,-0.5828675985],[35.4230511107,-0.5828729247],[35.4230403895,-0.5996044576],[35.4064200941,-0.5995934868],[35.4064145936,-0.6079590997],[35.3993709195,-0.6079543689],[35.3895340591,-0.6008601502],[35.3888976158,-0.6199885412],[35.3795814933,-0.6381410632],[35.3684726003,-0.6521314231],[35.3697363414,-0.6632096778],[35.3775190208,-0.6625665132],[35.3895819781,-0.6453613618],[35.4024219918,-0.6415252274],[35.4063980929,-0.6323958193],[35.4063976381,-0.6330559366],[35.4147077995,-0.6330617348],[35.4146961411,-0.6497931111],[35.4223280921,-0.6497985647],[35.4230064053,-0.6497990489],[35.4229759979,-0.6916278659],[35.4312864092,-0.6916341713],[35.4312801149,-0.70000001],[35.4395906156,-0.700006377],[35.4395968953,-0.6916404622],[35.4645288061,-0.6916592474],[35.4645225701,-0.7000253893],[35.4811442483,-0.7000379904],[35.4811316107,-0.7167705745],[35.4728207045,-0.7167641309],[35.4728142586,-0.7251303472],[35.4645034121,-0.7251238131],[35.4645098731,-0.7167576722],[35.4561991167,-0.7167511993],[35.4561926406,-0.7251172637],[35.4478819442,-0.725110699],[35.4478753777,-0.7334766882],[35.4395647414,-0.7334700323],[35.439558084,-0.7418359452],[35.4312475078,-0.7418291986],[35.4312407707,-0.7501798354],[35.4312339351,-0.7585608702],[35.4395445427,-0.7585677699],[35.4395376588,-0.7669336816],[35.447848358,-0.7669406413],[35.4478414147,-0.7753066285],[35.4561522054,-0.7753136486],[35.4561591325,-0.7669475847],[35.4644699822,-0.766954512],[35.4644768182,-0.7585883738],[35.4561659845,-0.7585815222],[35.4561727604,-0.7502154574],[35.4727944721,-0.7502289947],[35.4728011424,-0.7418627787],[35.4811120945,-0.7418694479],[35.481105452,-0.7502205388],[35.4810987105,-0.7586020283],[35.4727937407,-0.7585952136],[35.4727740121,-0.775327637],[35.4644630712,-0.7753206506],[35.4644593532,-0.7797843989],[35.4491298064,-0.7857067099],[35.428633478,-0.8000959559],[35.4166345446,-0.8103836426],[35.4122310505,-0.8165802969],[35.4146890763,-0.823285644],[35.4249867687,-0.8231208658],[35.4498612358,-0.8048437773],[35.4623237756,-0.7938670138],[35.4637856156,-0.7920523562],[35.4644490243,-0.7920529266],[35.4644497239,-0.7912279611],[35.4669442647,-0.7881313294],[35.4659171457,-0.7836880315],[35.4810780745,-0.783700896],[35.4810850278,-0.7753346081],[35.5060185221,-0.7753554193],[35.5060116178,-0.7837219328],[35.4977003624,-0.783714938],[35.4976862991,-0.8004478143],[35.5059975869,-0.8004549585],[35.5060046394,-0.7920884458],[35.5143159855,-0.7920954995],[35.5143089506,-0.8004620867],[35.530931897,-0.8004762924],[35.5309388994,-0.7921095568],[35.5475621077,-0.7921235471],[35.5475690035,-0.7837566633],[35.555880702,-0.7837635598],[35.5558738227,-0.7921305182],[35.5641856089,-0.7921374706],[35.5641786733,-0.8005045012],[35.5558668694,-0.8004974743],[35.5558527464,-0.8172313882],[35.5475409808,-0.8172241972],[35.547533792,-0.8255910794],[35.5392220833,-0.8255837964],[35.5392213525,-0.8264276426],[35.5377490389,-0.8257342068],[35.5308652517,-0.8275342901],[35.5218625493,-0.8366972046],[35.5114198231,-0.8518458176],[35.508834215,-0.8551439995],[35.4998386722,-0.8432300557],[35.4807926382,-0.8493248181],[35.4688478018,-0.8589713882],[35.4643958324,-0.8589672388],[35.4643925978,-0.862474326],[35.4534029372,-0.8673230478],[35.4512613859,-0.8673210238],[35.4423026555,-0.8548327289],[35.4328971712,-0.8568430471],[35.4265535092,-0.8508023387],[35.4160007003,-0.8539544258],[35.4084047452,-0.8589772777],[35.3949823156,-0.8508165806],[35.3918452481,-0.8436503215],[35.3810980637,-0.8431091643],[35.3975200682,-0.8263815485],[35.391267233,-0.8087053268],[35.3908171331,-0.8074329684],[35.3896483027,-0.8046385679],[35.3876493411,-0.7998595659],[35.38365032,-0.7903137176],[35.3825456859,-0.7824213456],[35.3655868405,-0.7648516311],[35.3588909187,-0.7719558323],[35.3662748829,-0.7899794885],[35.3710183736,-0.7957767843],[35.3714518898,-0.8144961586],[35.3703764502,-0.8163258243],[35.3678183841,-0.8226468889],[35.3534485768,-0.8394623248],[35.351174027,-0.8408677018],[35.3355011771,-0.8501707972],[35.3219350665,-0.85768824],[35.3054483399,-0.8596506677],[35.3030246783,-0.849723615],[35.3159232621,-0.8408220564],[35.3254389433,-0.8258952422],[35.3379896292,-0.8050088082],[35.340048517,-0.7971948991],[35.3369153842,-0.7976236734],[35.3311499741,-0.8021918894],[35.3246873791,-0.8088336051],[35.3104936639,-0.8101247459],[35.3001468079,-0.7916072686],[35.2903138271,-0.7915362489],[35.2744770739,-0.7816962987],[35.2655416751,-0.7736232249],[35.2620068155,-0.775002784],[35.2556747542,-0.7774714375],[35.2502541168,-0.7816949568],[35.2436355084,-0.7923729361],[35.2367106692,-0.7997022746],[35.2280163788,-0.7998742104],[35.2276679499,-0.7885793177],[35.2296568678,-0.7817982515],[35.2238393285,-0.7816324386],[35.2136721297,-0.7667231862],[35.2080505621,-0.7584798603],[35.1885356076,-0.7666370865],[35.1769387305,-0.7587214947],[35.1736432743,-0.7586119391],[35.1597968434,-0.7581515954],[35.1506788149,-0.7548581286],[35.140232133,-0.7469507579],[35.1393452265,-0.7437209497],[35.1343206034,-0.7416901974],[35.1277230634,-0.7390276938],[35.1124714525,-0.7315512445],[35.0966813659,-0.7328262812],[35.0804625552,-0.7313326461],[35.0694176719,-0.7142057701],[35.0683983613,-0.7008234219],[35.0656945899,-0.7008078316],[35.0631394635,-0.7007930978],[35.0575677329,-0.7090518949],[35.0500501855,-0.7066984587],[35.0490432629,-0.6921672147],[35.0451258237,-0.6956010906],[35.0418878774,-0.6992694393],[35.0421942536,-0.715402959],[35.0489056638,-0.7306518682],[35.0551582177,-0.7463720392],[35.0536678724,-0.7594944343],[35.0422412456,-0.783150636],[35.031409321,-0.7920654097],[35.0251319576,-0.8023960463],[35.0166046207,-0.809480316],[35.0113933671,-0.8041468512],[35.0065891221,-0.8041153632],[35.005620683,-0.8100972453],[35.0064425738,-0.8204748714],[35.0031148029,-0.8328923076],[35.0098231197,-0.8523489916],[35.0004217161,-0.8515432975],[34.9937182238,-0.8597923503],[34.9903312891,-0.8629260814],[34.9865620861,-0.8664220517],[34.9788986124,-0.8792771086],[34.9776668678,-0.8880185629],[34.9826143437,-0.8963565649],[34.9866377858,-0.9065191212],[34.9825158741,-0.9233507616],[34.9777794708,-0.9248642004],[34.9748190919,-0.925385073],[34.9657919152,-0.9269733565],[34.965183296,-0.9270804379],[34.9602108467,-0.9206046337],[34.960066874,-0.9118561026],[34.9689445636,-0.8914191002],[34.9708300108,-0.8614778856],[34.966872693,-0.8448514367],[34.9571686099,-0.8311891584],[34.9474381828,-0.8207572249],[34.946177859,-0.8099102771],[34.9364187421,-0.8013244407],[34.9320508411,-0.8045133756],[34.9291148543,-0.8076828071],[34.9288601294,-0.8283926883],[34.9329303254,-0.8324059919],[34.9404255593,-0.8366061704],[34.9470410516,-0.8387262596],[34.9496708883,-0.8504948806],[34.9529914785,-0.8624981999],[34.9609102254,-0.8706250968],[34.9638032157,-0.8789375032],[34.9616025966,-0.8934430931],[34.9462555188,-0.8963243442],[34.9379909835,-0.9004208646],[34.935809178,-0.9130607977],[34.943260398,-0.9246231235],[34.9562330114,-0.9313902974],[34.9522517366,-0.941028233],[34.9437395469,-0.9467297186],[34.9365980669,-0.9526650529],[34.9268867098,-0.9638720304],[34.9179822773,-0.9729092911],[34.919295112,-0.9686510764],[34.916766495,-0.9638269226],[34.9137708882,-0.9551978128],[34.910201697,-0.9516286218],[34.9044909913,-0.9509147838],[34.8944972547,-0.9541270565],[34.8873588718,-0.9612654396],[34.8826894428,-0.9630486307],[34.875223621,-0.9626931159],[34.8652298843,-0.9573393286],[34.8588053395,-0.9509147836],[34.8548792282,-0.9427056426],[34.8498823606,-0.9255735234],[34.8427439775,-0.9259304432],[34.8412047097,-0.9274706106],[34.839020393,-0.9296561879],[34.8372602454,-0.9335849598],[34.8361440615,-0.9360763282],[34.8417771742,-0.9496481154],[34.8580915014,-0.9648346311],[34.8595191782,-0.9719730127],[34.8563069056,-0.9776837196],[34.8484546841,-0.9812529109],[34.8425303701,-0.986300547],[34.8331337366,-0.989909945],[34.8280233569,-1.0065300172],[34.8185746824,-1.0222126129],[34.8161817919,-1.0150971797],[34.8151911349,-1.0121514424],[34.8103930473,-1.0116627413],[34.807147261,-1.0171450647],[34.8055517002,-1.0198400213],[34.8000082853,-1.0312170851],[34.7921611264,-1.0473634162],[34.7912235868,-1.0480606745],[34.7878664688,-1.0505573846],[34.7829104313,-1.0542431785],[34.7790847711,-1.0570882761],[34.7777846066,-1.0672622637],[34.7761058247,-1.0876219353],[34.7584136699,-1.1215264078],[34.7501889812,-1.1446606907],[34.7578742313,-1.1429982258],[34.758999096,-1.1427548925],[34.7606263701,-1.1424567953],[34.7697526494,-1.1407849442],[34.7744959729,-1.1348383875],[34.7750698346,-1.1341189466],[34.7782635482,-1.1301150081],[34.7828120426,-1.1272035502],[34.7881306629,-1.1237990933],[34.7892517447,-1.1174208772],[34.791146446,-1.1066405235],[34.7918970707,-1.1023694015],[34.7933363849,-1.1007077805],[34.7994698058,-1.0936269238],[34.8005685111,-1.0923584815],[34.8013269344,-1.0914828869],[34.8021613653,-1.0923607254],[34.8070046296,-1.0974559562],[34.808982931,-1.1150373083],[34.8118912078,-1.1280744732],[34.8224375434,-1.1215246409],[34.8297389168,-1.1245483789],[34.8285430741,-1.1368629417],[34.8311939929,-1.155824517],[34.8478661362,-1.159594864],[34.8655204962,-1.1499031537],[34.8797431601,-1.140652589],[34.8872587922,-1.1477812861],[34.8693134342,-1.168882754],[34.8355780761,-1.1937486227],[34.8323180216,-1.2058135344],[34.833583297,-1.2094438308],[34.8350692332,-1.2137072959],[34.8325121149,-1.2162609818],[34.8295018619,-1.2192671626],[34.821962188,-1.2189850208],[34.8146301106,-1.2212120273],[34.8143379823,-1.2346727465],[34.824323006,-1.2493553076],[34.8286160246,-1.2603401248],[34.8200630027,-1.2771662404],[34.822281303,-1.2901955387],[34.8192512756,-1.294764581],[34.811412565,-1.2941423518],[34.8052259666,-1.2922387829],[34.7961849988,-1.2865527678],[34.7887113677,-1.2810453418],[34.7736580001,-1.2756853621],[34.7576447899,-1.2764822713],[34.7384296568,-1.2777108024],[34.7270339506,-1.2707809568],[34.7174650856,-1.2631872344],[34.7078658894,-1.2569372134],[34.7015137217,-1.252801353],[34.699568789,-1.2523814477],[34.6933014496,-1.2510283413],[34.6912672696,-1.2505891645],[34.6807300629,-1.2483141901],[34.6679416522,-1.2348360006],[34.6692544579,-1.2342722276],[34.6801418101,-1.229596669],[34.6792882735,-1.2170349659],[34.6747561426,-1.2094751737],[34.6617588829,-1.2018486942],[34.645562565,-1.1953442547],[34.6439281416,-1.1887866571],[34.6373791308,-1.1852424725],[34.6193800045,-1.1730233856],[34.6090687272,-1.172160516],[34.6162493774,-1.1590754195],[34.609016144,-1.1435085289],[34.5779931043,-1.1295969273],[34.5584297441,-1.1109752954],[34.5423106768,-1.0894137517],[34.5385161419,-1.0836210818],[34.5337772896,-1.0763869369],[34.5330366626,-1.0752563368],[34.5328708219,-1.0669134503],[34.5328327281,-1.0644799422],[34.5354424091,-1.0444200181],[34.534157917,-1.0418455863],[34.5338253795,-1.0411791022],[34.5299854514,-1.0334830825],[34.5229895698,-1.0194622783]],[[34.8555952627,-0.4459330663],[34.844777878,-0.4569376709],[34.8446615431,-0.4570560176],[34.8416179725,-0.4601521984],[34.8416170227,-0.4601531642],[34.8371355655,-0.4647120368],[34.8361291382,-0.4654110045],[34.8333094548,-0.4673692769],[34.8333085052,-0.467369936],[34.8241021403,-0.4737636755],[34.8187331048,-0.47749236],[34.8166937351,-0.4781059039],[34.8033820113,-0.4821106687],[34.779835054,-0.488969451],[34.7820865066,-0.4904567869],[34.7834698633,-0.4913704494],[34.7840851347,-0.4917768158],[34.7907859547,-0.5011840829],[34.792654814,-0.5038139877],[34.8001371544,-0.5112409398],[34.816668032,-0.5134485864],[34.8273057909,-0.5148692267],[34.8412775672,-0.5117390157],[34.8559535148,-0.506536059],[34.8726831055,-0.5022710245],[34.9022320614,-0.4957811523],[34.9219387528,-0.5007308154],[34.9270587156,-0.5054277012],[34.9292144574,-0.5135223249],[34.9336203342,-0.5141860232],[34.9473652029,-0.5105940351],[34.9490758192,-0.4990830956],[34.9521533313,-0.487579303],[34.9600300983,-0.476566474],[34.9694088965,-0.475712161],[34.9755219409,-0.4824354748],[34.980767148,-0.4847446132],[34.9839677473,-0.4836363839],[34.9941032398,-0.4761034931],[34.9933136438,-0.4622699003],[34.9872087798,-0.4541622323],[34.9873158305,-0.4474393283],[34.9874185251,-0.4404311467],[34.9875226105,-0.4333239617],[34.9828126772,-0.4353941883],[34.9745050247,-0.4390457281],[34.9713728703,-0.4404224189],[34.9704226355,-0.440841451],[34.967658376,-0.4420573186],[34.9412803027,-0.4440938306],[34.9402522068,-0.4441732017],[34.9171246999,-0.443801844],[34.9002132603,-0.4364737262],[34.8982141221,-0.4356135946],[34.8821939083,-0.4339349167],[34.8821929233,-0.4339364944],[34.8665423527,-0.4389755923],[34.8555951257,-0.4425633582],[34.8553688094,-0.4427157809],[34.8555952627,-0.4459330663]],[[34.9695228436,-0.4886143449],[34.9611956943,-0.498931117],[34.957917788,-0.5072052026],[34.9661339614,-0.5091033561],[34.9833161836,-0.5050631178],[34.9909810303,-0.4919782622],[34.9866804342,-0.4873424083],[34.980767148,-0.4847446132],[34.9695228436,-0.4886143449]],[[34.8188639966,-0.8055704222],[34.8032602463,-0.8123785116],[34.7878918488,-0.8171055099],[34.7798666273,-0.8171308969],[34.7761745338,-0.8173422994],[34.7701643632,-0.8217620236],[34.769289286,-0.825959987],[34.7831817245,-0.8288627872],[34.7841181854,-0.8290584591],[34.7964564782,-0.830069604],[34.8177489596,-0.8269928635],[34.827610938,-0.8236096537],[34.8352153327,-0.8176682769],[34.8355270595,-0.8153882962],[34.8364352293,-0.8086931105],[34.8339875536,-0.8081824254],[34.8284495849,-0.80702698],[34.8188639966,-0.8055704222]],[[34.6392442512,-0.8677855867],[34.6445611942,-0.8649414249],[34.6450574066,-0.8617122531],[34.6476475113,-0.8534437373],[34.6586085118,-0.8462071512],[34.6600745414,-0.8452392452],[34.6649939472,-0.8328352148],[34.6649206612,-0.8164739409],[34.6590114003,-0.8132141363],[34.6502673863,-0.8189106799],[34.648064749,-0.824701606],[34.6458109862,-0.8306267889],[34.6372430724,-0.8425451799],[34.6304709937,-0.8495599581],[34.6273141706,-0.8528364872],[34.6306462918,-0.8627640507],[34.6392442512,-0.8677855867]],[[34.6336396793,-0.8984788982],[34.6293458612,-0.90283899],[34.6272708241,-0.908255052],[34.6250700884,-0.9139990531],[34.6327837746,-0.9256558764],[34.6378691015,-0.9427300521],[34.6457836826,-0.9524606414],[34.6522587581,-0.9449064044],[34.6509533825,-0.9375302231],[34.6490508663,-0.9207069215],[34.6508203515,-0.9039078785],[34.6477610153,-0.8915642506],[34.6477320548,-0.8914474072],[34.6397777246,-0.8908476291],[34.639533747,-0.8915544344],[34.6390345152,-0.8930007011],[34.6336396793,-0.8984788982]],[[34.608646805,-0.9689251005],[34.6077808109,-0.9667188273],[34.6003387556,-0.9477595287],[34.583764102,-0.9494348687],[34.5790627447,-0.9499100532],[34.5660541806,-0.9240255249],[34.5574701608,-0.9140682575],[34.5478978845,-0.910540123],[34.5309545251,-0.9143411327],[34.5181362052,-0.9158605094],[34.5130213684,-0.9254937683],[34.5295073996,-0.9456448136],[34.5339450304,-0.9544072042],[34.535900087,-0.9582676562],[34.5427308428,-0.9717559753],[34.5446612456,-0.9749926353],[34.5496492872,-0.9833560822],[34.553077767,-0.9891047079],[34.5587993303,-0.9937758456],[34.563787921,-0.997848609],[34.5670936239,-0.9997261149],[34.5768141299,-1.0052470026],[34.5790431237,-1.0071624197],[34.579892008,-1.0084680217],[34.5849524064,-1.0162510986],[34.5849146871,-1.0168320911],[34.5842124215,-1.027647641],[34.5701730457,-1.0464902567],[34.5670195003,-1.0534416075],[34.5567841118,-1.0669344136],[34.5559800272,-1.0679650216],[34.5524577987,-1.0699374694],[34.549499127,-1.0723325842],[34.5480902352,-1.0751503673],[34.5483308901,-1.0789907077],[34.5500157201,-1.0826722821],[34.5552286185,-1.0875955753],[34.5586639455,-1.0902501421],[34.5615999381,-1.0925188675],[34.5723153398,-1.0997590033],[34.5735939884,-1.1003871079],[34.5888228512,-1.107867956],[34.5949045655,-1.1127912481],[34.6053303613,-1.1229274402],[34.6108328649,-1.1278507329],[34.6302364311,-1.1429102155],[34.6426894644,-1.1487023246],[34.6563009212,-1.1542048281],[34.664989085,-1.1591281207],[34.6768629084,-1.1626033866],[34.6823654124,-1.1623137809],[34.6864668955,-1.1590757743],[34.6878679147,-1.1579696994],[34.6907639704,-1.1521775901],[34.6907639702,-1.1452270587],[34.6896732985,-1.1423640327],[34.6884471255,-1.139145345],[34.682075806,-1.1342220526],[34.6710707991,-1.1327740256],[34.6629618466,-1.1333532366],[34.6502192062,-1.1333532366],[34.6444270977,-1.1307467865],[34.6406622266,-1.1243754668],[34.6392141992,-1.1191625683],[34.6377661716,-1.1093159834],[34.6360285396,-1.1049719012],[34.6302364307,-1.0954149217],[34.6119912876,-1.0820930714],[34.6041719398,-1.0713776691],[34.6001882223,-1.0572006458],[34.6000838936,-1.0537782848],[34.609269477,-1.0456272645],[34.6261825082,-1.0457486134],[34.6334495514,-1.0461743939],[34.6334523312,-1.0461745566],[34.6423314783,-1.0466947744],[34.6595822162,-1.0409558922],[34.6667233639,-1.031201693],[34.6685862435,-1.0240231629],[34.6699787475,-1.0186728461],[34.6684359691,-1.0074740087],[34.6660047962,-1.002664492],[34.6632197648,-0.9971743421],[34.6518309396,-0.9891111329],[34.6335321323,-0.9847497222],[34.6219516411,-0.9819895807],[34.6119397503,-0.9773146094],[34.608646805,-0.9689251005]],[[34.7459886021,-1.2300705216],[34.7422961053,-1.2355208687],[34.7470830395,-1.2394341088],[34.763745425,-1.2464054657],[34.7743200542,-1.2479179948],[34.7872732394,-1.2497707052],[34.7820492999,-1.2422012765],[34.7743348004,-1.2386603819],[34.7633492401,-1.2336181143],[34.7537731238,-1.2285337181],[34.7459886021,-1.2300705216]],[[34.5305728074,-0.8834705344],[34.5362076062,-0.8915776984],[34.5423296054,-0.8880020393],[34.5451680856,-0.8863441557],[34.542337491,-0.8814070574],[34.5399960937,-0.8773232578],[34.5414439512,-0.8699612114],[34.5400651835,-0.8663495845],[34.5376545313,-0.8600350909],[34.5340637656,-0.8576345015],[34.5324261117,-0.8565396589],[34.5271397906,-0.8599620109],[34.5284087827,-0.871020299],[34.5305728074,-0.8834705344]],[[34.5339206872,-0.9730588789],[34.5313614976,-0.9666182724],[34.5256357938,-0.9601386124],[34.523967647,-0.958251952],[34.5225466948,-0.9566448721],[34.5173428275,-0.9534148291],[34.5064107337,-0.9466293321],[34.4991917681,-0.9415067803],[34.4924598647,-0.9367298892],[34.4916575416,-0.9361605705],[34.4899177722,-0.9331385855],[34.4844717391,-0.9236789577],[34.4775123397,-0.9102658275],[34.4717763244,-0.913217584],[34.4698653968,-0.921266225],[34.472710037,-0.9348722133],[34.4828818164,-0.9460044632],[34.4841456525,-0.9467621334],[34.4892963419,-0.949849983],[34.4924404992,-0.9517349209],[34.4976444954,-0.9548547559],[34.5056042534,-0.9592884824],[34.5089383109,-0.966588439],[34.5090237578,-0.9667755293],[34.5094063433,-0.9676132159],[34.5155481919,-0.9749536532],[34.5202559635,-0.9805802224],[34.5332271883,-0.9857420645],[34.5360385337,-0.9783888801],[34.5339206872,-0.9730588789]],[[34.7049546376,-1.1498607464],[34.7087195076,-1.1594177269],[34.7124843781,-1.1672370741],[34.72001412,-1.1712915493],[34.7255166236,-1.170712339],[34.727254256,-1.1675266788],[34.7272542564,-1.1640514131],[34.723199781,-1.1582593051],[34.7194349093,-1.1515983785],[34.714801222,-1.1449374537],[34.7121947729,-1.1403037663],[34.7078941325,-1.1376973177],[34.7046650314,-1.1376973178],[34.7023481877,-1.1426206105],[34.7049546376,-1.1498607464]],[[34.6822845271,-1.0278827913],[34.6886701781,-1.0304402356],[34.6925646785,-1.0284120241],[34.6919562279,-1.0128931743],[34.6883460636,-1.0032817707],[34.6895200623,-0.9957540912],[34.695451663,-0.9983116681],[34.6965477996,-1.0074413938],[34.699462482,-1.0209333666],[34.7047059038,-1.0232497886],[34.7090703365,-1.0203160716],[34.7091358964,-1.0063912994],[34.6989612245,-0.9848357211],[34.6939216187,-0.9627002378],[34.6910290665,-0.9539244493],[34.6807741776,-0.9506331107],[34.6709343979,-0.952178031],[34.6640362767,-0.9553478645],[34.6607988452,-0.9590300468],[34.6652596854,-0.9714752876],[34.6701154661,-0.9912906482],[34.6693144277,-0.9935044806],[34.6741452756,-1.0088849284],[34.6782020915,-1.0205566717],[34.6822845271,-1.0278827913]],[[34.7051452713,-0.9597889529],[34.7032590864,-0.9637682382],[34.7093735882,-0.9841849344],[34.7129040648,-0.9853932834],[34.7159433883,-0.9778150247],[34.7171955778,-0.9665499484],[34.7217951344,-0.9638159582],[34.7224177945,-0.9711921431],[34.7243912994,-0.9792632455],[34.7285715961,-0.9721541912],[34.7335318507,-0.9558418249],[34.7306589568,-0.9456922965],[34.7208406433,-0.9442359052],[34.7166131629,-0.9477749253],[34.71377295,-0.9501525717],[34.7104743099,-0.9529139606],[34.7051452713,-0.9597889529]],[[34.6586799705,-0.8899035568],[34.660489123,-0.8938233856],[34.6615444618,-0.8981955026],[34.6624490376,-0.9006077047],[34.6642581896,-0.903472196],[34.6704394585,-0.9037737206],[34.6773494245,-0.9020244743],[34.6831121518,-0.8970002576],[34.6847808047,-0.8903330528],[34.683260577,-0.8815700094],[34.6764964988,-0.8716173708],[34.6673616009,-0.8715524172],[34.6597667773,-0.876560078],[34.6585687775,-0.8811582138],[34.6585292086,-0.8813100856],[34.6583046564,-0.8832188159],[34.6579261582,-0.8864360163],[34.6586799705,-0.8899035568]],[[34.7584914114,-0.5843990993],[34.7587674448,-0.5842188081],[34.7600107681,-0.5824091764],[34.7657509267,-0.5740543497],[34.7671145671,-0.5720695334],[34.7734337936,-0.5557524296],[34.7761872999,-0.5406249698],[34.7763240588,-0.539873582],[34.7757652431,-0.5260524232],[34.7710365587,-0.5188762183],[34.7645261725,-0.5155377404],[34.7645314932,-0.5155231989],[34.7613858514,-0.5241079414],[34.7626484042,-0.5361007496],[34.7616409638,-0.5459978663],[34.7593018914,-0.5489722083],[34.7585165199,-0.5499708733],[34.7527317871,-0.5573265417],[34.7510027711,-0.5595250663],[34.7502052365,-0.5608706798],[34.7437974123,-0.5716818577],[34.7354952049,-0.5803844418],[34.7259309249,-0.5873064395],[34.7207333867,-0.5945667942],[34.7238903964,-0.5991941568],[34.7406056843,-0.5960809466],[34.7584914114,-0.5843990993]],[[34.7780543659,-1.2193521605],[34.7793894753,-1.2177187574],[34.7838071404,-1.2123140194],[34.773096625,-1.2040223773],[34.7568893878,-1.1984316255],[34.7466069896,-1.1976673071],[34.7490829931,-1.2045388714],[34.7689252701,-1.2165437764],[34.7743702967,-1.2182188298],[34.7780543659,-1.2193521605]],[[34.768135382,-1.1909778906],[34.7790917035,-1.1953978659],[34.7944135171,-1.1945906152],[34.7938007787,-1.192662966],[34.7921578784,-1.1874945416],[34.7910287776,-1.1870463548],[34.7840811956,-1.1842885763],[34.7827285169,-1.1837407838],[34.7691216122,-1.1763794192],[34.7581461305,-1.1772109512],[34.7587966766,-1.1829277228],[34.768135382,-1.1909778906]],[[34.7693387417,-0.9158021025],[34.7655722546,-0.9180379473],[34.764280329,-0.9197384577],[34.7608059396,-0.9242611403],[34.7522146499,-0.938017684],[34.7504926166,-0.9506658303],[34.7539205689,-0.9757845627],[34.7531522216,-0.9846894374],[34.7615759756,-0.9880358178],[34.7645502287,-0.9882953543],[34.7676097233,-0.9790993121],[34.7625895436,-0.9535122294],[34.7693359653,-0.9408962029],[34.7745579321,-0.9202182545],[34.7693387417,-0.9158021025]],[[34.7949946252,-0.5724877395],[34.7972558235,-0.575958623],[34.8068743969,-0.5739476922],[34.8135441034,-0.5689189017],[34.8192922014,-0.5659627463],[34.8263865887,-0.5648593636],[34.8326183715,-0.5584467998],[34.8253867143,-0.5489572147],[34.8098446525,-0.548623972],[34.7983937107,-0.5506194315],[34.7949189586,-0.5565850626],[34.7971225691,-0.5655830587],[34.7949946252,-0.5724877395]],[[34.7718208016,-0.6066544521],[34.7678603293,-0.5898161496],[34.7616328427,-0.5957574901],[34.7594826219,-0.6063433183],[34.7532305876,-0.6141388001],[34.7520339786,-0.6208066851],[34.7584277432,-0.6215410297],[34.7648011721,-0.623885518],[34.7676299333,-0.6149180394],[34.7718208016,-0.6066544521]],[[34.7518856295,-0.6850837651],[34.7463826478,-0.6871158242],[34.7454494808,-0.6889530292],[34.7492645543,-0.6956606575],[34.7526070508,-0.7055890233],[34.7537055585,-0.7106623788],[34.7571050059,-0.7127574003],[34.7601089976,-0.709326026],[34.7622050086,-0.7051900193],[34.7693030652,-0.704088052],[34.7677580566,-0.6987798935],[34.7570537265,-0.6943317696],[34.7545971757,-0.6880929999],[34.7518856295,-0.6850837651]],[[34.7471124601,-0.7067073476],[34.7398743857,-0.6985922116],[34.7323399786,-0.6971528981],[34.7284239988,-0.700359005],[34.7283471406,-0.7088796304],[34.7310453237,-0.7137341039],[34.7387975731,-0.7149381772],[34.7472319284,-0.7175345489],[34.7481862484,-0.7136259563],[34.7471124601,-0.7067073476]],[[34.6916448489,-0.4778069302],[34.6914077422,-0.4778067802],[34.6879015796,-0.4865395764],[34.6907432995,-0.5006094213],[34.6997826808,-0.5110353901],[34.7088951968,-0.5154737497],[34.7164262096,-0.5166675258],[34.7215024981,-0.512328408],[34.7077359271,-0.4924292295],[34.7045988026,-0.4859572106],[34.6987213836,-0.4785482263],[34.6916448489,-0.4778069302]],[[35.0382677351,-0.6213462845],[35.0410554341,-0.5918622344],[35.0445761213,-0.5819766279],[35.0496136405,-0.5815540585],[35.0532658644,-0.5798663837],[35.0529672875,-0.5649814226],[35.0515143674,-0.5575361977],[35.0499042165,-0.5492856574],[35.0412699861,-0.543469466],[35.0334489177,-0.5489540531],[35.0334310396,-0.549161946],[35.0298631506,-0.5906364731],[35.0309511269,-0.6208393371],[35.0382677351,-0.6213462845]],[[34.8784656146,-0.7331754608],[34.8766116058,-0.7403459731],[34.8807756626,-0.7465920583],[34.8936988776,-0.7585638013],[34.8963394322,-0.7602619911],[34.9099609512,-0.7704897368],[34.9192966837,-0.7747055271],[34.926374305,-0.7765984433],[34.9316503609,-0.7738699015],[34.9338951958,-0.7704838868],[34.9285571874,-0.7625546168],[34.9097237763,-0.7476818606],[34.8919863182,-0.7369611777],[34.8784656146,-0.7331754608]],[[34.8949154576,-0.6201512455],[34.9078588709,-0.6301512185],[34.914267137,-0.6288137518],[34.9113590311,-0.6223393214],[34.9079614112,-0.6120204437],[34.9044900348,-0.5983271366],[34.9013653764,-0.5902427592],[34.8961197707,-0.5892901648],[34.8914917085,-0.5947873696],[34.8899876214,-0.608830186],[34.8949154576,-0.6201512455]],[[34.9142515294,-0.7039244708],[34.903430787,-0.7116895918],[34.8997256921,-0.7171942109],[34.9079293666,-0.7193206391],[34.9273480114,-0.7212994852],[34.9354741765,-0.7331069277],[34.9383351485,-0.7441871961],[34.9428549751,-0.7495206039],[34.949920866,-0.751874763],[34.9531798688,-0.7461351418],[34.9557476404,-0.7403871469],[34.9617268622,-0.7372051063],[34.9631990747,-0.7268437754],[34.9543347058,-0.7201035732],[34.9390646034,-0.7156232365],[34.9340490042,-0.7135114912],[34.9368583853,-0.7063880497],[34.9535442658,-0.7076547283],[34.9652186783,-0.706583447],[34.972615392,-0.6981065059],[34.9710915137,-0.689802178],[34.9633214755,-0.6888245847],[34.9515958887,-0.6958857595],[34.933746125,-0.6980677011],[34.9397804104,-0.6884344712],[34.9519133765,-0.686674829],[34.959022238,-0.6839525907],[34.9546029392,-0.6677982305],[34.9578946896,-0.6586019412],[34.9476376947,-0.6546146138],[34.9408784563,-0.668628061],[34.932990491,-0.6805525441],[34.9244654069,-0.6874109286],[34.9195730311,-0.6970517667],[34.9142515294,-0.7039244708]],[[34.9860066628,-0.7325288158],[34.9824169566,-0.7488643717],[34.9726717623,-0.7644731689],[34.9622477561,-0.7789150782],[34.959887783,-0.7865085472],[34.9634734791,-0.7941323331],[34.9724717572,-0.7852112684],[34.9855647991,-0.7555747798],[34.9992273702,-0.7365412336],[35.0073036746,-0.72898636],[35.0140298231,-0.7193606993],[35.0171359749,-0.7050879399],[35.0109384795,-0.6829262438],[34.9982328515,-0.6475800398],[34.9926832753,-0.6300240056],[34.9875748278,-0.6096808493],[34.9831254489,-0.6007015029],[34.9813373073,-0.5971206583],[34.9758638601,-0.5939696162],[34.9710473767,-0.5955498724],[34.9772588381,-0.6167869744],[34.9866285402,-0.641974697],[34.9926275538,-0.660444036],[34.9954342199,-0.6784376859],[34.9966408717,-0.6959627202],[34.9944346491,-0.7118447432],[34.9860066628,-0.7325288158]],[[35.0444790174,-0.6660938673],[35.0521053801,-0.6571629198],[35.0478801872,-0.6449157986],[35.0435803495,-0.6398173852],[35.0319384291,-0.6374332914],[35.0232170005,-0.6410630314],[35.021108073,-0.6468113106],[35.0217666077,-0.6493531652],[35.0287990326,-0.656312334],[35.0385198617,-0.6679014275],[35.0444790174,-0.6660938673]],[[34.9397551629,-0.3817663876],[34.9329181593,-0.3787275194],[34.9269321074,-0.3842191764],[34.9247027347,-0.3876040499],[34.9234546807,-0.3894989636],[34.9162948039,-0.3979778098],[34.9167210938,-0.4005104407],[34.9223635803,-0.4090791447],[34.9329035082,-0.406385805],[34.9413053677,-0.4036248051],[34.9480306552,-0.4014147259],[34.9496081576,-0.4007399831],[34.9565208514,-0.3977832044],[34.9593065518,-0.3938795115],[34.956429825,-0.3821125816],[34.9479721445,-0.3820527617],[34.9413119387,-0.3818206447],[34.9397551629,-0.3817663876]],[[35.1527793352,-0.4273488197],[35.1417657068,-0.4321159718],[35.1304868288,-0.440114102],[35.122339312,-0.4555010499],[35.1236243264,-0.4656528812],[35.1298329597,-0.4615446514],[35.1367456423,-0.4551367267],[35.1432077402,-0.4487202842],[35.1497858681,-0.4464031673],[35.1527793352,-0.4273488197]],[[35.3232432281,-0.8406426607],[35.3261513369,-0.8475733069],[35.3337689956,-0.8400164558],[35.3431986023,-0.835245574],[35.3506080377,-0.8256067131],[35.3529565781,-0.8187066817],[35.3596858724,-0.8090773331],[35.3615880533,-0.8014806518],[35.3506208262,-0.8000168705],[35.3438491507,-0.8142717258],[35.3375811396,-0.8248326971],[35.3290515077,-0.8314583246],[35.3232432281,-0.8406426607]],[[35.3979768677,-0.7836297036],[35.3979711424,-0.7836296986],[35.3979639623,-0.7919801904],[35.3979493472,-0.808711309],[35.4062597363,-0.8087337077],[35.4062670653,-0.8003681026],[35.4145775261,-0.8003754334],[35.4145847761,-0.7919947144],[35.4145919232,-0.7836440704],[35.3979768677,-0.7836297036]],[[35.3219773461,-0.6094013674],[35.3148333214,-0.6151219987],[35.3065056459,-0.6252068392],[35.3050683925,-0.6314270078],[35.3141423308,-0.640014709],[35.3193235592,-0.6485801938],[35.3224413346,-0.6578181109],[35.3272184061,-0.6603829753],[35.3321324684,-0.6488903168],[35.3363139651,-0.641082522],[35.3391478848,-0.6318823506],[35.349047301,-0.6252620589],[35.3541820702,-0.6144565777],[35.3494381133,-0.6079723748],[35.3398796599,-0.6028340901],[35.3376373923,-0.5970619059],[35.3323930248,-0.5961001231],[35.3243157343,-0.6034242836],[35.3219773461,-0.6094013674]]]}},{"type":"Feature","properties":{"country":"Kenya","country_code":"KEN","species_name":"Pinus_maximinoi","genus":"Pinus","species":"maximinoi","suitability_name":"Very suitable","suitability_rank":1,"source_layer":"KCFP_SSMT_Kenya","tz":null,"soil_description":null},"geometry":{"type":"Polygon","coordinates":[[[34.2515609615,-1.0748418301],[34.2515622711,-1.0748418331],[34.251555254,-1.0793644362],[34.2443520445,-1.0806586758],[34.2349554589,-1.0808411272],[34.2349777707,-1.0664627349],[34.2432764112,-1.0664756838],[34.2432635291,-1.0748148829],[34.2515609831,-1.0748279094],[34.2515609615,-1.0748418301]]]}},{"type":"Feature","properties":{"country":"Kenya","country_code":"KEN","species_name":"Pinus_maximinoi","genus":"Pinus","species":"maximinoi","suitability_name":"Very suitable","suitability_rank":1,"source_layer":"KCFP_SSMT_Kenya","tz":null,"soil_description":null},"geometry":{"type":"Polygon","coordinates":[[[34.4515511631,-0.0962043276],[34.4515485439,-0.1142510076],[34.4432488735,-0.1142496808],[34.4432501443,-0.1058941402],[34.4330056764,-0.1058926192],[34.4337190671,-0.1026790454],[34.4417566948,-0.0974375485],[34.4515511631,-0.0962043276]]]}},{"type":"Feature","properties":{"country":"Kenya","country_code":"KEN","species_name":"Pinus_maximinoi","genus":"Pinus","species":"maximinoi","suitability_name":"Very suitable","suitability_rank":1,"source_layer":"KCFP_SSMT_Kenya","tz":null,"soil_description":null},"geometry":{"type":"Polygon","coordinates":[[[34.5013526744,-0.0840043999],[34.5022962805,-0.083907372],[34.5097394945,-0.0913640426],[34.5227225373,-0.0914800923],[34.5262531805,-0.0905775657],[34.5262522908,-0.097549834],[34.5013509967,-0.0975464851],[34.5013526744,-0.0840043999]]]}},{"type":"Feature","properties":{"country":"Kenya","country_code":"KEN","species_name":"Pinus_maximinoi","genus":"Pinus","species":"maximinoi","suitability_name":"Very suitable","suitability_rank":1,"source_layer":"KCFP_SSMT_Kenya","tz":null,"soil_description":null},"geometry":{"type":"Polygon","coordinates":[[[34.5345540572,-0.0884556191],[34.5345539684,-0.0891943477],[34.5316656095,-0.0891939941],[34.5345540572,-0.0884556191]]]}},{"type":"Feature","properties":{"country":"Kenya","country_code":"KEN","species_name":"Pinus_maximinoi","genus":"Pinus","species":"maximinoi","suitability_name":"Very suitable","suitability_rank":1,"source_layer":"KCFP_SSMT_Kenya","tz":null,"soil_description":null},"geometry":{"type":"Polygon","coordinates":[[[34.5144229776,-0.0798585378],[34.514091613,-0.0689908164],[34.5135218756,-0.063057552],[34.5130743079,-0.0583581288],[34.5032536961,-0.0598883517],[34.5013569477,-0.0641540098],[34.4983435018,-0.0709309067],[34.4951361772,-0.0718250036],[34.4858494557,-0.0675775212],[34.4764562796,-0.0659041429],[34.4640093952,-0.0636867852],[34.4452230103,-0.0526525381],[34.4398429223,-0.0507231786],[34.4391863281,-0.0417428226],[34.4332179005,-0.0252824098],[34.4329094053,-0.0223384068],[34.434957989,-0.0223204928],[34.4349583119,-0.0056275833],[34.4266608315,-0.0056275177],[34.425445643,-0.0056275081],[34.4193479625,0.003812203],[34.4024475214,-0.0139823871],[34.4017628198,-0.0139823736],[34.3934637146,-0.0139822086],[34.393461671,-0.0216611961],[34.3925068404,-0.0223191573],[34.3924807529,-0.0223371336],[34.3768637962,-0.0223366388],[34.3768640089,-0.0139818803],[34.3685652291,-0.0139817152],[34.368565016,-0.0223363742],[34.3602663337,-0.0223361102],[34.3602660221,-0.0306906713],[34.3270722747,-0.0306892133],[34.3270725886,-0.0223350491],[34.3104763088,-0.0223345166],[34.3104759938,-0.0306884814],[34.3021780021,-0.030688114],[34.3021783177,-0.0223342493],[34.2938804251,-0.0223339814],[34.2938801099,-0.030687746],[34.2892232544,-0.0306875391],[34.2882431301,-0.0297386444],[34.2939149626,-0.0205045726],[34.2955281822,-0.005608427],[34.2955813566,-0.0051173747],[34.3108144367,0.0094658319],[34.3654998628,0.0202881155],[34.3681965874,0.0211920891],[34.3655070281,0.0230089065],[34.3331754436,0.0502510438],[34.2865334867,0.0584617436],[34.2772844893,0.0556104713],[34.2440940481,0.0453788834],[34.2440935191,0.0528460743],[34.2357963245,0.0528454318],[34.2357956372,0.061198491],[34.2309981005,0.0611980599],[34.2274985422,0.0611977458],[34.2274977518,0.0695507025],[34.2192007574,0.0695498552],[34.2191998644,0.07790271],[34.2274968613,0.07790366],[34.2274960414,0.0848559989],[34.236288299,0.0758333363],[34.2685698911,0.0776141113],[34.2689847436,0.0777458102],[34.3169762174,0.0929817356],[34.3501492954,0.1056455121],[34.3662732047,0.1192337507],[34.3797043322,0.1364529337],[34.386835116,0.1637457533],[34.4566811375,0.2417797964],[34.4790252662,0.2952795295],[34.4234680968,0.2554111627],[34.3759688772,0.2327740549],[34.3652050382,0.2336895826],[34.3602272049,0.2368922725],[34.3602244519,0.2450098257],[34.3685232093,0.2450127227],[34.3685202852,0.2533673814],[34.3851181025,0.253373357],[34.3851163062,0.2583897393],[34.4001402248,0.2626849333],[34.4225180564,0.288971059],[34.4197964295,0.3072037454],[34.425166183,0.3171770773],[34.4726683229,0.338914047],[34.4932734198,0.3570422915],[34.513001743,0.3588439406],[34.5228537546,0.3697232187],[34.5515441333,0.3787769491],[34.5623206363,0.3787703272],[34.5910578845,0.3633299696],[34.5955256133,0.3678632058],[34.5928252733,0.374215426],[34.571272898,0.3888346145],[34.5775465954,0.3924596187],[34.5981936835,0.3832842907],[34.6017688392,0.3888161775],[34.5909868416,0.4006164811],[34.6026472403,0.4024240564],[34.6062260485,0.4096798036],[34.5963270162,0.42873714],[34.6259163364,0.4387005538],[34.6698656682,0.451378879],[34.6859778985,0.471422224],[34.693125769,0.4832139553],[34.7209211224,0.5004401845],[34.7227087184,0.5013467059],[34.7352499991,0.5140441429],[34.7549844704,0.5194794898],[34.7891023773,0.5140191435],[34.8097820508,0.4931375437],[34.8124626287,0.5003960145],[34.8223036644,0.5140034982],[34.8501545614,0.5003774443],[34.8582316553,0.5003734355],[34.8609181596,0.50490976],[34.8734949721,0.5003658322],[34.8748078723,0.4993048932],[34.8869802884,0.4894683456],[34.8887509336,0.5003581976],[34.8896186773,0.5148787953],[34.8860234341,0.5185107745],[34.8635595811,0.5321345032],[34.8415542521,0.552860045],[34.8398257817,0.5544879358],[34.8332443718,0.5606862971],[34.8309559246,0.5628415248],[34.8249344794,0.5685123705],[34.8114062897,0.581252515],[34.8069021501,0.5894214746],[34.7925343018,0.5930566521],[34.7893700062,0.5962491326],[34.778138039,0.6075808932],[34.7691743593,0.6075839894],[34.7667752699,0.610183043],[34.7642230171,0.6129480014],[34.7584644919,0.6191863565],[34.7556845389,0.6221979073],[34.7530914776,0.6296571882],[34.7501455624,0.6381311888],[34.7443758898,0.6547268518],[34.7418219459,0.6620725151],[34.7414705163,0.6630832756],[34.7358077529,0.6793695746],[34.7335011479,0.6820020432],[34.7281159278,0.6881479686],[34.7251892875,0.6914879684],[34.7214139861,0.6957964413],[34.7204391813,0.696499709],[34.7168791001,0.6990680981],[34.7088678531,0.7048476524],[34.7085703585,0.7050622719],[34.6899618465,0.7184865337],[34.6919477951,0.7225269838],[34.6944211169,0.7275590711],[34.6919340576,0.7369393411],[34.6915825644,0.7382650054],[34.690812398,0.7411696656],[34.6857008329,0.7382592538],[34.6764744954,0.7330060238],[34.6621129506,0.7330083213],[34.6255072439,0.7419223644],[34.5983649074,0.748531414],[34.5947642258,0.7512535011],[34.5795270429,0.7503480834],[34.5669322106,0.7630500671],[34.5670248988,0.7214276021],[34.567029322,0.7194146187],[34.5643760233,0.6976427421],[34.5473901941,0.6740597295],[34.5214139896,0.6531105628],[34.5214425363,0.6395036647],[34.5502341446,0.5995811466],[34.5646723701,0.5613843228],[34.5736285145,0.5686385436],[34.5798781231,0.5858730608],[34.5960110413,0.589496456],[34.6274585203,0.5686188988],[34.6158406417,0.5477566058],[34.6212418488,0.5395892244],[34.6382474841,0.5586349337],[34.6463528039,0.5450226171],[34.6464069482,0.516806201],[34.6527186439,0.4995649497],[34.6680188199,0.478689771],[34.6617620478,0.4650833934],[34.6447308386,0.4532067646],[34.6312824072,0.4504920422],[34.620479954,0.4678261861],[34.6097444771,0.4495961428],[34.5980821478,0.4468806026],[34.5944789572,0.4569526151],[34.5989131696,0.4823525611],[34.5935224128,0.4859840133],[34.5693638024,0.4487100809],[34.5739235885,0.4106056323],[34.5685503215,0.4078871557],[34.5631378005,0.4242194952],[34.5577756362,0.4088005331],[34.5524081553,0.4051749487],[34.552387563,0.4133394525],[34.5461029517,0.4151573305],[34.5309022859,0.3897659846],[34.5272977837,0.3933966732],[34.5380179617,0.4187904763],[34.5379725394,0.4441906428],[34.5666105815,0.4832751869],[34.5683720215,0.4996036794],[34.5656701625,0.5113982621],[34.5853362458,0.5441397713],[34.5934001996,0.5504870849],[34.60775228,0.5504814975],[34.6077293732,0.5640899961],[34.5790443081,0.5523070331],[34.5558175493,0.4996093486],[34.5522634448,0.4796533159],[34.5244859056,0.4606167605],[34.5254547325,0.4233331363],[34.5120287687,0.4015697273],[34.5093891953,0.3760813848],[34.4986230657,0.3769950717],[34.4796816113,0.4351501517],[34.4770245665,0.4115676763],[34.484251272,0.3843511867],[34.4807079404,0.36521398],[34.4654724248,0.3516176049],[34.4439525676,0.3480032538],[34.4260270491,0.3362236681],[34.4242147147,0.3462019282],[34.4573618319,0.3742989989],[34.4528616173,0.3789276527],[34.4313567304,0.3679656872],[34.4027384265,0.3171924117],[34.4063709563,0.2944246403],[34.3982993348,0.2862676451],[34.3741035301,0.279936574],[34.3660212522,0.283570219],[34.3874802217,0.3235515317],[34.3856717903,0.3317153618],[34.3650814162,0.305427941],[34.3507624479,0.2908365962],[34.3418374356,0.2654497351],[34.3239184135,0.250953109],[34.3194374819,0.2500496828],[34.3158338816,0.2582142674],[34.3327927877,0.3108916815],[34.3309844929,0.3190549031],[34.3166517343,0.3063683753],[34.3113125128,0.2827029647],[34.292509534,0.2573250923],[34.2781355131,0.2745655259],[34.2763732683,0.2627782032],[34.2880838069,0.2246824987],[34.2773301255,0.2164390993],[34.2611695235,0.2274245052],[34.229794667,0.2211022256],[34.2154164816,0.2437822034],[34.2207524341,0.2691668999],[34.2297490298,0.2519319416],[34.2360108099,0.2564609959],[34.2377723685,0.284569403],[34.2502790077,0.3064139186],[34.2502709402,0.3163885252],[34.2439856927,0.3200198182],[34.258282536,0.3535616486],[34.258199323,0.398085182],[34.2546653374,0.4036849957],[34.2688707878,0.4036933477],[34.2688755765,0.3953398902],[34.2741748141,0.3953429351],[34.2734815031,0.3754064497],[34.2878819622,0.3499160588],[34.2959523647,0.346283653],[34.2995244975,0.3562567078],[34.2854732985,0.3917098661],[34.285456635,0.4204103902],[34.3020527584,0.420420483],[34.3020577118,0.4120666242],[34.3186542164,0.4120764819],[34.3186590534,0.4037224229],[34.3269574464,0.4037272392],[34.3269668084,0.3870189213],[34.3435638562,0.3870281307],[34.3435532997,0.405884086],[34.364021236,0.3998400262],[34.3765836373,0.399832958],[34.3900275251,0.4079880345],[34.4034335455,0.4342830021],[34.4141927134,0.4324634308],[34.4195684412,0.4406236173],[34.3989156599,0.4543294554],[34.4024718316,0.4624905131],[34.435692282,0.4506832709],[34.4715626969,0.4570147022],[34.4670615576,0.4651804693],[34.4912668742,0.4751466898],[34.5127502464,0.4996286094],[34.512689543,0.5341897584],[34.5314980606,0.5441608023],[34.5449267449,0.5632058736],[34.5439884912,0.5840707649],[34.5385975841,0.5877011538],[34.5278878224,0.5550478114],[34.4992203991,0.5351021829],[34.5001771967,0.5050767808],[34.4956976009,0.4996361552],[34.4786882609,0.4869446017],[34.4714996909,0.4932973306],[34.4562879215,0.4715350007],[34.442847047,0.4651921535],[34.4042482837,0.4770013428],[34.3776226754,0.4622398215],[34.3767143663,0.462239225],[34.376714692,0.4617364348],[34.3764613285,0.4615959707],[34.3639082725,0.4643227223],[34.3522184991,0.4761180889],[34.3575896433,0.4824641008],[34.356627471,0.4872895499],[34.3600996286,0.4872919635],[34.3600946892,0.494443173],[34.3618808668,0.4956477793],[34.3670365494,0.49565142],[34.3835913234,0.4888011822],[34.4006298986,0.4887936819],[34.4266232745,0.4996662528],[34.4320024084,0.5060130407],[34.4257144951,0.5096437219],[34.401519442,0.4996770056],[34.3844694132,0.4996842521],[34.3841331197,0.5040183072],[34.3849852645,0.5040189155],[34.3849793223,0.5123737638],[34.3834848014,0.5123726775],[34.3826322803,0.5233564844],[34.4032328902,0.5387670455],[34.4229666748,0.5387596759],[34.4552961161,0.5196995308],[34.4660555115,0.5251374895],[34.4534763978,0.5369340682],[34.417564852,0.5460176726],[34.4130705444,0.554182223],[34.4175398315,0.5587156313],[34.4426676309,0.5568928167],[34.4758931876,0.5360183749],[34.4740607583,0.5586957776],[34.4902343163,0.5432694988],[34.4983009608,0.5496161119],[34.4812208697,0.5668569117],[34.4839019291,0.5695772221],[34.5090320816,0.5677543259],[34.5269383257,0.5858906991],[34.5188604754,0.5877075914],[34.5009361902,0.5759210623],[34.4991246488,0.584085562],[34.5071647311,0.5986873884],[34.5008870839,0.6023177157],[34.4892643607,0.5831816783],[34.4767041858,0.5795574645],[34.4632825879,0.5632348767],[34.4552099648,0.561423593],[34.4488987077,0.5750313324],[34.4623215768,0.5923516053],[34.4560346011,0.5968887584],[34.43724191,0.5777562197],[34.4112489695,0.5668807012],[34.4076336039,0.5750447603],[34.4246146036,0.6068751513],[34.4236962747,0.6186664582],[34.3861159556,0.5714238161],[34.3637904651,0.5215499477],[34.3405142427,0.4997027243],[34.3351958731,0.4979109264],[34.335185564,0.5123373827],[34.3434842779,0.512343474],[34.343478184,0.5206978271],[34.3517770072,0.5207040059],[34.3517645459,0.5374129113],[34.3515181257,0.5374127221],[34.3637367285,0.548757805],[34.4039595567,0.6213925607],[34.4003636235,0.6259283506],[34.3905071274,0.6159542184],[34.3780322531,0.581402826],[34.3637150564,0.5632686568],[34.3556501435,0.5569228951],[34.3502561975,0.5641799995],[34.3214717079,0.5290354839],[34.3185760805,0.5290332805],[34.3185633337,0.5457413901],[34.3164621451,0.5457397398],[34.3180036356,0.5478668096],[34.3206778248,0.553307122],[34.3143940105,0.5587504214],[34.3091286279,0.5540879202],[34.3019599644,0.5540821891],[34.3019616549,0.5519366656],[34.2767383955,0.5496945084],[34.2853846196,0.5267597447],[34.2853875941,0.5227956929],[34.2808423521,0.5206508377],[34.2770911619,0.5206480037],[34.2770924763,0.5188813181],[34.2732126976,0.517050507],[34.2715713481,0.5122903381],[34.260501604,0.5122820866],[34.260513705,0.4955753789],[34.2522160084,0.4955693841],[34.2522272402,0.4795716257],[34.2508651304,0.478861925],[34.2439301517,0.4788570737],[34.2439524271,0.4454444638],[34.2416947148,0.4454429933],[34.238281602,0.491583632],[34.2302192226,0.4897734438],[34.2311652595,0.4643838934],[34.2132108347,0.4779929493],[34.1941502816,0.4738238896],[34.1941468121,0.4788220412],[34.210740854,0.4788337589],[34.2107349935,0.487186504],[34.2190321766,0.4871924497],[34.2190262249,0.4955452964],[34.2273235194,0.4955513337],[34.2273050882,0.5206101784],[34.2107105369,0.5205974815],[34.2107054069,0.5273385694],[34.2202662674,0.5370187664],[34.2184433454,0.5488069919],[34.2115798706,0.5540091853],[34.2189817293,0.5540152163],[34.2189681067,0.5707209047],[34.2272655003,0.5707278569],[34.2272585496,0.5790808033],[34.2604491837,0.5791089008],[34.2604560874,0.5707555509],[34.285350081,0.5707761951],[34.285356849,0.5624225418],[34.3185501896,0.5624494984],[34.3185434681,0.5708035521],[34.3351407582,0.5708171592],[34.3351366106,0.5759303757],[34.3386958945,0.5791743684],[34.3517316706,0.5791851704],[34.3517248004,0.587539621],[34.3600238143,0.5875465797],[34.3600220628,0.5896613303],[34.3636543504,0.5896602669],[34.3726070428,0.5987270234],[34.3627378915,0.6023575028],[34.3600115516,0.6021961676],[34.3599953995,0.6209647758],[34.3682945621,0.6209721182],[34.3682858901,0.6308349794],[34.3770202119,0.6331896638],[34.3770066054,0.6404452211],[34.3814637075,0.6513276194],[34.363512706,0.6604913071],[34.3267629977,0.6613621934],[34.3267538398,0.6710601754],[34.3184550903,0.6710521708],[34.3184470812,0.6794062199],[34.3112127364,0.6793991425],[34.3101484158,0.6793980995],[34.3101470632,0.6807963435],[34.3101402933,0.6877520492],[34.3184389519,0.6877809768],[34.3184347647,0.6920554856],[34.3184224592,0.7044683649],[34.3146381147,0.7044645275],[34.3146456852,0.7044853064],[34.3207348536,0.7211997132],[34.3221111802,0.7249777994],[34.3217961278,0.7295549419],[34.3211747627,0.7385809618],[34.318386861,0.7406921188],[34.3103956081,0.7467434509],[34.3183758794,0.7510605754],[34.3249568716,0.7546207544],[34.3349642529,0.7600345932],[34.3404306514,0.7629918566],[34.3559047353,0.7713632713],[34.3598474697,0.7734962975],[34.3623584727,0.7748547608],[34.3698901966,0.7797333477],[34.4143029711,0.808502194],[34.4012975497,0.8169994024],[34.4012906063,0.8230706586],[34.4070589237,0.8348046165],[34.4079523557,0.8366186193],[34.409554309,0.8382420772],[34.4095712042,0.8382420963],[34.4095711842,0.8382591792],[34.4178084084,0.8466070645],[34.4178615672,0.8466071279],[34.4178615421,0.8466284496],[34.426062543,0.8549722282],[34.4261519656,0.8549723357],[34.4261519403,0.8549936892],[34.4285376728,0.8574806796],[34.4357093445,0.8629232689],[34.435929465,0.8633609081],[34.4427428619,0.8633691519],[34.4427286612,0.8768791626],[34.4510071439,0.8933392607],[34.4653642045,0.9218872001],[34.4675731418,0.9218900368],[34.4676044994,0.8968010122],[34.4593036492,0.8967906353],[34.4593139192,0.888434927],[34.4676147508,0.8884452072],[34.4676249062,0.8800894017],[34.4842268203,0.8801097134],[34.4842467703,0.8633977152],[34.4925478354,0.8634076509],[34.4925379254,0.8717637464],[34.5091403764,0.8717837554],[34.5091304083,0.8801400422],[34.5257332763,0.880160169],[34.5257432078,0.8718036911],[34.5506481653,0.8718334573],[34.5506382886,0.8801902206],[34.5589401482,0.8802002008],[34.5589500074,0.8718433427],[34.6004606214,0.8718924952],[34.6004508536,0.8802498245],[34.608753275,0.8802596929],[34.6087434342,0.8886171163],[34.6170459662,0.8886270597],[34.617036051,0.8969845762],[34.6253386945,0.8969945952],[34.6253485928,0.8886369863],[34.6419541222,0.8886567815],[34.6419638892,0.8802989859],[34.66687282,0.8803282607],[34.6668533033,0.8970444074],[34.7249776069,0.8971133526],[34.7249678435,0.9054720678],[34.741575643,0.9054917787],[34.7415658252,0.9138506753],[34.7581740237,0.9138704913],[34.7581340091,0.9473067979],[34.766438321,0.9473170386],[34.7664074263,0.9723945344],[34.7741210283,0.97240428],[34.774711889,0.9724050258],[34.7747014317,0.9807642802],[34.7723445093,0.9807612791],[34.7663969495,0.9807536986],[34.7663757249,0.9974720254],[34.7497669472,0.9974504393],[34.7497452796,1.0141684021],[34.7554657463,1.0141759705],[34.7663541414,1.01419035],[34.7663432151,1.0225495115],[34.7746478019,1.0225605441],[34.7746368064,1.0309197953],[34.7829415052,1.0309308964],[34.7828967186,1.0643682555],[34.7662872373,1.0643453106],[34.7662171024,1.1145002503],[34.7745219349,1.1145122762],[34.7744857265,1.1395900086],[34.7827907192,1.1396022793],[34.7827537769,1.1646802763],[34.774448712,1.1646677355],[34.7744361937,1.1730269765],[34.7661311949,1.1730143201],[34.7661185634,1.1813734702],[34.7578136288,1.1813606987],[34.757826284,1.173001638],[34.7329120944,1.1729634467],[34.7328865451,1.1896810212],[34.7245819456,1.1896680601],[34.7245690098,1.1980267544],[34.716264477,1.1980136761],[34.7162519622,1.2060302808],[34.7192689437,1.2063705014],[34.7328599254,1.2088766352],[34.7389997091,1.2100087821],[34.740796185,1.209102192],[34.7856611234,1.217288613],[34.8035739388,1.2281858878],[34.806374498,1.2315926461],[34.8063932762,1.2316154885],[34.8075710779,1.2316173566],[34.8075821644,1.2245148864],[34.8075841555,1.2232349484],[34.8075970733,1.2148981006],[34.8159026763,1.2149110807],[34.8159282657,1.1981916434],[34.8242339061,1.1982044186],[34.8242590918,1.1814848004],[34.832564771,1.1814973734],[34.8326380556,1.1313379696],[34.8243325205,1.1313259296],[34.824425469,1.0644474016],[34.8327308206,1.0644587288],[34.8327420186,1.0560988209],[34.841043856,1.0561100321],[34.8410474364,1.0561100369],[34.8410474658,1.0560878982],[34.8410695237,1.0393900426],[34.8493749857,1.0394010592],[34.8493858746,1.031040973],[34.857687759,1.0310518735],[34.8649473366,1.0310613884],[34.8743027223,1.0310736257],[34.8743134597,1.0227132741],[34.8759497516,1.0227153934],[34.8714587122,1.0201162714],[34.8948817726,0.9856322707],[34.9030044309,0.9692059758],[34.8940694358,0.9492387677],[34.8752170869,0.9546828655],[34.8571919823,0.9783679099],[34.8446115175,0.9856266171],[34.8356436219,0.983810528],[34.8328299431,0.9851556228],[34.8185632653,0.9919757412],[34.7988070165,0.998325189],[34.794333252,0.9910648997],[34.8230942906,0.9756416248],[34.8328471009,0.971271276],[34.8374693171,0.9691999697],[34.8554384913,0.9619415664],[34.8707531835,0.9419769797],[34.9021854365,0.9365331774],[34.9174970907,0.9147515336],[34.924657043,0.9265504153],[34.9110633196,0.9764673113],[34.8975263104,1.0046915218],[34.8788011795,1.0227190869],[34.8826192305,1.0227240265],[34.8826085145,1.0310844677],[34.8909143923,1.0310952863],[34.8909250867,1.0227347591],[34.899231031,1.0227454684],[34.8992416162,1.014384853],[34.907547627,1.0143954543],[34.9075370613,1.022756157],[34.9158431793,1.0227668242],[34.9158641787,1.0060452437],[34.9241703418,1.0060557143],[34.9241806902,0.9976948363],[34.9324869178,0.9977051998],[34.93249716,0.9893442334],[34.9408034531,0.9893544892],[34.9407932317,0.9977155422],[34.9490996316,0.9977258628],[34.9491098313,0.9893647242],[34.9657228471,0.9893851316],[34.9657429085,0.9726625068],[34.9823561835,0.9726824865],[34.9823636266,0.9663792109],[34.9757388659,0.9583192285],[34.9622654264,0.9628567919],[34.9587005128,0.9555954741],[34.9632030086,0.9483345307],[34.9991533743,0.9310897],[35.0117413779,0.9229204698],[35.0162554009,0.9110295165],[35.011797842,0.901044929],[35.0010070069,0.9037683376],[35.0029074091,0.8638299618],[35.0011064661,0.8620147246],[35.0146305772,0.8401380132],[35.0155741012,0.8192607295],[35.0416568237,0.7956561002],[35.0443323973,0.8074562057],[35.0299083459,0.8283359728],[35.0280809888,0.8447658868],[35.0190759873,0.858382443],[35.0217528913,0.8647361798],[35.0333843862,0.8819819567],[35.0504342114,0.8837963281],[35.0655270432,0.8829477958],[35.0655467065,0.8640707862],[35.0738540646,0.8640794515],[35.0738626214,0.8557170276],[35.0821700439,0.8557255901],[35.0822051795,0.8204185764],[35.0822274905,0.7971880261],[35.090534875,0.7971959861],[35.0905505074,0.7804707973],[35.0952385792,0.7804751878],[35.1071654599,0.7804863339],[35.1071854591,0.7584566002],[35.10548768,0.7574263262],[35.0903064614,0.7174872222],[35.0804197038,0.7229365768],[35.0741166206,0.7320159312],[35.0453680484,0.7383772835],[35.0373404272,0.7165937211],[35.0212040479,0.7057054219],[34.9933227068,0.7311279895],[34.9977760182,0.7420191508],[34.9896828962,0.7510977092],[34.9896547988,0.7674358722],[34.9744281519,0.7511009004],[34.9483788328,0.7529214813],[34.9501430161,0.7684416253],[34.9833078908,0.7929425541],[34.979668139,0.8138193997],[34.9742928456,0.8110971304],[34.9707443843,0.7920368687],[34.9554879805,0.7865934013],[34.942079301,0.763814198],[34.9313033053,0.7675373692],[34.9195977714,0.7820609735],[34.9176884723,0.8283485885],[34.9400898804,0.8502199577],[34.9463436489,0.8638338681],[34.9507806305,0.884709111],[34.9678072431,0.8992308437],[34.9587692691,0.923828088],[34.951597927,0.9220127515],[34.9516433927,0.9001388232],[34.9337820355,0.8638346197],[34.9069098557,0.8375162082],[34.9061185054,0.7884161257],[34.8998430837,0.7802488595],[34.8911980719,0.7795213071],[34.8890786196,0.7793429355],[34.8912005969,0.7769163312],[34.9025720961,0.7639120431],[34.9187423642,0.7610956412],[34.9313462647,0.7465715663],[34.9152267255,0.7266077801],[34.9152779413,0.7002875901],[34.9078871721,0.6939444896],[34.9013359249,0.6883219672],[34.8995879523,0.6868218025],[34.898257537,0.6856800017],[34.888379559,0.6884053593],[34.8785197396,0.6802400116],[34.8884119343,0.6729767939],[34.9126352137,0.6756925923],[34.916204488,0.6799523071],[34.9332394009,0.7002829414],[34.9304916751,0.7266043334],[34.9448282802,0.7374925545],[34.9573972219,0.7374898056],[34.9502448267,0.7229692681],[34.9476694333,0.6647908609],[34.9746113638,0.6620595155],[34.9719587983,0.6411842579],[34.9800762112,0.6257511618],[34.9890439923,0.6266555804],[35.0087647771,0.6375407529],[35.0061065614,0.6220201171],[35.0195993686,0.612937987],[35.0267595277,0.618381525],[35.0366314743,0.6256395842],[35.0501005838,0.6256345364],[35.0671296738,0.6384275369],[35.0806198393,0.6274385172],[35.0896042214,0.6265273091],[35.0933287436,0.6299255279],[35.0976600075,0.6338773553],[35.1057605106,0.6210742799],[35.1012948397,0.6147214415],[35.1014145554,0.5547158925],[35.0834812448,0.5401998265],[35.0852832585,0.5329366997],[35.1113602691,0.5156753833],[35.1113256557,0.5320159781],[35.1203023284,0.5365505886],[35.1418486969,0.5347241946],[35.1517937464,0.5011286348],[35.1895349785,0.482859409],[35.1931792009,0.4538046187],[35.188720363,0.433833667],[35.1815536145,0.4265750676],[35.1698641592,0.4293060817],[35.1609108499,0.4219580122],[35.1681112179,0.4083353608],[35.1645367614,0.3992590196],[35.1483514503,0.4101639381],[35.1451865419,0.3874535708],[35.144809251,0.384746532],[35.1349541016,0.3711356645],[35.1135158447,0.3066049594],[35.1198226853,0.29298282],[35.1413509807,0.300228684],[35.1449461801,0.2965945021],[35.1297216776,0.272912198],[35.1351371687,0.2602005683],[35.1432234963,0.2620125689],[35.1405818152,0.2293375066],[35.1576748523,0.2157265837],[35.1640029519,0.2011204527],[35.1801655416,0.2056626707],[35.2044596514,0.2029668825],[35.2232961608,0.2203153435],[35.2314207998,0.2148021498],[35.2431305612,0.2121061477],[35.2511890016,0.2239821668],[35.2124125062,0.2520245439],[35.2069531634,0.2764999982],[35.2213068754,0.2828425099],[35.2487101651,0.2716465881],[35.2517537671,0.2704030603],[35.2570195118,0.2682516129],[35.2744363785,0.2611354039],[35.2853444978,0.2331009022],[35.2997853528,0.2240814537],[35.3006492915,0.2202302034],[35.3016321599,0.2158486931],[35.306884446,0.2189247236],[35.3141981418,0.2232080681],[35.3240271226,0.2413331038],[35.3375022412,0.2504148736],[35.3419902049,0.2531404501],[35.3518918947,0.2531625693],[35.3635896548,0.2369573327],[35.3567284691,0.2369555154],[35.3567306177,0.2285903565],[35.3650398837,0.2285924791],[35.3650419512,0.2202272424],[35.3567326908,0.2202251974],[35.3567346858,0.2118600382],[35.3484255072,0.2118580664],[35.348427425,0.2035118525],[35.3401183324,0.2034910858],[35.3401201772,0.195144918],[35.3401219486,0.1867798819],[35.3484310412,0.1867628217],[35.348432731,0.178397739],[35.3650511319,0.1784010569],[35.3650542651,0.161670582],[35.3484358784,0.1616675761],[35.3484373351,0.1533024941],[35.3401282616,0.1533010632],[35.3401321777,0.1282060507],[35.3235142804,0.1282036517],[35.3235184354,0.0947442605],[35.3152096124,0.0947433698],[35.3152112259,0.078013832],[35.3069024838,0.0780130967],[35.3069043231,0.0529190245],[35.3152130601,0.0529195227],[35.3152133774,0.0472448252],[35.3152189194,0.0445547534],[35.323527766,0.0445551727],[35.3401401906,0.0445560056],[35.3401397394,0.0529210103],[35.3567579129,0.0529219974],[35.3567567811,0.0696523185],[35.3650659877,0.0696529653],[35.3650653074,0.0780182025],[35.4232319066,0.0780232277],[35.4232325761,0.0696574507],[35.4315423926,0.0696580866],[35.4315429857,0.0612922325],[35.4232331697,0.0612916737],[35.4232336874,0.0529258967],[35.4149239484,0.0529254131],[35.4149243913,0.0445597125],[35.4066147294,0.0445593044],[35.4066150971,0.0361936812],[35.3983055113,0.036193349],[35.3983058044,0.0278278018],[35.4066153887,0.0278280563],[35.4066155718,0.0208911363],[35.3816868757,0.02748288],[35.3803845211,0.0278272479],[35.3780145293,0.0284539192],[35.3753539443,0.0278270922],[35.3484556144,0.0214900253],[35.3276424705,0.0165867221],[35.3247515839,0.0194788133],[35.3231274049,0.0211036611],[35.3258015073,0.0274451425],[35.3235014329,0.0278254746],[35.3203923638,0.0283395783],[35.3192908175,0.0278253423],[35.2736596549,0.0065239874],[35.2691922572,0.0027488551],[35.2653686118,-0.0004822535],[35.2653633999,-0.0004866582],[35.2592940135,-0.0056154431],[35.2570602865,-0.0075029843],[35.2493958027,-0.0139795527],[35.2413665185,-0.0207642764],[35.2311102643,-0.0277621887],[35.2216985142,-0.0327762299],[35.2326335691,-0.0365384934],[35.248932423,-0.0297191414],[35.26566718,-0.0207173807],[35.2861972037,-0.0056336787],[35.290293962,-0.0026236656],[35.2952871877,0.001045037],[35.316907698,-0.0016281954],[35.3497257071,0.0111142342],[35.3650740961,0.0170738203],[35.3663473952,0.0175682322],[35.3979022769,0.0075822591],[35.4066157822,0.0071722083],[35.4348369224,0.0058441179],[35.4393717818,-0.0031998388],[35.4368116498,-0.0056346269],[35.4315449993,-0.0056345935],[35.4315449553,-0.0106434238],[35.4280151051,-0.0140003936],[35.4232350981,-0.0140003201],[35.4232350288,-0.0180407392],[35.4169296657,-0.0204344968],[35.3782109117,-0.0205182804],[35.361429092,-0.0139993615],[35.3567593777,-0.012185429],[35.3484502929,-0.0089578259],[35.3457482908,-0.00790826],[35.3250286572,-0.0070433702],[35.2985970103,-0.019964123],[35.2971804748,-0.0206565641],[35.2784131319,-0.0284315814],[35.267617932,-0.0348243053],[35.2653678449,-0.0368405136],[35.2581633952,-0.0432960506],[35.2445756294,-0.0547350806],[35.2261829981,-0.0656940387],[35.225849158,-0.0769808692],[35.2177968898,-0.0826977666],[35.2239264794,-0.0880353155],[35.2234136533,-0.0942631191],[35.214129613,-0.1101096838],[35.2176911485,-0.1214254748],[35.2142064063,-0.1283192743],[35.2221848572,-0.131590248],[35.2193092309,-0.1467914135],[35.2225126592,-0.1524242492],[35.2128908726,-0.1542062183],[35.2085511794,-0.1575354606],[35.2050870934,-0.156690855],[35.2042918331,-0.1433156878],[35.2078391433,-0.1295073375],[35.2076881883,-0.1198235807],[35.2009939431,-0.1128307065],[35.2034585946,-0.1071244282],[35.2106565869,-0.0935626175],[35.2065740426,-0.0905472925],[35.1969526709,-0.0920945996],[35.1902909817,-0.095509822],[35.1855467422,-0.0993377775],[35.1846045039,-0.0922531621],[35.1972634712,-0.0821838528],[35.2104001237,-0.0707467222],[35.2116236868,-0.0603815677],[35.2071175835,-0.0525161316],[35.2023629633,-0.0476378965],[35.2035745329,-0.0391191197],[35.2020553122,-0.0289674292],[35.2036979747,-0.0250273279],[35.1981638033,-0.0216712329],[35.1879084367,-0.0253925809],[35.1772441969,-0.0337573663],[35.1648993343,-0.0423423464],[35.1557173421,-0.0473554068],[35.1407464835,-0.0491071645],[35.1407465763,-0.0474481213],[35.1324395209,-0.0474476536],[35.1324398585,-0.0409294452],[35.1425034067,-0.041742464],[35.1571695839,-0.0374519877],[35.1709578609,-0.0294705997],[35.1882257535,-0.0217266019],[35.1791901251,-0.0073270642],[35.1629884913,-0.0091685893],[35.1540354555,-0.0209237494],[35.1460989856,-0.0217083006],[35.1410613731,-0.0232926808],[35.1298599265,-0.0225269428],[35.1224807788,-0.0298622912],[35.1263716887,-0.0390843741],[35.1162286174,-0.0390839028],[35.1158261367,-0.0378792461],[35.1158264257,-0.0307210527],[35.1128680867,-0.0307209443],[35.1115164147,-0.0279467448],[35.1065099081,-0.0256125619],[35.1027434334,-0.0307205724],[35.0909062515,-0.0307201365],[35.0909059057,-0.0390827183],[35.0857890338,-0.039082478],[35.0815024984,-0.035596652],[35.0679988743,-0.0371246087],[35.0627785345,-0.047443692],[35.0244596085,-0.0474414827],[35.0244596095,-0.0474235871],[35.0244553252,-0.0474235878],[35.0244554865,-0.0445281169],[35.032308728,-0.0367313024],[35.0391787108,-0.0356232838],[35.0515208003,-0.036160714],[35.0657270962,-0.0321067602],[35.0847268741,-0.0210484345],[35.1026768529,-0.007385426],[35.1117384509,-0.0209963154],[35.1269775277,-0.0055282159],[35.1404819571,-0.0083073477],[35.1530475317,0.0017624981],[35.1739817766,0.0024611728],[35.1818526719,0.002723866],[35.1822892671,0.0029734018],[35.2025084418,0.0145298636],[35.2106464755,0.0278400641],[35.2141430055,0.0335589723],[35.2100560868,0.0361856157],[35.2015082929,0.041679187],[35.1844164029,0.0371198433],[35.1656685378,0.0415651466],[35.1654917012,0.0416070761],[35.1601298617,0.0361834999],[35.1493551882,0.025284971],[35.1372563319,0.0194564319],[35.1304921278,0.0161978672],[35.1247867225,0.0194561436],[35.1241754175,0.0198052485],[35.1304008468,0.0379169232],[35.112432043,0.0297364634],[35.0908168039,0.0324085694],[35.0836481724,0.025154602],[35.088264187,-0.0046986994],[35.0837956156,-0.0129421644],[35.0818435675,-0.0139767944],[35.0818095607,-0.0139948197],[35.0667284265,-0.0219880627],[35.049378942,-0.0220215184],[35.0410684193,-0.0220375439],[35.0360064807,-0.0220473046],[35.0330927309,-0.0235278502],[35.0283879269,-0.0253104363],[35.0244561628,-0.0293014986],[35.0229967128,-0.0306996502],[35.0214298581,-0.032200689],[35.0106382635,-0.0348725437],[35.0078443788,-0.0316921594],[35.0078444156,-0.0307170402],[35.0069877294,-0.0307170079],[35.0057738552,-0.02933522],[34.9969382178,-0.0242399248],[34.9992637815,-0.022109106],[34.992266126,-0.0139932944],[34.9922505852,-0.0139752702],[34.9820703371,-0.0021686096],[34.9730927462,-0.0057919272],[34.9748899652,-0.0216635113],[34.9744207884,-0.02233639],[34.974408244,-0.0223543807],[34.9699746308,-0.0287128711],[34.9580109541,-0.0401492663],[34.9580110062,-0.0390763761],[34.9414006707,-0.0390755685],[34.9414005326,-0.0418489709],[34.9330954496,-0.0426906641],[34.9330956318,-0.0390751635],[34.9164896807,-0.0390743512],[34.9164896816,-0.0390564264],[34.883270954,-0.0390727163],[34.8666621137,-0.039071893],[34.8599797999,-0.0390536386],[34.8583541905,-0.0388559264],[34.8583545471,-0.030711303],[34.8186689149,-0.0307097457],[34.8209859538,-0.0269944615],[34.8251421165,-0.0250350374],[34.836385728,-0.0197341699],[34.8417467414,-0.0154305643],[34.8617067285,0.0005929313],[34.8805557703,0.0023935049],[34.8796668451,-0.0057719247],[34.8859638864,-0.0121271687],[34.9416411286,-0.0094264289],[34.9524091213,-0.0012671299],[34.9487999182,0.0050759583],[34.8967118346,0.0060097926],[34.8895204109,0.0141808318],[34.8607870282,0.0142066904],[34.8417468565,0.0075406625],[34.8041764527,-0.0056123296],[34.8002312089,-0.0069934756],[34.79619041,-0.0084080648],[34.7895984082,-0.0139716964],[34.7816842791,-0.0206510925],[34.7670171741,-0.0208963531],[34.7400619818,-0.0213470749],[34.7360689628,-0.0322039111],[34.7350284177,-0.0437446747],[34.7308693445,-0.0474059578],[34.7290478033,-0.0490094715],[34.7100819191,-0.0522987169],[34.7088949851,-0.052649087],[34.6983480521,-0.0557624029],[34.6842440508,-0.0599256411],[34.659076293,-0.0723815116],[34.6590770346,-0.0641353568],[34.6540992547,-0.0641349307],[34.6591239007,-0.0629438354],[34.6701662127,-0.0540292679],[34.673200982,-0.0474023476],[34.6755398129,-0.0422950222],[34.6756858155,-0.0420645891],[34.6775994078,-0.0390443794],[34.6841276933,-0.0287406361],[34.6912148297,-0.0210093222],[34.7163229113,-0.0001507753],[34.7005911218,0.0078134198],[34.7001562069,0.008033592],[34.6871844666,0.0027288002],[34.6839863174,0.0014209324],[34.6673818225,-0.0053692863],[34.6669669984,-0.0055389213],[34.6588837355,0.0026359354],[34.6463273964,-0.0018863544],[34.6319618797,0.0044807438],[34.6294871649,0.0027285892],[34.6230062772,-0.0018599864],[34.6177676316,0.0027285462],[34.6095236402,0.009949349],[34.6023520719,0.007235656],[34.6059753905,-0.0227161798],[34.5996493075,-0.0322075072],[34.6023550524,-0.0436962022],[34.6075264256,-0.0499804095],[34.6209673703,-0.0503321533],[34.6392581199,-0.046688628],[34.6369403201,-0.0557578447],[34.6368682718,-0.0560397502],[34.6399987182,-0.0611514747],[34.647251712,-0.0641343438],[34.6341712674,-0.0641332201],[34.6341705117,-0.0724909483],[34.6092655733,-0.0724885194],[34.6092651011,-0.0772352226],[34.6001420978,-0.0785673757],[34.5886228302,-0.0724687068],[34.5788654973,-0.065196201],[34.5699054182,-0.071816864],[34.5677615957,-0.0738334564],[34.5603122698,-0.0808405982],[34.5594573498,-0.0808405039],[34.5594582124,-0.0724836206],[34.5428565079,-0.0724819746],[34.5428562756,-0.0748162588],[34.5412072629,-0.0724640239],[34.540728513,-0.0717811152],[34.5316575199,-0.067769497],[34.5269289131,-0.0724626039],[34.5262574821,-0.0731289889],[34.5228939054,-0.0764672702],[34.5144229776,-0.0798585378]],[[34.9663169304,-0.0223541568],[34.9663209904,-0.0223541569],[34.9744207884,-0.02233639],[34.9663169304,-0.0223541568]],[[34.4530975597,0.71670971],[34.4539694226,0.7257800068],[34.4432180761,0.7176180442],[34.4369371067,0.7194328945],[34.4422805752,0.7349423722],[34.4261331707,0.7385720715],[34.4181230979,0.7103652626],[34.4154885698,0.6813418438],[34.4253814442,0.6731770585],[34.4325094088,0.6922230183],[34.4486450319,0.6994766421],[34.4638654434,0.7121729926],[34.4530975597,0.71670971]],[[34.5211814304,0.7603328367],[34.5226311584,0.7548095863],[34.5248238549,0.7464553813],[34.5257052987,0.7430969494],[34.5436167987,0.7548878673],[34.5435916115,0.7648665495],[34.5247435109,0.7712180712],[34.5211814304,0.7603328367]],[[34.8163151569,0.8056702353],[34.805535656,0.8111161041],[34.7957227381,0.7820784364],[34.798448137,0.7702811385],[34.8155231132,0.7566665165],[34.8199988922,0.7639256486],[34.8137013,0.7711864257],[34.8118563746,0.7902436352],[34.8503378152,0.8420581157],[34.8476328831,0.8484108876],[34.8163151569,0.8056702353]],[[34.7364199832,0.8129365707],[34.7391374408,0.8029551047],[34.7346656293,0.797511184],[34.7607348532,0.7775456234],[34.7680213968,0.7302680018],[34.7859682271,0.7302646253],[34.8021422332,0.7202794322],[34.8111112685,0.7229999894],[34.8057018318,0.7347981628],[34.7823449667,0.7465992229],[34.7760187619,0.7657470973],[34.7750292666,0.8065816143],[34.7678297252,0.8120267837],[34.7570961751,0.7966016716],[34.7364199832,0.8129365707]],[[35.1874891663,0.1703550895],[35.1820262006,0.1875495535],[35.1722951159,0.1440812439],[35.2163589778,0.1541172073],[35.1874891663,0.1703550895]],[[35.0983738027,0.2293629986],[35.0992297968,0.2575040161],[35.1099967893,0.2584029554],[35.1216337216,0.2774576402],[35.1081601981,0.2839138695],[35.0973630156,0.2993549579],[35.0866024834,0.2930087853],[35.0821064579,0.2957356305],[35.0785056947,0.3066317329],[35.0641177419,0.3193513403],[35.0604986376,0.3356936479],[35.0551057596,0.3393285638],[35.05243004,0.3302530232],[35.0731523833,0.2848493391],[35.0579355173,0.2511836741],[35.0660204806,0.2457304051],[35.0821709237,0.2520713716],[35.0983738027,0.2293629986]],[[35.0165394534,0.3157559038],[35.0192370726,0.311215338],[35.0326924932,0.3139283907],[35.0434840562,0.3093816079],[35.0461650418,0.3157337618],[35.0353723922,0.3248191239],[35.0237020124,0.3248277166],[35.0165394534,0.3157559038]]]}},{"type":"Feature","properties":{"country":"Kenya","country_code":"KEN","species_name":"Pinus_maximinoi","genus":"Pinus","species":"maximinoi","suitability_name":"Very suitable","suitability_rank":1,"source_layer":"KCFP_SSMT_Kenya","tz":null,"soil_description":null},"geometry":{"type":"Polygon","coordinates":[[[34.3768652736,-0.0306913974],[34.3802970638,-0.030691547],[34.3768651982,-0.03241471],[34.3768634094,-0.0324156081],[34.3768652736,-0.0306913974]]]}},{"type":"Feature","properties":{"country":"Kenya","country_code":"KEN","species_name":"Pinus_maximinoi","genus":"Pinus","species":"maximinoi","suitability_name":"Very suitable","suitability_rank":1,"source_layer":"KCFP_SSMT_Kenya","tz":null,"soil_description":null},"geometry":{"type":"Polygon","coordinates":[[[34.2191998644,0.07790271],[34.2109029696,0.0779017602],[34.2109019747,0.0862545122],[34.194308485,0.0862524024],[34.1943048771,0.1113100465],[34.2017149738,0.111311265],[34.2261313385,0.0862564438],[34.2191988712,0.0862555648],[34.2191998644,0.07790271]]]}},{"type":"Feature","properties":{"country":"Kenya","country_code":"KEN","species_name":"Pinus_maximinoi","genus":"Pinus","species":"maximinoi","suitability_name":"Very suitable","suitability_rank":1,"source_layer":"KCFP_SSMT_Kenya","tz":null,"soil_description":null},"geometry":{"type":"Polygon","coordinates":[[[34.0319111276,0.1864374913],[34.0316967948,0.183097149],[34.0283784181,0.1761072799],[34.0283755942,0.1864364841],[34.0319111276,0.1864374913]]]}},{"type":"Feature","properties":{"country":"Kenya","country_code":"KEN","species_name":"Pinus_maximinoi","genus":"Pinus","species":"maximinoi","suitability_name":"Very suitable","suitability_rank":1,"source_layer":"KCFP_SSMT_Kenya","tz":null,"soil_description":null},"geometry":{"type":"Polygon","coordinates":[[[34.0781427541,0.1948016936],[34.0698475669,0.1947992464],[34.0698499467,0.1864482534],[34.0781451317,0.1864505966],[34.0781474044,0.1780994994],[34.0864426879,0.1781017322],[34.0864448528,0.1697505311],[34.0947402376,0.1697526565],[34.0947425594,0.1603007038],[34.0918089981,0.1549423161],[34.0855304334,0.160387306],[34.0780234312,0.1530648203],[34.0698590337,0.1530442848],[34.0698601981,0.1451024074],[34.0694597497,0.1447118155],[34.0615652202,0.1447100815],[34.061563361,0.1530423588],[34.0532689432,0.153040429],[34.0532669677,0.1614098869],[34.0532664252,0.1614098859],[34.0532621765,0.1780927751],[34.0449673087,0.1780905265],[34.0449694917,0.1697398509],[34.0364309173,0.169737641],[34.0391400613,0.1947901514],[34.0449626292,0.1947918802],[34.0449585137,0.2083714533],[34.0469940073,0.2115127561],[34.0523939191,0.2198463973],[34.0532497028,0.2198655836],[34.0532492733,0.2211664775],[34.0532498155,0.221167315],[34.057818277,0.2282179833],[34.0615404787,0.2339627049],[34.0621051347,0.2348341855],[34.0615398516,0.2357452173],[34.0610398426,0.2365510483],[34.0615389917,0.2365512285],[34.0615365549,0.2449021141],[34.0698310913,0.2449051966],[34.0698310853,0.2449241928],[34.0698279805,0.2532561879],[34.086418526,0.2532625458],[34.0864216204,0.2449303425],[34.0864216274,0.2449113449],[34.0864222971,0.2449113442],[34.1030133117,0.2449174729],[34.1113082084,0.2449205288],[34.1113058828,0.253291073],[34.1113082015,0.2449395262],[34.1113019361,0.2616235568],[34.1030062862,0.2616393542],[34.1029995954,0.2783231102],[34.1112960067,0.2783457107],[34.1112952412,0.2783457104],[34.1112917414,0.2866972563],[34.111280633,0.3117326369],[34.1173540693,0.3117354806],[34.1130886883,0.3074132887],[34.1166808664,0.3010646608],[34.1328225005,0.3028669559],[34.1587705261,0.338209116],[34.144456358,0.3287452864],[34.144448215,0.3451558414],[34.1693371828,0.3451686314],[34.1693344634,0.3505043923],[34.1739782347,0.3508930946],[34.1892340698,0.3454435699],[34.2072272079,0.3182306552],[34.203682707,0.2901246675],[34.123110209,0.2121215851],[34.122790215,0.2115369831],[34.1196170134,0.2057398649],[34.1196152292,0.2115171061],[34.1030239018,0.2115118319],[34.1030264739,0.2031604205],[34.0947309698,0.2031578811],[34.0947334433,0.1948065758],[34.0864380463,0.1948041368],[34.0864355695,0.2031553384],[34.0781402732,0.2031527896],[34.0781427541,0.1948016936]],[[34.0988555703,0.2366188998],[34.0988323281,0.2365835377],[34.095282269,0.2311822079],[34.1042630794,0.2212027331],[34.1159155885,0.2230066581],[34.1499220943,0.2655921066],[34.1418423652,0.2692245834],[34.1150087252,0.232073398],[34.0989810498,0.2365835907],[34.0988555703,0.2366188998]],[[34.124775688,0.2856467168],[34.123901089,0.2773971463],[34.1633315161,0.2901529283],[34.1874927051,0.3200570863],[34.1830037014,0.3236868053],[34.1722603031,0.3137203303],[34.1677373572,0.3345767992],[34.1588077151,0.3137292609],[34.124775688,0.2856467168]]]}},{"type":"Feature","properties":{"country":"Kenya","country_code":"KEN","species_name":"Pinus_maximinoi","genus":"Pinus","species":"maximinoi","suitability_name":"Very suitable","suitability_rank":1,"source_layer":"KCFP_SSMT_Kenya","tz":null,"soil_description":null},"geometry":{"type":"Polygon","coordinates":[[[34.0532439899,0.2365482468],[34.0533815923,0.2365482963],[34.0532440549,0.2363677502],[34.0532439899,0.2365482468]]]}},{"type":"Feature","properties":{"country":"Kenya","country_code":"KEN","species_name":"Pinus_maximinoi","genus":"Pinus","species":"maximinoi","suitability_name":"Very suitable","suitability_rank":1,"source_layer":"KCFP_SSMT_Kenya","tz":null,"soil_description":null},"geometry":{"type":"Polygon","coordinates":[[[34.1235677047,0.3117383862],[34.1278722987,0.311740397],[34.1278683985,0.3200921177],[34.13452437,0.3200953066],[34.1310127075,0.3101211659],[34.1235677047,0.3117383862]]]}},{"type":"Feature","properties":{"country":"Kenya","country_code":"KEN","species_name":"Pinus_maximinoi","genus":"Pinus","species":"maximinoi","suitability_name":"Very suitable","suitability_rank":1,"source_layer":"KCFP_SSMT_Kenya","tz":null,"soil_description":null},"geometry":{"type":"Polygon","coordinates":[[[34.1361603966,0.3284479158],[34.1440124027,0.3284517689],[34.1361628905,0.3232621648],[34.1361603966,0.3284479158]]]}},{"type":"Feature","properties":{"country":"Kenya","country_code":"KEN","species_name":"Pinus_maximinoi","genus":"Pinus","species":"maximinoi","suitability_name":"Very suitable","suitability_rank":1,"source_layer":"KCFP_SSMT_Kenya","tz":null,"soil_description":null},"geometry":{"type":"Polygon","coordinates":[[[34.0951380031,0.4369947325],[34.1101218217,0.4704105882],[34.1194845462,0.4704172026],[34.1194903108,0.4620655908],[34.1277863398,0.4620713364],[34.1277805849,0.4704230529],[34.1357672523,0.4704286757],[34.1360771208,0.469859401],[34.1360824718,0.4620770731],[34.140311553,0.4620799937],[34.1415032597,0.4598905733],[34.1379372534,0.4517324751],[34.1146540275,0.4345176564],[34.1105378309,0.4286533594],[34.1029206627,0.4286484477],[34.1029152923,0.4369998532],[34.0951380031,0.4369947325]]]}},{"type":"Feature","properties":{"country":"Kenya","country_code":"KEN","species_name":"Pinus_maximinoi","genus":"Pinus","species":"maximinoi","suitability_name":"Very suitable","suitability_rank":1,"source_layer":"KCFP_SSMT_Kenya","tz":null,"soil_description":null},"geometry":{"type":"Polygon","coordinates":[[[34.2872004454,0.4454724991],[34.2854411204,0.4454713636],[34.2854247096,0.4705323348],[34.2897510058,0.4705352833],[34.2858781317,0.4643589926],[34.2872004454,0.4454724991]]]}},{"type":"Feature","properties":{"country":"Kenya","country_code":"KEN","species_name":"Pinus_maximinoi","genus":"Pinus","species":"maximinoi","suitability_name":"Very suitable","suitability_rank":1,"source_layer":"KCFP_SSMT_Kenya","tz":null,"soil_description":null},"geometry":{"type":"Polygon","coordinates":[[[34.1775589749,0.4704579476],[34.178765141,0.4704587887],[34.1775591558,0.4701950125],[34.1775589749,0.4704579476]]]}},{"type":"Feature","properties":{"country":"Kenya","country_code":"KEN","species_name":"Pinus_maximinoi","genus":"Pinus","species":"maximinoi","suitability_name":"Very suitable","suitability_rank":1,"source_layer":"KCFP_SSMT_Kenya","tz":null,"soil_description":null},"geometry":{"type":"Polygon","coordinates":[[[34.202387291,0.5540016822],[34.2109650484,0.554008683],[34.202392849,0.5470638804],[34.202387291,0.5540016822]]]}},{"type":"Feature","properties":{"country":"Kenya","country_code":"KEN","species_name":"Pinus_maximinoi","genus":"Pinus","species":"maximinoi","suitability_name":"Very suitable","suitability_rank":1,"source_layer":"KCFP_SSMT_Kenya","tz":null,"soil_description":null},"geometry":{"type":"Polygon","coordinates":[[[34.343382519,0.6376587502],[34.3433806476,0.6397345317],[34.3448661987,0.637660104],[34.343382519,0.6376587502]]]}},{"type":"Feature","properties":{"country":"Kenya","country_code":"KEN","species_name":"Pinus_maximinoi","genus":"Pinus","species":"maximinoi","suitability_name":"Very suitable","suitability_rank":1,"source_layer":"KCFP_SSMT_Kenya","tz":null,"soil_description":null},"geometry":{"type":"Polygon","coordinates":[[[34.4758436322,0.9457177169],[34.4758635562,0.9302349713],[34.4695580659,0.9302268118],[34.4749878612,0.9410243992],[34.4758436322,0.9457177169]]]}},{"type":"Feature","properties":{"country":"Kenya","country_code":"KEN","species_name":"Pinus_maximinoi","genus":"Pinus","species":"maximinoi","suitability_name":"Very suitable","suitability_rank":1,"source_layer":"KCFP_SSMT_Kenya","tz":null,"soil_description":null},"geometry":{"type":"Polygon","coordinates":[[[34.4791154717,0.9636629769],[34.4802967079,0.9701423399],[34.4841141248,0.9691146308],[34.4841213308,0.963669675],[34.4791154717,0.9636629769]]]}},{"type":"Feature","properties":{"country":"Kenya","country_code":"KEN","species_name":"Pinus_maximinoi","genus":"Pinus","species":"maximinoi","suitability_name":"Very suitable","suitability_rank":1,"source_layer":"KCFP_SSMT_Kenya","tz":null,"soil_description":null},"geometry":{"type":"Polygon","coordinates":[[[34.6783950472,-0.9837684111],[34.6711920152,-0.9719766107],[34.6703396444,-0.9657574236],[34.6726312926,-0.9648514697],[34.6817695318,-0.9662993965],[34.6846964913,-0.9711516646],[34.6843737048,-0.9803641293],[34.681544958,-0.9909134404],[34.6783950472,-0.9837684111]]]}},{"type":"Feature","properties":{"country":"Kenya","country_code":"KEN","species_name":"Pinus_maximinoi","genus":"Pinus","species":"maximinoi","suitability_name":"Very suitable","suitability_rank":1,"source_layer":"KCFP_SSMT_Kenya","tz":null,"soil_description":null},"geometry":{"type":"Polygon","coordinates":[[[34.6009619855,-0.0919015878],[34.6009612697,-0.097559769],[34.5926598971,-0.0975586741],[34.5926591764,-0.10293867],[34.5843585231,-0.0982800022],[34.5843586178,-0.0975575763],[34.583071016,-0.0975574058],[34.581020573,-0.0964066256],[34.5827131255,-0.0874183461],[34.5877428319,-0.0910988197],[34.6009619855,-0.0919015878]]]}},{"type":"Feature","properties":{"country":"Kenya","country_code":"KEN","species_name":"Pinus_maximinoi","genus":"Pinus","species":"maximinoi","suitability_name":"Very suitable","suitability_rank":1,"source_layer":"KCFP_SSMT_Kenya","tz":null,"soil_description":null},"geometry":{"type":"Polygon","coordinates":[[[34.5456308522,0.6567334253],[34.5528248152,0.6458457486],[34.5501468203,0.6385891287],[34.5654519912,0.6149984177],[34.5726383605,0.6104603388],[34.5789023769,0.619530405],[34.5825401964,0.6004781073],[34.5735747322,0.5922255223],[34.5628026304,0.5968556535],[34.534010781,0.6367790312],[34.533985484,0.6458504552],[34.5456308522,0.6567334253]]]}},{"type":"Feature","properties":{"country":"Kenya","country_code":"KEN","species_name":"Pinus_maximinoi","genus":"Pinus","species":"maximinoi","suitability_name":"Very suitable","suitability_rank":1,"source_layer":"KCFP_SSMT_Kenya","tz":null,"soil_description":null},"geometry":{"type":"Polygon","coordinates":[[[34.674742994,1.1980658321],[34.6747431783,1.197947907],[34.6742473969,1.1979471188],[34.674742994,1.1980658321]]]}},{"type":"Feature","properties":{"country":"Kenya","country_code":"KEN","species_name":"Pinus_maximinoi","genus":"Pinus","species":"maximinoi","suitability_name":"Very suitable","suitability_rank":1,"source_layer":"KCFP_SSMT_Kenya","tz":null,"soil_description":null},"geometry":{"type":"Polygon","coordinates":[[[34.7587132665,-0.0387390474],[34.7645503402,-0.0373188103],[34.7753164133,-0.0400799062],[34.7753157303,-0.0517144383],[34.7728101723,-0.0535715771],[34.7719280304,-0.0641448855],[34.7585476045,-0.0641437688],[34.7590574517,-0.0603788803],[34.7536840281,-0.0510805132],[34.7529030692,-0.0474073243],[34.7526014403,-0.0459886549],[34.757238759,-0.0390978135],[34.7587132665,-0.0387390474]]]}},{"type":"Feature","properties":{"country":"Kenya","country_code":"KEN","species_name":"Pinus_maximinoi","genus":"Pinus","species":"maximinoi","suitability_name":"Very suitable","suitability_rank":1,"source_layer":"KCFP_SSMT_Kenya","tz":null,"soil_description":null},"geometry":{"type":"Polygon","coordinates":[[[34.7093746328,1.2063613547],[34.7093943242,1.2063660719],[34.7094035799,1.2063614016],[34.7093746328,1.2063613547]]]}},{"type":"Feature","properties":{"country":"Kenya","country_code":"KEN","species_name":"Pinus_maximinoi","genus":"Pinus","species":"maximinoi","suitability_name":"Very suitable","suitability_rank":1,"source_layer":"KCFP_SSMT_Kenya","tz":null,"soil_description":null},"geometry":{"type":"Polygon","coordinates":[[[34.9168889669,-1.0260968638],[34.9207731256,-1.0261203015],[34.9260033385,-1.0325511054],[34.917873758,-1.0589720628],[34.9120545191,-1.0794750813],[34.9067381108,-1.0906202122],[34.8991344666,-1.096068153],[34.8966443793,-1.0978522514],[34.889326735,-1.0978042644],[34.8868689208,-1.0924788328],[34.8845715339,-1.0875010711],[34.8905791436,-1.0763556992],[34.8935240014,-1.0825375306],[34.8996734935,-1.0857770499],[34.9147585169,-1.0402332629],[34.9131834648,-1.0338261656],[34.9168889669,-1.0260968638]]]}},{"type":"Feature","properties":{"country":"Kenya","country_code":"KEN","species_name":"Pinus_maximinoi","genus":"Pinus","species":"maximinoi","suitability_name":"Very suitable","suitability_rank":1,"source_layer":"KCFP_SSMT_Kenya","tz":null,"soil_description":null},"geometry":{"type":"Polygon","coordinates":[[[34.8529433483,-1.0071620902],[34.86573446,-1.0115870181],[34.8720735792,-1.0125134587],[34.8736751802,-1.022827812],[34.8837174142,-1.0283757584],[34.8887272554,-1.0271883047],[34.8852384761,-1.0436825116],[34.8863241837,-1.0560141035],[34.8871825802,-1.0678888216],[34.881184923,-1.0785771068],[34.8742332146,-1.0836344612],[34.8609953419,-1.0932647069],[34.8538489775,-1.090940143],[34.8519280712,-1.077686567],[34.8522728791,-1.075710624],[34.8540364694,-1.0656037975],[34.8591536893,-1.0473792825],[34.855337721,-1.0341094204],[34.847423264,-1.0146593745],[34.8463380609,-1.0025524735],[34.8529433483,-1.0071620902]],[[34.8673537002,-1.0556535879],[34.8636681984,-1.0606486854],[34.857214953,-1.0699568501],[34.8602250598,-1.0757215113],[34.8615232073,-1.0782076203],[34.8642378471,-1.0757269973],[34.8647430143,-1.0752653768],[34.8714169898,-1.0657239482],[34.8783435573,-1.0523013711],[34.8809053445,-1.04205504],[34.8784126565,-1.0363301365],[34.8719972911,-1.0394814833],[34.8673537002,-1.0556535879]]]}},{"type":"Feature","properties":{"country":"Kenya","country_code":"KEN","species_name":"Pinus_maximinoi","genus":"Pinus","species":"maximinoi","suitability_name":"Very suitable","suitability_rank":1,"source_layer":"KCFP_SSMT_Kenya","tz":null,"soil_description":null},"geometry":{"type":"Polygon","coordinates":[[[34.9586027003,-0.0474197416],[34.9613547071,-0.0471013373],[34.9647356014,-0.0474201024],[34.9586027003,-0.0474197416]]]}},{"type":"Feature","properties":{"country":"Kenya","country_code":"KEN","species_name":"Pinus_maximinoi","genus":"Pinus","species":"maximinoi","suitability_name":"Very suitable","suitability_rank":1,"source_layer":"KCFP_SSMT_Kenya","tz":null,"soil_description":null},"geometry":{"type":"Polygon","coordinates":[[[35.0405897806,0.8974930278],[35.0410876334,0.8974935711],[35.0279630886,0.8955980457],[35.0225571768,0.9046753919],[35.0225350562,0.9141971008],[35.0239574138,0.9141986889],[35.0239485141,0.9222411139],[35.0241718235,0.9225608548],[35.0322552291,0.9225699515],[35.0322736152,0.9058459528],[35.0405807312,0.9058551129],[35.0405897806,0.8974930278]]]}},{"type":"Feature","properties":{"country":"Kenya","country_code":"KEN","species_name":"Pinus_maximinoi","genus":"Pinus","species":"maximinoi","suitability_name":"Very suitable","suitability_rank":1,"source_layer":"KCFP_SSMT_Kenya","tz":null,"soil_description":null},"geometry":{"type":"Polygon","coordinates":[[[35.0038439122,0.9392613343],[35.0073154323,0.9392653354],[35.0073173377,0.9375875674],[35.0063208141,0.9374435863],[35.0038439122,0.9392613343]]]}},{"type":"Feature","properties":{"country":"Kenya","country_code":"KEN","species_name":"Pinus_maximinoi","genus":"Pinus","species":"maximinoi","suitability_name":"Very suitable","suitability_rank":1,"source_layer":"KCFP_SSMT_Kenya","tz":null,"soil_description":null},"geometry":{"type":"Polygon","coordinates":[[[34.9924679035,0.9476098047],[34.9989990097,0.9476174159],[34.9990045172,0.9428128349],[34.9924679035,0.9476098047]]]}},{"type":"Feature","properties":{"country":"Kenya","country_code":"KEN","species_name":"Pinus_maximinoi","genus":"Pinus","species":"maximinoi","suitability_name":"Very suitable","suitability_rank":1,"source_layer":"KCFP_SSMT_Kenya","tz":null,"soil_description":null},"geometry":{"type":"Polygon","coordinates":[[[34.9852131897,0.9643243886],[34.9906727909,0.9643308759],[34.9906907148,0.9489139997],[34.9865317837,0.9519660202],[34.9852131897,0.9643243886]]]}},{"type":"Feature","properties":{"country":"Kenya","country_code":"KEN","species_name":"Pinus_maximinoi","genus":"Pinus","species":"maximinoi","suitability_name":"Very suitable","suitability_rank":1,"source_layer":"KCFP_SSMT_Kenya","tz":null,"soil_description":null},"geometry":{"type":"Polygon","coordinates":[[[35.0650243329,1.2738247922],[35.0701134346,1.2738326199],[35.0733327862,1.2738375665],[35.0733272664,1.2774735973],[35.0733072631,1.2905623565],[35.0899244219,1.2906573178],[35.0943164904,1.287395563],[35.1410806901,1.2637194513],[35.1618061883,1.2373988601],[35.1730813344,1.2428056954],[35.1730966303,1.2321489822],[35.1814059902,1.2321610003],[35.1814414065,1.2070706734],[35.1565138005,1.2070352798],[35.1565371554,1.1903088817],[35.1648462259,1.1903205411],[35.1648805741,1.1652306958],[35.181498811,1.1652534484],[35.1814530496,1.1987072298],[35.2146908902,1.1987537396],[35.214713733,1.1820262014],[35.2064042019,1.1820147734],[35.2064267736,1.1652873954],[35.2147362556,1.1652986617],[35.2147473964,1.1569348896],[35.2230569353,1.1569460514],[35.2230679708,1.148582198],[35.2396872397,1.1486042859],[35.2397197253,1.123512243],[35.264649011,1.1235444724],[35.2646701282,1.1068159611],[35.2729800021,1.106826497],[35.2729904201,1.0984621604],[35.2813003491,1.0984725944],[35.2813106651,1.0901081787],[35.2730007581,1.0900978233],[35.2730110162,1.0817334855],[35.2813209013,1.0817437606],[35.2813310586,1.0733793428],[35.2979510184,1.0733996661],[35.297961052,1.0650350894],[35.3062711274,1.0650451381],[35.3062810603,1.0566804819],[35.3145911919,1.0566904303],[35.3146010234,1.0483256939],[35.322911212,1.0483355405],[35.3229209444,1.0399707259],[35.3146107786,1.0399609579],[35.3146300526,1.0232314842],[35.3478710093,1.0232697983],[35.3478804446,1.0149047474],[35.3395701089,1.0148952802],[35.3395839555,1.0025199197],[35.3395887882,0.998165332],[35.3478667763,0.9981746088],[35.3728304226,0.9982024537],[35.3728432371,0.9864533714],[35.3546080542,0.9946379552],[35.3708608055,0.963762887],[35.3811847928,0.957391606],[35.3811858491,0.956384862],[35.3828132899,0.9563865909],[35.3870486143,0.9537727745],[35.3888014354,0.9480492349],[35.3728897116,0.9480324726],[35.3728983895,0.9396671525],[35.3645879748,0.9396584461],[35.3645527221,0.9731194165],[35.3396217008,0.9730922439],[35.3396306917,0.9647272354],[35.3313205258,0.964718215],[35.3313294591,0.9563532843],[35.339639604,0.9563622264],[35.3396486256,0.9478186291],[35.3396658751,0.9312671975],[35.3374659184,0.9312648943],[35.3340766328,0.9437881957],[35.3233032164,0.9410649126],[35.3169994378,0.9474215442],[35.3147157327,0.9503900981],[35.3147094038,0.9563353396],[35.3101458056,0.9563303981],[35.3063942554,0.9612068356],[35.3063905001,0.964691031],[35.3037160037,0.9646881048],[35.2980726722,0.972023347],[35.2980715559,0.9730465458],[35.2972861382,0.9730456761],[35.2827684499,0.9919150442],[35.2814265943,0.9959701731],[35.2814241763,0.9981214904],[35.289733954,0.99813095],[35.2897245274,1.0064954844],[35.2779480961,1.006481959],[35.2751811339,1.0148431812],[35.2814052023,1.0148503993],[35.2813761505,1.039943759],[35.2896860349,1.039953615],[35.2896795269,1.0455037613],[35.2896762139,1.0483181468],[35.2868052119,1.0483147167],[35.2647467337,1.0482882746],[35.2647367687,1.0566525674],[35.2481174659,1.0566323814],[35.2481274749,1.0482682493],[35.2398179648,1.0482582027],[35.239793293,1.0687130835],[35.2397773619,1.0817144098],[35.2480869612,1.0817247763],[35.2480766338,1.0900889071],[35.2314574704,1.0900679908],[35.2314470175,1.0984319605],[35.1982095589,1.0983895281],[35.1981989337,1.1067531741],[35.1898897469,1.1067424271],[35.1898790188,1.1151059913],[35.1815698896,1.1150951387],[35.1815371458,1.1401855834],[35.1732280276,1.1401744634],[35.1732169273,1.1485378622],[35.1649078655,1.1485266365],[35.1648966599,1.156889952],[35.1399698917,1.1568558832],[35.1399355665,1.1819450889],[35.1482444813,1.1819567164],[35.1482329007,1.1903198664],[35.1316151041,1.1902964216],[35.1316033917,1.1986594062],[35.1289748272,1.1986556624],[35.1149858726,1.1986356956],[35.1149621014,1.215361331],[35.106653414,1.2153492718],[35.1066653674,1.206986537],[35.0900482929,1.2069625085],[35.0900362896,1.2153250767],[35.0817278522,1.2153129408],[35.0817157396,1.2236754249],[35.0734073589,1.2236631787],[35.0733951393,1.2320255785],[35.0817035456,1.2320379083],[35.0816789066,1.2487628724],[35.0733704483,1.248750376],[35.0733579778,1.2571127729],[35.0650495766,1.2571001663],[35.0650330461,1.2680770401],[35.0650243329,1.2738247922]],[[35.3146676623,0.9897725306],[35.3146859982,0.9730430507],[35.3229959944,0.9730521901],[35.3229777006,0.9897818272],[35.3146676623,0.9897725306]]]}},{"type":"Feature","properties":{"country":"Kenya","country_code":"KEN","species_name":"Pinus_maximinoi","genus":"Pinus","species":"maximinoi","suitability_name":"Very suitable","suitability_rank":1,"source_layer":"KCFP_SSMT_Kenya","tz":null,"soil_description":null},"geometry":{"type":"Polygon","coordinates":[[[35.2811820998,-1.1940940517],[35.2811717832,-1.2017349314],[35.2777551112,-1.2017302413],[35.2788384658,-1.1998543425],[35.2811820998,-1.1940940517]]]}},{"type":"Feature","properties":{"country":"Kenya","country_code":"KEN","species_name":"Pinus_maximinoi","genus":"Pinus","species":"maximinoi","suitability_name":"Very suitable","suitability_rank":1,"source_layer":"KCFP_SSMT_Kenya","tz":null,"soil_description":null},"geometry":{"type":"Polygon","coordinates":[[[35.2707654573,-1.1933697649],[35.2666762087,-1.2017150044],[35.2645513448,-1.2017120767],[35.264562665,-1.1933612835],[35.2707720627,-1.1933562852],[35.2707654573,-1.1933697649]]]}},{"type":"Feature","properties":{"country":"Kenya","country_code":"KEN","species_name":"Pinus_maximinoi","genus":"Pinus","species":"maximinoi","suitability_name":"Very suitable","suitability_rank":1,"source_layer":"KCFP_SSMT_Kenya","tz":null,"soil_description":null},"geometry":{"type":"Polygon","coordinates":[[[35.281476321,-1.19337089],[35.2843964637,-1.1861934214],[35.2843610083,-1.185023853],[35.2843605985,-1.1850103301],[35.2894992611,-1.185017272],[35.2895045711,-1.1850172791],[35.2894933867,-1.1933818009],[35.281476321,-1.19337089]]]}},{"type":"Feature","properties":{"country":"Kenya","country_code":"KEN","species_name":"Pinus_maximinoi","genus":"Pinus","species":"maximinoi","suitability_name":"Very suitable","suitability_rank":1,"source_layer":"KCFP_SSMT_Kenya","tz":null,"soil_description":null},"geometry":{"type":"Polygon","coordinates":[[[35.2521835232,-1.1766024638],[35.2562750984,-1.1766080013],[35.2562689533,-1.1812022649],[35.2521835232,-1.1766024638]]]}},{"type":"Feature","properties":{"country":"Kenya","country_code":"KEN","species_name":"Pinus_maximinoi","genus":"Pinus","species":"maximinoi","suitability_name":"Very suitable","suitability_rank":1,"source_layer":"KCFP_SSMT_Kenya","tz":null,"soil_description":null},"geometry":{"type":"Polygon","coordinates":[[[35.2972360696,-1.180345397],[35.2953667473,-1.1850251875],[35.2895045711,-1.1850172791],[35.2895213956,-1.1682882276],[35.2821535238,-1.1682784119],[35.281219582,-1.1659091309],[35.281227423,-1.1599263367],[35.281231299,-1.1569575314],[35.284136186,-1.1599301865],[35.289526902,-1.1640891762],[35.2924947329,-1.1663788929],[35.2972360696,-1.180345397]]]}},{"type":"Feature","properties":{"country":"Kenya","country_code":"KEN","species_name":"Pinus_maximinoi","genus":"Pinus","species":"maximinoi","suitability_name":"Very suitable","suitability_rank":1,"source_layer":"KCFP_SSMT_Kenya","tz":null,"soil_description":null},"geometry":{"type":"Polygon","coordinates":[[[35.2621091345,-1.1099954999],[35.2563581215,-1.1085662793],[35.2545595082,-1.1081192945],[35.2511643142,-1.1005546198],[35.2480617866,-1.1020022672],[35.2480730761,-1.0929554779],[35.2563827855,-1.0929659299],[35.2563931174,-1.0846017193],[35.2647028826,-1.0846120675],[35.2647131133,-1.0762477765],[35.2664544264,-1.0762499263],[35.2666108317,-1.077594944],[35.2656530416,-1.0846271578],[35.265180532,-1.0880962157],[35.2648881446,-1.1033935634],[35.2772557342,-1.1002798363],[35.2815523635,-1.1076735201],[35.2803974348,-1.1124000637],[35.2755558061,-1.1192191435],[35.2750807546,-1.1228690282],[35.2737961598,-1.1276494292],[35.2720592691,-1.1340442175],[35.2731343059,-1.1484348489],[35.2760857907,-1.1515414946],[35.2646129781,-1.1515263652],[35.2603729941,-1.1515207624],[35.2594033691,-1.1487962871],[35.2590040894,-1.1431683881],[35.2583333582,-1.1337154453],[35.2621670999,-1.1264440504],[35.2643305698,-1.1223405481],[35.2646513212,-1.1217259124],[35.2684876723,-1.1143744693],[35.2675989093,-1.1098022676],[35.2621091345,-1.1099954999]]]}},{"type":"Feature","properties":{"country":"Kenya","country_code":"KEN","species_name":"Pinus_maximinoi","genus":"Pinus","species":"maximinoi","suitability_name":"Very suitable","suitability_rank":1,"source_layer":"KCFP_SSMT_Kenya","tz":null,"soil_description":null},"geometry":{"type":"Polygon","coordinates":[[[35.2397424519,-1.1096731029],[35.2405277225,-1.1096741089],[35.2397391654,-1.1122689339],[35.2397424519,-1.1096731029]]]}},{"type":"Feature","properties":{"country":"Kenya","country_code":"KEN","species_name":"Pinus_maximinoi","genus":"Pinus","species":"maximinoi","suitability_name":"Very suitable","suitability_rank":1,"source_layer":"KCFP_SSMT_Kenya","tz":null,"soil_description":null},"geometry":{"type":"Polygon","coordinates":[[[35.2132092399,-0.8085568125],[35.2206299413,-0.8065069079],[35.2226393213,-0.8085656681],[35.2303724252,-0.8164888741],[35.2376478777,-0.8218395249],[35.2375500833,-0.8319765044],[35.2291822905,-0.8455247272],[35.223234637,-0.8454853252],[35.2131445034,-0.8244346459],[35.2072741769,-0.8158697442],[35.211685136,-0.8089778291],[35.2132092399,-0.8085568125]]]}},{"type":"Feature","properties":{"country":"Kenya","country_code":"KEN","species_name":"Pinus_maximinoi","genus":"Pinus","species":"maximinoi","suitability_name":"Very suitable","suitability_rank":1,"source_layer":"KCFP_SSMT_Kenya","tz":null,"soil_description":null},"geometry":{"type":"Polygon","coordinates":[[[35.2155518476,-0.1901865783],[35.2205781567,-0.1909109579],[35.2293426151,-0.1819717473],[35.2307766138,-0.1752988537],[35.2266906767,-0.1711245964],[35.229895333,-0.1706845303],[35.2366961151,-0.1629703462],[35.2458365814,-0.1783950085],[35.2484449443,-0.1947726019],[35.2510731569,-0.2077018486],[35.2715986427,-0.2138304328],[35.2763327096,-0.2219231586],[35.2689506972,-0.2292580834],[35.258458778,-0.2259631736],[35.2488442775,-0.2272828142],[35.2444694183,-0.231634645],[35.2421223742,-0.237612171],[35.2404120534,-0.236712066],[35.2337051868,-0.2331824033],[35.2360089794,-0.2315765279],[35.2359448093,-0.2314444586],[35.2310657063,-0.2214027964],[35.2221748199,-0.2176618911],[35.2078584875,-0.2074230151],[35.2031743068,-0.1991408383],[35.2104861039,-0.1943043031],[35.2139827965,-0.1875012844],[35.2155518476,-0.1901865783]]]}},{"type":"Feature","properties":{"country":"Kenya","country_code":"KEN","species_name":"Pinus_maximinoi","genus":"Pinus","species":"maximinoi","suitability_name":"Very suitable","suitability_rank":1,"source_layer":"KCFP_SSMT_Kenya","tz":null,"soil_description":null},"geometry":{"type":"Polygon","coordinates":[[[35.3148611389,-0.2043155393],[35.2906279742,-0.2032439895],[35.2778949505,-0.1950926874],[35.2741953649,-0.1734034168],[35.2704520874,-0.1565567662],[35.2656598403,-0.1497769549],[35.2753318372,-0.1480580808],[35.2916697624,-0.1622123807],[35.3068961419,-0.1643917541],[35.3235079432,-0.1667694545],[35.3401320397,-0.1631221696],[35.3484414816,-0.1612725725],[35.3539053356,-0.1600563634],[35.3637467575,-0.156208237],[35.3650609077,-0.1556943835],[35.3733651675,-0.1524472584],[35.3835104088,-0.1484802226],[35.383897147,-0.1478463288],[35.3839078334,-0.1478288148],[35.3909355886,-0.1363096156],[35.3860218437,-0.1229120035],[35.3886365736,-0.1116280399],[35.3908820926,-0.0901969958],[35.3905433489,-0.0892890929],[35.4066114692,-0.0892906796],[35.4066122452,-0.0809250558],[35.4149219129,-0.080925797],[35.4149232316,-0.064194395],[35.3983039786,-0.0641932187],[35.3983033544,-0.0725587658],[35.3899938409,-0.0725580982],[35.3899944665,-0.0641926272],[35.3567571846,-0.064190251],[35.3567569095,-0.0679612694],[35.3464723944,-0.0678033842],[35.3318534069,-0.0651786632],[35.3235208852,-0.0676504539],[35.3151174594,-0.0701432508],[35.3021892436,-0.0834369352],[35.2817904399,-0.0886159754],[35.2713058187,-0.084408515],[35.267533757,-0.0710108223],[35.2701834041,-0.0641839607],[35.2705676219,-0.0631940019],[35.2736695767,-0.0618945752],[35.2944424707,-0.0531925434],[35.3069044561,-0.0506229392],[35.3237723633,-0.0471447915],[35.3522326114,-0.0364817897],[35.3737439387,-0.0349923005],[35.3898868306,-0.0461591582],[35.4084232088,-0.0455807494],[35.4186289832,-0.0283432195],[35.4232349273,-0.0226465927],[35.4232329722,-0.0641949816],[35.4315427878,-0.0641955678],[35.4315421703,-0.072561421],[35.4398520638,-0.0725620801],[35.4398513713,-0.0809280103],[35.44843537,-0.0809287688],[35.456471388,-0.0809294773],[35.4564706235,-0.0892955582],[35.4647807465,-0.0892963647],[35.4647789962,-0.1060286775],[35.481399475,-0.106030586],[35.4813963023,-0.1311295065],[35.4897066611,-0.1311306825],[35.4897041787,-0.147863446],[35.4980146179,-0.1478647689],[35.4980132711,-0.1562137391],[35.4980118443,-0.1645976817],[35.5255762455,-0.1646025413],[35.531254368,-0.1646035376],[35.5312513263,-0.1813370454],[35.5395621488,-0.1813386486],[35.5395594817,-0.1948635869],[35.5395588217,-0.1980723049],[35.5728028749,-0.1980792669],[35.5728000157,-0.2115256625],[35.572799288,-0.2148135102],[35.5894217692,-0.2148172585],[35.5894198807,-0.2231672954],[35.5894180068,-0.2311515242],[35.5894179102,-0.2315517933],[35.5727954103,-0.231547753],[35.5727934985,-0.2393716763],[35.5727933625,-0.2399148742],[35.5716714144,-0.2399145918],[35.5644822165,-0.2399127734],[35.5644813411,-0.2433934561],[35.5644800908,-0.2482798213],[35.5561690126,-0.248277642],[35.5561668088,-0.2566446172],[35.5402850087,-0.2566402973],[35.5398287644,-0.256640172],[35.5396164299,-0.243518827],[35.5398938251,-0.239889363],[35.5403915034,-0.2333772454],[35.5443603887,-0.2244071631],[35.5375931951,-0.2128389833],[35.5214606532,-0.200979432],[35.5096846624,-0.1861430891],[35.4987593404,-0.1803137477],[35.486410848,-0.1797741743],[35.4767433861,-0.1864090772],[35.461367309,-0.1918406884],[35.4600658927,-0.1896719127],[35.4564627451,-0.1836674135],[35.4541496764,-0.1798128237],[35.4452878564,-0.1728395711],[35.4398398152,-0.1672616126],[35.4350929381,-0.1624015905],[35.4342657899,-0.158012458],[35.4085840055,-0.159008701],[35.3930755941,-0.153152237],[35.3839098954,-0.155866176],[35.3771564452,-0.16455847],[35.3733677929,-0.1694347279],[35.3650563294,-0.1804243921],[35.3644122086,-0.1812866612],[35.3568315732,-0.1914345154],[35.3531243434,-0.198032012],[35.3510222462,-0.2017729141],[35.3345065797,-0.207205384],[35.3148611389,-0.2043155393]]]}},{"type":"Feature","properties":{"country":"Kenya","country_code":"KEN","species_name":"Pinus_maximinoi","genus":"Pinus","species":"maximinoi","suitability_name":"Very suitable","suitability_rank":1,"source_layer":"KCFP_SSMT_Kenya","tz":null,"soil_description":null},"geometry":{"type":"Polygon","coordinates":[[[35.1129571916,0.7219519443],[35.1100422015,0.7292832545],[35.1105852455,0.7303127036],[35.115517684,0.7303170038],[35.115524833,0.7219541565],[35.1129571916,0.7219519443]]]}},{"type":"Feature","properties":{"country":"Kenya","country_code":"KEN","species_name":"Pinus_maximinoi","genus":"Pinus","species":"maximinoi","suitability_name":"Very suitable","suitability_rank":1,"source_layer":"KCFP_SSMT_Kenya","tz":null,"soil_description":null},"geometry":{"type":"Polygon","coordinates":[[[35.0821528833,0.872450604],[35.0821615052,0.8640880978],[35.0738540646,0.8640794515],[35.0738454246,0.872441875],[35.0821528833,0.872450604]]]}},{"type":"Feature","properties":{"country":"Kenya","country_code":"KEN","species_name":"Pinus_maximinoi","genus":"Pinus","species":"maximinoi","suitability_name":"Very suitable","suitability_rank":1,"source_layer":"KCFP_SSMT_Kenya","tz":null,"soil_description":null},"geometry":{"type":"Polygon","coordinates":[[[35.2730954622,1.0148407597],[35.2739527674,1.0148417552],[35.2730979037,1.0127083958],[35.2730954622,1.0148407597]]]}},{"type":"Feature","properties":{"country":"Kenya","country_code":"KEN","species_name":"Pinus_maximinoi","genus":"Pinus","species":"maximinoi","suitability_name":"Very suitable","suitability_rank":1,"source_layer":"KCFP_SSMT_Kenya","tz":null,"soil_description":null},"geometry":{"type":"Polygon","coordinates":[[[35.2564469722,1.0399140595],[35.2544767273,1.0399117029],[35.2481374044,1.0399041158],[35.2481274749,1.0482682493],[35.2564370646,1.0482782721],[35.2564433586,1.042972562],[35.2564469722,1.0399140595]]]}},{"type":"Feature","properties":{"country":"Kenya","country_code":"KEN","species_name":"Pinus_maximinoi","genus":"Pinus","species":"maximinoi","suitability_name":"Very suitable","suitability_rank":1,"source_layer":"KCFP_SSMT_Kenya","tz":null,"soil_description":null},"geometry":{"type":"Polygon","coordinates":[[[35.2160860938,1.2740528393],[35.214703005,1.273731706],[35.2145895407,1.2737531568],[35.2145891059,1.274050624],[35.2160860938,1.2740528393]]]}},{"type":"Feature","properties":{"country":"Kenya","country_code":"KEN","species_name":"Pinus_maximinoi","genus":"Pinus","species":"maximinoi","suitability_name":"Very suitable","suitability_rank":1,"source_layer":"KCFP_SSMT_Kenya","tz":null,"soil_description":null},"geometry":{"type":"Polygon","coordinates":[[[35.2311968268,1.2824391348],[35.2523401527,1.2824704215],[35.2312039561,1.2775629772],[35.2311968268,1.2824391348]]]}},{"type":"Feature","properties":{"country":"Kenya","country_code":"KEN","species_name":"Pinus_maximinoi","genus":"Pinus","species":"maximinoi","suitability_name":"Very suitable","suitability_rank":1,"source_layer":"KCFP_SSMT_Kenya","tz":null,"soil_description":null},"geometry":{"type":"Polygon","coordinates":[[[35.1711602435,1.2990761147],[35.1730032397,1.2990789286],[35.1730069883,1.2965888109],[35.1711602435,1.2990761147]]]}},{"type":"Feature","properties":{"country":"Kenya","country_code":"KEN","species_name":"Pinus_maximinoi","genus":"Pinus","species":"maximinoi","suitability_name":"Very suitable","suitability_rank":1,"source_layer":"KCFP_SSMT_Kenya","tz":null,"soil_description":null},"geometry":{"type":"Polygon","coordinates":[[[35.5058725091,-0.9426711556],[35.5141842149,-0.9426795496],[35.5141758479,-0.9510461623],[35.5058641223,-0.951037692],[35.5058725091,-0.9426711556]]]}},{"type":"Feature","properties":{"country":"Kenya","country_code":"KEN","species_name":"Pinus_maximinoi","genus":"Pinus","species":"maximinoi","suitability_name":"Very suitable","suitability_rank":1,"source_layer":"KCFP_SSMT_Kenya","tz":null,"soil_description":null},"geometry":{"type":"Polygon","coordinates":[[[35.5241434329,-0.8757559015],[35.5201550464,-0.8724245271],[35.5137640242,-0.874522468],[35.5325161526,-0.8506781722],[35.5392000256,-0.8506842192],[35.539207451,-0.8423174129],[35.5807669009,-0.8423543835],[35.5807521533,-0.859088732],[35.5890642963,-0.8590962186],[35.5890568317,-0.8674634642],[35.597369066,-0.8674710055],[35.5973903823,-0.8507363723],[35.5973830203,-0.8590889097],[35.605695341,-0.85909636],[35.6056879128,-0.8674637844],[35.5973755739,-0.8674562616],[35.5973680554,-0.875823612],[35.5641193525,-0.8757930456],[35.5641269441,-0.8674259862],[35.547503065,-0.8674107392],[35.5474954368,-0.8757776514],[35.5241434329,-0.8757559015]]]}},{"type":"Feature","properties":{"country":"Kenya","country_code":"KEN","species_name":"Pinus_maximinoi","genus":"Pinus","species":"maximinoi","suitability_name":"Very suitable","suitability_rank":1,"source_layer":"KCFP_SSMT_Kenya","tz":null,"soil_description":null},"geometry":{"type":"Polygon","coordinates":[[[35.6140150591,-0.85075111],[35.6223209141,-0.850758446],[35.6223136066,-0.8591112002],[35.6140077338,-0.8591037921],[35.6140150591,-0.85075111]]]}},{"type":"Feature","properties":{"country":"Kenya","country_code":"KEN","species_name":"Pinus_maximinoi","genus":"Pinus","species":"maximinoi","suitability_name":"Very suitable","suitability_rank":1,"source_layer":"KCFP_SSMT_Kenya","tz":null,"soil_description":null},"geometry":{"type":"Polygon","coordinates":[[[35.5391170481,-0.8423173311],[35.5392075523,-0.8422026953],[35.539207451,-0.8423174129],[35.5391170481,-0.8423173311]]]}},{"type":"Feature","properties":{"country":"Kenya","country_code":"KEN","species_name":"Pinus_maximinoi","genus":"Pinus","species":"maximinoi","suitability_name":"Very suitable","suitability_rank":1,"source_layer":"KCFP_SSMT_Kenya","tz":null,"soil_description":null},"geometry":{"type":"Polygon","coordinates":[[[35.5725043152,-0.7837773031],[35.572497469,-0.7921444073],[35.5641856089,-0.7921374706],[35.5641924717,-0.7837704397],[35.5725043152,-0.7837773031]]]}},{"type":"Feature","properties":{"country":"Kenya","country_code":"KEN","species_name":"Pinus_maximinoi","genus":"Pinus","species":"maximinoi","suitability_name":"Very suitable","suitability_rank":1,"source_layer":"KCFP_SSMT_Kenya","tz":null,"soil_description":null},"geometry":{"type":"Polygon","coordinates":[[[35.412018114,0.0194625482],[35.4398546992,0.0194631428],[35.4398548245,0.0121015746],[35.412018114,0.0194625482]]]}},{"type":"Feature","properties":{"country":"Kenya","country_code":"KEN","species_name":"Pinus_maximinoi","genus":"Pinus","species":"maximinoi","suitability_name":"Very suitable","suitability_rank":1,"source_layer":"KCFP_SSMT_Kenya","tz":null,"soil_description":null},"geometry":{"type":"Polygon","coordinates":[[[35.7648794145,0.1253033811],[35.7244668581,0.0970568896],[35.728093554,0.0907254267],[35.7370896498,0.0916493465],[35.7434418232,0.0798899153],[35.7569472837,0.0835396453],[35.7615029401,0.0708707134],[35.7535810337,0.0236740939],[35.7676689652,-0.0206992069],[35.7881574779,-0.0616294011],[35.7874837795,-0.0693826788],[35.797073392,-0.063070592],[35.8058305798,-0.0557456635],[35.8111202906,-0.0516240787],[35.8347171947,-0.0483007902],[35.846791107,-0.0528966732],[35.8471345556,-0.0523337639],[35.8471344873,-0.0536838524],[35.8471343747,-0.0558357812],[35.8480732109,-0.055835832],[35.8554478568,-0.0558362299],[35.8554468341,-0.0725753115],[35.8548275778,-0.0725752681],[35.8388199296,-0.0725741436],[35.8388186323,-0.0893129556],[35.8471320545,-0.0893136752],[35.8471313072,-0.0976831491],[35.8138780146,-0.0976799885],[35.8138787697,-0.0893107855],[35.7972525327,-0.0893093293],[35.7972508034,-0.1074304046],[35.7972493209,-0.1208204555],[35.7972418834,-0.1729999908],[35.8055549969,-0.1730014021],[35.8055535612,-0.1813705363],[35.7972404457,-0.1813690558],[35.7972389392,-0.1897381216],[35.8055520594,-0.1897396705],[35.8055488509,-0.2064779376],[35.7972357224,-0.2064762521],[35.7972267477,-0.2148453161],[35.7972372915,-0.1562793492],[35.7889242853,-0.1562780702],[35.7889268485,-0.1383977682],[35.7889313985,-0.0989844822],[35.7889336001,-0.0725884164],[35.7872052704,-0.0725882927],[35.7857415092,-0.0725881879],[35.7806206878,-0.0725878208],[35.7806217359,-0.0558500268],[35.7723088937,-0.0558495674],[35.7723093155,-0.0474807392],[35.7556838387,-0.047479955],[35.7556841957,-0.039111265],[35.7473715614,-0.0391109408],[35.7473718485,-0.0307423201],[35.7390592848,-0.0307420646],[35.7390597358,-0.0056364113],[35.7224348158,-0.0056363164],[35.7224346434,0.0194689171],[35.7058100023,0.0194685915],[35.7058095365,0.0362051328],[35.6974973191,0.036204828],[35.6974965728,0.0529412302],[35.6891844236,0.0529407825],[35.6891839442,0.0613089134],[35.6974960955,0.0613094308],[35.6974955463,0.0696776313],[35.6891833945,0.0696770424],[35.6891827747,0.0780451733],[35.6808706924,0.078044513],[35.6808684048,0.1031486892],[35.6891804936,0.1031495618],[35.6891786218,0.1198858221],[35.7058030193,0.119887842],[35.7058019841,0.1282561127],[35.7141142904,0.1282571895],[35.7141131872,0.1366255304],[35.7224255634,0.1366452922],[35.7224246248,0.143397134],[35.7224315994,0.1433987428],[35.7260762279,0.1442395172],[35.7307372859,0.141908579],[35.7307380142,0.1366278169],[35.7390505319,0.1366289544],[35.7390501065,0.139738854],[35.747369764,0.1397562309],[35.7556824501,0.1397735888],[35.7612213643,0.1397851543],[35.7666519429,0.1334573637],[35.7648794145,0.1253033811]]]}},{"type":"Feature","properties":{"country":"Kenya","country_code":"KEN","species_name":"Pinus_maximinoi","genus":"Pinus","species":"maximinoi","suitability_name":"Very suitable","suitability_rank":1,"source_layer":"KCFP_SSMT_Kenya","tz":null,"soil_description":null},"geometry":{"type":"Polygon","coordinates":[[[35.7204050277,0.1868367602],[35.7096722501,0.1922892651],[35.7096410438,0.1986279675],[35.7141088808,0.2031484179],[35.7224126162,0.2115500358],[35.7293730371,0.2185926038],[35.7390364461,0.2172263559],[35.7482980867,0.2159168926],[35.753521367,0.2203176438],[35.7582056241,0.2287063551],[35.7639791473,0.2287076681],[35.7639772368,0.2370764583],[35.7722901095,0.2370784137],[35.7722833419,0.2646698688],[35.776922326,0.2649716952],[35.7832038267,0.2722304086],[35.7827665305,0.2789255999],[35.7972186621,0.2789295724],[35.7972163644,0.2872986368],[35.8055295421,0.2873009812],[35.8055271825,0.2956701148],[35.7972139969,0.2956677012],[35.7972115633,0.3040367654],[35.7888984403,0.3040342771],[35.7888852207,0.3458598269],[35.7888852142,0.3458792514],[35.7888779831,0.345879249],[35.7805721252,0.3458764124],[35.7805692691,0.3542453394],[35.7722562402,0.3542424242],[35.7722440991,0.3877178504],[35.7805571574,0.38772104],[35.7805539589,0.3960899652],[35.7722408915,0.3960867067],[35.7722342727,0.4128244178],[35.7639212577,0.4128210128],[35.7639178368,0.4211897995],[35.7722308614,0.4211932735],[35.7722202132,0.4462998375],[35.7639071621,0.4462961564],[35.7639034666,0.4546649431],[35.7555904738,0.4546611825],[35.7555941788,0.4462924668],[35.7389684198,0.4462850576],[35.7389531091,0.4797593659],[35.7354289385,0.4797576715],[35.7433558689,0.4964787065],[35.7461795551,0.5024351259],[35.7462737437,0.5048487604],[35.7469922321,0.5232652728],[35.7472370805,0.5239325764],[35.7525184469,0.538326543],[35.755538158,0.5465567899],[35.7576676235,0.5523607727],[35.7564500971,0.5550862621],[35.7555395311,0.5571245955],[35.7503939164,0.568642978],[35.751425509,0.571800553],[35.7555171695,0.5843248997],[35.7583883729,0.5931137703],[35.7555023132,0.6096454369],[35.752841483,0.6248854722],[35.7617892274,0.6375866209],[35.7637977513,0.6386282856],[35.7640474061,0.6387577618],[35.7721083344,0.6429383537],[35.7802037944,0.6471368751],[35.7802435329,0.6471574839],[35.78042624,0.6471576007],[35.7804261803,0.6472522107],[35.7887296961,0.6515586597],[35.7963604255,0.6555162029],[35.7964002264,0.6555368448],[35.7970406838,0.6555372567],[35.7970477333,0.655872663],[35.7986418702,0.6566994373],[35.804907756,0.6638907952],[35.8049257575,0.6639114558],[35.8053489223,0.6639117304],[35.8053559005,0.6644051328],[35.8121159823,0.672264631],[35.8121205103,0.6722853155],[35.8136571878,0.6722863262],[35.8219782936,0.6722917907],[35.8219728434,0.6806610485],[35.8139527933,0.6806557164],[35.8249406984,0.7308578179],[35.8249452746,0.7308787288],[35.8302452813,0.730882501],[35.8302526738,0.7308825062],[35.8302467818,0.73923089],[35.8385607964,0.7392578016],[35.8385725122,0.7225190197],[35.846886579,0.7225248423],[35.8469091452,0.6890470045],[35.8469146332,0.6806568312],[35.8469306546,0.6555485459],[35.8469394101,0.6414133854],[35.8469319622,0.6413998071],[35.8455221601,0.638829362],[35.8317462242,0.6137127963],[35.8303283177,0.6136914938],[35.8303298235,0.6111304523],[35.8303224391,0.61111699],[35.825010746,0.6014329601],[35.8261369251,0.5802322587],[35.8220338056,0.58020961],[35.8220384342,0.5718606762],[35.8265813673,0.5718632087],[35.8269826049,0.5643065974],[35.8220448702,0.5600488354],[35.8220356478,0.5634914103],[35.8137294,0.5634868383],[35.813729411,0.5634665759],[35.8137339177,0.5551176442],[35.8137265902,0.5551176403],[35.8054203885,0.5551131253],[35.8054203993,0.5550928947],[35.8054253924,0.5457182026],[35.8054180997,0.5457119152],[35.8027564327,0.5434168411],[35.8042304228,0.5383540749],[35.8054313956,0.5342289712],[35.8054335702,0.5300057459],[35.7971128793,0.5300014165],[35.7888067845,0.5299970825],[35.7888067948,0.5299769488],[35.7888110649,0.5216280923],[35.7721845738,0.5216195198],[35.7721888078,0.5132506678],[35.7888152771,0.5132591027],[35.7888194213,0.5048901111],[35.7971327471,0.5048942434],[35.7971286146,0.5132633026],[35.8115328817,0.5132705554],[35.8137592531,0.5056226075],[35.8137634948,0.4968543977],[35.8124404363,0.4881634509],[35.805454184,0.488160111],[35.8054694558,0.4546835966],[35.8073431194,0.4546844318],[35.8067625752,0.45087188],[35.80845362,0.4462959607],[35.811538591,0.4379479399],[35.813785291,0.4318681621],[35.8137926276,0.4318483093],[35.8146381137,0.4295603151],[35.8167937519,0.4237268022],[35.8168695243,0.4044536756],[35.8168901776,0.3991843467],[35.8141401658,0.387733842],[35.8138100745,0.3877337168],[35.8138105871,0.3863615746],[35.8121299171,0.3793638931],[35.8054998492,0.3793614291],[35.8054935769,0.3960800723],[35.8055028884,0.370992299],[35.8055095985,0.3518012795],[35.805502313,0.3517709509],[35.8040836553,0.3458649964],[35.8036141268,0.343910357],[35.8119197458,0.2976516426],[35.8073428604,0.2621940486],[35.8055362177,0.2621935833],[35.8055383071,0.253824451],[35.8062623557,0.2538246312],[35.8062598929,0.2538055607],[35.8023182451,0.22327864],[35.8007311418,0.220327936],[35.7972269623,0.2138131208],[35.7915892491,0.2033319262],[35.7898879859,0.1796918413],[35.7737511743,0.159734424],[35.7556780306,0.1689166546],[35.7556709266,0.1689202637],[35.7556707291,0.170105981],[35.7533378548,0.1701055847],[35.7473575456,0.1731438761],[35.7473566234,0.1784731905],[35.73904402,0.1784717072],[35.7390442141,0.1773674156],[35.7224176919,0.1858142702],[35.7224175026,0.1868371396],[35.7204050277,0.1868367602]],[[35.788863844,0.4044425586],[35.7888638363,0.4044622081],[35.7888779831,0.345879249],[35.788863844,0.4044425586]],[[35.7721929732,0.5048818146],[35.7721970703,0.4965129621],[35.7805102491,0.4965170468],[35.7805142673,0.4881481252],[35.7888275042,0.4881521299],[35.7888194213,0.5048901111],[35.7721929732,0.5048818146]],[[35.7971633681,0.4379417639],[35.797169785,0.4044655155],[35.7971697918,0.4044458658],[35.7971633681,0.4379417639]]]}},{"type":"Feature","properties":{"country":"Kenya","country_code":"KEN","species_name":"Pinus_maximinoi","genus":"Pinus","species":"maximinoi","suitability_name":"Very suitable","suitability_rank":1,"source_layer":"KCFP_SSMT_Kenya","tz":null,"soil_description":null},"geometry":{"type":"Polygon","coordinates":[[[35.3743435201,0.2676962089],[35.3868452876,0.2930711685],[35.3982623983,0.2834181962],[35.3982638168,0.2787941933],[35.3899542125,0.2787916281],[35.3899591614,0.262060692],[35.3982687543,0.2620631033],[35.3982777121,0.2286009216],[35.381658644,0.2285967091],[35.38165651,0.2369621006],[35.3764466761,0.2369607279],[35.3771619416,0.2378301977],[35.3743435201,0.2676962089]]]}},{"type":"Feature","properties":{"country":"Kenya","country_code":"KEN","species_name":"Pinus_maximinoi","genus":"Pinus","species":"maximinoi","suitability_name":"Very suitable","suitability_rank":1,"source_layer":"KCFP_SSMT_Kenya","tz":null,"soil_description":null},"geometry":{"type":"Polygon","coordinates":[[[35.4088944364,0.3457226151],[35.4148605536,0.3457248877],[35.4148625293,0.3404232435],[35.4088944364,0.3457226151]]]}},{"type":"Feature","properties":{"country":"Kenya","country_code":"KEN","species_name":"Pinus_maximinoi","genus":"Pinus","species":"maximinoi","suitability_name":"Very suitable","suitability_rank":1,"source_layer":"KCFP_SSMT_Kenya","tz":null,"soil_description":null},"geometry":{"type":"Polygon","coordinates":[[[35.4027592605,0.3624514471],[35.4065442942,0.3624529617],[35.4065499581,0.3478043755],[35.394665211,0.3583571738],[35.4027592605,0.3624514471]]]}},{"type":"Feature","properties":{"country":"Kenya","country_code":"KEN","species_name":"Pinus_maximinoi","genus":"Pinus","species":"maximinoi","suitability_name":"Very suitable","suitability_rank":1,"source_layer":"KCFP_SSMT_Kenya","tz":null,"soil_description":null},"geometry":{"type":"Polygon","coordinates":[[[35.5560880115,0.4785988517],[35.5584085063,0.4713032275],[35.558414836,0.4712833293],[35.5560853029,0.4712821688],[35.5560816673,0.4786187967],[35.5560880115,0.4785988517]]]}},{"type":"Feature","properties":{"country":"Kenya","country_code":"KEN","species_name":"Pinus_maximinoi","genus":"Pinus","species":"maximinoi","suitability_name":"Very suitable","suitability_rank":1,"source_layer":"KCFP_SSMT_Kenya","tz":null,"soil_description":null},"geometry":{"type":"Polygon","coordinates":[[[35.5477720049,0.4880118157],[35.5477645919,0.4901821298],[35.5477708969,0.4901761321],[35.5500450061,0.488012992],[35.5477720049,0.4880118157]]]}},{"type":"Feature","properties":{"country":"Kenya","country_code":"KEN","species_name":"Pinus_maximinoi","genus":"Pinus","species":"maximinoi","suitability_name":"Very suitable","suitability_rank":1,"source_layer":"KCFP_SSMT_Kenya","tz":null,"soil_description":null},"geometry":{"type":"Polygon","coordinates":[[[35.541232653,0.496395268],[35.5412536672,0.4963752805],[35.5394502325,0.4963743305],[35.5394493364,0.4980915305],[35.5394556091,0.4980855637],[35.541232653,0.496395268]]]}},{"type":"Feature","properties":{"country":"Kenya","country_code":"KEN","species_name":"Pinus_maximinoi","genus":"Pinus","species":"maximinoi","suitability_name":"Very suitable","suitability_rank":1,"source_layer":"KCFP_SSMT_Kenya","tz":null,"soil_description":null},"geometry":{"type":"Polygon","coordinates":[[[35.532600812,0.5047575071],[35.5326207345,0.504737487],[35.5311347403,0.5047366883],[35.5311339462,0.5062314995],[35.5311401876,0.5062252284],[35.532600812,0.5047575071]]]}},{"type":"Feature","properties":{"country":"Kenya","country_code":"KEN","species_name":"Pinus_maximinoi","genus":"Pinus","species":"maximinoi","suitability_name":"Very suitable","suitability_rank":1,"source_layer":"KCFP_SSMT_Kenya","tz":null,"soil_description":null},"geometry":{"type":"Polygon","coordinates":[[[35.5145940369,0.6553265838],[35.5227316881,0.655332283],[35.5227196488,0.672544328],[35.5227258485,0.6725542877],[35.5227969712,0.5632989231],[35.5228006976,0.5569840982],[35.5227945043,0.5569626994],[35.5226181461,0.5563533601],[35.514487535,0.5500229451],[35.5144846619,0.554947543],[35.5144797218,0.5633141715],[35.5144696324,0.5800271081],[35.5227806879,0.580032261],[35.5227430932,0.638598947],[35.5158439791,0.6385942396],[35.5144319483,0.6385932748],[35.514420516,0.6553264612],[35.5145940369,0.6553265838]]]}},{"type":"Feature","properties":{"country":"Kenya","country_code":"KEN","species_name":"Pinus_maximinoi","genus":"Pinus","species":"maximinoi","suitability_name":"Very suitable","suitability_rank":1,"source_layer":"KCFP_SSMT_Kenya","tz":null,"soil_description":null},"geometry":{"type":"Polygon","coordinates":[[[35.4479397192,0.6553000028],[35.4479277682,0.6720320509],[35.4562324542,0.6720381307],[35.4562443919,0.6552853213],[35.4479338163,0.6552793889],[35.4479454656,0.6385474045],[35.4396408775,0.6385416142],[35.4396291875,0.6552940563],[35.4479397192,0.6553000028]]]}},{"type":"Feature","properties":{"country":"Kenya","country_code":"KEN","species_name":"Pinus_maximinoi","genus":"Pinus","species":"maximinoi","suitability_name":"Very suitable","suitability_rank":1,"source_layer":"KCFP_SSMT_Kenya","tz":null,"soil_description":null},"geometry":{"type":"Polygon","coordinates":[[[35.4811204161,0.7389868984],[35.4644985337,0.7389735952],[35.4644955152,0.7427757498],[35.4656383543,0.7437054281],[35.4782144496,0.7473339959],[35.4729199058,0.7807905185],[35.4810804961,0.7807974105],[35.4810942762,0.7640648321],[35.4977164888,0.7640785214],[35.4977232341,0.7557120817],[35.5060344356,0.7557188274],[35.5060541818,0.7306192821],[35.4977430271,0.7306127595],[35.4977494761,0.7222463192],[35.4811274202,0.7222333787],[35.4811401553,0.7055007959],[35.4728292691,0.7054944537],[35.4728355394,0.6971282365],[35.4645247427,0.6971219548],[35.4645370877,0.6803896702],[35.4562323439,0.6803835284],[35.4479216806,0.680398075],[35.4479155158,0.6887640978],[35.4562261801,0.6887703334],[35.4562136556,0.7055025312],[35.447902962,0.7054961441],[35.4478901068,0.7222281881],[35.4645116281,0.7222412501],[35.4645051179,0.7306074233],[35.4811269705,0.7306205749],[35.4811204161,0.7389868984]]]}},{"type":"Feature","properties":{"country":"Kenya","country_code":"KEN","species_name":"Pinus_maximinoi","genus":"Pinus","species":"maximinoi","suitability_name":"Very suitable","suitability_rank":1,"source_layer":"KCFP_SSMT_Kenya","tz":null,"soil_description":null},"geometry":{"type":"Polygon","coordinates":[[[35.5558690166,0.8054950698],[35.5559003963,0.7672528633],[35.5536261239,0.7645653984],[35.5491261207,0.7672916328],[35.5490673513,0.7990804959],[35.5558690166,0.8054950698]]]}},{"type":"Feature","properties":{"country":"Kenya","country_code":"KEN","species_name":"Pinus_maximinoi","genus":"Pinus","species":"maximinoi","suitability_name":"Very suitable","suitability_rank":1,"source_layer":"KCFP_SSMT_Kenya","tz":null,"soil_description":null},"geometry":{"type":"Polygon","coordinates":[[[35.4749081936,0.7891795628],[35.4810734763,0.7891848232],[35.4749019824,0.7891584326],[35.4749081936,0.7891795628]]]}},{"type":"Feature","properties":{"country":"Kenya","country_code":"KEN","species_name":"Pinus_maximinoi","genus":"Pinus","species":"maximinoi","suitability_name":"Very suitable","suitability_rank":1,"source_layer":"KCFP_SSMT_Kenya","tz":null,"soil_description":null},"geometry":{"type":"Polygon","coordinates":[[[35.5563856999,0.8059823498],[35.5607168886,0.8100670762],[35.5625002032,0.8059875562],[35.5563856999,0.8059823498]]]}},{"type":"Feature","properties":{"country":"Kenya","country_code":"KEN","species_name":"Pinus_maximinoi","genus":"Pinus","species":"maximinoi","suitability_name":"Very suitable","suitability_rank":1,"source_layer":"KCFP_SSMT_Kenya","tz":null,"soil_description":null},"geometry":{"type":"Polygon","coordinates":[[[35.4888516328,0.8109949312],[35.481660364,0.8173541317],[35.4814519432,0.8226292112],[35.4893559244,0.8226362273],[35.4893662194,0.8107853916],[35.4893704169,0.8059035029],[35.4838601623,0.8058987128],[35.4888516328,0.8109949312]]]}},{"type":"Feature","properties":{"country":"Kenya","country_code":"KEN","species_name":"Pinus_maximinoi","genus":"Pinus","species":"maximinoi","suitability_name":"Very suitable","suitability_rank":1,"source_layer":"KCFP_SSMT_Kenya","tz":null,"soil_description":null},"geometry":{"type":"Polygon","coordinates":[[[35.5724296032,0.8707470195],[35.5731864549,0.8654683219],[35.5724361405,0.8634871505],[35.5724296032,0.8707470195]]]}},{"type":"Feature","properties":{"country":"Kenya","country_code":"KEN","species_name":"Pinus_maximinoi","genus":"Pinus","species":"maximinoi","suitability_name":"Very suitable","suitability_rank":1,"source_layer":"KCFP_SSMT_Kenya","tz":null,"soil_description":null},"geometry":{"type":"Polygon","coordinates":[[[35.4477672954,0.865925259],[35.4533385308,0.8728218217],[35.4560718706,0.8728244185],[35.4560796749,0.8644583286],[35.4477686687,0.8644505023],[35.4477672954,0.865925259]]]}},{"type":"Feature","properties":{"country":"Kenya","country_code":"KEN","species_name":"Pinus_maximinoi","genus":"Pinus","species":"maximinoi","suitability_name":"Very suitable","suitability_rank":1,"source_layer":"KCFP_SSMT_Kenya","tz":null,"soil_description":null},"geometry":{"type":"Polygon","coordinates":[[[35.4714813137,0.8811837798],[35.4726803091,0.8811849242],[35.4726814507,0.8799718787],[35.4714813137,0.8811837798]]]}},{"type":"Feature","properties":{"country":"Kenya","country_code":"KEN","species_name":"Pinus_maximinoi","genus":"Pinus","species":"maximinoi","suitability_name":"Very suitable","suitability_rank":1,"source_layer":"KCFP_SSMT_Kenya","tz":null,"soil_description":null},"geometry":{"type":"Polygon","coordinates":[[[35.4144851685,0.9062475591],[35.4144795733,0.9119126318],[35.4227802533,0.9162676862],[35.422781908,0.9146000125],[35.428933527,0.9146061865],[35.4311000636,0.9131486907],[35.4311068363,0.9062641033],[35.4144851685,0.9062475591]]]}},{"type":"Feature","properties":{"country":"Kenya","country_code":"KEN","species_name":"Pinus_maximinoi","genus":"Pinus","species":"maximinoi","suitability_name":"Very suitable","suitability_rank":1,"source_layer":"KCFP_SSMT_Kenya","tz":null,"soil_description":null},"geometry":{"type":"Polygon","coordinates":[[[35.5723481609,0.9565826368],[35.5723436284,0.9611344024],[35.5764750466,0.9565867883],[35.5723481609,0.9565826368]]]}},{"type":"Feature","properties":{"country":"Kenya","country_code":"KEN","species_name":"Pinus_maximinoi","genus":"Pinus","species":"maximinoi","suitability_name":"Very suitable","suitability_rank":1,"source_layer":"KCFP_SSMT_Kenya","tz":null,"soil_description":null},"geometry":{"type":"Polygon","coordinates":[[[35.9537603863,-1.7717535929],[35.9537682629,-1.771753605],[35.9537682435,-1.7717648817],[35.9537603678,-1.7717648687],[35.9537603863,-1.7717535929]]]}},{"type":"Feature","properties":{"country":"Kenya","country_code":"KEN","species_name":"Pinus_maximinoi","genus":"Pinus","species":"maximinoi","suitability_name":"Very suitable","suitability_rank":1,"source_layer":"KCFP_SSMT_Kenya","tz":null,"soil_description":null},"geometry":{"type":"Polygon","coordinates":[[[36.6366202506,-1.2618813596],[36.6366277886,-1.2535063307],[36.6283068322,-1.2534987566],[36.6283143471,-1.2451237778],[36.60335186,-1.2451010465],[36.6033593909,-1.2367395656],[36.6116697334,-1.2367471086],[36.6116771986,-1.2283722629],[36.6199979432,-1.2283797381],[36.6200199575,-1.2032550448],[36.6278337652,-1.2032618978],[36.6283406768,-1.2032623416],[36.6283450859,-1.1981479168],[36.6283478885,-1.1948873918],[36.6290179914,-1.1948879743],[36.6366686312,-1.1948946125],[36.6366614448,-1.2032696119],[36.6449822648,-1.2032768586],[36.6449677914,-1.2200269585],[36.6616096816,-1.2200415742],[36.6616240636,-1.2032777991],[36.6616382238,-1.1865409708],[36.6616488251,-1.1865409798],[36.6699591422,-1.1865480403],[36.6699591535,-1.1865345005],[36.6699661295,-1.1781728381],[36.6782870716,-1.1781798327],[36.6783008466,-1.1614293273],[36.6866217897,-1.1614361968],[36.6866285788,-1.1530608947],[36.67830766,-1.1530540737],[36.6783144242,-1.1446788188],[36.6866353187,-1.1446855911],[36.6866420095,-1.136310286],[36.6949629292,-1.1363169846],[36.6949695479,-1.1279416306],[36.7032904919,-1.1279482551],[36.703297037,-1.1195728513],[36.7199390257,-1.1195859306],[36.7199582292,-1.0944594226],[36.7282792255,-1.0944657807],[36.7282969382,-1.0706781028],[36.7283040607,-1.0609635683],[36.7199831534,-1.0609574049],[36.7200013384,-1.0358308864],[36.7283221786,-1.0358369029],[36.7283340164,-1.0190857918],[36.7366548625,-1.0190916893],[36.7366721936,-0.9939648732],[36.7449930224,-0.9939706042],[36.7449986833,-0.9855949493],[36.7533195392,-0.985600612],[36.7533306752,-0.9688492055],[36.7616515377,-0.9688547514],[36.7616570142,-0.9604789991],[36.7782988428,-0.960489933],[36.7783042297,-0.9521140858],[36.7866251948,-0.9521194744],[36.7866357899,-0.9353676819],[36.7949567623,-0.9353729576],[36.7949619683,-0.9269970135],[36.8032829688,-0.9270022205],[36.8032932034,-0.9102502368],[36.811614211,-0.9102553322],[36.8116242209,-0.8935032522],[36.819945237,-0.893508234],[36.8199501535,-0.885132148],[36.8282711963,-0.8851370634],[36.8282808534,-0.8683847953],[36.8449230052,-0.8683943866],[36.8449370374,-0.8432657049],[36.8532581271,-0.843270334],[36.853262695,-0.8348940596],[36.8782261868,-0.8349077055],[36.8782350812,-0.8181548828],[36.894877566,-0.8181637098],[36.894886211,-0.8014107039],[36.903207486,-0.801415002],[36.903211725,-0.7930384536],[36.8948904677,-0.7930342004],[36.8948946788,-0.7846576965],[36.9032159204,-0.7846619048],[36.9032282365,-0.7595322562],[36.8949070428,-0.7595281828],[36.8949110758,-0.7511516775],[36.9032322528,-0.751155706],[36.9032478714,-0.7176495017],[36.8949267563,-0.7176456529],[36.8949343296,-0.7008926386],[36.9032554139,-0.7008963976],[36.9032591183,-0.692519845],[36.9115802342,-0.6925235435],[36.9115838796,-0.6841469468],[36.9032627781,-0.6841432922],[36.9032699651,-0.6673901855],[36.8866279547,-0.6673830129],[36.8866315089,-0.6590065491],[36.8949524768,-0.6590100965],[36.8949594239,-0.6422570788],[36.8866384825,-0.6422536207],[36.8866452765,-0.6255006911],[36.9116081547,-0.6255107549],[36.9116146902,-0.6087575546],[36.9199357135,-0.6087607936],[36.9199389024,-0.6003841484],[36.9116178919,-0.6003809541],[36.9116210501,-0.5920043532],[36.8949791883,-0.591998016],[36.8949854189,-0.5752449928],[36.9033063025,-0.575248077],[36.9033093387,-0.566871521],[36.8949884671,-0.56686848],[36.8949973444,-0.5417389434],[36.903318181,-0.5417418488],[36.9033284339,-0.511054783],[36.9033296144,-0.5073996646],[36.9033320249,-0.4998590568],[36.9047515303,-0.4998595131],[36.911652852,-0.4998617269],[36.911667935,-0.4496021006],[36.8976765697,-0.4495980559],[36.895026447,-0.4495972869],[36.895028351,-0.4429048253],[36.8950288254,-0.4412207715],[36.8943619644,-0.4412205823],[36.8867081569,-0.4412183968],[36.8867104988,-0.4328419262],[36.8910473289,-0.4328431411],[36.8950311581,-0.4328442558],[36.8950334462,-0.4244677399],[36.9033541394,-0.4244700172],[36.9033585638,-0.4077168942],[36.8950378881,-0.4077147076],[36.8950515393,-0.3993381951],[36.9033607101,-0.3993403337],[36.90336281,-0.3909637713],[36.8950536485,-0.3909616775],[36.8950421503,-0.3909616746],[36.8950421553,-0.3909450705],[36.8950442147,-0.3825851587],[36.9033648663,-0.3825872096],[36.9033744799,-0.3407043985],[36.8867332984,-0.3407007369],[36.8867383316,-0.3167677944],[36.9033900245,-0.3216013075],[36.9033895466,-0.3239344125],[36.8950689156,-0.3239326753],[36.8950671642,-0.3323092259],[36.9117084854,-0.3323127831],[36.9117102066,-0.3240164284],[36.9155686053,-0.3251364185],[36.920030018,-0.328445574],[36.9200274383,-0.3406912358],[36.9283482173,-0.3406930402],[36.9283445498,-0.3574464987],[36.9366653875,-0.3574483844],[36.9366634944,-0.3658251571],[36.9449843836,-0.3658270802],[36.9449824554,-0.3742038968],[36.9366615585,-0.3742019297],[36.9366595787,-0.3825787013],[36.9283387185,-0.382576682],[36.9283366867,-0.3909534092],[36.9366575559,-0.3909554735],[36.9366533762,-0.4077090175],[36.9532952787,-0.4077132943],[36.9532931419,-0.4160901539],[36.9449721597,-0.4160879755],[36.9449699695,-0.424464791],[36.969933073,-0.4244714309],[36.9699373561,-0.4077175385],[36.9782584595,-0.4077196462],[36.9782605283,-0.3993426568],[36.9699394334,-0.3993405915],[36.9699434586,-0.382586697],[36.9782645371,-0.3825886757],[36.9782625542,-0.3909656663],[36.9865836828,-0.39096768],[36.9865894788,-0.365836579],[36.9949106272,-0.3658384555],[36.9949142622,-0.3490843017],[37.0032354382,-0.3490860849],[37.0032397103,-0.3282104984],[37.0111662075,-0.3293027418],[37.0218196621,-0.3162035136],[37.0409594213,-0.2996716427],[37.044231583,-0.2925588992],[37.0580842872,-0.2790183315],[37.0614858991,-0.2773145747],[37.0614851143,-0.2820960619],[37.0698065391,-0.282097454],[37.069804915,-0.2917848593],[37.0698036956,-0.2988523033],[37.0781251736,-0.2988537728],[37.078122179,-0.3156087039],[37.0864437108,-0.3156102491],[37.0864543941,-0.3239877587],[37.1030853579,-0.3239909071],[37.1030837793,-0.3323684948],[37.1114054462,-0.3323701008],[37.1114038343,-0.3407477289],[37.1197255484,-0.3407493682],[37.1197222191,-0.3575047044],[37.1280439879,-0.3575064167],[37.1280387176,-0.3826395402],[37.1530043321,-0.3826449904],[37.1530025202,-0.3910228164],[37.1552318014,-0.39102331],[37.1813179241,-0.3910290426],[37.1946127009,-0.3910319324],[37.1946108915,-0.3994099543],[37.2029330526,-0.3994117901],[37.2029303731,-0.4115564112],[37.202929335,-0.4161679114],[37.2112515506,-0.4161698153],[37.2112496438,-0.4245479145],[37.2528613328,-0.4245574955],[37.2528627202,-0.4183322819],[37.2528631953,-0.4161792082],[37.2695081143,-0.4161829022],[37.2695116944,-0.3994261791],[37.2861567252,-0.3994296914],[37.286158443,-0.3910512545],[37.3194489087,-0.3910580322],[37.3194505583,-0.3826794517],[37.3277732563,-0.3826810886],[37.3277748614,-0.3743024712],[37.3610659749,-0.3743087995],[37.3610675124,-0.3659300403],[37.3777132632,-0.365933087],[37.3777147523,-0.3575542579],[37.3943606258,-0.3575572045],[37.3943591528,-0.3659361027],[37.4110051771,-0.3659390873],[37.4110066349,-0.3575601216],[37.4526222476,-0.3575672794],[37.4526236352,-0.349188145],[37.4775933765,-0.3491922492],[37.4775947085,-0.340813017],[37.4859180123,-0.3408143371],[37.4859217935,-0.3156765404],[37.4942451105,-0.3156777564],[37.4942463,-0.307298458],[37.5025696416,-0.3072996361],[37.502571911,-0.2905409754],[37.5192186643,-0.2905431837],[37.5192197405,-0.282163789],[37.5275431584,-0.2821648527],[37.5275441955,-0.2737854272],[37.5358676397,-0.2737864526],[37.5358696107,-0.2570275366],[37.5441930739,-0.2570284947],[37.5441940074,-0.2486490062],[37.5525174962,-0.2486499268],[37.5525183936,-0.2402704063],[37.5441949099,-0.2402695167],[37.5441957815,-0.2318900262],[37.5525192593,-0.2318908856],[37.5525209012,-0.2151318439],[37.5608444012,-0.2151326376],[37.5608466191,-0.1899939808],[37.5691701369,-0.1899946778],[37.5691726513,-0.1564763452],[37.5774961849,-0.1564769151],[37.5774972535,-0.1397176878],[37.585820811,-0.1397181937],[37.5858217531,-0.1229589055],[37.5774982011,-0.1229584602],[37.5774995981,-0.0928914821],[37.5775003184,-0.0726807762],[37.585823858,-0.0726810394],[37.5858241037,-0.064301395],[37.5775005654,-0.0643011621],[37.5775012515,-0.0307827053],[37.5691777475,-0.0307825923],[37.5691773513,0.0527000347],[37.5691771366,0.0613928275],[37.5775006441,0.0613930512],[37.5775001407,0.0781522803],[37.5691766302,0.0781519947],[37.5691756427,0.1032907453],[37.5525287016,0.1032899862],[37.5525283071,0.111669509],[37.5442048804,0.1116690942],[37.5442044526,0.1200485859],[37.5275576864,0.1200476884],[37.5275572234,0.1284271155],[37.5025873017,0.1284256549],[37.5025877734,0.120046323],[37.4776181469,0.1200449338],[37.4776176673,0.1284241706],[37.4609714067,0.1284231668],[37.4609708891,0.1368023362],[37.4276923002,0.1368001646],[37.4276787488,0.1368001638],[37.4276787467,0.1368188041],[37.4276781866,0.1451792009],[37.4144700028,0.1451782721],[37.4110457969,0.1451780292],[37.4027094227,0.1451774386],[37.4027088168,0.153556374],[37.3860631382,0.1535551142],[37.3860624925,0.1619339807],[37.385488259,0.1619339347],[37.3860758752,0.1620304908],[37.3862919937,0.1620660037],[37.3998449847,0.1556560066],[37.424206967,0.154798462],[37.431412329,0.1584397412],[37.4756460676,0.1467417357],[37.4837618014,0.1467580432],[37.5179866687,0.158614207],[37.50983171,0.1686623974],[37.5332543977,0.1750567638],[37.6024668393,0.1583874849],[37.6045675035,0.1578815434],[37.6388126644,0.1661112311],[37.687527671,0.1643954964],[37.6940280075,0.1680478618],[37.6956259551,0.1689457071],[37.7434764096,0.1590668177],[37.7740429056,0.1827052886],[37.7743725148,0.1787219353],[37.7757593224,0.1619614526],[37.7768936146,0.1482518228],[37.7850978664,0.1255976047],[37.7995562649,0.1192785306],[37.7968964036,0.1064869851],[37.8008587084,0.1033189137],[37.8059473594,0.0992502569],[37.8189085418,0.105418607],[37.8212547506,0.1065351938],[37.8212055554,0.1184146417],[37.8536700609,0.1184789962],[37.8633525188,0.1117018133],[37.8654267486,0.1102499619],[37.8771795754,0.1091484418],[37.8843783701,0.1084737389],[37.8855041432,0.108664696],[37.9104777814,0.1129008134],[37.9104781229,0.1033228888],[37.9021535038,0.1033226003],[37.9021539476,0.0894648015],[37.8844590083,0.0894299353],[37.8819046819,0.0865606092],[37.8771804778,0.0812538276],[37.8763718367,0.0803454687],[37.8761754269,0.0781798147],[37.8754136768,0.0697807863],[37.874653574,0.0614001799],[37.8846204809,0.0446574495],[37.877181260600004,0.044657335059422675],[37.8771812609,0.0446390444],[37.8771660914,0.0362767073],[37.8688568621,0.0362766031],[37.868856746,0.044657207],[37.8688564421,0.0614000567],[37.86885644168804,0.06141841100000047],[37.8688411897,0.0614184116],[37.8438830371,0.061417873],[37.8438832049,0.0530373444],[37.8355587866,0.0530371873],[37.835559146,0.027895674],[37.8272347549,0.0278955908],[37.8272346595,0.0362760696],[37.8105859509,0.0362758517],[37.8105861663,0.011134565],[37.8022618514,0.0111345311],[37.8022618725,0.0027541265],[37.7939375832,0.0027541189],[37.7939374931,-0.0223870141],[37.7856132297,-0.0223869449],[37.7856130402,-0.0391476481],[37.7772888003,-0.0391475272],[37.777288666,-0.0475278523],[37.7689644512,-0.0475277043],[37.7689643892,-0.050908618],[37.7689641021,-0.0642883027],[37.7439916094,-0.0642876895],[37.7606399121,-0.0642880991],[37.7606391865,-0.0894289186],[37.760639696,-0.0726683723],[37.7772881069,-0.0726688291],[37.7772881043,-0.0727647611],[37.7772878676,-0.0810491549],[37.7745572266,-0.0810490718],[37.7689636484,-0.0810489011],[37.7689620561,-0.1229503966],[37.7523136739,-0.1229496194],[37.7523130198,-0.1363130987],[37.7523123874,-0.1480903563],[37.7356640931,-0.1480894065],[37.7356636058,-0.1564695989],[37.7273394956,-0.1564690921],[37.7273384306,-0.1732294215],[37.7356625477,-0.1732299834],[37.7356619394,-0.1821893384],[37.7356601109,-0.2067507497],[37.7523084567,-0.2067520757],[37.7523070961,-0.2235125667],[37.7564716972,-0.2235129224],[37.7470972622,-0.2341553185],[37.7538579197,-0.2478265997],[37.7551615466,-0.2486535731],[37.752304855,-0.2486533007],[37.752304054,-0.2570335457],[37.7606282966,-0.2570343627],[37.7606266281,-0.2737949039],[37.743978148,-0.2737931595],[37.7439772625,-0.2821733774],[37.7523014947,-0.2821742793],[37.7523005895,-0.2905545238],[37.7439763503,-0.2905535952],[37.7439754114,-0.2989338119],[37.7273270019,-0.2989318819],[37.7273260235,-0.3073120454],[37.7439744459,-0.3073140294],[37.7439724346,-0.3240744632],[37.7273239847,-0.3240723709],[37.7273218386,-0.3408326967],[37.7189976411,-0.3408315856],[37.7189953711,-0.3575918553],[37.7273195853,-0.3575930211],[37.7273184176,-0.3659731826],[37.7356426646,-0.3659743688],[37.7356400118,-0.38445139],[37.7293326262,-0.3858058746],[37.727752832,-0.3911137356],[37.7189905073,-0.3911123938],[37.7189879107,-0.4078726615],[37.7106636771,-0.4078713232],[37.7106623297,-0.4162514297],[37.702338114,-0.4162500551],[37.7023367312,-0.4246301337],[37.7106609549,-0.4246315361],[37.7106595527,-0.4330116414],[37.6856869356,-0.4330073246],[37.6856854792,-0.4413873462],[37.6940096649,-0.4413888226],[37.6940066864,-0.458148922],[37.6856824799,-0.4581473895],[37.6856809388,-0.4665274114],[37.6940051551,-0.4665289719],[37.6940047412,-0.4687629938],[37.694003596,-0.4749090216],[37.6884253491,-0.4749079581],[37.6856793707,-0.4749074321],[37.6856787964,-0.477932906],[37.6856777728,-0.4832874535],[37.6808178798,-0.4832865049],[37.6607052331,-0.483282543],[37.6607018932,-0.500042414],[37.6357295475,-0.5000372367],[37.6357278038,-0.5084170855],[37.6190796961,-0.5084135222],[37.6190779009,-0.5167933111],[37.6024298899,-0.5167896451],[37.6024317059,-0.5084099156],[37.5857838353,-0.5084062659],[37.5857794357,-0.5282380236],[37.5857763011,-0.5419249438],[37.5774523661,-0.5419229813],[37.5774469658,-0.5645981167],[37.5727301297,-0.5624744739],[37.5680285902,-0.5559629711],[37.5588102927,-0.5559242358],[37.5555973585,-0.5586768917],[37.5441528675,-0.5586740479],[37.5441549147,-0.5502945323],[37.5338941094,-0.5502920021],[37.5275073596,-0.5502904182],[37.5275093998,-0.541910965],[37.510861992,-0.5419068675],[37.5108599296,-0.5502862573],[37.4942126262,-0.5502820497],[37.4942105088,-0.5586613743],[37.4692397587,-0.5586548788],[37.4692375736,-0.5670341057],[37.4442670798,-0.5670274034],[37.4442679525,-0.5637529111],[37.4442693004,-0.5586482756],[37.4192991407,-0.5586415648],[37.4192968854,-0.5670205929],[37.4026502556,-0.5670159923],[37.4026479416,-0.5753949513],[37.3943246664,-0.5753925996],[37.3943292833,-0.5586347481],[37.3527135395,-0.5586231508],[37.3527111892,-0.5670019017],[37.3110962604,-0.5669898286],[37.3110913317,-0.5837469748],[37.3027684284,-0.5837444517],[37.3027673921,-0.5871900317],[37.3027658979,-0.5921229872],[37.2861201759,-0.5921178308],[37.2861175841,-0.600496294],[37.2777947646,-0.6004936602],[37.2777921236,-0.6088720855],[37.2694693289,-0.6088694029],[37.2694666384,-0.617247791],[37.2611438667,-0.6172450575],[37.2611411254,-0.6256234091],[37.2543364483,-0.625621134],[37.2444956676,-0.625617828],[37.2444928646,-0.6339961046],[37.2361701779,-0.6339932565],[37.2361673232,-0.6423714943],[37.2278446605,-0.6423685949],[37.2278388114,-0.6591249958],[37.2111935442,-0.6591190029],[37.2111781198,-0.701009618],[37.2028554715,-0.7010064093],[37.2028547298,-0.7029486225],[37.1931824666,-0.6892390623],[37.1831126655,-0.6880218813],[37.1832987424,-0.7093768042],[37.1778844987,-0.7093746616],[37.1778812015,-0.7177526291],[37.1845991697,-0.7177553192],[37.1876910288,-0.7261345673],[37.1778778654,-0.7261305953],[37.1778744907,-0.7345085621],[37.1861970835,-0.734511971],[37.1861936865,-0.7428899755],[37.1778710772,-0.7428865277],[37.1778657392,-0.7558018203],[37.1778648778,-0.7578654577],[37.1778444465,-0.7763983839],[37.1695344015,-0.7763947696],[37.169534395,-0.7764098943],[37.1695283546,-0.7903260743],[37.1695157957,-0.7903297247],[37.1618630931,-0.7925543135],[37.1622801283,-0.8015252786],[37.1612007695,-0.8015247907],[37.161185506,-0.8350363283],[37.1528628305,-0.8350323996],[37.1528588993,-0.843410245],[37.1362136308,-0.8434022542],[37.1362096255,-0.8517800189],[37.1278870327,-0.8517759571],[37.1278829689,-0.8601536815],[37.1112378677,-0.8601454233],[37.1112337267,-0.868523066],[37.1029112185,-0.8685188699],[37.1029082825,-0.8743838263],[37.1029070198,-0.8768964717],[37.0862620869,-0.876887941],[37.0862578108,-0.8852654618],[37.0779353853,-0.8852611275],[37.0779266734,-0.9020160849],[37.0529595343,-0.9020027211],[37.0529459866,-0.9271347821],[37.0279790447,-0.9271208689],[37.027974388,-0.9354980964],[37.0196521389,-0.9354933761],[37.0196474187,-0.9438705617],[37.0113251919,-0.9438657792],[37.0113204097,-0.9522429211],[37.0029982052,-0.9522380768],[37.0029933614,-0.9606151756],[36.9946711783,-0.9606102683],[36.9946662717,-0.9689873239],[36.9863441118,-0.9689823532],[36.9863391422,-0.9773593645],[36.9696949089,-0.977349276],[36.9696898542,-0.9857262003],[36.961367782,-0.985721081],[36.9613575021,-1.0024748421],[36.9447134032,-1.0024643657],[36.9447081563,-1.0108411584],[36.9363861516,-1.0108358443],[36.9363808387,-1.0192125916],[36.9280588555,-1.0192072127],[36.9280534781,-1.0275839163],[36.9114096027,-1.0275730019],[36.9113986276,-1.0443262296],[36.8947548415,-1.0443150497],[36.8947492436,-1.0526915722],[36.8864273951,-1.0526859039],[36.8864217302,-1.0610623817],[36.8780999043,-1.0610566458],[36.8780941721,-1.0694330779],[36.8697723698,-1.069427274],[36.8697665698,-1.0778036601],[36.8614447902,-1.0777977879],[36.8614330086,-1.0945504664],[36.8531112278,-1.0945444797],[36.8531052457,-1.1029207729],[36.8447834873,-1.102914716],[36.8447713394,-1.1196672088],[36.83644958,-1.1196610371],[36.8364372014,-1.1364134346],[36.8447590083,-1.1364196986],[36.8447575764,-1.1383489576],[36.844752774,-1.1447959432],[36.8413673004,-1.144793379],[36.836430943,-1.144789633],[36.8364238648,-1.15418995],[36.8364182884,-1.1615420273],[36.8296072777,-1.1615367687],[36.8197746685,-1.1615291482],[36.8197690418,-1.1688434294],[36.8197682231,-1.1699052521],[36.8183408122,-1.169904135],[36.8031247385,-1.1698921809],[36.8031181982,-1.1782681898],[36.7947965011,-1.1782615708],[36.7947925028,-1.1833318606],[36.7947898883,-1.1866375329],[36.7879369691,-1.1866320238],[36.7864682132,-1.1866308399],[36.7864676505,-1.1873393269],[36.7864615294,-1.1950067543],[36.7781398762,-1.1949999896],[36.7781084119,-1.220127577],[36.7614761463,-1.2201136937],[36.7614551526,-1.245241],[36.7531334875,-1.2452338715],[36.7531263681,-1.2536095911],[36.7614480595,-1.2536167676],[36.7614409188,-1.2619925346],[36.7697626843,-1.2619997313],[36.7697611265,-1.2638262929],[36.7623221094,-1.267480843],[36.7516992283,-1.2703597905],[36.7447902901,-1.2703537285],[36.7447975317,-1.2619780591],[36.7249093027,-1.26196062],[36.6782259132,-1.2619190872],[36.678210955,-1.2786696433],[36.6698896692,-1.278662052],[36.6698842984,-1.2846014432],[36.6698820885,-1.287037279],[36.6532396117,-1.2870219159],[36.6532497424,-1.27589774],[36.653262366,-1.2618965314],[36.6421635523,-1.2618864248],[36.6366202506,-1.2618813596]],[[36.9283324902,-0.4077068647],[36.9283303264,-0.4160835922],[36.936651222,-0.4160857882],[36.9366533762,-0.4077090175],[36.9283324902,-0.4077068647]],[[37.4692419103,-0.5502756498],[37.4612244081,-0.550273573],[37.460918404,-0.5502734944],[37.4609183416,-0.5505168807],[37.4609162398,-0.5586526896],[37.4692397587,-0.5586548788],[37.4692419103,-0.5502756498]],[[36.6698971994,-1.2702868235],[36.6615759908,-1.270279255],[36.6615684329,-1.2786544336],[36.6698896692,-1.278662052],[36.6698971994,-1.2702868235]],[[37.183305099,-0.5051388306],[37.1820384485,-0.5196732815],[37.1924312364,-0.5368266165],[37.2048093209,-0.5355188447],[37.2074706037,-0.5186791817],[37.2007374785,-0.5027073427],[37.194870852,-0.4947392444],[37.1862646415,-0.4974198299],[37.1858870296,-0.4975374447],[37.1850697589,-0.4999435606],[37.183305099,-0.5051388306]],[[37.138655071,-0.5302609894],[37.1441393029,-0.5582372399],[37.1492276174,-0.5790525123],[37.1529622295,-0.5845696686],[37.1580436275,-0.5920764739],[37.1609969157,-0.5964394181],[37.1612806937,-0.5960290213],[37.1640123842,-0.5920784665],[37.1691049672,-0.5847135344],[37.166586398,-0.5583728727],[37.1614375899,-0.5449551077],[37.1510194808,-0.5250674388],[37.1503914638,-0.523868596],[37.1412439462,-0.5219708568],[37.1402779406,-0.5250642314],[37.138655071,-0.5302609894]],[[37.197551926,-0.6068242065],[37.2058801195,-0.5983342271],[37.2054757328,-0.5921079708],[37.205069978,-0.5858609588],[37.2035510157,-0.5750025734],[37.1987582208,-0.5733513431],[37.1944759194,-0.5650087422],[37.1867054809,-0.5635799815],[37.1862576437,-0.5647113079],[37.1853708453,-0.5669515249],[37.1834232799,-0.57187141],[37.1866951317,-0.5915205987],[37.1945552603,-0.6026001257],[37.197551926,-0.6068242065]],[[37.0938463737,-0.6267345014],[37.0975764049,-0.645928863],[37.0950540682,-0.6651149273],[37.0978183692,-0.6710937009],[37.1030304919,-0.6771321444],[37.1140162027,-0.6842159007],[37.119636312,-0.687839841],[37.1196641983,-0.687857822],[37.1211737188,-0.6925964276],[37.1281386428,-0.714460786],[37.1374420926,-0.7251437371],[37.1537314954,-0.7222449367],[37.1604867778,-0.7093523176],[37.1647366953,-0.6946050363],[37.1634996383,-0.6786605435],[37.1595895351,-0.6527753166],[37.1629886471,-0.6293172006],[37.1587185789,-0.6211377686],[37.152951523,-0.6164585307],[37.1389253183,-0.6050780821],[37.128387575,-0.5786963898],[37.1196182793,-0.5590114394],[37.092084218,-0.5650754417],[37.0841986548,-0.5765738081],[37.0855931692,-0.600830089],[37.0938463737,-0.6267345014]],[[37.4475011122,-0.5522407437],[37.4479214576,-0.5502861009],[37.4498807547,-0.5411750563],[37.4522400044,-0.5333372164],[37.4398725614,-0.5330317222],[37.4415259032,-0.5502844219],[37.4415553299,-0.5505914985],[37.4475011122,-0.5522407437]],[[36.92834265,-0.3658232264],[36.9200218487,-0.3658212878],[36.9200198972,-0.3741979718],[36.9283407054,-0.3741999538],[36.92834265,-0.3658232264]]]}},{"type":"Feature","properties":{"country":"Kenya","country_code":"KEN","species_name":"Pinus_maximinoi","genus":"Pinus","species":"maximinoi","suitability_name":"Very suitable","suitability_rank":1,"source_layer":"KCFP_SSMT_Kenya","tz":null,"soil_description":null},"geometry":{"type":"Polygon","coordinates":[[[36.5701433997,-1.1613241448],[36.5751935652,-1.1613285121],[36.5784534399,-1.1613313263],[36.5784390623,-1.1780942502],[36.5950798908,-1.1781087636],[36.5950433396,-1.219969081],[36.5867330861,-1.2199615886],[36.5867552533,-1.1948374116],[36.5784347824,-1.1948300392],[36.578442094,-1.1864553638],[36.5750231885,-1.1864523483],[36.5754500826,-1.1842313458],[36.5752519736,-1.166419967],[36.5702178524,-1.1727646387],[36.5701332901,-1.1730968744],[36.5701433997,-1.1613241448]]]}},{"type":"Feature","properties":{"country":"Kenya","country_code":"KEN","species_name":"Pinus_maximinoi","genus":"Pinus","species":"maximinoi","suitability_name":"Very suitable","suitability_rank":1,"source_layer":"KCFP_SSMT_Kenya","tz":null,"soil_description":null},"geometry":{"type":"Polygon","coordinates":[[[36.5751076367,-1.1529537751],[36.5701505306,-1.15294952],[36.570164635,-1.136200267],[36.5784746028,-1.136207293],[36.5784738554,-1.1371040177],[36.5784605457,-1.1529566497],[36.5751076367,-1.1529537751]]]}},{"type":"Feature","properties":{"country":"Kenya","country_code":"KEN","species_name":"Pinus_maximinoi","genus":"Pinus","species":"maximinoi","suitability_name":"Very suitable","suitability_rank":1,"source_layer":"KCFP_SSMT_Kenya","tz":null,"soil_description":null},"geometry":{"type":"Polygon","coordinates":[[[36.6034891698,-1.0692295717],[36.6025247006,-1.0692428036],[36.602533321,-1.0692288193],[36.6031329398,-1.0682562424],[36.6034906532,-1.0673159413],[36.6034891698,-1.0692295717]]]}},{"type":"Feature","properties":{"country":"Kenya","country_code":"KEN","species_name":"Pinus_maximinoi","genus":"Pinus","species":"maximinoi","suitability_name":"Very suitable","suitability_rank":1,"source_layer":"KCFP_SSMT_Kenya","tz":null,"soil_description":null},"geometry":{"type":"Polygon","coordinates":[[[36.6035251193,-1.035744346],[36.6035061094,-1.0471692057],[36.5951897053,-1.0558126545],[36.5952101742,-1.0288436958],[36.5956121017,-1.0273493954],[36.6035210228,-1.027355379],[36.6114677193,-1.0273755234],[36.611303111,-1.0282934294],[36.6082675955,-1.0357338343],[36.6082618366,-1.0357479494],[36.6035251193,-1.035744346]]]}},{"type":"Feature","properties":{"country":"Kenya","country_code":"KEN","species_name":"Pinus_maximinoi","genus":"Pinus","species":"maximinoi","suitability_name":"Very suitable","suitability_rank":1,"source_layer":"KCFP_SSMT_Kenya","tz":null,"soil_description":null},"geometry":{"type":"Polygon","coordinates":[[[36.6035575568,-0.9771206781],[36.6118775534,-0.9771266447],[36.6118534888,-1.0106118702],[36.6035437738,-1.010619922],[36.6035437833,-1.0106057068],[36.6035559644,-0.9938560248],[36.6010109101,-0.9938541633],[36.6006779419,-0.990269259],[36.5952505497,-0.9734587001],[36.5952538854,-0.968739939],[36.6035634683,-0.9687458667],[36.6035575568,-0.9771206781]]]}},{"type":"Feature","properties":{"country":"Kenya","country_code":"KEN","species_name":"Pinus_maximinoi","genus":"Pinus","species":"maximinoi","suitability_name":"Very suitable","suitability_rank":1,"source_layer":"KCFP_SSMT_Kenya","tz":null,"soil_description":null},"geometry":{"type":"Polygon","coordinates":[[[36.5869457317,-0.9519845649],[36.5952552547,-0.9519904121],[36.5952435523,-0.9687255547],[36.5927499568,-0.9687237716],[36.58869618,-0.9610479052],[36.5869410239,-0.9587289866],[36.5869457317,-0.9519845649]]]}},{"type":"Feature","properties":{"country":"Kenya","country_code":"KEN","species_name":"Pinus_maximinoi","genus":"Pinus","species":"maximinoi","suitability_name":"Very suitable","suitability_rank":1,"source_layer":"KCFP_SSMT_Kenya","tz":null,"soil_description":null},"geometry":{"type":"Polygon","coordinates":[[[36.5869354301,-0.9519701166],[36.5818389752,-0.9519665219],[36.578630135,-0.945915875],[36.5786317355,-0.9436040348],[36.5869412205,-0.9436098496],[36.5869354301,-0.9519701166]]]}},{"type":"Feature","properties":{"country":"Kenya","country_code":"KEN","species_name":"Pinus_maximinoi","genus":"Pinus","species":"maximinoi","suitability_name":"Very suitable","suitability_rank":1,"source_layer":"KCFP_SSMT_Kenya","tz":null,"soil_description":null},"geometry":{"type":"Polygon","coordinates":[[[36.5703177798,-0.9352235869],[36.5786272243,-0.935229369],[36.5786214662,-0.9435895541],[36.5773959548,-0.9435886939],[36.5757692586,-0.9405213917],[36.5703146667,-0.9397373768],[36.5703177798,-0.9352235869]]]}},{"type":"Feature","properties":{"country":"Kenya","country_code":"KEN","species_name":"Pinus_maximinoi","genus":"Pinus","species":"maximinoi","suitability_name":"Very suitable","suitability_rank":1,"source_layer":"KCFP_SSMT_Kenya","tz":null,"soil_description":null},"geometry":{"type":"Polygon","coordinates":[[[36.5703075421,-0.9352090738],[36.559282075,-0.9352013692],[36.5583925064,-0.9346645222],[36.5567313295,-0.9268395625],[36.5703132683,-0.9268489734],[36.5703075421,-0.9352090738]]]}},{"type":"Feature","properties":{"country":"Kenya","country_code":"KEN","species_name":"Pinus_maximinoi","genus":"Pinus","species":"maximinoi","suitability_name":"Very suitable","suitability_rank":1,"source_layer":"KCFP_SSMT_Kenya","tz":null,"soil_description":null},"geometry":{"type":"Polygon","coordinates":[[[36.8808971795,-0.3155701216],[36.8818897014,-0.3153603794],[36.8826134902,-0.3155704745],[36.8808971795,-0.3155701216]]]}},{"type":"Feature","properties":{"country":"Kenya","country_code":"KEN","species_name":"Pinus_maximinoi","genus":"Pinus","species":"maximinoi","suitability_name":"Very suitable","suitability_rank":1,"source_layer":"KCFP_SSMT_Kenya","tz":null,"soil_description":null},"geometry":{"type":"Polygon","coordinates":[[[36.1048568749,-0.2484680531],[36.1048484249,-0.2484714794],[36.1048502308,-0.2400387813],[36.1042507955,-0.2400386543],[36.1048588623,-0.2391759816],[36.1048568749,-0.2484680531]]]}},{"type":"Feature","properties":{"country":"Kenya","country_code":"KEN","species_name":"Pinus_maximinoi","genus":"Pinus","species":"maximinoi","suitability_name":"Very suitable","suitability_rank":1,"source_layer":"KCFP_SSMT_Kenya","tz":null,"soil_description":null},"geometry":{"type":"Polygon","coordinates":[[[35.7972322328,-0.2232143831],[35.7972303874,-0.2315834484],[35.8055435289,-0.231585338],[35.8055416196,-0.2399544706],[35.8138548346,-0.2399564243],[35.8138528627,-0.2483256258],[35.8221661496,-0.2483276424],[35.8221641163,-0.2566969118],[35.8304774726,-0.2567160966],[35.8138434917,-0.2567119308],[35.8138455314,-0.2483427619],[35.8055323427,-0.2483407399],[35.8055343198,-0.2399716391],[35.7972212058,-0.2399696802],[35.7972249657,-0.2232316148],[35.7889119293,-0.2232297878],[35.7889209425,-0.214860825],[35.7889191641,-0.2232125554],[35.7972322328,-0.2232143831]]]}},{"type":"Feature","properties":{"country":"Kenya","country_code":"KEN","species_name":"Pinus_maximinoi","genus":"Pinus","species":"maximinoi","suitability_name":"Very suitable","suitability_rank":1,"source_layer":"KCFP_SSMT_Kenya","tz":null,"soil_description":null},"geometry":{"type":"Polygon","coordinates":[[[36.1298187333,-0.1646819654],[36.1298220542,-0.1395669845],[36.1381377275,-0.1395680046],[36.138139416,-0.1248230029],[36.1394326603,-0.1267421069],[36.1479507619,-0.127378702],[36.1455059818,-0.1117834825],[36.1445693434,-0.0857041837],[36.1448106043,-0.0725946522],[36.1464596003,-0.072594757],[36.1464610955,-0.042536815],[36.1467052532,-0.0391076321],[36.1547769886,-0.0391079073],[36.1547772621,-0.0298774989],[36.1621956165,-0.0223823761],[36.1622134443,-0.0223643638],[36.1630845883,-0.0223643817],[36.16309328,-0.0214754179],[36.1654733867,-0.0190706557],[36.1686610056,-0.0140105894],[36.1686723726,-0.0139925443],[36.1714005777,-0.0139925774],[36.1714093282,-0.0096478273],[36.179208673,0.0027332625],[36.1792200821,0.002751373],[36.1797165768,0.0027513742],[36.1797253135,0.0035534147],[36.1798036924,0.0036778391],[36.1850727173,0.0362396462],[36.1880407696,0.0362397382],[36.1880400613,0.0545799125],[36.189136325,0.0613560547],[36.1963558019,0.0613564364],[36.1963553351,0.0697285837],[36.2129876665,0.0697295778],[36.2129881287,0.0613573128],[36.229620694,0.0613581831],[36.2296214383,0.0446134138],[36.2379378061,0.0446137288],[36.237936605,0.0697310592],[36.2462530359,0.06973155],[36.2462525198,0.0781040527],[36.2545690108,0.0781046008],[36.254568438,0.0864771622],[36.262884988,0.0864777664],[36.2628843597,0.0948503872],[36.2712009698,0.0948510479],[36.2712008887,0.0958797017],[36.2821682285,0.0963813146],[36.2920208087,0.1108975857],[36.290421374,0.1283252239],[36.2961389036,0.1283258324],[36.2961412845,0.1032073733],[36.2920534183,0.103207023],[36.2878245306,0.1032066609],[36.2878252115,0.094833898],[36.2795085163,0.0948332405],[36.2795091416,0.0864605366],[36.2711925079,0.0864599362],[36.2711930762,0.0780872895],[36.2628765021,0.0780867448],[36.2628770141,0.0697141584],[36.2545604988,0.0697136706],[36.2545625061,0.0057650273],[36.2545625058,-0.0056390905],[36.2500242637,-0.0056390689],[36.2519077213,0.0001039544],[36.2500236048,0.0201226055],[36.2391800161,0.0282551162],[36.2296133145,-0.0080709015],[36.2296133285,-0.0056389714],[36.2212970535,-0.0056389315],[36.2212970637,0.0027333614],[36.2296133387,0.0027333807],[36.2296132901,0.0111057338],[36.221297015,0.0111056542],[36.2212969072,0.0194779471],[36.2046645334,0.0194776709],[36.2046646418,0.0111054962],[36.1963485441,0.0111054169],[36.1963485838,-0.0056388101],[36.1880325449,-0.0056387697],[36.1880324748,-0.0140108236],[36.1797164963,-0.0140107229],[36.1797159263,-0.0391267049],[36.1714000068,-0.0391264229],[36.1713996953,-0.0474983562],[36.1630838341,-0.0474980128],[36.1630830304,-0.0642417583],[36.154767227,-0.0642412916],[36.1547667334,-0.0726131045],[36.1630825382,-0.0726136311],[36.1630819859,-0.0809855037],[36.1547661803,-0.0809849165],[36.1547615873,-0.1312157874],[36.1630774072,-0.1312167389],[36.1630742238,-0.1569353552],[36.1630679303,-0.1981917164],[36.1643787369,-0.1981919417],[36.1713838389,-0.1981931485],[36.1713823867,-0.2065650807],[36.1796983596,-0.2065665698],[36.1796952892,-0.2232933143],[36.1713880137,-0.2232917063],[36.171389585,-0.2149197426],[36.1630736362,-0.2149181887],[36.1630751528,-0.2065462845],[36.1628537596,-0.2065462447],[36.1464434449,-0.2065432847],[36.1464463123,-0.1897997201],[36.1381305574,-0.1897983357],[36.1381344163,-0.16468317],[36.1298187333,-0.1646819654]]]}},{"type":"Feature","properties":{"country":"Kenya","country_code":"KEN","species_name":"Pinus_maximinoi","genus":"Pinus","species":"maximinoi","suitability_name":"Very suitable","suitability_rank":1,"source_layer":"KCFP_SSMT_Kenya","tz":null,"soil_description":null},"geometry":{"type":"Polygon","coordinates":[[[35.8500175408,0.6806795883],[35.8500181295,0.6806588748],[35.8502554739,0.6723102537],[35.8469200282,0.6723080844],[35.8469146332,0.6806568312],[35.8469146197,0.6806775442],[35.8500175408,0.6806795883]]]}},{"type":"Feature","properties":{"country":"Kenya","country_code":"KEN","species_name":"Pinus_maximinoi","genus":"Pinus","species":"maximinoi","suitability_name":"Very suitable","suitability_rank":1,"source_layer":"KCFP_SSMT_Kenya","tz":null,"soil_description":null},"geometry":{"type":"Polygon","coordinates":[[[37.3797937368,-1.782220124],[37.3853066661,-1.781696919],[37.3853064492,-1.7819459791],[37.4008748701,-1.781959645],[37.4093536088,-1.7831076751],[37.4186075568,-1.7894427017],[37.418606775,-1.7903540066],[37.4199404489,-1.7903551637],[37.422842787,-1.7923420213],[37.4365527776,-1.8038755595],[37.4366146927,-1.8071276051],[37.4352465195,-1.8071264206],[37.4352393295,-1.8155054363],[37.4367741996,-1.8155067723],[37.4369272083,-1.8235462043],[37.4210595676,-1.8378570159],[37.4138293248,-1.8406234681],[37.4102358843,-1.8406202486],[37.4102432906,-1.8322413365],[37.3935890871,-1.8322263882],[37.3935831072,-1.8238475299],[37.3519618213,-1.8238096645],[37.351965129,-1.8201713634],[37.3631565039,-1.8164263017],[37.3819432266,-1.8181544319],[37.393586754,-1.8197307554],[37.4032426105,-1.8210379324],[37.4083352631,-1.8100912894],[37.4049269716,-1.8018320588],[37.3797937368,-1.782220124]]]}},{"type":"Feature","properties":{"country":"Kenya","country_code":"KEN","species_name":"Pinus_maximinoi","genus":"Pinus","species":"maximinoi","suitability_name":"Very suitable","suitability_rank":1,"source_layer":"KCFP_SSMT_Kenya","tz":null,"soil_description":null},"geometry":{"type":"Polygon","coordinates":[[[37.5184980206,-1.8163500034],[37.5178211659,-1.8155865809],[37.510376723,-1.8071899813],[37.5185193689,-1.8071966823],[37.5185119189,-1.8163656794],[37.5184980206,-1.8163500034]]]}},{"type":"Feature","properties":{"country":"Kenya","country_code":"KEN","species_name":"Pinus_maximinoi","genus":"Pinus","species":"maximinoi","suitability_name":"Very suitable","suitability_rank":1,"source_layer":"KCFP_SSMT_Kenya","tz":null,"soil_description":null},"geometry":{"type":"Polygon","coordinates":[[[37.4519035751,-1.7876732312],[37.4485444585,-1.7849613571],[37.446324449,-1.7820100391],[37.4463159767,-1.7819987768],[37.4519219713,-1.7820035253],[37.4519172192,-1.7876842474],[37.4519035751,-1.7876732312]]]}},{"type":"Feature","properties":{"country":"Kenya","country_code":"KEN","species_name":"Pinus_maximinoi","genus":"Pinus","species":"maximinoi","suitability_name":"Very suitable","suitability_rank":1,"source_layer":"KCFP_SSMT_Kenya","tz":null,"soil_description":null},"geometry":{"type":"Polygon","coordinates":[[[37.443584336,-1.7783672843],[37.4400176548,-1.7736256632],[37.4400091574,-1.7736143674],[37.4436019336,-1.7736174112],[37.4435979435,-1.7783853728],[37.443584336,-1.7783672843]]]}},{"type":"Feature","properties":{"country":"Kenya","country_code":"KEN","species_name":"Pinus_maximinoi","genus":"Pinus","species":"maximinoi","suitability_name":"Very suitable","suitability_rank":1,"source_layer":"KCFP_SSMT_Kenya","tz":null,"soil_description":null},"geometry":{"type":"Polygon","coordinates":[[[37.4186281617,-1.7652284701],[37.4186266095,-1.7670641767],[37.4162297671,-1.7652150961],[37.418614645,-1.7652171384],[37.4186281713,-1.76521715],[37.4186281617,-1.7652284701]]]}},{"type":"Feature","properties":{"country":"Kenya","country_code":"KEN","species_name":"Pinus_maximinoi","genus":"Pinus","species":"maximinoi","suitability_name":"Very suitable","suitability_rank":1,"source_layer":"KCFP_SSMT_Kenya","tz":null,"soil_description":null},"geometry":{"type":"Polygon","coordinates":[[[37.4505406907,-1.6834136511],[37.4437526926,-1.675428551],[37.4519944188,-1.6757410574],[37.4520080719,-1.6757415756],[37.4686471618,-1.676372387],[37.4686608796,-1.6763729069],[37.4707440593,-1.6764518732],[37.4727196897,-1.6730916785],[37.4748984187,-1.6693860196],[37.4769925557,-1.669922834],[37.4853176268,-1.6720568762],[37.4853168256,-1.6731015051],[37.4888277335,-1.6731042296],[37.4989139328,-1.6832669631],[37.4988553763,-1.6972258894],[37.4916889461,-1.7134131467],[37.4833959861,-1.7222810777],[37.4733126836,-1.7233635472],[37.4648619422,-1.7159913512],[37.4585261176,-1.6946757235],[37.4505406907,-1.6834136511]]]}},{"type":"Feature","properties":{"country":"Kenya","country_code":"KEN","species_name":"Pinus_maximinoi","genus":"Pinus","species":"maximinoi","suitability_name":"Very suitable","suitability_rank":1,"source_layer":"KCFP_SSMT_Kenya","tz":null,"soil_description":null},"geometry":{"type":"Polygon","coordinates":[[[37.3520722472,-1.6981295057],[37.3520778423,-1.6915125147],[37.3562391135,-1.6981330761],[37.3520722472,-1.6981295057]]]}},{"type":"Feature","properties":{"country":"Kenya","country_code":"KEN","species_name":"Pinus_maximinoi","genus":"Pinus","species":"maximinoi","suitability_name":"Very suitable","suitability_rank":1,"source_layer":"KCFP_SSMT_Kenya","tz":null,"soil_description":null},"geometry":{"type":"Polygon","coordinates":[[[37.3509699575,-1.6897498746],[37.3437530826,-1.689743696],[37.3437601642,-1.6813650467],[37.3486105319,-1.6813691817],[37.3478575095,-1.6847979807],[37.3509699575,-1.6897498746]]]}},{"type":"Feature","properties":{"country":"Kenya","country_code":"KEN","species_name":"Pinus_maximinoi","genus":"Pinus","species":"maximinoi","suitability_name":"Very suitable","suitability_rank":1,"source_layer":"KCFP_SSMT_Kenya","tz":null,"soil_description":null},"geometry":{"type":"Polygon","coordinates":[[[37.3521073019,-1.65623608],[37.3521087315,-1.6545060541],[37.3524384424,-1.6562363571],[37.3521073019,-1.65623608]]]}},{"type":"Feature","properties":{"country":"Kenya","country_code":"KEN","species_name":"Pinus_maximinoi","genus":"Pinus","species":"maximinoi","suitability_name":"Very suitable","suitability_rank":1,"source_layer":"KCFP_SSMT_Kenya","tz":null,"soil_description":null},"geometry":{"type":"Polygon","coordinates":[[[37.3437995506,-1.6339796022],[37.3487291842,-1.636770727],[37.3492447542,-1.6394763206],[37.3437950442,-1.6394717904],[37.3437995506,-1.6339796022]]]}},{"type":"Feature","properties":{"country":"Kenya","country_code":"KEN","species_name":"Pinus_maximinoi","genus":"Pinus","species":"maximinoi","suitability_name":"Very suitable","suitability_rank":1,"source_layer":"KCFP_SSMT_Kenya","tz":null,"soil_description":null},"geometry":{"type":"Polygon","coordinates":[[[37.3052217762,-1.4802478284],[37.3022937536,-1.4792986606],[37.2958198814,-1.4772000351],[37.2877791412,-1.4810372735],[37.2856388016,-1.4852715917],[37.2836312524,-1.489243167],[37.2798309104,-1.4974575265],[37.2773152409,-1.4832226954],[37.2773304189,-1.4634694319],[37.2717569,-1.4634651155],[37.2690853647,-1.4555283358],[37.2690115248,-1.4554479407],[37.269018172,-1.4467062961],[37.2609770624,-1.4467001071],[37.260693482,-1.446391348],[37.2606996099,-1.4383215828],[37.2274004013,-1.4382957935],[37.2273939158,-1.4466739495],[37.2190691776,-1.446667388],[37.2190626228,-1.4550455053],[37.210737891,-1.455038875],[37.2107246089,-1.4717950303],[37.2023998533,-1.4717882924],[37.2023931236,-1.4801663312],[37.1940683752,-1.4801595234],[37.1940547382,-1.4969155209],[37.1857299663,-1.4969086052],[37.1857230577,-1.5052865638],[37.1773982927,-1.5052795765],[37.1774052321,-1.496901656],[37.1607558803,-1.4968876639],[37.1607628438,-1.488509821],[37.1690874688,-1.4885167946],[37.1690943629,-1.4801389117],[37.1774189946,-1.4801458137],[37.1774121328,-1.4885237347],[37.1857368355,-1.4885306442],[37.1857572114,-1.4633967615],[37.1940818584,-1.4634035232],[37.1940927036,-1.4497852652],[37.1944050369,-1.4495587177],[37.2096226134,-1.425414495],[37.2183489197,-1.4218100203],[37.2185274829,-1.4215452385],[37.2185360033,-1.4215326041],[37.2190758591,-1.4215330242],[37.2274132592,-1.4215394805],[37.227423271,-1.4083539731],[37.2294127286,-1.4054038198],[37.2440589879,-1.4093671661],[37.244071835,-1.4093706421],[37.2440689808,-1.4131740514],[37.2523937025,-1.4131930455],[37.2523874292,-1.4215586426],[37.2690370618,-1.4215712649],[37.269041628,-1.4154283048],[37.2713093391,-1.4159615275],[37.2773514958,-1.4181489311],[37.2773644691,-1.4181536288],[37.2773619338,-1.4215775313],[37.2856868425,-1.4215837675],[37.2856871502,-1.4211666155],[37.2868768147,-1.4215972979],[37.2951088632,-1.4245774489],[37.2964415971,-1.4351110778],[37.295723999,-1.4435728131],[37.3004773648,-1.4591583862],[37.3022949087,-1.4604632524],[37.30653077,-1.4635042943],[37.3210426396,-1.4739227156],[37.3183175741,-1.4960306326],[37.3152533446,-1.4885350909],[37.3106150164,-1.4845371169],[37.3058900519,-1.4804644604],[37.3052217762,-1.4802478284]]]}},{"type":"Feature","properties":{"country":"Kenya","country_code":"KEN","species_name":"Pinus_maximinoi","genus":"Pinus","species":"maximinoi","suitability_name":"Very suitable","suitability_rank":1,"source_layer":"KCFP_SSMT_Kenya","tz":null,"soil_description":null},"geometry":{"type":"Polygon","coordinates":[[[37.3424120892,-1.4718974572],[37.3439257487,-1.471898589],[37.3439243248,-1.4738269309],[37.342549418,-1.4724645832],[37.3424120892,-1.4718974572]]]}},{"type":"Feature","properties":{"country":"Kenya","country_code":"KEN","species_name":"Pinus_maximinoi","genus":"Pinus","species":"maximinoi","suitability_name":"Very suitable","suitability_rank":1,"source_layer":"KCFP_SSMT_Kenya","tz":null,"soil_description":null},"geometry":{"type":"Polygon","coordinates":[[[37.2247394209,-1.4634406369],[37.2190519333,-1.468609048],[37.2190560213,-1.463436102],[37.2247531424,-1.4634281677],[37.2247394209,-1.4634406369]]]}},{"type":"Feature","properties":{"country":"Kenya","country_code":"KEN","species_name":"Pinus_maximinoi","genus":"Pinus","species":"maximinoi","suitability_name":"Very suitable","suitability_rank":1,"source_layer":"KCFP_SSMT_Kenya","tz":null,"soil_description":null},"geometry":{"type":"Polygon","coordinates":[[[37.3189868384,-1.4216084105],[37.3189807599,-1.4299869741],[37.3178894937,-1.4299861695],[37.3132147996,-1.4216041736],[37.3189868384,-1.4216084105]]]}},{"type":"Feature","properties":{"country":"Kenya","country_code":"KEN","species_name":"Pinus_maximinoi","genus":"Pinus","species":"maximinoi","suitability_name":"Very suitable","suitability_rank":1,"source_layer":"KCFP_SSMT_Kenya","tz":null,"soil_description":null},"geometry":{"type":"Polygon","coordinates":[[[37.3085401165,-1.4132222081],[37.3106678592,-1.4132237676],[37.3106651028,-1.4170324238],[37.3085401165,-1.4132222081]]]}},{"type":"Feature","properties":{"country":"Kenya","country_code":"KEN","species_name":"Pinus_maximinoi","genus":"Pinus","species":"maximinoi","suitability_name":"Very suitable","suitability_rank":1,"source_layer":"KCFP_SSMT_Kenya","tz":null,"soil_description":null},"geometry":{"type":"Polygon","coordinates":[[[37.3471998925,-1.3127059094],[37.3523616851,-1.3127093383],[37.3523602192,-1.3149463927],[37.352022611,-1.3149441381],[37.3471998925,-1.3127059094]]]}},{"type":"Feature","properties":{"country":"Kenya","country_code":"KEN","species_name":"Pinus_maximinoi","genus":"Pinus","species":"maximinoi","suitability_name":"Very suitable","suitability_rank":1,"source_layer":"KCFP_SSMT_Kenya","tz":null,"soil_description":null},"geometry":{"type":"Polygon","coordinates":[[[37.410628184,-1.3043683403],[37.410641674,-1.3043683489],[37.4106229079,-1.3127472964],[37.4070532671,-1.31274501],[37.4032788179,-1.3043636575],[37.410628184,-1.3043683403]]]}},{"type":"Feature","properties":{"country":"Kenya","country_code":"KEN","species_name":"Pinus_maximinoi","genus":"Pinus","species":"maximinoi","suitability_name":"Very suitable","suitability_rank":1,"source_layer":"KCFP_SSMT_Kenya","tz":null,"soil_description":null},"geometry":{"type":"Polygon","coordinates":[[[37.4023084506,-1.2959841107],[37.4023219082,-1.2959841192],[37.4023218999,-1.2959972453],[37.4023179839,-1.3022300818],[37.4006651409,-1.2985598738],[37.3999271049,-1.2959825975],[37.4023084506,-1.2959841107]]]}},{"type":"Feature","properties":{"country":"Kenya","country_code":"KEN","species_name":"Pinus_maximinoi","genus":"Pinus","species":"maximinoi","suitability_name":"Very suitable","suitability_rank":1,"source_layer":"KCFP_SSMT_Kenya","tz":null,"soil_description":null},"geometry":{"type":"Polygon","coordinates":[[[37.3939939988,-1.2792210309],[37.3940074249,-1.2792210402],[37.3940054511,-1.2823923261],[37.3939920305,-1.2823821588],[37.3898160677,-1.2792183963],[37.3939939988,-1.2792210309]]]}},{"type":"Feature","properties":{"country":"Kenya","country_code":"KEN","species_name":"Pinus_maximinoi","genus":"Pinus","species":"maximinoi","suitability_name":"Very suitable","suitability_rank":1,"source_layer":"KCFP_SSMT_Kenya","tz":null,"soil_description":null},"geometry":{"type":"Polygon","coordinates":[[[37.2761772715,-1.1367113863],[37.2775519432,-1.1367122121],[37.2775513455,-1.1377202868],[37.2761772715,-1.1367113863]]]}},{"type":"Feature","properties":{"country":"Kenya","country_code":"KEN","species_name":"Pinus_maximinoi","genus":"Pinus","species":"maximinoi","suitability_name":"Very suitable","suitability_rank":1,"source_layer":"KCFP_SSMT_Kenya","tz":null,"soil_description":null},"geometry":{"type":"Polygon","coordinates":[[[37.2661491459,-1.1283269884],[37.2692329605,-1.128328837],[37.2692312205,-1.1312683557],[37.2692182841,-1.1312560095],[37.2661635836,-1.1283407679],[37.2661491459,-1.1283269884]]]}},{"type":"Feature","properties":{"country":"Kenya","country_code":"KEN","species_name":"Pinus_maximinoi","genus":"Pinus","species":"maximinoi","suitability_name":"Very suitable","suitability_rank":1,"source_layer":"KCFP_SSMT_Kenya","tz":null,"soil_description":null},"geometry":{"type":"Polygon","coordinates":[[[37.2570875038,-1.1199432243],[37.2609140246,-1.1199455125],[37.2609120267,-1.1233289623],[37.2580014596,-1.1205512731],[37.2570875038,-1.1199432243]]]}},{"type":"Feature","properties":{"country":"Kenya","country_code":"KEN","species_name":"Pinus_maximinoi","genus":"Pinus","species":"maximinoi","suitability_name":"Very suitable","suitability_rank":1,"source_layer":"KCFP_SSMT_Kenya","tz":null,"soil_description":null},"geometry":{"type":"Polygon","coordinates":[[[37.2444828227,-1.1115573935],[37.2525951367,-1.1115622372],[37.2525919589,-1.1169523633],[37.2444828227,-1.1115573935]]]}},{"type":"Feature","properties":{"country":"Kenya","country_code":"KEN","species_name":"Pinus_maximinoi","genus":"Pinus","species":"maximinoi","suitability_name":"Very suitable","suitability_rank":1,"source_layer":"KCFP_SSMT_Kenya","tz":null,"soil_description":null},"geometry":{"type":"Polygon","coordinates":[[[37.1861696958,-0.799547788],[37.1816991217,-0.7986166311],[37.1778485844,-0.7958898672],[37.1778497832,-0.7931543177],[37.1861724896,-0.7931579997],[37.1861696958,-0.799547788]]]}},{"type":"Feature","properties":{"country":"Kenya","country_code":"KEN","species_name":"Pinus_maximinoi","genus":"Pinus","species":"maximinoi","suitability_name":"Very suitable","suitability_rank":1,"source_layer":"KCFP_SSMT_Kenya","tz":null,"soil_description":null},"geometry":{"type":"Polygon","coordinates":[[[37.2283260136,-0.7093943842],[37.2258462538,-0.6998312084],[37.2234216571,-0.6959275973],[37.2195012302,-0.6998894491],[37.2195039516,-0.6926346511],[37.2266738486,-0.6926373588],[37.2278266611,-0.6926377921],[37.2278235294,-0.7010159908],[37.2361462912,-0.7010191549],[37.2361431367,-0.7093973903],[37.2283260136,-0.7093943842]]]}},{"type":"Feature","properties":{"country":"Kenya","country_code":"KEN","species_name":"Pinus_maximinoi","genus":"Pinus","species":"maximinoi","suitability_name":"Very suitable","suitability_rank":1,"source_layer":"KCFP_SSMT_Kenya","tz":null,"soil_description":null},"geometry":{"type":"Polygon","coordinates":[[[37.4554509802,-0.5837887658],[37.4525865692,-0.5818079699],[37.4525883033,-0.5754088113],[37.4609118133,-0.5754110783],[37.460909551,-0.5837902719],[37.4554509802,-0.5837887658]]]}},{"type":"Feature","properties":{"country":"Kenya","country_code":"KEN","species_name":"Pinus_maximinoi","genus":"Pinus","species":"maximinoi","suitability_name":"Very suitable","suitability_rank":1,"source_layer":"KCFP_SSMT_Kenya","tz":null,"soil_description":null},"geometry":{"type":"Polygon","coordinates":[[[36.928349504,-0.3346163982],[36.935502515,-0.3399220399],[36.9395487368,-0.3406954599],[36.9283482173,-0.3406930402],[36.928349504,-0.3346163982]]]}},{"type":"Feature","properties":{"country":"Kenya","country_code":"KEN","species_name":"Pinus_maximinoi","genus":"Pinus","species":"maximinoi","suitability_name":"Very suitable","suitability_rank":1,"source_layer":"KCFP_SSMT_Kenya","tz":null,"soil_description":null},"geometry":{"type":"Polygon","coordinates":[[[37.3444488804,0.1619306025],[37.3444487163,0.1639291307],[37.3487563742,0.1619309563],[37.3444488804,0.1619306025]]]}},{"type":"Feature","properties":{"country":"Kenya","country_code":"KEN","species_name":"Pinus_maximinoi","genus":"Pinus","species":"maximinoi","suitability_name":"Very suitable","suitability_rank":1,"source_layer":"KCFP_SSMT_Kenya","tz":null,"soil_description":null},"geometry":{"type":"Polygon","coordinates":[[[37.5362070394,-1.9138812008],[37.5353768757,-1.9161427315],[37.5350843842,-1.9161424808],[37.5350985551,-1.8993944935],[37.5351056074,-1.8910042909],[37.5411720244,-1.8910094311],[37.5409589487,-1.8930891766],[37.5412935679,-1.8993997648],[37.541383782,-1.9011011652],[37.5372174042,-1.9111312076],[37.5362070394,-1.9138812008]]]}},{"type":"Feature","properties":{"country":"Kenya","country_code":"KEN","species_name":"Pinus_maximinoi","genus":"Pinus","species":"maximinoi","suitability_name":"Very suitable","suitability_rank":1,"source_layer":"KCFP_SSMT_Kenya","tz":null,"soil_description":null},"geometry":{"type":"Polygon","coordinates":[[[37.5252459259,-1.8239609352],[37.5268332611,-1.8239622433],[37.5268318055,-1.8257496372],[37.5252459259,-1.8239609352]]]}},{"type":"Feature","properties":{"country":"Kenya","country_code":"KEN","species_name":"Pinus_maximinoi","genus":"Pinus","species":"maximinoi","suitability_name":"Very suitable","suitability_rank":1,"source_layer":"KCFP_SSMT_Kenya","tz":null,"soil_description":null},"geometry":{"type":"Polygon","coordinates":[[[37.5222417914,-1.7485441776],[37.5185704055,-1.7430943578],[37.5185760147,-1.735904515],[37.5191189191,-1.7341884553],[37.5195016408,-1.73178329],[37.5212290638,-1.7209272454],[37.5249194732,-1.7154607559],[37.5304144828,-1.7166389197],[37.5326634627,-1.7267233534],[37.5359750746,-1.7317961655],[37.538364065,-1.7354556783],[37.5366743413,-1.7401875496],[37.5352239033,-1.7442492824],[37.5352098985,-1.7442885018],[37.5336869633,-1.7485532091],[37.5336828982,-1.7485645908],[37.5323338418,-1.752342341],[37.5268899942,-1.752831626],[37.5268933308,-1.748559242],[37.5268933397,-1.7485478563],[37.5222417914,-1.7485441776]]]}},{"type":"Feature","properties":{"country":"Kenya","country_code":"KEN","species_name":"Pinus_maximinoi","genus":"Pinus","species":"maximinoi","suitability_name":"Very suitable","suitability_rank":1,"source_layer":"KCFP_SSMT_Kenya","tz":null,"soil_description":null},"geometry":{"type":"Polygon","coordinates":[[[37.5643161722,-1.6647817495],[37.560260959,-1.6700361194],[37.5602647797,-1.6647787768],[37.5602708445,-1.656399264],[37.5685978033,-1.6564053341],[37.5685951093,-1.6601544025],[37.5675350227,-1.6606067179],[37.564401351,-1.6646713818],[37.5643161722,-1.6647817495]]]}},{"type":"Feature","properties":{"country":"Kenya","country_code":"KEN","species_name":"Pinus_maximinoi","genus":"Pinus","species":"maximinoi","suitability_name":"Very suitable","suitability_rank":1,"source_layer":"KCFP_SSMT_Kenya","tz":null,"soil_description":null},"geometry":{"type":"Polygon","coordinates":[[[37.5269627458,-1.6571496725],[37.5207771189,-1.6607623025],[37.5186265239,-1.6697652462],[37.5186365146,-1.6563683859],[37.5269633193,-1.6563746319],[37.5269627458,-1.6571496725]]]}},{"type":"Feature","properties":{"country":"Kenya","country_code":"KEN","species_name":"Pinus_maximinoi","genus":"Pinus","species":"maximinoi","suitability_name":"Very suitable","suitability_rank":1,"source_layer":"KCFP_SSMT_Kenya","tz":null,"soil_description":null},"geometry":{"type":"Polygon","coordinates":[[[37.660251193,-1.572671049],[37.6602565235,-1.5642911724],[37.6685834614,-1.5642965049],[37.668578164,-1.572676411],[37.660251193,-1.572671049]]]}},{"type":"Feature","properties":{"country":"Kenya","country_code":"KEN","species_name":"Pinus_maximinoi","genus":"Pinus","species":"maximinoi","suitability_name":"Very suitable","suitability_rank":1,"source_layer":"KCFP_SSMT_Kenya","tz":null,"soil_description":null},"geometry":{"type":"Polygon","coordinates":[[[37.6519402534,-1.5475261069],[37.6519296132,-1.5642858057],[37.6436027315,-1.5642804049],[37.6436134384,-1.5475207649],[37.6519402534,-1.5475261069]]]}},{"type":"Feature","properties":{"country":"Kenya","country_code":"KEN","species_name":"Pinus_maximinoi","genus":"Pinus","species":"maximinoi","suitability_name":"Very suitable","suitability_rank":1,"source_layer":"KCFP_SSMT_Kenya","tz":null,"soil_description":null},"geometry":{"type":"Polygon","coordinates":[[[37.6606854541,-0.5754618233],[37.6637870446,-0.5754625557],[37.6642828903,-0.5838426189],[37.6606834852,-0.5838417559],[37.6606854541,-0.5754618233]]]}},{"type":"Feature","properties":{"country":"Kenya","country_code":"KEN","species_name":"Pinus_maximinoi","genus":"Pinus","species":"maximinoi","suitability_name":"Very suitable","suitability_rank":1,"source_layer":"KCFP_SSMT_Kenya","tz":null,"soil_description":null},"geometry":{"type":"Polygon","coordinates":[[[37.5829222888,-0.5670632489],[37.5857703357,-0.5670639501],[37.5857700234,-0.5683453729],[37.5829222888,-0.5670632489]]]}},{"type":"Feature","properties":{"country":"Kenya","country_code":"KEN","species_name":"Pinus_maximinoi","genus":"Pinus","species":"maximinoi","suitability_name":"Very suitable","suitability_rank":1,"source_layer":"KCFP_SSMT_Kenya","tz":null,"soil_description":null},"geometry":{"type":"Polygon","coordinates":[[[37.6856658118,-0.5419475955],[37.6939901238,-0.5419494083],[37.6939883114,-0.5503454537],[37.6939883149,-0.550329456],[37.7071106357,-0.5503323341],[37.7071061524,-0.550348331],[37.6937055731,-0.5632108259],[37.6856614615,-0.5617652812],[37.6790606324,-0.5605790927],[37.6773228979,-0.5606015288],[37.6690131054,-0.5607088098],[37.6690135574,-0.5587038602],[37.6856475966,-0.5587076303],[37.6856621429,-0.5587076336],[37.6856639887,-0.5503436137],[37.6856658118,-0.5419475955]]]}},{"type":"Feature","properties":{"country":"Kenya","country_code":"KEN","species_name":"Pinus_maximinoi","genus":"Pinus","species":"maximinoi","suitability_name":"Very suitable","suitability_rank":1,"source_layer":"KCFP_SSMT_Kenya","tz":null,"soil_description":null},"geometry":{"type":"Polygon","coordinates":[[[37.6773415286,-0.5419457711],[37.6773408407,-0.5451077468],[37.6773396958,-0.5503257625],[37.6690154292,-0.5503238983],[37.6690158889,-0.548246342],[37.6690172727,-0.5419439353],[37.6773415286,-0.5419457711]]]}},{"type":"Feature","properties":{"country":"Kenya","country_code":"KEN","species_name":"Pinus_maximinoi","genus":"Pinus","species":"maximinoi","suitability_name":"Very suitable","suitability_rank":1,"source_layer":"KCFP_SSMT_Kenya","tz":null,"soil_description":null},"geometry":{"type":"Polygon","coordinates":[[[37.8102185537,-0.2654195366],[37.8105584818,-0.2654195696],[37.8105584664,-0.2655809332],[37.8102185537,-0.2654195366]]]}},{"type":"Feature","properties":{"country":"Kenya","country_code":"KEN","species_name":"Pinus_maximinoi","genus":"Pinus","species":"maximinoi","suitability_name":"Very suitable","suitability_rank":1,"source_layer":"KCFP_SSMT_Kenya","tz":null,"soil_description":null},"geometry":{"type":"Polygon","coordinates":[[[37.7856027108,-0.2402932696],[37.785601937,-0.2489115296],[37.7832031975,-0.2454599549],[37.7826425874,-0.240275812],[37.7855877823,-0.2402760759],[37.7856027108,-0.2402932696]]]}},{"type":"Feature","properties":{"country":"Kenya","country_code":"KEN","species_name":"Pinus_maximinoi","genus":"Pinus","species":"maximinoi","suitability_name":"Very suitable","suitability_rank":1,"source_layer":"KCFP_SSMT_Kenya","tz":null,"soil_description":null},"geometry":{"type":"Polygon","coordinates":[[[37.9099443507,0.0949421503],[37.9024951738,0.089465474],[37.9021539476,0.0894648015],[37.9021537799,0.0949419031],[37.9099443507,0.0949421503]]]}},{"type":"Feature","properties":{"country":"Kenya","country_code":"KEN","species_name":"Pinus_maximinoi","genus":"Pinus","species":"maximinoi","suitability_name":"Very suitable","suitability_rank":1,"source_layer":"KCFP_SSMT_Kenya","tz":null,"soil_description":null},"geometry":{"type":"Polygon","coordinates":[[[37.9521011733,0.1146666356],[37.9521012796,0.1117051335],[37.9437765434,0.1117048334],[37.9437762925,0.1185232865],[37.9511052799,0.1158605867],[37.9521011733,0.1146666356]]]}},{"type":"Feature","properties":{"country":"Kenya","country_code":"KEN","species_name":"Pinus_maximinoi","genus":"Pinus","species":"maximinoi","suitability_name":"Very suitable","suitability_rank":1,"source_layer":"KCFP_SSMT_Kenya","tz":null,"soil_description":null},"geometry":{"type":"Polygon","coordinates":[[[37.927126702,0.123175188],[37.9271268241,0.1200849939],[37.9223288796,0.1200848039],[37.927126702,0.123175188]]]}},{"type":"Feature","properties":{"country":"Kenya","country_code":"KEN","species_name":"Pinus_maximinoi","genus":"Pinus","species":"maximinoi","suitability_name":"Very suitable","suitability_rank":1,"source_layer":"KCFP_SSMT_Kenya","tz":null,"soil_description":null},"geometry":{"type":"Polygon","coordinates":[[[37.9465481745,0.3556289853],[37.9520661664,0.3683993576],[37.9570237451,0.3798728474],[37.9626284063,0.3928439968],[37.9967182123,0.4419768857],[37.9974000978,0.4469250083],[37.9997127348,0.463707077],[38.0002184575,0.4673770213],[38.0020187818,0.4693183693],[38.0045879021,0.4720887374],[38.0103426583,0.4782942857],[38.0123610989,0.4804708405],[38.0186665524,0.4872702361],[38.020134312,0.4888529749],[38.0356807893,0.505617332],[38.0436396192,0.5056185181],[38.0436408355,0.4972374517],[38.051966122,0.4972386615],[38.0519643058,0.509811326],[38.0587492576,0.4947964033],[38.0598275481,0.4502696474],[38.0536290591,0.4221428419],[38.0495599774,0.4134275032],[38.0436518788,0.413426789],[38.0436528714,0.4050457223],[38.0456467238,0.405045958],[38.0366334684,0.3857411773],[38.051980017,0.3877857558],[38.0519835366,0.3547406917],[38.051967578,0.35474069],[38.0519684198,0.3463790852],[38.0436592503,0.3463782456],[38.0436600803,0.3379971766],[38.0353349816,0.3379963477],[38.03533886,0.2960911043],[38.0270138143,0.2960903728],[38.0270152343,0.2793283156],[38.018690223,0.2793084249],[38.0186743941,0.2793084236],[38.0186750773,0.2709466104],[38.006359077,0.2709455998],[38.0064165828,0.2722271215],[38.0057230384,0.2709455464],[38.0020409558,0.2709452425],[38.0020415055,0.2641425909],[37.9966516226,0.2541828906],[37.9937173521,0.2541826608],[37.9937173545,0.2541635639],[37.9937020369,0.2487325176],[37.986714753,0.2358211791],[37.9853939341,0.2342788648],[37.9750449708,0.2221944625],[37.9687289112,0.2294704044],[37.9632569317,0.2357739531],[37.9406926403,0.2411697196],[37.9306414271,0.2729805408],[37.9215785129,0.2820308164],[37.9187760956,0.2815912616],[37.90986314,0.2801932753],[37.9102465364,0.2876794919],[37.9115351598,0.3128437553],[37.9465481745,0.3556289853]]]}},{"type":"Feature","properties":{"country":"Kenya","country_code":"KEN","species_name":"Pinus_maximinoi","genus":"Pinus","species":"maximinoi","suitability_name":"Very suitable","suitability_rank":1,"source_layer":"KCFP_SSMT_Kenya","tz":null,"soil_description":null},"geometry":{"type":"Polygon","coordinates":[[[37.8188536287,0.5642443947],[37.8210212386,0.5642448373],[37.8188550204,0.5573018057],[37.8188536287,0.5642443947]]]}},{"type":"Feature","properties":{"country":"Kenya","country_code":"KEN","species_name":"Pinus_maximinoi","genus":"Pinus","species":"maximinoi","suitability_name":"Very suitable","suitability_rank":1,"source_layer":"KCFP_SSMT_Kenya","tz":null,"soil_description":null},"geometry":{"type":"Polygon","coordinates":[[[37.8105218813,0.5977439488],[37.8111561274,0.5977440871],[37.8111977256,0.5893840927],[37.8105236676,0.5893839478],[37.8105218813,0.5977439488]]]}},{"type":"Feature","properties":{"country":"Kenya","country_code":"KEN","species_name":"Pinus_maximinoi","genus":"Pinus","species":"maximinoi","suitability_name":"Very suitable","suitability_rank":1,"source_layer":"KCFP_SSMT_Kenya","tz":null,"soil_description":null},"geometry":{"type":"Polygon","coordinates":[[[38.5919023634,-3.5344185598],[38.5836286886,-3.5256594483],[38.5805603881,-3.5089631601],[38.5813710603,-3.4915966276],[38.580972715,-3.4819947686],[38.5833223339,-3.4735552003],[38.5879173364,-3.4699222652],[38.5923989144,-3.4720454575],[38.5923973237,-3.4757514766],[38.5954303649,-3.4757527871],[38.598528093,-3.4875846723],[38.5993333238,-3.4925131775],[38.6007277849,-3.5010480526],[38.6007242965,-3.5092772324],[38.6007150448,-3.5310033673],[38.5993364033,-3.5339895165],[38.5983773754,-3.534421394],[38.5919023634,-3.5344185598]]]}},{"type":"Feature","properties":{"country":"Kenya","country_code":"KEN","species_name":"Pinus_maximinoi","genus":"Pinus","species":"maximinoi","suitability_name":"Very suitable","suitability_rank":1,"source_layer":"KCFP_SSMT_Kenya","tz":null,"soil_description":null},"geometry":{"type":"Polygon","coordinates":[[[38.3478935662,-3.4954197617],[38.3505120345,-3.4961227085],[38.3505088447,-3.5007549868],[38.3426488556,-3.5007494866],[38.3421677961,-3.5007491478],[38.342168147,-3.5002474169],[38.342173637,-3.4923677705],[38.3338326774,-3.4923618712],[38.3338363396,-3.4871624126],[38.3356196371,-3.4880236306],[38.3421761692,-3.4887277618],[38.3424704339,-3.4887593629],[38.3454103629,-3.4923700397],[38.3478935662,-3.4954197617]]]}},{"type":"Feature","properties":{"country":"Kenya","country_code":"KEN","species_name":"Pinus_maximinoi","genus":"Pinus","species":"maximinoi","suitability_name":"Very suitable","suitability_rank":1,"source_layer":"KCFP_SSMT_Kenya","tz":null,"soil_description":null},"geometry":{"type":"Polygon","coordinates":[[[38.3643444113,-3.4923830897],[38.3671809442,-3.4900679056],[38.3671793941,-3.4923850098],[38.3643444113,-3.4923830897]]]}},{"type":"Feature","properties":{"country":"Kenya","country_code":"KEN","species_name":"Pinus_maximinoi","genus":"Pinus","species":"maximinoi","suitability_name":"Very suitable","suitability_rank":1,"source_layer":"KCFP_SSMT_Kenya","tz":null,"soil_description":null},"geometry":{"type":"Polygon","coordinates":[[[38.372364719,-3.4840070687],[38.3755289078,-3.4794566506],[38.375525908,-3.4840091772],[38.372364719,-3.4840070687]]]}},{"type":"Feature","properties":{"country":"Kenya","country_code":"KEN","species_name":"Pinus_maximinoi","genus":"Pinus","species":"maximinoi","suitability_name":"Very suitable","suitability_rank":1,"source_layer":"KCFP_SSMT_Kenya","tz":null,"soil_description":null},"geometry":{"type":"Polygon","coordinates":[[[38.3004801214,-3.4772536413],[38.3004751771,-3.4839562241],[38.2921343646,-3.4839499675],[38.2921420657,-3.4736277882],[38.2943679584,-3.4763396031],[38.3004801214,-3.4772536413]]]}},{"type":"Feature","properties":{"country":"Kenya","country_code":"KEN","species_name":"Pinus_maximinoi","genus":"Pinus","species":"maximinoi","suitability_name":"Very suitable","suitability_rank":1,"source_layer":"KCFP_SSMT_Kenya","tz":null,"soil_description":null},"geometry":{"type":"Polygon","coordinates":[[[38.3254994513,-3.4574781407],[38.3255164977,-3.4574802073],[38.3262537728,-3.4575695791],[38.3274805259,-3.4672132476],[38.3274811329,-3.4672180227],[38.32776722,-3.469466986],[38.3305103224,-3.4839781358],[38.3254977058,-3.4839745456],[38.3255096081,-3.4672166143],[38.3255096124,-3.4672118396],[38.3254925643,-3.4672118283],[38.3171689008,-3.4672058354],[38.3171744135,-3.4595116874],[38.3203219976,-3.4568505151],[38.3254994513,-3.4574781407]]]}},{"type":"Feature","properties":{"country":"Kenya","country_code":"KEN","species_name":"Pinus_maximinoi","genus":"Pinus","species":"maximinoi","suitability_name":"Very suitable","suitability_rank":1,"source_layer":"KCFP_SSMT_Kenya","tz":null,"soil_description":null},"geometry":{"type":"Polygon","coordinates":[[[38.2754719433,-3.4587934428],[38.2827438879,-3.4587989891],[38.2871165659,-3.4671835897],[38.2754655721,-3.4671747076],[38.2754719433,-3.4587934428]]]}},{"type":"Feature","properties":{"country":"Kenya","country_code":"KEN","species_name":"Pinus_maximinoi","genus":"Pinus","species":"maximinoi","suitability_name":"Very suitable","suitability_rank":1,"source_layer":"KCFP_SSMT_Kenya","tz":null,"soil_description":null},"geometry":{"type":"Polygon","coordinates":[[[38.3482949857,-3.4727959091],[38.3421908114,-3.4676064071],[38.3412549128,-3.4668107393],[38.3392835529,-3.4560536241],[38.3416681041,-3.4423562022],[38.3380945767,-3.4315922637],[38.3344729784,-3.427908822],[38.3324118596,-3.4241425249],[38.3367840549,-3.4242712867],[38.3484722759,-3.4188517011],[38.35567041,-3.4085630329],[38.3593463194,-3.403140697],[38.3583455132,-3.4001834015],[38.3575632691,-3.3978719306],[38.3539882317,-3.3917990635],[38.3514831996,-3.3875437585],[38.3505858828,-3.387066767],[38.3410331093,-3.3819886633],[38.3300699188,-3.3826032957],[38.319279911,-3.391780235],[38.3183324345,-3.3925860514],[38.3172047547,-3.3926959513],[38.3050820549,-3.3938773004],[38.3034935578,-3.3917638888],[38.2969611758,-3.3830727923],[38.2896917633,-3.3791379138],[38.283868745,-3.3830293826],[38.2825696345,-3.3838975554],[38.2793320921,-3.3884463708],[38.280868498,-3.3950916309],[38.2852696201,-3.4001368769],[38.2880932146,-3.4033736851],[38.2960103977,-3.4112052302],[38.3041970649,-3.4169133629],[38.3082641657,-3.4197490927],[38.3171991275,-3.4248058792],[38.3240067627,-3.4286586117],[38.3193356608,-3.4360413387],[38.3146557529,-3.4420648564],[38.3110302415,-3.4467311788],[38.3027994928,-3.4485097599],[38.3004864394,-3.4455344644],[38.2977757452,-3.4420476524],[38.2960113111,-3.439778017],[38.2934532929,-3.4252867657],[38.2933870923,-3.4249117348],[38.2879234401,-3.4214459122],[38.2806291107,-3.4198026874],[38.2754863501,-3.4173709844],[38.2713074074,-3.4153949851],[38.2677543096,-3.4057607195],[38.2690180942,-3.3922758729],[38.2693702852,-3.3917386203],[38.2755293422,-3.3823431013],[38.2803531472,-3.3749842993],[38.2824591984,-3.3717714276],[38.2937467729,-3.3604058929],[38.2947613045,-3.358237449],[38.2974801929,-3.3524260749],[38.2998868636,-3.3382593472],[38.3027245373,-3.3288901194],[38.3079937583,-3.3270960209],[38.3172451712,-3.3346058231],[38.3179492007,-3.335177309],[38.3255996182,-3.337746482],[38.3304606956,-3.3393788988],[38.3387188636,-3.3331189094],[38.342283734,-3.3304165588],[38.3493270786,-3.3250772575],[38.3569771124,-3.3163735367],[38.3569818171,-3.3163681843],[38.3589562521,-3.3141217588],[38.3589734371,-3.3141022052],[38.3643394616,-3.3079968953],[38.3643441942,-3.3079915112],[38.3657297099,-3.3064150904],[38.3673182662,-3.3056587326],[38.3728446196,-3.3030274432],[38.3756587769,-3.3039052973],[38.3803415624,-3.3053660338],[38.3825313746,-3.308003046],[38.3839945752,-3.3097650483],[38.3866519269,-3.3129650446],[38.3839881111,-3.3202158482],[38.3839708122,-3.3202629343],[38.3823164858,-3.3247658681],[38.3819534884,-3.3257539111],[38.3783777084,-3.3406047775],[38.3798428325,-3.3499087235],[38.3839468849,-3.3586544027],[38.3839641328,-3.3586902793],[38.3863976831,-3.3637521452],[38.38924816,-3.3770370401],[38.3850513306,-3.3877536774],[38.377415856,-3.3989150719],[38.3755774548,-3.4049056721],[38.3744512491,-3.4085754687],[38.3727240449,-3.4142035709],[38.3714566616,-3.416959923],[38.3685313747,-3.4233218637],[38.3672239831,-3.4251406403],[38.3670853427,-3.425333508],[38.3670817971,-3.4253384423],[38.3595364685,-3.4358349186],[38.3569204891,-3.4497660746],[38.3561532538,-3.4602756281],[38.3540276833,-3.4700870392],[38.3505116006,-3.4717484995],[38.3482949857,-3.4727959091]]]}},{"type":"Feature","properties":{"country":"Kenya","country_code":"KEN","species_name":"Pinus_maximinoi","genus":"Pinus","species":"maximinoi","suitability_name":"Very suitable","suitability_rank":1,"source_layer":"KCFP_SSMT_Kenya","tz":null,"soil_description":null},"geometry":{"type":"Polygon","coordinates":[[[38.2671506357,-3.4336432531],[38.2671547587,-3.4282319785],[38.2698882718,-3.4336453568],[38.2671506357,-3.4336432531]]]}},{"type":"Feature","properties":{"country":"Kenya","country_code":"KEN","species_name":"Pinus_maximinoi","genus":"Pinus","species":"maximinoi","suitability_name":"Very suitable","suitability_rank":1,"source_layer":"KCFP_SSMT_Kenya","tz":null,"soil_description":null},"geometry":{"type":"Polygon","coordinates":[[[38.2588167786,-3.4252555554],[38.2588194924,-3.4217253808],[38.2644742153,-3.4252599329],[38.2588167786,-3.4252555554]]]}},{"type":"Feature","properties":{"country":"Kenya","country_code":"KEN","species_name":"Pinus_maximinoi","genus":"Pinus","species":"maximinoi","suitability_name":"Very suitable","suitability_rank":1,"source_layer":"KCFP_SSMT_Kenya","tz":null,"soil_description":null},"geometry":{"type":"Polygon","coordinates":[[[38.2474565146,-3.4024340444],[38.23939269,-3.4103852693],[38.2417734159,-3.4168609519],[38.233802812,-3.4168545999],[38.2338160743,-3.4000922089],[38.2496411935,-3.4001046931],[38.2474565146,-3.4024340444]]]}},{"type":"Feature","properties":{"country":"Kenya","country_code":"KEN","species_name":"Pinus_maximinoi","genus":"Pinus","species":"maximinoi","suitability_name":"Very suitable","suitability_rank":1,"source_layer":"KCFP_SSMT_Kenya","tz":null,"soil_description":null},"geometry":{"type":"Polygon","coordinates":[[[38.250502502,-3.3917241298],[38.2574960305,-3.391729544],[38.2504967449,-3.3991924812],[38.250502502,-3.3917241298]]]}},{"type":"Feature","properties":{"country":"Kenya","country_code":"KEN","species_name":"Pinus_maximinoi","genus":"Pinus","species":"maximinoi","suitability_name":"Very suitable","suitability_rank":1,"source_layer":"KCFP_SSMT_Kenya","tz":null,"soil_description":null},"geometry":{"type":"Polygon","coordinates":[[[38.2631566537,-3.3613447678],[38.263175994,-3.3665952802],[38.2632173205,-3.3778197312],[38.2588436343,-3.3901584617],[38.2588615108,-3.3665919959],[38.2588741497,-3.3498295555],[38.2588804494,-3.3414430755],[38.2626575597,-3.3414459294],[38.2616934368,-3.3498316922],[38.2631566537,-3.3613447678]]]}},{"type":"Feature","properties":{"country":"Kenya","country_code":"KEN","species_name":"Pinus_maximinoi","genus":"Pinus","species":"maximinoi","suitability_name":"Very suitable","suitability_rank":1,"source_layer":"KCFP_SSMT_Kenya","tz":null,"soil_description":null},"geometry":{"type":"Polygon","coordinates":[[[38.4206369109,-3.3360783836],[38.4340015795,-3.3318564232],[38.4423605257,-3.3287506797],[38.4467430288,-3.3270955233],[38.4557166878,-3.3205046705],[38.4590284255,-3.3177269918],[38.4590459916,-3.3177122582],[38.4605743748,-3.3164303361],[38.4665463508,-3.3114213174],[38.4673881062,-3.3131090181],[38.4690496155,-3.3164402946],[38.4673687346,-3.3164393875],[38.4673617416,-3.3294818977],[38.4623917583,-3.3358974348],[38.4590342318,-3.3392715589],[38.4567440971,-3.3415729917],[38.449280937,-3.3490728482],[38.4409220605,-3.3668472568],[38.4381463352,-3.3723174798],[38.4335468456,-3.3759498647],[38.4253813364,-3.3699453744],[38.4224666,-3.3632967605],[38.4156720466,-3.3570834057],[38.4139059987,-3.3486105893],[38.4206369109,-3.3360783836]]]}},{"type":"Feature","properties":{"country":"Kenya","country_code":"KEN","species_name":"Pinus_maximinoi","genus":"Pinus","species":"maximinoi","suitability_name":"Very suitable","suitability_rank":1,"source_layer":"KCFP_SSMT_Kenya","tz":null,"soil_description":null},"geometry":{"type":"Polygon","coordinates":[[[38.4090091032,-3.3164061146],[38.419369695,-3.3164122746],[38.4173951408,-3.3186589496],[38.4081915481,-3.3254654233],[38.4042797224,-3.3247847473],[38.4089867574,-3.3247822648],[38.4090041227,-3.3247822762],[38.4090091032,-3.3164061146]]]}},{"type":"Feature","properties":{"country":"Kenya","country_code":"KEN","species_name":"Pinus_maximinoi","genus":"Pinus","species":"maximinoi","suitability_name":"Very suitable","suitability_rank":1,"source_layer":"KCFP_SSMT_Kenya","tz":null,"soil_description":null},"geometry":{"type":"Polygon","coordinates":[[[38.3425271511,-3.3079826197],[38.337988458,-3.3179056342],[38.3339536623,-3.3162539855],[38.3339591938,-3.3079768804],[38.3425271511,-3.3079826197]]]}},{"type":"Feature","properties":{"country":"Kenya","country_code":"KEN","species_name":"Pinus_maximinoi","genus":"Pinus","species":"maximinoi","suitability_name":"Very suitable","suitability_rank":1,"source_layer":"KCFP_SSMT_Kenya","tz":null,"soil_description":null},"geometry":{"type":"Polygon","coordinates":[[[38.3062375256,-3.3079524139],[38.3029099751,-3.3119438548],[38.3005991065,-3.3118409196],[38.3006018362,-3.3079484402],[38.3062375256,-3.3079524139]]]}},{"type":"Feature","properties":{"country":"Kenya","country_code":"KEN","species_name":"Pinus_maximinoi","genus":"Pinus","species":"maximinoi","suitability_name":"Very suitable","suitability_rank":1,"source_layer":"KCFP_SSMT_Kenya","tz":null,"soil_description":null},"geometry":{"type":"Polygon","coordinates":[[[38.4569600154,-3.29128903],[38.4564832462,-3.2921216603],[38.4507187597,-3.2951578937],[38.4507208815,-3.2912855981],[38.4569600154,-3.29128903]]]}},{"type":"Feature","properties":{"country":"Kenya","country_code":"KEN","species_name":"Pinus_maximinoi","genus":"Pinus","species":"maximinoi","suitability_name":"Very suitable","suitability_rank":1,"source_layer":"KCFP_SSMT_Kenya","tz":null,"soil_description":null},"geometry":{"type":"Polygon","coordinates":[[[38.3718866578,-3.2828574234],[38.3680049071,-3.286274941],[38.3673304096,-3.2864357572],[38.3673326632,-3.2828545395],[38.3718866578,-3.2828574234]]]}},{"type":"Feature","properties":{"country":"Kenya","country_code":"KEN","species_name":"Pinus_maximinoi","genus":"Pinus","species":"maximinoi","suitability_name":"Very suitable","suitability_rank":1,"source_layer":"KCFP_SSMT_Kenya","tz":null,"soil_description":null},"geometry":{"type":"Polygon","coordinates":[[[38.0103273106,-0.5755495906],[38.0103272558,-0.5758677582],[38.0097152774,-0.57553358],[38.0103115144,-0.5755336842],[38.0103273134,-0.5755336869],[38.0103273106,-0.5755495906]]]}},{"type":"Feature","properties":{"country":"Kenya","country_code":"KEN","species_name":"Pinus_maximinoi","genus":"Pinus","species":"maximinoi","suitability_name":"Very suitable","suitability_rank":1,"source_layer":"KCFP_SSMT_Kenya","tz":null,"soil_description":null},"geometry":{"type":"Polygon","coordinates":[[[38.0226728801,-0.533630771],[38.0213797091,-0.5252495544],[38.0269702427,-0.5252504323],[38.0269861045,-0.5252504356],[38.026984798,-0.5336314591],[38.0269689362,-0.5336314566],[38.0226728801,-0.533630771]]]}},{"type":"Feature","properties":{"country":"Kenya","country_code":"KEN","species_name":"Pinus_maximinoi","genus":"Pinus","species":"maximinoi","suitability_name":"Very suitable","suitability_rank":1,"source_layer":"KCFP_SSMT_Kenya","tz":null,"soil_description":null},"geometry":{"type":"Polygon","coordinates":[[[38.0186621378,-0.5168842523],[38.0186618991,-0.5184373024],[38.011759381,-0.5085022215],[38.0117481513,-0.5084860583],[38.0186634163,-0.5084871194],[38.0186621378,-0.5168842523]]]}},{"type":"Feature","properties":{"country":"Kenya","country_code":"KEN","species_name":"Pinus_maximinoi","genus":"Pinus","species":"maximinoi","suitability_name":"Very suitable","suitability_rank":1,"source_layer":"KCFP_SSMT_Kenya","tz":null,"soil_description":null},"geometry":{"type":"Polygon","coordinates":[[[38.0057580047,0.2038977475],[38.0103548908,0.2038980326],[38.0103553921,0.1955170459],[38.0069447165,0.1955168422],[38.0057580047,0.2038977475]]]}},{"type":"Feature","properties":{"country":"Kenya","country_code":"KEN","species_name":"Pinus_maximinoi","genus":"Pinus","species":"maximinoi","suitability_name":"Very suitable","suitability_rank":1,"source_layer":"KCFP_SSMT_Kenya","tz":null,"soil_description":null},"geometry":{"type":"Polygon","coordinates":[[[38.0103543677,0.2122790202],[38.004571271,0.2122786465],[38.0039294631,0.2168111246],[38.0041013628,0.2206406192],[38.0103538265,0.2206410393],[38.0103543677,0.2122790202]]]}},{"type":"Feature","properties":{"country":"Kenya","country_code":"KEN","species_name":"Pinus_maximinoi","genus":"Pinus","species":"maximinoi","suitability_name":"Very suitable","suitability_rank":1,"source_layer":"KCFP_SSMT_Kenya","tz":null,"soil_description":null},"geometry":{"type":"Polygon","coordinates":[[[38.0557270036,0.3882849516],[38.0573744007,0.388504429],[38.0581693026,0.3882852268],[38.0557270036,0.3882849516]]]}}]}