{"type":"FeatureCollection","features":[{"type":"Feature","properties":{"country":"Kenya","country_code":"KEN","species_name":"Pinus_patula","genus":"Pinus","species":"patula","suitability_name":"Very suitable","suitability_rank":1,"source_layer":"KCFP_SSMT_Kenya","tz":null,"soil_description":null},"geometry":{"type":"Polygon","coordinates":[[[34.7247494915,-1.0755471151],[34.7164453075,-1.0755353742],[34.7164569377,-1.0671767612],[34.7081528651,-1.0671650892],[34.7081736074,-1.0521227134],[34.708187278,-1.0420895212],[34.7233838926,-1.0421103618],[34.7330995671,-1.0421236487],[34.7330653534,-1.0672000381],[34.741369697,-1.0672116419],[34.7413581339,-1.075570529],[34.7579671365,-1.0755938525],[34.7579555274,-1.0839529194],[34.7586156621,-1.0839538517],[34.7662601862,-1.0839646367],[34.7662367456,-1.1006829505],[34.757932042,-1.1006710515],[34.7579438292,-1.0923119857],[34.7509744078,-1.0923020571],[34.7496392385,-1.0923001542],[34.7496509594,-1.0839411784],[34.724737794,-1.0839058187],[34.7247494915,-1.0755471151]]]}},{"type":"Feature","properties":{"country":"Kenya","country_code":"KEN","species_name":"Pinus_patula","genus":"Pinus","species":"patula","suitability_name":"Very suitable","suitability_rank":1,"source_layer":"KCFP_SSMT_Kenya","tz":null,"soil_description":null},"geometry":{"type":"Polygon","coordinates":[[[34.7662832686,-1.0672463224],[34.7662854041,-1.0656863149],[34.7663283549,-1.0338096851],[34.7746329707,-1.0338208383],[34.7746439956,-1.0254615882],[34.7829486803,-1.0254726297],[34.7829595942,-1.0171132882],[34.791264347,-1.01712422],[34.7913019798,-0.9877010719],[34.7913070288,-0.9836864881],[34.791397941,-0.9836866037],[34.8079166328,-0.983707569],[34.807937357,-0.9669883419],[34.8098811761,-0.9669907626],[34.8243898091,-0.9670087879],[34.824547234,-0.9670089832],[34.8244949636,-1.0088079393],[34.8161898771,-1.008797184],[34.8161817919,-1.0150971797],[34.8151911349,-1.0121514424],[34.8103930473,-1.0116627413],[34.807147261,-1.0171450647],[34.7995691881,-1.0171351296],[34.799558316,-1.0254946506],[34.7912534526,-1.0254836514],[34.7912424708,-1.0338430814],[34.7829376752,-1.0338319716],[34.7829288617,-1.0404793747],[34.7829265825,-1.042191312],[34.7912313981,-1.0422025125],[34.7912235868,-1.0480606745],[34.7878664688,-1.0505573846],[34.7829153995,-1.050550651],[34.7829104313,-1.0542431785],[34.7790847711,-1.0570882761],[34.7777846066,-1.0672622637],[34.7662832686,-1.0672463224]]]}},{"type":"Feature","properties":{"country":"Kenya","country_code":"KEN","species_name":"Pinus_patula","genus":"Pinus","species":"patula","suitability_name":"Very suitable","suitability_rank":1,"source_layer":"KCFP_SSMT_Kenya","tz":null,"soil_description":null},"geometry":{"type":"Polygon","coordinates":[[[34.7000027648,-0.9501353163],[34.7000077292,-0.946119815],[34.7000232897,-0.9334184404],[34.7166306746,-0.9334388773],[34.7166131629,-0.9477749253],[34.71377295,-0.9501525717],[34.700747708,-0.9501362512],[34.7000027648,-0.9501353163]]]}},{"type":"Feature","properties":{"country":"Kenya","country_code":"KEN","species_name":"Pinus_patula","genus":"Pinus","species":"patula","suitability_name":"Very suitable","suitability_rank":1,"source_layer":"KCFP_SSMT_Kenya","tz":null,"soil_description":null},"geometry":{"type":"Polygon","coordinates":[[[34.8246070387,-0.9168502186],[34.8163021735,-0.916840444],[34.8163118501,-0.9084807364],[34.8246166953,-0.9084904228],[34.8246262653,-0.9001306264],[34.832931181,-0.9001402048],[34.8329406419,-0.8917803199],[34.8495507016,-0.8917992423],[34.8495875194,-0.8583589847],[34.8578926077,-0.858368064],[34.8579192435,-0.8332875998],[34.8413092619,-0.8332699543],[34.8413004349,-0.8416299321],[34.8329955591,-0.8416209943],[34.8329866272,-0.8499808838],[34.8246818212,-0.8499718384],[34.8246727831,-0.8583316376],[34.8163680478,-0.8583224869],[34.8163589032,-0.8666821956],[34.7997496626,-0.8666636595],[34.7997572227,-0.8597856125],[34.7997588433,-0.8583041288],[34.7914543744,-0.8582949231],[34.7914634839,-0.8499354825],[34.7831591221,-0.8499263486],[34.7831688408,-0.8409340575],[34.7831817245,-0.8288627872],[34.7841181854,-0.8290584591],[34.7964564782,-0.830069604],[34.8177489596,-0.8269928635],[34.827610938,-0.8236096537],[34.8352153327,-0.8176682769],[34.8355270595,-0.8153882962],[34.8364352293,-0.8086931105],[34.8339875536,-0.8081824254],[34.8413352105,-0.8081900189],[34.8413305786,-0.8127242982],[34.8413266497,-0.8165499972],[34.8579365632,-0.8165672886],[34.8579432554,-0.8100130317],[34.8579535309,-0.7998469757],[34.874563728,-0.7998638456],[34.874572047,-0.7915035122],[34.8828772601,-0.791511834],[34.8828936029,-0.77479099],[34.8745884225,-0.774782844],[34.8745964791,-0.7664225102],[34.8662914022,-0.766414436],[34.8663026387,-0.754622482],[34.8663072839,-0.7496939406],[34.8496974574,-0.7496780971],[34.8497130506,-0.7329579544],[34.8580178904,-0.7329657071],[34.8580206492,-0.729961781],[34.8580255403,-0.7246055468],[34.8746354506,-0.7246208296],[34.8746456555,-0.7132701709],[34.8746504272,-0.707900155],[34.8580405768,-0.7078852248],[34.8580479634,-0.6995250633],[34.8497431844,-0.6995176643],[34.8497577231,-0.682797517],[34.8580624732,-0.6828047391],[34.8580904396,-0.6493640863],[34.8532551113,-0.6493600889],[34.8248721904,-0.6493365308],[34.824874484,-0.6465386106],[34.8248829502,-0.6361093941],[34.8248910763,-0.6259344163],[34.8248924033,-0.6242571019],[34.825707905,-0.6242577548],[34.8331967934,-0.6242637444],[34.8332033412,-0.6159038451],[34.8415078057,-0.6159103857],[34.8415206118,-0.5991904086],[34.84982514,-0.5991967589],[34.8498375671,-0.5824766033],[34.8581421585,-0.5824827633],[34.8581482286,-0.5741225966],[34.8693388517,-0.5741307602],[34.8747576512,-0.5741347054],[34.8747516054,-0.5824950493],[34.880559898,-0.5824993328],[34.8830564586,-0.5825011735],[34.8830586775,-0.5794419325],[34.8830624933,-0.5741407425],[34.8913674226,-0.5741467667],[34.8913792048,-0.5574257275],[34.8996841975,-0.5574315645],[34.8996899456,-0.5490709583],[34.9163001693,-0.5490824225],[34.916304817,-0.5422010862],[34.9163058086,-0.5407216405],[34.9246110385,-0.5407272682],[34.92461658,-0.532366398],[34.9495327536,-0.5323829538],[34.9495232045,-0.5467975614],[34.9495216521,-0.5491052122],[34.958330994,-0.5491112242],[34.974198907,-0.5491220204],[34.9744386661,-0.5491221832],[34.9744442265,-0.5407607957],[34.9914452824,-0.5407721397],[34.9993619733,-0.5407774058],[34.999356448,-0.5491390501],[35.0076625451,-0.5491446484],[35.0076580194,-0.5559137751],[35.0076569466,-0.5575063785],[35.0118907236,-0.5575092706],[35.0242694176,-0.5575177122],[35.024274993,-0.549155812],[35.0334310396,-0.549161946],[35.0298631506,-0.5906364731],[35.0309511269,-0.6208393371],[35.0382677351,-0.6213462845],[35.0410554341,-0.5918622344],[35.0445761213,-0.5819766279],[35.0496136405,-0.5815540585],[35.0532658644,-0.5798663837],[35.0529672875,-0.5649814226],[35.0515143674,-0.5575361977],[35.0574953695,-0.5575402387],[35.0575008986,-0.5491780015],[35.0658075843,-0.5491835198],[35.0657672114,-0.6077197609],[35.0574604401,-0.6077136554],[35.0574505102,-0.621237695],[35.0574354824,-0.6411625935],[35.0580854176,-0.641163098],[35.0657423051,-0.6411690361],[35.0657358711,-0.6495313538],[35.0740427898,-0.6495378667],[35.0740230264,-0.6746250694],[35.0657160653,-0.6746183049],[35.0657024449,-0.6913429372],[35.0573955386,-0.6913359904],[35.0573885888,-0.6996982219],[35.0656955097,-0.6997052528],[35.0656945899,-0.7008078316],[35.0631394635,-0.7007930978],[35.0575677329,-0.7090518949],[35.0500501855,-0.7066984587],[35.0490432629,-0.6921672147],[35.0451258237,-0.6956010906],[35.0418878774,-0.6992694393],[35.0421942536,-0.715402959],[35.0489056638,-0.7306518682],[35.0551582177,-0.7463720392],[35.0536678724,-0.7594944343],[35.0422412456,-0.783150636],[35.031409321,-0.7920654097],[35.0251319576,-0.8023960463],[35.0166046207,-0.809480316],[35.0113933671,-0.8041468512],[35.0065891221,-0.8041153632],[35.005620683,-0.8100972453],[35.0064425738,-0.8204748714],[35.0031148029,-0.8328923076],[35.0098231197,-0.8523489916],[35.0004217161,-0.8515432975],[34.9937182238,-0.8597923503],[34.9903312891,-0.8629260814],[34.9865620861,-0.8664220517],[34.9788986124,-0.8792771086],[34.9776668678,-0.8880185629],[34.9826143437,-0.8963565649],[34.9866377858,-0.9065191212],[34.9825158741,-0.9233507616],[34.9777794708,-0.9248642004],[34.9748190919,-0.925385073],[34.9657937257,-0.9253747354],[34.9657919152,-0.9269733565],[34.965183296,-0.9270804379],[34.9602108467,-0.9206046337],[34.960066874,-0.9118561026],[34.9689445636,-0.8914191002],[34.9708300108,-0.8614778856],[34.966872693,-0.8448514367],[34.9571686099,-0.8311891584],[34.9474381828,-0.8207572249],[34.946177859,-0.8099102771],[34.9364187421,-0.8013244407],[34.9320508411,-0.8045133756],[34.9291148543,-0.8076828071],[34.9288601294,-0.8283926883],[34.9329303254,-0.8324059919],[34.9404255593,-0.8366061704],[34.9470410516,-0.8387262596],[34.9496708883,-0.8504948806],[34.9529914785,-0.8624981999],[34.9609102254,-0.8706250968],[34.9638032157,-0.8789375032],[34.9616025966,-0.8934430931],[34.9462555188,-0.8963243442],[34.9379909835,-0.9004208646],[34.935809178,-0.9130607977],[34.943260398,-0.9246231235],[34.9562330114,-0.9313902974],[34.9522517366,-0.941028233],[34.9437395469,-0.9467297186],[34.9365980669,-0.9526650529],[34.9268867098,-0.9638720304],[34.9179822773,-0.9729092911],[34.919295112,-0.9686510764],[34.916766495,-0.9638269226],[34.9137708882,-0.9551978128],[34.910201697,-0.9516286218],[34.9044909913,-0.9509147838],[34.8944972547,-0.9541270565],[34.8873588718,-0.9612654396],[34.8826894428,-0.9630486307],[34.8826946339,-0.9587201748],[34.8743890549,-0.9587100946],[34.8743990353,-0.950349771],[34.8660935636,-0.9503397588],[34.8661133014,-0.9336192835],[34.8578079568,-0.9336094279],[34.8578177136,-0.9252492791],[34.8412073268,-0.9252296859],[34.8412047097,-0.9274706106],[34.839020393,-0.9296561879],[34.8372602454,-0.9335849598],[34.8328924504,-0.9335797431],[34.8329019844,-0.9254603576],[34.8329022656,-0.9252198592],[34.8245972917,-0.925210014],[34.8246070387,-0.9168502186]],[[34.926374305,-0.7765984433],[34.9316503609,-0.7738699015],[34.9338951958,-0.7704838868],[34.9285571874,-0.7625546168],[34.9097237763,-0.7476818606],[34.8919863182,-0.7369611777],[34.8784656146,-0.7331754608],[34.8766116058,-0.7403459731],[34.8807756626,-0.7465920583],[34.8936988776,-0.7585638013],[34.8963394322,-0.7602619911],[34.9099609512,-0.7704897368],[34.9192966837,-0.7747055271],[34.926374305,-0.7765984433]],[[34.9860066628,-0.7325288158],[34.9824169566,-0.7488643717],[34.9726717623,-0.7644731689],[34.9622477561,-0.7789150782],[34.959887783,-0.7865085472],[34.9634734791,-0.7941323331],[34.9724717572,-0.7852112684],[34.9855647991,-0.7555747798],[34.9992273702,-0.7365412336],[35.0073036746,-0.72898636],[35.0140298231,-0.7193606993],[35.0171359749,-0.7050879399],[35.0109384795,-0.6829262438],[34.9982328515,-0.6475800398],[34.9926832753,-0.6300240056],[34.9875748278,-0.6096808493],[34.9831254489,-0.6007015029],[34.9813373073,-0.5971206583],[34.9758638601,-0.5939696162],[34.9710473767,-0.5955498724],[34.9772588381,-0.6167869744],[34.9866285402,-0.641974697],[34.9926275538,-0.660444036],[34.9954342199,-0.6784376859],[34.9966408717,-0.6959627202],[34.9944346491,-0.7118447432],[34.9860066628,-0.7325288158]],[[35.0444790174,-0.6660938673],[35.0521053801,-0.6571629198],[35.0478801872,-0.6449157986],[35.0435803495,-0.6398173852],[35.0319384291,-0.6374332914],[35.0232170005,-0.6410630314],[35.021108073,-0.6468113106],[35.0217666077,-0.6493531652],[35.0287990326,-0.656312334],[35.0385198617,-0.6679014275],[35.0444790174,-0.6660938673]],[[34.8899876214,-0.608830186],[34.8949154576,-0.6201512455],[34.9078588709,-0.6301512185],[34.914267137,-0.6288137518],[34.9113590311,-0.6223393214],[34.9079614112,-0.6120204437],[34.9044900348,-0.5983271366],[34.9013653764,-0.5902427592],[34.8961197707,-0.5892901648],[34.8914917085,-0.5947873696],[34.8899876214,-0.608830186]],[[34.9142515294,-0.7039244708],[34.903430787,-0.7116895918],[34.8997256921,-0.7171942109],[34.9079293666,-0.7193206391],[34.9273480114,-0.7212994852],[34.9354741765,-0.7331069277],[34.9383351485,-0.7441871961],[34.9428549751,-0.7495206039],[34.949920866,-0.751874763],[34.9531798688,-0.7461351418],[34.9557476404,-0.7403871469],[34.9617268622,-0.7372051063],[34.9631990747,-0.7268437754],[34.9543347058,-0.7201035732],[34.9390646034,-0.7156232365],[34.9340490042,-0.7135114912],[34.9368583853,-0.7063880497],[34.9535442658,-0.7076547283],[34.9652186783,-0.706583447],[34.972615392,-0.6981065059],[34.9710915137,-0.689802178],[34.9633214755,-0.6888245847],[34.9515958887,-0.6958857595],[34.933746125,-0.6980677011],[34.9397804104,-0.6884344712],[34.9519133765,-0.686674829],[34.959022238,-0.6839525907],[34.9546029392,-0.6677982305],[34.9578946896,-0.6586019412],[34.9476376947,-0.6546146138],[34.9408784563,-0.668628061],[34.932990491,-0.6805525441],[34.9244654069,-0.6874109286],[34.9195730311,-0.6970517667],[34.9142515294,-0.7039244708]]]}},{"type":"Feature","properties":{"country":"Kenya","country_code":"KEN","species_name":"Pinus_patula","genus":"Pinus","species":"patula","suitability_name":"Very suitable","suitability_rank":1,"source_layer":"KCFP_SSMT_Kenya","tz":null,"soil_description":null},"geometry":{"type":"Polygon","coordinates":[[[34.9746209088,0.0528981854],[34.9663155254,0.0528976416],[34.966314273,0.0696202632],[34.9746196589,0.0696209799],[34.9746189061,0.0779823766],[34.9663135186,0.077981574],[34.9663126787,0.0863428847],[34.9746180679,0.0863437733],[34.9746171444,0.0947051691],[34.9829226208,0.0947061407],[34.9829205223,0.1114291054],[35.0078374744,0.1114325218],[35.0078385595,0.1030707823],[35.0161443774,0.1030718319],[35.0161453758,0.0947100072],[35.0244512769,0.0947109698],[35.0244502797,0.1030728785],[35.0327562662,0.103073922],[35.0327572605,0.0947119286],[35.0576757177,0.0947147965],[35.057673658,0.1114392886],[35.0622934212,0.1114399125],[35.0659799821,0.1114404092],[35.0659788293,0.1198027387],[35.062336908,0.1198022112],[35.0576725029,0.119801535],[35.0576714841,0.1267190955],[35.0576670467,0.1532505199],[35.0410546217,0.1532474305],[35.0410513788,0.1699715854],[35.0327452853,0.1699698667],[35.0327417002,0.186693853],[35.0410478003,0.1866957399],[35.0410438862,0.2034198949],[35.0327377771,0.203417838],[35.0327397802,0.1950558456],[35.0244337594,0.1950538692],[35.0244317529,0.203415776],[35.0078199558,0.2034116409],[35.0078210551,0.1988913862],[35.0078219706,0.1950499041],[34.9912105202,0.1950459225],[34.9912098675,0.1977812306],[34.9912084962,0.2034074896],[34.9829028942,0.203405407],[34.9829007809,0.2117668875],[34.9912063882,0.2117690565],[34.9912041934,0.2201306233],[34.9828985825,0.2201283696],[34.9828889375,0.2535742932],[34.974583392,0.2535716917],[34.9745663358,0.3037400583],[34.9662608406,0.3037369357],[34.9662511411,0.328820859],[34.9579457115,0.3288174716],[34.9579315533,0.3622623556],[34.9662370118,0.3622660876],[34.9662132533,0.4124339246],[34.9579077462,0.4124296758],[34.9578991253,0.4291521142],[34.9495936863,0.4291476849],[34.9495847044,0.4458699488],[34.941279333,0.4458653367],[34.9412699888,0.4625874275],[34.9329646843,0.4625826327],[34.9329499932,0.4876655071],[34.9246447451,0.4876604419],[34.9246396654,0.4960213127],[34.9163344934,0.4960161503],[34.9163293169,0.5043769338],[34.908024221,0.5043716737],[34.9080189473,0.5127323707],[34.9163240538,0.512737717],[34.9163077454,0.5378200651],[34.9246129714,0.5378256635],[34.9245900617,0.5712691373],[34.9362869492,0.5712774905],[34.9412008654,0.5712809935],[34.941204064,0.566711688],[34.9412066987,0.5629199517],[34.9452844206,0.5629228112],[34.9495122178,0.5629257739],[34.9495149253,0.558994466],[34.9495179534,0.5545646462],[34.9542818796,0.5545679304],[34.9578235466,0.5545703702],[34.9578257776,0.5512770724],[34.9578291849,0.5462091551],[34.9495236031,0.5462035165],[34.949529167,0.5378423873],[34.9578347374,0.5378479396],[34.9578402052,0.5294867238],[34.9661458492,0.5294921786],[34.9661512195,0.5211308765],[34.9827668675,0.5211415844],[34.9895951699,0.5211459709],[34.9910686336,0.5211469175],[34.9910712156,0.5170533076],[34.9910738734,0.5128054077],[34.9910767348,0.5081924574],[34.9910841356,0.4960622364],[34.9993900786,0.4960673048],[34.9994047857,0.4709823659],[35.0077107831,0.4709871681],[35.0077059754,0.4793489],[35.0160120674,0.4793537774],[35.0160114374,0.4877155966],[35.0326196434,0.4877254882],[35.0326245044,0.4793635019],[35.0409308492,0.479368349],[35.040935617,0.4710062779],[35.0575485382,0.4710157733],[35.0575437902,0.479378013],[35.0658503861,0.4793828307],[35.0658406599,0.4961074765],[35.0492275107,0.4960974963],[35.0492190117,0.5102045478],[35.0492174087,0.5128218055],[35.0575239626,0.5128269701],[35.0575187967,0.5211892085],[35.065825445,0.5211944446],[35.0658202066,0.5295567677],[35.0720690317,0.5295607622],[35.0741269493,0.5295620775],[35.0741209573,0.5389879502],[35.0741162448,0.5462868878],[35.0658094797,0.5462814102],[35.0658039911,0.5546437315],[35.0574972978,0.5546381584],[35.0574917142,0.5630003954],[35.0491850928,0.5629947264],[35.0491736509,0.579719031],[35.0657870251,0.5797306936],[35.0657927638,0.5713683732],[35.074099564,0.5713741024],[35.0741052075,0.5630116978],[35.0788109929,0.5630148906],[35.0907190337,0.5630229528],[35.0907077114,0.5797480969],[35.0824007328,0.5797423083],[35.0823890544,0.5964672824],[35.0906960575,0.5964732379],[35.0906840722,0.6131983787],[35.0989911835,0.6132044883],[35.0989788927,0.6299297944],[35.0933287436,0.6299255279],[35.0976600075,0.6338773553],[35.1057605106,0.6210742799],[35.1012948397,0.6147214415],[35.1014145554,0.5547158925],[35.0834812448,0.5401998265],[35.0852832585,0.5329366997],[35.1113602691,0.5156753833],[35.1113256557,0.5320159781],[35.1203023284,0.5365505886],[35.1418486969,0.5347241946],[35.1517937464,0.5011286348],[35.1895349785,0.482859409],[35.1931792009,0.4538046187],[35.188720363,0.433833667],[35.1815536145,0.4265750676],[35.1698641592,0.4293060817],[35.1609108499,0.4219580122],[35.1681112179,0.4083353608],[35.1645367614,0.3992590196],[35.1483514503,0.4101639381],[35.1451865419,0.3874535708],[35.144809251,0.384746532],[35.1349541016,0.3711356645],[35.1135158447,0.3066049594],[35.1198226853,0.29298282],[35.1413509807,0.300228684],[35.1449461801,0.2965945021],[35.1297216776,0.272912198],[35.1351371687,0.2602005683],[35.1432234963,0.2620125689],[35.1405818152,0.2293375066],[35.1576748523,0.2157265837],[35.1640029519,0.2011204527],[35.1801655416,0.2056626707],[35.2044596514,0.2029668825],[35.2232961608,0.2203153435],[35.2314207998,0.2148021498],[35.2431305612,0.2121061477],[35.2511890016,0.2239821668],[35.2124125062,0.2520245439],[35.2069531634,0.2764999982],[35.2213068754,0.2828425099],[35.2487101651,0.2716465881],[35.2517537671,0.2704030603],[35.2570195118,0.2682516129],[35.2744363785,0.2611354039],[35.2853444978,0.2331009022],[35.2997853528,0.2240814537],[35.3006492915,0.2202302034],[35.3016321599,0.2158486931],[35.306884446,0.2189247236],[35.3141981418,0.2232080681],[35.3240271226,0.2413331038],[35.3375022412,0.2504148736],[35.3419902049,0.2531404501],[35.3518918947,0.2531625693],[35.3635896548,0.2369573327],[35.3682012044,0.230568642],[35.3726857182,0.2323889752],[35.3764466761,0.2369607279],[35.3771619416,0.2378301977],[35.3743435201,0.2676962089],[35.3868452876,0.2930711685],[35.3982623983,0.2834181962],[35.4220835335,0.2632770735],[35.4418924358,0.2633213997],[35.4445778544,0.2660432741],[35.4418071993,0.2841427971],[35.4236957562,0.3086346427],[35.427204534,0.3294639263],[35.4148625293,0.3404232435],[35.4088944364,0.3457226151],[35.4065499581,0.3478043755],[35.394665211,0.3583571738],[35.4027592605,0.3624514471],[35.405451279,0.363813179],[35.4406188491,0.3521270352],[35.4468937981,0.3584787127],[35.4449974016,0.3802943853],[35.4467997119,0.3821094833],[35.4583446569,0.4174446291],[35.444677346,0.4591739176],[35.4473468234,0.4718782287],[35.4599013733,0.4845862131],[35.449975457,0.5009113657],[35.4400473404,0.5127054386],[35.4364744533,0.509983133],[35.42655407,0.5236876917],[35.439903312,0.582699279],[35.4398098313,0.63364642],[35.4396439195,0.6341114037],[35.4396408775,0.6385416142],[35.4396291875,0.6552940563],[35.4479397192,0.6553000028],[35.4479277682,0.6720320509],[35.4562324542,0.6720381307],[35.456238404,0.6720381351],[35.4562323439,0.6803835284],[35.4479216806,0.680398075],[35.4479155158,0.6887640978],[35.4562261801,0.6887703334],[35.4562136556,0.7055025312],[35.447902962,0.7054961441],[35.4478901068,0.7222281881],[35.4645116281,0.7222412501],[35.4645051179,0.7306074233],[35.4811269705,0.7306205749],[35.4811204161,0.7389868984],[35.4644985337,0.7389735952],[35.4644955152,0.7427757498],[35.4656383543,0.7437054281],[35.4782144496,0.7473339959],[35.4729199058,0.7807905185],[35.4727747175,0.781707855],[35.4727745397,0.7819206985],[35.4749019824,0.7891584326],[35.4749081936,0.7891795628],[35.4810734763,0.7891848232],[35.4810677555,0.8030477218],[35.4838601623,0.8058987128],[35.4888516328,0.8109949312],[35.481660364,0.8173541317],[35.4814519432,0.8226292112],[35.480459053,0.8477485416],[35.4801282182,0.8561145553],[35.4797574358,0.8654884451],[35.4761412155,0.8764781747],[35.4726814507,0.8799718787],[35.4714813137,0.8811837798],[35.4680454814,0.8846532684],[35.4652998081,0.9037253483],[35.448233776,0.9037279992],[35.4481833555,0.925523704],[35.4402255257,0.9313710024],[35.4393863972,0.9319875749],[35.4382941639,0.932790122],[35.4310734718,0.9339132948],[35.4227670725,0.9352053184],[35.4149236364,0.9364252998],[35.3914330396,0.973148505],[35.3894811799,0.9761996874],[35.3869813166,0.9801074766],[35.3728432371,0.9864533714],[35.3546080542,0.9946379552],[35.3708608055,0.963762887],[35.3811847928,0.957391606],[35.3828132899,0.9563865909],[35.3870486143,0.9537727745],[35.3888014354,0.9480492349],[35.3728897116,0.9480324726],[35.3728983895,0.9396671525],[35.3645879748,0.9396584461],[35.3645527221,0.9731194165],[35.3396217008,0.9730922439],[35.3396306917,0.9647272354],[35.3313205258,0.964718215],[35.3313294591,0.9563532843],[35.339639604,0.9563622264],[35.3396486256,0.9478186291],[35.3396658751,0.9312671975],[35.3374659184,0.9312648943],[35.3340766328,0.9437881957],[35.3233032164,0.9410649126],[35.3169994378,0.9474215442],[35.3147157327,0.9503900981],[35.3147094038,0.9563353396],[35.3101458056,0.9563303981],[35.3063942554,0.9612068356],[35.3063905001,0.964691031],[35.3037160037,0.9646881048],[35.2980726722,0.972023347],[35.2980715559,0.9730465458],[35.2972861382,0.9730456761],[35.2827684499,0.9919150442],[35.2814265943,0.9959701731],[35.2814241763,0.9981214904],[35.289733954,0.99813095],[35.2897245274,1.0064954844],[35.2779480961,1.006481959],[35.2751811339,1.0148431812],[35.2814052023,1.0148503993],[35.2813761505,1.039943759],[35.2896860349,1.039953615],[35.2896795269,1.0455037613],[35.2896762139,1.0483181468],[35.2868052119,1.0483147167],[35.2647467337,1.0482882746],[35.2647367687,1.0566525674],[35.2481174659,1.0566323814],[35.2481274749,1.0482682493],[35.2398179648,1.0482582027],[35.239793293,1.0687130835],[35.2397773619,1.0817144098],[35.2480869612,1.0817247763],[35.2480766338,1.0900889071],[35.2314574704,1.0900679908],[35.2314470175,1.0984319605],[35.1982095589,1.0983895281],[35.1981989337,1.1067531741],[35.1898897469,1.1067424271],[35.1898790188,1.1151059913],[35.1815698896,1.1150951387],[35.1815371458,1.1401855834],[35.1732280276,1.1401744634],[35.1732169273,1.1485378622],[35.1649078655,1.1485266365],[35.1648966599,1.156889952],[35.1399698917,1.1568558832],[35.1399355665,1.1819450889],[35.1482444813,1.1819567164],[35.1482329007,1.1903198664],[35.1316151041,1.1902964216],[35.1316033917,1.1986594062],[35.1289748272,1.1986556624],[35.1149858726,1.1986356956],[35.1149621014,1.215361331],[35.106653414,1.2153492718],[35.1066653674,1.206986537],[35.0900482929,1.2069625085],[35.0900362896,1.2153250767],[35.0817278522,1.2153129408],[35.0817157396,1.2236754249],[35.0734073589,1.2236631787],[35.0733951393,1.2320255785],[35.0817035456,1.2320379083],[35.0816789066,1.2487628724],[35.0733704483,1.248750376],[35.0733579778,1.2571127729],[35.0650495766,1.2571001663],[35.0650330461,1.2680770401],[35.0650243329,1.2738247922],[35.0701134346,1.2738326199],[35.0733327862,1.2738375665],[35.0733272664,1.2774735973],[35.0733072631,1.2905623565],[35.0899244219,1.2906573178],[35.0943164904,1.287395563],[35.1410806901,1.2637194513],[35.1618061883,1.2373988601],[35.1730813344,1.2428056954],[35.1788565272,1.2455751128],[35.2013172344,1.2410427175],[35.2380817412,1.2619363314],[35.2578627601,1.2555868047],[35.2704661986,1.2446949076],[35.2651096894,1.2283499744],[35.2543483976,1.2256232012],[35.2516464088,1.2283463331],[35.2373094132,1.2406280305],[35.2336342658,1.2437762356],[35.2312533291,1.2432682489],[35.2165886644,1.2401394418],[35.2031375611,1.2283326418],[35.1923931375,1.2174347946],[35.1933133443,1.2100811271],[35.2283040985,1.2238002124],[35.2417749405,1.2210800762],[35.2679334417,1.1801375144],[35.2728969746,1.1753169464],[35.3147613289,1.1346553111],[35.3273977381,1.1056000852],[35.3697078599,1.0682824287],[35.3931608895,1.0265110029],[35.397045688,1.023325842],[35.4075593757,1.0147054629],[35.4381320421,1.0028080237],[35.4507248581,0.9937259039],[35.4615522257,0.9746537766],[35.4687007558,0.9732090893],[35.4705434082,0.9728366925],[35.4759390886,0.9673871455],[35.4809120516,0.9679615369],[35.5073657641,0.9710169387],[35.5133842317,0.9732777712],[35.5141529583,0.973566542],[35.538788398,0.9828208515],[35.5576877644,0.9673785901],[35.5666717839,0.9673775275],[35.5723436284,0.9611344024],[35.5764750466,0.9565867883],[35.5765747888,0.956476997],[35.5649672333,0.9227818378],[35.5724296032,0.8707470195],[35.5731864549,0.8654683219],[35.5724361405,0.8634871505],[35.5641498153,0.8417159797],[35.5626318495,0.8394558852],[35.547547477,0.816997264],[35.5457628122,0.8143401897],[35.5392462556,0.8046382051],[35.5391754726,0.8045328232],[35.537643598,0.7892326696],[35.5365383014,0.7781945904],[35.541071528,0.7545788076],[35.5196180592,0.7018181043],[35.5124836136,0.6763907502],[35.5143163715,0.6590429906],[35.5227196488,0.672544328],[35.5227258485,0.6725542877],[35.5227969712,0.5632989231],[35.5227945043,0.5569626994],[35.5226181461,0.5563533601],[35.514487535,0.5500229451],[35.5109571492,0.5472742403],[35.5124027245,0.5298464641],[35.5128363848,0.5246174959],[35.5145090533,0.5229367792],[35.5159570264,0.5214818335],[35.5311339462,0.5062314995],[35.5311401876,0.5062252284],[35.532600812,0.5047575071],[35.5326207345,0.504737487],[35.535428589,0.501915974],[35.5394493364,0.4980915305],[35.5394556091,0.4980855637],[35.541232653,0.496395268],[35.5412536672,0.4963752805],[35.5477645919,0.4901821298],[35.5477708969,0.4901761321],[35.5500450061,0.488012992],[35.5544161212,0.4838551355],[35.5557476584,0.4796689029],[35.5560816673,0.4786187967],[35.5560880115,0.4785988517],[35.5584085063,0.4713032275],[35.558414836,0.4712833293],[35.5690574702,0.4378202748],[35.5727289101,0.4262753584],[35.5743783612,0.4210884598],[35.581051487,0.4001029344],[35.5823591638,0.3959903783],[35.586381207,0.3833409119],[35.5865880304,0.333452469],[35.5812751283,0.3206851718],[35.5810812869,0.3202193655],[35.5743101799,0.3039485561],[35.5727764392,0.3002631142],[35.560379627,0.2704760463],[35.5544917794,0.2563295783],[35.5662350909,0.2473015802],[35.5913823267,0.2636548504],[35.600441046,0.2509988609],[35.5907125552,0.2092370735],[35.5925872942,0.1920379513],[35.6079345649,0.1803001554],[35.6309861876,0.1803493996],[35.6349505246,0.1803578662],[35.6485057298,0.1721469128],[35.6620098809,0.1730811153],[35.6764309913,0.153356349],[35.6864669464,0.1396289532],[35.7062694677,0.1396703562],[35.7224246248,0.143397134],[35.7224315994,0.1433987428],[35.7260762279,0.1442395172],[35.7307372859,0.141908579],[35.7350924771,0.1397305871],[35.7390501065,0.139738854],[35.747369764,0.1397562309],[35.7556824501,0.1397735888],[35.7612213643,0.1397851543],[35.7666519429,0.1334573637],[35.7648794145,0.1253033811],[35.7244668581,0.0970568896],[35.728093554,0.0907254267],[35.7370896498,0.0916493465],[35.7434418232,0.0798899153],[35.7569472837,0.0835396453],[35.7615029401,0.0708707134],[35.7535810337,0.0236740939],[35.7676689652,-0.0206992069],[35.7881574779,-0.0616294011],[35.7874837795,-0.0693826788],[35.797073392,-0.063070592],[35.8058305798,-0.0557456635],[35.8111202906,-0.0516240787],[35.8347171947,-0.0483007902],[35.846791107,-0.0528966732],[35.8471345556,-0.0523337639],[35.8471344873,-0.0536838524],[35.8471343747,-0.0558357812],[35.8480732109,-0.055835832],[35.8554478568,-0.0558362299],[35.8554468341,-0.0725753115],[35.8548275778,-0.0725752681],[35.8388199296,-0.0725741436],[35.8388186323,-0.0893129556],[35.8471320545,-0.0893136752],[35.8471313072,-0.0976831491],[35.8138780146,-0.0976799885],[35.8138787697,-0.0893107855],[35.7972525327,-0.0893093293],[35.7972508034,-0.1074304046],[35.7972493209,-0.1208204555],[35.7972418834,-0.1729999908],[35.8055549969,-0.1730014021],[35.8055535612,-0.1813705363],[35.7972404457,-0.1813690558],[35.7972389392,-0.1897381216],[35.8055520594,-0.1897396705],[35.8055488509,-0.2064779376],[35.7972357224,-0.2064762521],[35.7972267477,-0.2148453161],[35.7928359158,-0.214844388],[35.7889209425,-0.214860825],[35.7889191641,-0.2232125554],[35.7972322328,-0.2232143831],[35.7972303874,-0.2315834484],[35.8055435289,-0.231585338],[35.8055416196,-0.2399544706],[35.8138548346,-0.2399564243],[35.8138528627,-0.2483256258],[35.8221661496,-0.2483276424],[35.8221641163,-0.2566969118],[35.8304774726,-0.2567160966],[35.8304732172,-0.273437664],[35.8387866552,-0.273439873],[35.8387844304,-0.2818092783],[35.8470979421,-0.281811548],[35.8470956553,-0.2901810197],[35.85540924,-0.2901833515],[35.8554068934,-0.2985528904],[35.863720551,-0.2985552832],[35.8637156704,-0.3152944936],[35.8886570795,-0.3153020347],[35.8886595334,-0.3069322298],[35.8803456713,-0.3069297884],[35.8803480656,-0.2985600499],[35.8969758441,-0.2985647905],[35.8969734616,-0.3069346628],[35.9052874574,-0.3069370903],[35.9052850165,-0.3153070287],[35.9135990837,-0.3153095157],[35.9135940176,-0.332049524],[35.9219081638,-0.3320521351],[35.92190554,-0.3404222049],[35.9135913867,-0.3404195261],[35.9135886904,-0.3487895298],[35.9219028509,-0.3487922744],[35.9218972768,-0.3655324122],[35.9302115176,-0.3655352789],[35.930205697,-0.3822755482],[35.9385200195,-0.38227854],[35.9385170201,-0.390648739],[35.9468314139,-0.3906517871],[35.9468252369,-0.407392316],[35.9551397122,-0.4073954861],[35.9551365352,-0.4157658158],[35.9564826046,-0.4157663388],[35.9634510847,-0.4157690424],[35.9634413964,-0.4403776502],[35.9634411937,-0.4408802242],[35.9637116004,-0.4408803353],[35.9717558337,-0.4408836363],[35.9717524169,-0.4492540949],[35.9800671306,-0.4492575623],[35.980061877,-0.4618658001],[35.9800491325,-0.4911101732],[35.9883639597,-0.4911139532],[35.9883563324,-0.5078551246],[35.9939150978,-0.5078577319],[35.9966712454,-0.5078590237],[35.9966678368,-0.5151847119],[35.9966673466,-0.5162296728],[35.9970604935,-0.5162298599],[36.0049823341,-0.5162336243],[36.0049783816,-0.5246043373],[36.0132934436,-0.5246083417],[36.0132853721,-0.5413498965],[36.0216005199,-0.5413540173],[36.0216045751,-0.5329831763],[36.0299197757,-0.5329872222],[36.0299157299,-0.5413581267],[36.0382310048,-0.5413622246],[36.0382227482,-0.5581041587],[36.0465381081,-0.5581083725],[36.0465338978,-0.5664794018],[36.0548493322,-0.5664836659],[36.0548450703,-0.5748547589],[36.0627156784,-0.5748588433],[36.0631605793,-0.574859073],[36.0631600554,-0.5758827772],[36.063151895,-0.5916013848],[36.0680737572,-0.5916040063],[36.0714674899,-0.591605812],[36.0714629417,-0.6002112003],[36.0714540327,-0.6167194632],[36.0797697202,-0.6167397907],[36.0797651317,-0.6250953455],[36.088072516,-0.6250999932],[36.0880809019,-0.6250999969],[36.0880715397,-0.6418583071],[36.0880570548,-0.6669566993],[36.0934135605,-0.6669598892],[36.0932544699,-0.6684343778],[36.0993731244,-0.6783634416],[36.0997473175,-0.6846315493],[36.1072068349,-0.6959902371],[36.1129767247,-0.6999936631],[36.1129852034,-0.6999995461],[36.1129849135,-0.700473008],[36.1129797652,-0.708829129],[36.121287408,-0.7088343401],[36.1212930601,-0.713452806],[36.1212845411,-0.7134583441],[36.1196423157,-0.7145261123],[36.1202815259,-0.7198428127],[36.1212883536,-0.7209783815],[36.1212854438,-0.7255928209],[36.1212801174,-0.7339643732],[36.1212747398,-0.7423206835],[36.1295824723,-0.7423261241],[36.1295910194,-0.7423261297],[36.1295910095,-0.7423413723],[36.1295632458,-0.7841843518],[36.1378796665,-0.7841900894],[36.1378564171,-0.817676905],[36.1461729659,-0.8176828703],[36.1461670191,-0.8260546348],[36.1522711325,-0.8260590453],[36.1544836457,-0.8260606419],[36.1544895753,-0.8176888165],[36.1627975692,-0.8176947402],[36.1628062442,-0.8176947463],[36.1628062337,-0.8177096984],[36.1627883267,-0.8428104033],[36.1665171865,-0.8428131379],[36.1710964017,-0.8428164902],[36.1711051091,-0.8428164966],[36.1711050984,-0.8428313521],[36.1710867034,-0.8679323307],[36.17939486,-0.8679385815],[36.1794035998,-0.867938589],[36.1794035888,-0.867953347],[36.1793975102,-0.876113557],[36.1793910649,-0.8846825958],[36.1841275163,-0.8846862206],[36.1876992867,-0.8846889494],[36.187708058,-0.8846889561],[36.1877017087,-0.8930756823],[36.1876757709,-0.9265492694],[36.1847630486,-0.92654694],[36.1793586817,-0.9265426091],[36.1793520262,-0.9349146106],[36.1741806018,-0.9349104218],[36.1544010636,-0.9348943302],[36.1543874523,-0.9516379677],[36.1460705454,-0.9516310462],[36.1460774012,-0.9432592891],[36.1377605748,-0.9432524076],[36.1377327073,-0.9767391928],[36.1294158619,-0.9767320464],[36.1294087224,-0.9851036803],[36.1210919165,-0.9850964527],[36.1210990766,-0.9767248812],[36.1044656904,-0.9767104868],[36.1044799077,-0.9599675864],[36.0992761748,-0.9599631445],[36.0878468498,-0.9599533586],[36.0878539068,-0.9515820331],[36.0795374897,-0.9515749497],[36.0795514579,-0.9348324212],[36.0629188892,-0.9348184461],[36.0629462356,-0.9013338834],[36.0546301228,-0.9013271176],[36.0546368224,-0.8929560393],[36.0380048204,-0.8929425759],[36.0380114948,-0.8845716234],[36.0213797826,-0.8845582122],[36.0213864311,-0.8761873854],[36.0047550089,-0.876174027],[36.0047616298,-0.8678033283],[35.9881304986,-0.8677900241],[35.9881370932,-0.8594194524],[35.9715062531,-0.859406204],[35.9715193228,-0.8426653174],[35.9632040357,-0.8426587955],[35.9631975157,-0.8510291742],[35.9465670978,-0.8510159468],[35.9465658121,-0.842645693],[35.9382585594,-0.8426391229],[35.9382650563,-0.8342838242],[35.9382650687,-0.8342689402],[35.938257258,-0.834268934],[35.9299500573,-0.8342624125],[35.9299565182,-0.8258922939],[35.9216415894,-0.8258858143],[35.9216479909,-0.8175307098],[35.9216543498,-0.8091457082],[35.9216466048,-0.8091457023],[35.9133318071,-0.809139336],[35.9050247571,-0.8091329595],[35.9050247467,-0.8091479406],[35.9050183754,-0.8175028813],[35.9133331561,-0.8175093298],[35.9133267259,-0.8258793172],[35.9050119289,-0.8258728027],[35.9050054158,-0.8342427237],[35.8966906661,-0.8342361255],[35.8966840697,-0.8426059799],[35.880054733,-0.8425925968],[35.8800613655,-0.8342228762],[35.8883759832,-0.8342295097],[35.8883825303,-0.8258597213],[35.8717533968,-0.82584657],[35.871746814,-0.8342162252],[35.8634323298,-0.8342095555],[35.863425662,-0.8425791433],[35.8551112259,-0.8425723899],[35.8551179103,-0.8342028692],[35.8384892746,-0.8341894445],[35.838482555,-0.8425588305],[35.8301683196,-0.8425520227],[35.8301817268,-0.8258133865],[35.8218675947,-0.8258066974],[35.8218742146,-0.8174374469],[35.8135601663,-0.8174308084],[35.8135468243,-0.8341691739],[35.7969188623,-0.834155572],[35.796925601,-0.8257865255],[35.7886117397,-0.8257797667],[35.7886184286,-0.8174107883],[35.7719909435,-0.8173973567],[35.7719774282,-0.8341350371],[35.7802911713,-0.8341418988],[35.7802774182,-0.8508797162],[35.7636499298,-0.8508656975],[35.7636568765,-0.8424969269],[35.755343253,-0.8424899608],[35.7553501486,-0.834121259],[35.7470366116,-0.8341143435],[35.7470502308,-0.8173770784],[35.7387367984,-0.8173702835],[35.7387435215,-0.8090017204],[35.7221168977,-0.8089882194],[35.7221033136,-0.8257250678],[35.7054768985,-0.8257112186],[35.7054837598,-0.8173429359],[35.7137969153,-0.817349798],[35.7138036896,-0.8089814447],[35.7054905512,-0.8089746519],[35.7054972727,-0.8006063675],[35.697184222,-0.8005996281],[35.6971774836,-0.8089678421],[35.6888644853,-0.8089610152],[35.6888712405,-0.8005928727],[35.6805583293,-0.8005860986],[35.6805378016,-0.825690315],[35.6722249096,-0.8256833111],[35.6722179087,-0.8340513114],[35.6639050709,-0.8340442197],[35.6639190367,-0.817308361],[35.6556063033,-0.8173013944],[35.6555993386,-0.8256692536],[35.6472866599,-0.8256621973],[35.647293641,-0.8172944106],[35.6389810507,-0.8172874104],[35.6389598392,-0.8423905524],[35.6306472671,-0.8423833185],[35.6306327338,-0.8591186019],[35.6223136066,-0.8591112002],[35.6140077338,-0.8591037921],[35.6140150591,-0.85075111],[35.614015072,-0.8507362949],[35.5973903823,-0.8507363723],[35.5973830203,-0.8590889097],[35.605695341,-0.85909636],[35.6056879128,-0.8674637844],[35.5973755739,-0.8674562616],[35.5973680554,-0.875823612],[35.5641193525,-0.8757930456],[35.5641269441,-0.8674259862],[35.547503065,-0.8674107392],[35.5474954368,-0.8757776514],[35.5241434329,-0.8757559015],[35.5201550464,-0.8724245271],[35.5137640242,-0.874522468],[35.5325161526,-0.8506781722],[35.5391170481,-0.8423173311],[35.5392075523,-0.8422026953],[35.5403603102,-0.8407425654],[35.5432150703,-0.8283086216],[35.5392213525,-0.8264276426],[35.5377490389,-0.8257342068],[35.5308652517,-0.8275342901],[35.5218625493,-0.8366972046],[35.5114198231,-0.8518458176],[35.508834215,-0.8551439995],[35.4998386722,-0.8432300557],[35.4807926382,-0.8493248181],[35.4688478018,-0.8589713882],[35.4643958324,-0.8589672388],[35.4643925978,-0.862474326],[35.4534029372,-0.8673230478],[35.4512613859,-0.8673210238],[35.4423026555,-0.8548327289],[35.4328971712,-0.8568430471],[35.4265535092,-0.8508023387],[35.4160007003,-0.8539544258],[35.4084047452,-0.8589772777],[35.3949823156,-0.8508165806],[35.3918452481,-0.8436503215],[35.3810980637,-0.8431091643],[35.3975200682,-0.8263815485],[35.391267233,-0.8087053268],[35.3908171331,-0.8074329684],[35.3896483027,-0.8046385679],[35.3876493411,-0.7998595659],[35.38365032,-0.7903137176],[35.3825456859,-0.7824213456],[35.3655868405,-0.7648516311],[35.3588909187,-0.7719558323],[35.3662748829,-0.7899794885],[35.3710183736,-0.7957767843],[35.3714518898,-0.8144961586],[35.3703764502,-0.8163258243],[35.3678183841,-0.8226468889],[35.3534485768,-0.8394623248],[35.351174027,-0.8408677018],[35.3355011771,-0.8501707972],[35.3219350665,-0.85768824],[35.3054483399,-0.8596506677],[35.3030246783,-0.849723615],[35.3159232621,-0.8408220564],[35.3254389433,-0.8258952422],[35.3379896292,-0.8050088082],[35.340048517,-0.7971948991],[35.3369153842,-0.7976236734],[35.3311499741,-0.8021918894],[35.3246873791,-0.8088336051],[35.3104936639,-0.8101247459],[35.3001468079,-0.7916072686],[35.2903138271,-0.7915362489],[35.2744770739,-0.7816962987],[35.2655416751,-0.7736232249],[35.2620068155,-0.775002784],[35.2556747542,-0.7774714375],[35.2502541168,-0.7816949568],[35.2436355084,-0.7923729361],[35.2367106692,-0.7997022746],[35.2280163788,-0.7998742104],[35.2276679499,-0.7885793177],[35.2296568678,-0.7817982515],[35.2238393285,-0.7816324386],[35.2136721297,-0.7667231862],[35.2080505621,-0.7584798603],[35.1885356076,-0.7666370865],[35.1769387305,-0.7587214947],[35.1736432743,-0.7586119391],[35.1736435143,-0.7583390468],[35.1653354151,-0.7583316354],[35.1653427448,-0.7499683277],[35.1570347445,-0.7499609814],[35.1570633118,-0.7165080747],[35.1653712507,-0.7165150925],[35.1653781739,-0.7081517829],[35.157070249,-0.7081448471],[35.1570771056,-0.6997816191],[35.1487692769,-0.6997747504],[35.1487760675,-0.6914116041],[35.1404683341,-0.691404803],[35.1404750566,-0.6830417386],[35.1321674203,-0.6830350053],[35.1321740751,-0.6746720231],[35.1238665351,-0.674665358],[35.1238731219,-0.6663024581],[35.115565678,-0.6662958616],[35.115591259,-0.6328445894],[35.1072839518,-0.6328383108],[35.107296273,-0.6161128387],[35.115603554,-0.6161189513],[35.1156155215,-0.599393311],[35.1239228585,-0.599399246],[35.1239401539,-0.5743105361],[35.132247538,-0.5743162097],[35.132253126,-0.5659532223],[35.1405605793,-0.5659588022],[35.1405714877,-0.5492326634],[35.1571865938,-0.549243457],[35.1571919016,-0.5408802228],[35.1654995651,-0.5408855203],[35.1655047811,-0.532522203],[35.1738125146,-0.5325274082],[35.1738137817,-0.5304728738],[35.1738176391,-0.5241640098],[35.1904333264,-0.5241742219],[35.1904282249,-0.5325377833],[35.1987362013,-0.5325429531],[35.1987412926,-0.5241793114],[35.2070493376,-0.5241843899],[35.2070543366,-0.5158206651],[35.2153624529,-0.5158256516],[35.2153673598,-0.5074618475],[35.2319838107,-0.5074716268],[35.2319886163,-0.4991076603],[35.2486053648,-0.4991172363],[35.2486280999,-0.457296597],[35.240319735,-0.457292215],[35.240332449,-0.4322000704],[35.223716017,-0.43219176],[35.2237280655,-0.4071000941],[35.2320362165,-0.4071040123],[35.2320438325,-0.3903760736],[35.223735699,-0.3903723163],[35.2237465466,-0.3652806491],[35.215438517,-0.3652771248],[35.215445364,-0.3485495064],[35.2071374304,-0.348546137],[35.2071416723,-0.3377915137],[35.2071471194,-0.3234549507],[35.1988392864,-0.3234518179],[35.1988453575,-0.3067245216],[35.2071531773,-0.3067274932],[35.2071560865,-0.2983637628],[35.2143372233,-0.2983662572],[35.2145382284,-0.299120918],[35.223771693,-0.2991316974],[35.2237660822,-0.3150973069],[35.2320741491,-0.3151003396],[35.2320711009,-0.3234643117],[35.2403792536,-0.3234674181],[35.2403822969,-0.3151033666],[35.2569988286,-0.3151093979],[35.2569983042,-0.3165759737],[35.2569958005,-0.3234736095],[35.2819212134,-0.3234828469],[35.2819270717,-0.3069903341],[35.2819271534,-0.3067539458],[35.283006934,-0.306754324],[35.2902357693,-0.3067568528],[35.2902363136,-0.3051742924],[35.2902386143,-0.2983923227],[35.2961264835,-0.2983943227],[35.3018758772,-0.2983962726],[35.3060172887,-0.2990095211],[35.3101629195,-0.2964955361],[35.3134295605,-0.2900354314],[35.3317855742,-0.2900414438],[35.3317828387,-0.2984063668],[35.348401074,-0.2984119413],[35.3484037964,-0.2900468602],[35.3539071016,-0.2900486488],[35.378069558,-0.2950274534],[35.4100739091,-0.2800567126],[35.4150413865,-0.2777401198],[35.4486527325,-0.2800202739],[35.4564324507,-0.281218163],[35.4861157424,-0.28578872],[35.5134341562,-0.274662151],[35.5322977855,-0.2630239217],[35.5398345773,-0.2569995732],[35.5398287644,-0.256640172],[35.5396164299,-0.243518827],[35.5398938251,-0.239889363],[35.5403915034,-0.2333772454],[35.5443603887,-0.2244071631],[35.5375931951,-0.2128389833],[35.5214606532,-0.200979432],[35.5096846624,-0.1861430891],[35.4987593404,-0.1803137477],[35.486410848,-0.1797741743],[35.4767433861,-0.1864090772],[35.461367309,-0.1918406884],[35.4600658927,-0.1896719127],[35.4564627451,-0.1836674135],[35.4541496764,-0.1798128237],[35.4452878564,-0.1728395711],[35.4398398152,-0.1672616126],[35.4398444098,-0.139489514],[35.4328816978,-0.1394884512],[35.4315344984,-0.1394882453],[35.4315357222,-0.1311223925],[35.4149161324,-0.131119999],[35.414914902,-0.1394856991],[35.406605219,-0.1394844216],[35.4066039105,-0.147850045],[35.383897147,-0.1478463288],[35.3839078334,-0.1478288148],[35.3909355886,-0.1363096156],[35.3860218437,-0.1229120035],[35.3886365736,-0.1116280399],[35.3908820926,-0.0901969958],[35.3905433489,-0.0892890929],[35.3859677984,-0.0770259406],[35.371165606,-0.0681824676],[35.3567569095,-0.0679612694],[35.3464723944,-0.0678033842],[35.3318534069,-0.0651786632],[35.3235208852,-0.0676504539],[35.3235216995,-0.0558230061],[35.3069041455,-0.0558219564],[35.3069044561,-0.0506229392],[35.3237723633,-0.0471447915],[35.3522326114,-0.0364817897],[35.3737439387,-0.0349923005],[35.3898868306,-0.0461591582],[35.4084232088,-0.0455807494],[35.4186289832,-0.0283432195],[35.4232349273,-0.0226465927],[35.4250287968,-0.0204279164],[35.4254254697,-0.0240120211],[35.4379332411,-0.0254906972],[35.4475351821,-0.020384476],[35.4555779143,-0.0022629575],[35.4429175574,0.0112916686],[35.4398548245,0.0121015746],[35.412018114,0.0194625482],[35.4119494405,0.0194807077],[35.4066213299,0.0208896132],[35.4066155718,0.0208911363],[35.3816868757,0.02748288],[35.3816868653,0.0278272882],[35.3803845211,0.0278272479],[35.3780145293,0.0284539192],[35.3753539443,0.0278270922],[35.3484554415,0.027826256],[35.3401408629,0.0278259962],[35.3401408624,0.0278441882],[35.3401405651,0.0361910009],[35.3235227057,0.0361903244],[35.3235014329,0.0278254746],[35.3203923638,0.0283395783],[35.3192908175,0.0278253423],[35.3069054567,0.027824953],[35.3069051562,0.0361896429],[35.2985965002,0.0361893015],[35.2985961578,0.0438205101],[35.2985961215,0.0445539134],[35.2954666866,0.0445537549],[35.2908454306,0.0445535205],[35.2902875422,0.0445534921],[35.2902873995,0.0473171783],[35.290287084,0.0529180258],[35.2865479648,0.0529178003],[35.2736701595,0.0529170209],[35.2736706188,0.0445526468],[35.2653622769,0.0445522236],[35.265361898,0.0515232096],[35.2653618156,0.0529165172],[35.257053551,0.0529160124],[35.257053952,0.0457479853],[35.2570540133,0.0445517986],[35.2553330363,0.0445517104],[35.2404377233,0.0445509448],[35.2404372589,0.0529150003],[35.2238212875,0.052913982],[35.2238207402,0.0612778766],[35.2072050856,0.0612766923],[35.2072044573,0.0696404244],[35.1932431787,0.0696392898],[35.1822815748,0.069638396],[35.1822827606,0.0529114198],[35.1739752973,0.0529109029],[35.1739757698,0.0445474959],[35.1656683877,0.0445470605],[35.1656685378,0.0415651466],[35.1654917012,0.0416070761],[35.1601298617,0.0361834999],[35.1407471272,0.0361826707],[35.1407467333,0.0445457488],[35.1324396774,0.0445453097],[35.1324392007,0.0529083063],[35.1241322257,0.0529077837],[35.124131022,0.0696336116],[35.1158241283,0.0696329223],[35.1158236072,0.0757243756],[35.1158234017,0.0779957543],[35.0909032073,0.0779934271],[35.0909039385,0.0696308454],[35.0667384565,0.0696288188],[35.0493719506,0.0696273547],[35.0493731764,0.0529030297],[35.0244549941,0.0529014258],[35.024455485,0.0445395169],[35.0078437873,0.0445386106],[35.0078441947,0.0361768717],[34.999538473,0.0361765037],[34.9995380648,0.0445381565],[34.9746214058,0.0445367894],[34.9746209088,0.0528981854]],[[35.8886545595,-0.3236718394],[35.8969685018,-0.323674407],[35.8969710151,-0.315304535],[35.8886570795,-0.3153020347],[35.8886545595,-0.3236718394]],[[35.946758641,-0.5413325263],[35.9439236492,-0.5413310874],[35.9135008775,-0.541315561],[35.9135172961,-0.5078356956],[35.9063496004,-0.507832243],[35.9052030617,-0.50783169],[35.9052108998,-0.4910918874],[35.888582672,-0.4910841091],[35.8885939947,-0.4659748011],[35.8802800107,-0.4659710951],[35.880287248,-0.4492316884],[35.8636595164,-0.4492245169],[35.8636630549,-0.440854946],[35.8553492977,-0.4408514135],[35.8553527788,-0.4324819104],[35.8387254822,-0.4324749504],[35.8387289155,-0.4241055817],[35.8207109901,-0.424098145],[35.8137885016,-0.4240952766],[35.8137905197,-0.4191378903],[35.8137918942,-0.4157261101],[35.8088833638,-0.4157241127],[35.7971653067,-0.4157193317],[35.7971685595,-0.4075745117],[35.797168649,-0.4073503025],[35.7968460799,-0.4073501733],[35.7888554653,-0.4073469695],[35.7888576509,-0.4017929504],[35.7888619618,-0.3906090464],[35.7805488638,-0.3906058413],[35.7805520166,-0.3822369486],[35.7722389951,-0.3822338049],[35.7722420893,-0.3738649809],[35.7556162678,-0.3738588058],[35.7556193072,-0.3654901189],[35.7473065083,-0.3654870889],[35.7473094865,-0.3571184721],[35.7389967641,-0.3571155039],[35.7389996816,-0.3487469574],[35.7146674154,-0.3487384295],[35.7140619498,-0.3487382165],[35.7140560007,-0.3654748926],[35.7306811149,-0.3654810057],[35.7306749182,-0.3822179602],[35.7389875956,-0.382221146],[35.7389811907,-0.3988265209],[35.7389811388,-0.3989582391],[35.7306684441,-0.3989549148],[35.7306651031,-0.4073233904],[35.7389778062,-0.4073267845],[35.7389673923,-0.4324324221],[35.7555930578,-0.4324396014],[35.7555858069,-0.4491769699],[35.7638987602,-0.4491806843],[35.7638950419,-0.4575494374],[35.7722080733,-0.4575532113],[35.7722042952,-0.4659220342],[35.7888305854,-0.4659296895],[35.7888267585,-0.4742986497],[35.7971400144,-0.4743025315],[35.7971281564,-0.4994096134],[35.8054415118,-0.4994136893],[35.8054414591,-0.4995208378],[35.8043662324,-0.4995578203],[35.7943575683,-0.5186446911],[35.7836769089,-0.535640186],[35.7778171832,-0.5499026655],[35.7780255595,-0.5533617584],[35.7832644766,-0.5552380298],[35.7907053527,-0.5426033505],[35.7965123497,-0.5334121571],[35.8041746893,-0.5207768204],[35.8058932021,-0.516152112],[35.8137467319,-0.5161560827],[35.8137382583,-0.5328944079],[35.8303653941,-0.5329030518],[35.8303566946,-0.5496416475],[35.8469841449,-0.5496505165],[35.846979718,-0.558019949],[35.8552935561,-0.5580244333],[35.8552890731,-0.5663939328],[35.8636029898,-0.5663984725],[35.8635891797,-0.5915071705],[35.8802172827,-0.5915166147],[35.8802125722,-0.5998863138],[35.8968409659,-0.599895841],[35.8968362136,-0.6082656727],[35.9051505212,-0.6082704826],[35.9051443561,-0.6189897708],[35.8826194835,-0.6027094602],[35.8780526531,-0.6008319293],[35.8743288328,-0.6081912096],[35.8766964416,-0.6245808491],[35.8818201081,-0.6333504363],[35.8821106655,-0.6338477537],[35.8887420057,-0.6341195671],[35.8906424644,-0.6333557778],[35.8960907557,-0.6311661083],[35.896171752,-0.6333591164],[35.8962784008,-0.636246838],[35.8973565161,-0.6429385223],[35.9014393956,-0.6471173933],[35.9069862783,-0.6411594383],[35.9140269684,-0.6472001323],[35.9181351422,-0.6488430235],[35.9236450573,-0.6461093947],[35.9346183224,-0.6482593188],[35.9341213428,-0.6333975341],[35.9383939543,-0.6334000791],[35.9383988382,-0.6250299181],[35.9521231225,-0.6250379613],[35.955028224,-0.6250396601],[35.9550267784,-0.627544005],[35.9550236314,-0.6329581498],[35.9525928432,-0.6350021052],[35.95533093,-0.6458673895],[35.9565822461,-0.6493256718],[35.9512361065,-0.6580552304],[35.9543661833,-0.6661574998],[35.9550038192,-0.6660329161],[35.9550032917,-0.6668911095],[35.9633181499,-0.666896285],[35.9633024572,-0.6920073457],[35.9716174227,-0.6920127014],[35.9716066681,-0.7087535365],[35.9799217264,-0.7087590068],[35.9799162685,-0.7171294884],[35.9882314068,-0.7171350082],[35.9882203274,-0.7338760993],[35.9965355601,-0.7338817324],[35.99652994,-0.7422523417],[36.0048452519,-0.7422580234],[36.004833852,-0.758999369],[36.013149259,-0.7590051637],[36.0131434797,-0.7673758989],[36.0214589653,-0.7673817414],[36.02144725,-0.784123339],[36.0297628323,-0.7841292915],[36.0297592354,-0.789211868],[36.0297568959,-0.7925001537],[36.0336708965,-0.7925029795],[36.0380725579,-0.7925061529],[36.0380697814,-0.7964018717],[36.0380665751,-0.8008770791],[36.042728313,-0.8008804694],[36.0463823167,-0.8008831238],[36.0463788188,-0.805750665],[36.0463640425,-0.8259960878],[36.054679898,-0.8260023047],[36.0546736986,-0.8343733546],[36.0629896341,-0.8343796177],[36.0629833898,-0.8427507301],[36.0546674367,-0.8427444041],[36.0546611123,-0.8511154541],[36.0629770832,-0.8511218429],[36.0629707142,-0.8594929544],[36.0712867654,-0.859499387],[36.0712803522,-0.8678705608],[36.0877642075,-0.8678833829],[36.0879126774,-0.8678834981],[36.087910836,-0.8702857503],[36.0878931756,-0.8929973922],[36.0899703998,-0.8929990494],[36.0962094865,-0.8930040188],[36.096196214,-0.9097467364],[36.1045126245,-0.9097534699],[36.104505915,-0.91812489],[36.1211389595,-0.9181384199],[36.121125433,-0.9348815056],[36.137758799,-0.934895204],[36.1377722583,-0.9181373079],[36.1377788794,-0.9097802077],[36.1294622241,-0.9097735512],[36.129468815,-0.9014019458],[36.1211522397,-0.9013953324],[36.1211587999,-0.8930091266],[36.1211589492,-0.8928174204],[36.1211652876,-0.8846375501],[36.1211948199,-0.8454820795],[36.1211968088,-0.842779658],[36.1212029189,-0.8344229656],[36.1140249795,-0.8344176684],[36.112895034,-0.8344168331],[36.1128877724,-0.8327405302],[36.1128926386,-0.826030421],[36.1128986438,-0.8176738543],[36.1045908216,-0.8176678258],[36.1046116156,-0.7758106902],[36.1046200665,-0.7758106961],[36.1129278042,-0.775816415],[36.1129445649,-0.7507019475],[36.1046368753,-0.7506964146],[36.1046284244,-0.750696408],[36.1046393327,-0.7339382775],[36.1046446808,-0.7255821226],[36.0963370659,-0.7255767595],[36.0963392073,-0.7088340183],[36.0880232666,-0.7088287578],[36.0880336093,-0.6920861459],[36.0797177599,-0.692080995],[36.0797228623,-0.6836942839],[36.079727884,-0.6753385064],[36.0714204474,-0.6753334708],[36.0714121253,-0.6753334658],[36.0714220386,-0.6585755382],[36.0714268883,-0.6502199179],[36.0631195242,-0.6502150559],[36.0631160438,-0.6418439304],[36.0464931745,-0.6418342861],[36.0464849486,-0.6418342813],[36.0464752203,-0.6585607073],[36.0464752112,-0.6585762705],[36.0298524732,-0.6585663188],[36.0215370867,-0.6585613197],[36.0215289571,-0.6585613148],[36.0215339075,-0.650174916],[36.0215387765,-0.6418197058],[36.0132316093,-0.6418148249],[36.013223512,-0.6418148202],[36.0132283493,-0.6334284205],[36.013233114,-0.6250576464],[36.0132378058,-0.6167025956],[36.0049226452,-0.6166978881],[36.004923529,-0.6151160293],[36.0049272953,-0.6083272089],[35.9882971986,-0.6083021293],[35.9883018026,-0.5999473338],[35.9739556633,-0.5999393587],[35.9716719774,-0.5999380856],[35.9716673393,-0.6083085068],[35.946723045,-0.6082943445],[35.9467277221,-0.5999241182],[35.9384209083,-0.5999194415],[35.9384222825,-0.5831791143],[35.938430092,-0.5831791186],[35.9467368801,-0.5831836648],[35.9467368886,-0.583167814],[35.9467413619,-0.5748134377],[35.9384267756,-0.5748089525],[35.9384312055,-0.5664387904],[35.9467457789,-0.5664432103],[35.9467548711,-0.5488115252],[35.946758641,-0.5413325263]],[[35.1722951159,0.1440812439],[35.2163589778,0.1541172073],[35.1874891663,0.1703550895],[35.1820262006,0.1875495535],[35.1722951159,0.1440812439]],[[35.0983738027,0.2293629986],[35.0992297968,0.2575040161],[35.1099967893,0.2584029554],[35.1216337216,0.2774576402],[35.1081601981,0.2839138695],[35.0973630156,0.2993549579],[35.0866024834,0.2930087853],[35.0821064579,0.2957356305],[35.0785056947,0.3066317329],[35.0641177419,0.3193513403],[35.0604986376,0.3356936479],[35.0551057596,0.3393285638],[35.05243004,0.3302530232],[35.0731523833,0.2848493391],[35.0579355173,0.2511836741],[35.0660204806,0.2457304051],[35.0821709237,0.2520713716],[35.0983738027,0.2293629986]],[[35.0165394534,0.3157559038],[35.0192370726,0.311215338],[35.0326924932,0.3139283907],[35.0434840562,0.3093816079],[35.0461650418,0.3157337618],[35.0353723922,0.3248191239],[35.0237020124,0.3248277166],[35.0165394534,0.3157559038]],[[35.428633478,-0.8000959559],[35.4166345446,-0.8103836426],[35.4122310505,-0.8165802969],[35.4146890763,-0.823285644],[35.4249867687,-0.8231208658],[35.4498612358,-0.8048437773],[35.4623237756,-0.7938670138],[35.4637856156,-0.7920523562],[35.4644497239,-0.7912279611],[35.4669442647,-0.7881313294],[35.4659171457,-0.7836880315],[35.4649692245,-0.7795874154],[35.4644593532,-0.7797843989],[35.4491298064,-0.7857067099],[35.428633478,-0.8000959559]],[[35.3290515077,-0.8314583246],[35.3232432281,-0.8406426607],[35.3261513369,-0.8475733069],[35.3337689956,-0.8400164558],[35.3431986023,-0.835245574],[35.3506080377,-0.8256067131],[35.3529565781,-0.8187066817],[35.3596858724,-0.8090773331],[35.3615880533,-0.8014806518],[35.3506208262,-0.8000168705],[35.3438491507,-0.8142717258],[35.3375811396,-0.8248326971],[35.3290515077,-0.8314583246]],[[35.3684726003,-0.6521314231],[35.3697363414,-0.6632096778],[35.3775190208,-0.6625665132],[35.3895819781,-0.6453613618],[35.4024219918,-0.6415252274],[35.4063980929,-0.6323958193],[35.4066270992,-0.6318699958],[35.4095314379,-0.6152820911],[35.3993709195,-0.6079543689],[35.3895340591,-0.6008601502],[35.3888976158,-0.6199885412],[35.3795814933,-0.6381410632],[35.3684726003,-0.6521314231]],[[35.3243157343,-0.6034242836],[35.3219773461,-0.6094013674],[35.3148333214,-0.6151219987],[35.3065056459,-0.6252068392],[35.3050683925,-0.6314270078],[35.3141423308,-0.640014709],[35.3193235592,-0.6485801938],[35.3224413346,-0.6578181109],[35.3272184061,-0.6603829753],[35.3321324684,-0.6488903168],[35.3363139651,-0.641082522],[35.3391478848,-0.6318823506],[35.349047301,-0.6252620589],[35.3541820702,-0.6144565777],[35.3494381133,-0.6079723748],[35.3398796599,-0.6028340901],[35.3376373923,-0.5970619059],[35.3323930248,-0.5961001231],[35.3243157343,-0.6034242836]],[[35.5414125725,-0.0892658269],[35.541416322,-0.0892859676],[35.5429739271,-0.0976530075],[35.5436045761,-0.1010408052],[35.5568474155,-0.1045745722],[35.5625163852,-0.1099150558],[35.5600994695,-0.1248857562],[35.5637049882,-0.1309091767],[35.5695600861,-0.1415461579],[35.5740048026,-0.1563325888],[35.583171718,-0.1552387384],[35.5873696086,-0.1458057419],[35.5828855002,-0.1358632327],[35.5801694893,-0.1321559318],[35.5802315907,-0.1243148916],[35.591792744,-0.1114729364],[35.59275682,-0.1054862695],[35.5834106841,-0.1015105738],[35.5816706617,-0.0908932057],[35.5869781852,-0.0849256504],[35.5879423795,-0.0796271105],[35.5843046471,-0.076609797],[35.575841522,-0.0774767286],[35.5736380084,-0.0668603579],[35.5704243905,-0.0682245201],[35.5662356734,-0.0764987516],[35.5636399006,-0.085937912],[35.5592839818,-0.0863715597],[35.5564006818,-0.0764447266],[35.5511168814,-0.0725529598],[35.5507114739,-0.0722543592],[35.5408044153,-0.0701905648],[35.5376392899,-0.0763259218],[35.5395820459,-0.0829882294],[35.5414125725,-0.0892658269]],[[35.5233818155,-0.1157178727],[35.5218863604,-0.1260417537],[35.5226561473,-0.1343787595],[35.5266269356,-0.1394850357],[35.5417325906,-0.1586718555],[35.5490026334,-0.1644805316],[35.5572560065,-0.1622295153],[35.5589123091,-0.1560064749],[35.5525706048,-0.1488199424],[35.5460555582,-0.1349520645],[35.5445637647,-0.1224876103],[35.5395785341,-0.1165622685],[35.5361823123,-0.1125256313],[35.5288495905,-0.1136345715],[35.5233818155,-0.1157178727]],[[35.4812791734,0.1029858827],[35.4929971119,0.0984833638],[35.4983646877,0.1075478151],[35.4983029458,0.1220331473],[35.4932291301,0.1282276504],[35.4901598175,0.1319748617],[35.4802845439,0.1229009558],[35.4808543338,0.1114933346],[35.4812791734,0.1029858827]],[[35.8469938085,-0.5939464135],[35.8426678315,-0.5916067394],[35.8311378615,-0.6012225077],[35.8265927619,-0.5970356191],[35.8214882469,-0.6053110972],[35.8135829958,-0.6193319791],[35.8107652369,-0.6266894773],[35.8120586859,-0.6354632791],[35.8178132683,-0.6322677655],[35.8261902738,-0.6161814189],[35.8293443035,-0.6215113816],[35.8281148321,-0.6314207711],[35.8365268142,-0.6377037434],[35.8386263782,-0.6399473193],[35.8417325442,-0.6432665532],[35.8414168476,-0.6531838845],[35.8427021272,-0.6624198641],[35.8470271347,-0.6654481336],[35.8557596274,-0.662275888],[35.856559557,-0.6491336058],[35.8496796708,-0.6333308532],[35.8451779281,-0.6176861994],[35.8455139594,-0.6063921924],[35.8469938085,-0.5939464135]],[[35.6148241946,-0.3288475714],[35.620383295,-0.3205808428],[35.6293734664,-0.3132501052],[35.6387700705,-0.3119308992],[35.644144085,-0.2997434437],[35.6411908501,-0.2969594379],[35.6350084989,-0.2969152966],[35.6306315932,-0.3008069551],[35.6228349947,-0.3030653007],[35.6156715856,-0.3099403725],[35.6114282591,-0.3246698794],[35.6148241946,-0.3288475714]],[[35.6353658499,-0.3596456684],[35.6388013712,-0.3601291842],[35.6489751176,-0.3479705497],[35.6559178947,-0.3394840852],[35.6580338828,-0.3321099904],[35.655531732,-0.3309459483],[35.6500404857,-0.3306831689],[35.6471304014,-0.323978253],[35.6383179516,-0.3366057688],[35.6315920705,-0.3467034735],[35.6290178742,-0.3529190666],[35.6351968453,-0.353878094],[35.6353658499,-0.3596456684]],[[35.5986141318,-0.3767078756],[35.6036225366,-0.3792805562],[35.605308323,-0.3691369758],[35.6013929394,-0.3469779949],[35.5966254995,-0.3427934291],[35.5924350445,-0.3501522116],[35.5883071763,-0.3519696211],[35.5853025206,-0.3551795862],[35.5832143795,-0.3583971376],[35.5886734826,-0.3616571026],[35.5913570487,-0.3690502261],[35.5947721146,-0.371380881],[35.5986141318,-0.3767078756]],[[35.6891912027,-0.054208512],[35.6854713277,-0.0536375338],[35.6808790022,-0.0558162153],[35.6749123092,-0.0586469028],[35.6718975437,-0.0641940631],[35.6666065306,-0.0739293307],[35.6770420579,-0.1059375976],[35.680864407,-0.1363588935],[35.682681398,-0.150822574],[35.6933699115,-0.1519352498],[35.6976369175,-0.1630293433],[35.7019417503,-0.1729835385],[35.7086403309,-0.188473386],[35.7262461591,-0.2064789779],[35.7276977442,-0.2079635492],[35.7430458858,-0.2055189116],[35.7577578146,-0.1984568337],[35.7676893446,-0.1869836842],[35.7716952975,-0.1730130542],[35.7717002936,-0.172995628],[35.7722961371,-0.1709175797],[35.7723033093,-0.1708925689],[35.7731009885,-0.1681105769],[35.7723050918,-0.1598686457],[35.7722979353,-0.159794548],[35.7707828973,-0.1441074421],[35.7693119842,-0.1311686305],[35.7673715995,-0.1141023552],[35.7647798826,-0.106061744],[35.7591010381,-0.0884442849],[35.755383965,-0.0813242993],[35.7551911395,-0.0809546751],[35.7507681615,-0.0724764046],[35.7320426408,-0.0670601206],[35.7058090587,-0.0567592722],[35.6975033144,-0.0554843757],[35.6891912027,-0.054208512]],[[35.6857222383,-0.1756916447],[35.681855185,-0.1740595257],[35.676368022,-0.1731003722],[35.6725460631,-0.1764214664],[35.6708337567,-0.177909367],[35.6612300703,-0.1776185031],[35.6536640178,-0.1791893379],[35.6535812934,-0.188416398],[35.6540955508,-0.1980786822],[35.6541706297,-0.1994894744],[35.65591705,-0.2031340042],[35.662260363,-0.2163718669],[35.6698343884,-0.2141131064],[35.671250237,-0.2095106936],[35.6694670075,-0.2032748892],[35.6668811991,-0.1980812798],[35.6649715939,-0.1942458683],[35.6655532697,-0.1897304106],[35.6657136206,-0.1884855983],[35.668827414,-0.1897310462],[35.6739180537,-0.1917671972],[35.6783054264,-0.187639419],[35.6821726389,-0.1897424522],[35.6840567694,-0.1980847515],[35.6841535806,-0.1985134075],[35.6893601836,-0.2057031738],[35.6936760931,-0.1980866894],[35.6947018879,-0.1962764008],[35.6936725936,-0.1831209452],[35.6909995967,-0.1745775469],[35.6857222383,-0.1756916447]],[[35.6528442827,-0.1348762805],[35.6583273222,-0.1157966835],[35.6572184693,-0.1144004308],[35.6559382255,-0.1127883707],[35.6505723572,-0.1060318185],[35.6504142629,-0.1058327523],[35.6476272547,-0.1049148479],[35.6449736338,-0.1040408777],[35.6384530968,-0.1126820667],[35.6363077652,-0.1230445969],[35.6394078919,-0.1345927877],[35.6528442827,-0.1348762805]],[[35.6002829842,-0.1871609942],[35.6074148471,-0.1825940697],[35.6225313511,-0.1803852586],[35.6296627128,-0.1765063272],[35.6326787917,-0.171683899],[35.6252300092,-0.160333588],[35.6210916424,-0.1621518951],[35.6175740511,-0.1720457283],[35.6086280913,-0.1745334665],[35.5946845431,-0.1730641976],[35.5840952635,-0.1803806678],[35.5823992263,-0.1912034395],[35.5875783234,-0.2006922758],[35.6002829842,-0.1871609942]],[[35.5122159891,0.2435606959],[35.5175536671,0.2607743244],[35.5030441426,0.2842809857],[35.4985563837,0.2806495037],[35.5022484037,0.2589295301],[35.5122159891,0.2435606959]],[[35.5709717242,0.190180641],[35.5711684969,0.1430091672],[35.5765868444,0.1384934691],[35.5855929669,0.1385123386],[35.5928152794,0.1330948822],[35.5954898136,0.1394385038],[35.5791076622,0.1829547816],[35.5709717242,0.190180641]]]}},{"type":"Feature","properties":{"country":"Kenya","country_code":"KEN","species_name":"Pinus_patula","genus":"Pinus","species":"patula","suitability_name":"Very suitable","suitability_rank":1,"source_layer":"KCFP_SSMT_Kenya","tz":null,"soil_description":null},"geometry":{"type":"Polygon","coordinates":[[[34.5424130388,0.8133268616],[34.5291604496,0.8133120767],[34.5258100744,0.813308332],[34.5258042149,0.8186014129],[34.5257914435,0.8300212932],[34.5008876053,0.8299927978],[34.5008970198,0.821636603],[34.492595948,0.8216271653],[34.4925865162,0.8299832641],[34.4759846247,0.8299641446],[34.4759654049,0.8466759539],[34.4676645678,0.8466661749],[34.4676547964,0.8550219823],[34.4593540375,0.8550120889],[34.4593441522,0.8633677992],[34.4510434716,0.8633577909],[34.4510071439,0.8933392607],[34.4653642045,0.9218872001],[34.4675731418,0.9218900368],[34.4675697155,0.926272898],[34.4695580659,0.9302268118],[34.4749878612,0.9410243992],[34.4758436322,0.9457177169],[34.4791154717,0.9636629769],[34.4802967079,0.9701423399],[34.4841141248,0.9691146308],[34.4924184038,0.9668789513],[34.4937636315,0.9665167847],[34.6148888277,0.9719823785],[34.6579072068,0.9919498916],[34.6999018217,1.0284022192],[34.7026902398,1.0308227104],[34.7164903345,1.042802036],[34.7196973722,1.0455859737],[34.7211170806,1.0475650935],[34.7268583971,1.0555687509],[34.7196530909,1.0637332319],[34.7061581591,1.0728031631],[34.7024458213,1.1209820318],[34.7068892948,1.1391304981],[34.6664563585,1.1869794116],[34.6600596411,1.1945486135],[34.6742473969,1.1979471188],[34.674742994,1.1980658321],[34.7093746328,1.2063613547],[34.7093943242,1.2063660719],[34.7094035799,1.2063614016],[34.7111907343,1.2054595282],[34.7162519622,1.2060302808],[34.7192689437,1.2063705014],[34.7328599254,1.2088766352],[34.7389997091,1.2100087821],[34.740796185,1.209102192],[34.7856611234,1.217288613],[34.8035739388,1.2281858878],[34.806374498,1.2315926461],[34.8075676614,1.2315945386],[34.8075787072,1.2245180535],[34.8075841555,1.2232349484],[34.8075970733,1.2148981006],[34.8159026763,1.2149110807],[34.8159282657,1.1981916434],[34.8242339061,1.1982044186],[34.8242590918,1.1814848004],[34.832564771,1.1814973734],[34.8326380556,1.1313379696],[34.8243325205,1.1313259296],[34.824425469,1.0644474016],[34.8327308206,1.0644587288],[34.8327420186,1.0560988209],[34.841043856,1.0561100321],[34.8410438854,1.0560878943],[34.8410474658,1.0560878982],[34.8410695237,1.0393900426],[34.8493749857,1.0394010592],[34.8493858746,1.031040973],[34.857687759,1.0310518735],[34.8493822914,1.031018925],[34.8494020216,1.0156957],[34.849414432,1.005938758],[34.8411090878,1.0059280971],[34.8411185195,0.9984636565],[34.8411196454,0.9975681281],[34.8328144112,0.9975575339],[34.8328299431,0.9851556228],[34.8185632653,0.9919757412],[34.7988070165,0.998325189],[34.794333252,0.9910648997],[34.8230942906,0.9756416248],[34.8328471009,0.971271276],[34.8328558456,0.9641180113],[34.8377632824,0.9641240639],[34.8411609987,0.9641282503],[34.8411711164,0.9557682795],[34.8494763377,0.9557784096],[34.849496269,0.9390582892],[34.8411910865,0.9390483364],[34.8412107049,0.9223283914],[34.8401826279,0.9223271799],[34.8329056512,0.9223185964],[34.8329110017,0.9177149404],[34.832911283,0.9174721926],[34.8329344747,0.8972389414],[34.8412394722,0.89724847],[34.8412581844,0.8805499829],[34.8329532487,0.880519169],[34.8329716695,0.8637993947],[34.8163620868,0.8637809934],[34.816359824,0.865844084],[34.8163528843,0.8721407027],[34.79974362,0.8721220499],[34.7997457571,0.8701947248],[34.7997528588,0.8637625194],[34.7582313487,0.8637160165],[34.7582405891,0.8553569357],[34.7419639526,0.8553387594],[34.7416326493,0.8553383887],[34.7416330838,0.8549440152],[34.7416418346,0.8469794887],[34.7349510744,0.8469720695],[34.7167306555,0.8469518065],[34.7167398024,0.8385931793],[34.6918294929,0.8385656117],[34.6918386031,0.8302072588],[34.6752322202,0.8301889764],[34.6752412727,0.8218308071],[34.6669382363,0.821821732],[34.6669291675,0.830179809],[34.6509773096,0.8301621472],[34.6420205581,0.830152202],[34.6420239012,0.8270979476],[34.6420296796,0.8217944031],[34.6337270115,0.821785258],[34.6337231387,0.8253374093],[34.6337178727,0.8301429648],[34.6171127797,0.8301244381],[34.617121898,0.821816397],[34.617121952,0.8217669187],[34.6168873898,0.8217666592],[34.6088195628,0.8217577227],[34.608821422,0.8200559232],[34.6088286594,0.8134002955],[34.5881914504,0.813377596],[34.5839220992,0.8133728865],[34.5839253811,0.8103538533],[34.5839401158,0.7966585959],[34.5645734278,0.7966376159],[34.5424312234,0.7966135169],[34.5424130388,0.8133268616]]]}},{"type":"Feature","properties":{"country":"Kenya","country_code":"KEN","species_name":"Pinus_patula","genus":"Pinus","species":"patula","suitability_name":"Very suitable","suitability_rank":1,"source_layer":"KCFP_SSMT_Kenya","tz":null,"soil_description":null},"geometry":{"type":"Polygon","coordinates":[[[35.2811820998,-1.1940940517],[35.2811717832,-1.2017349314],[35.2777551112,-1.2017302413],[35.2788384658,-1.1998543425],[35.2811820998,-1.1940940517]]]}},{"type":"Feature","properties":{"country":"Kenya","country_code":"KEN","species_name":"Pinus_patula","genus":"Pinus","species":"patula","suitability_name":"Very suitable","suitability_rank":1,"source_layer":"KCFP_SSMT_Kenya","tz":null,"soil_description":null},"geometry":{"type":"Polygon","coordinates":[[[35.2645513448,-1.2017120767],[35.264562665,-1.1933612835],[35.2707654573,-1.1933697649],[35.2666762087,-1.2017150044],[35.2645513448,-1.2017120767]]]}},{"type":"Feature","properties":{"country":"Kenya","country_code":"KEN","species_name":"Pinus_patula","genus":"Pinus","species":"patula","suitability_name":"Very suitable","suitability_rank":1,"source_layer":"KCFP_SSMT_Kenya","tz":null,"soil_description":null},"geometry":{"type":"Polygon","coordinates":[[[35.2843610083,-1.185023853],[35.2894992611,-1.185017272],[35.2895045711,-1.1850172791],[35.2894933867,-1.1933818009],[35.281476321,-1.19337089],[35.2843964637,-1.1861934214],[35.2843610083,-1.185023853]]]}},{"type":"Feature","properties":{"country":"Kenya","country_code":"KEN","species_name":"Pinus_patula","genus":"Pinus","species":"patula","suitability_name":"Very suitable","suitability_rank":1,"source_layer":"KCFP_SSMT_Kenya","tz":null,"soil_description":null},"geometry":{"type":"Polygon","coordinates":[[[35.2972360696,-1.180345397],[35.2953667473,-1.1850251875],[35.2895045711,-1.1850172791],[35.2895213956,-1.1682882276],[35.289526902,-1.1640891762],[35.2924947329,-1.1663788929],[35.2972360696,-1.180345397]]]}},{"type":"Feature","properties":{"country":"Kenya","country_code":"KEN","species_name":"Pinus_patula","genus":"Pinus","species":"patula","suitability_name":"Very suitable","suitability_rank":1,"source_layer":"KCFP_SSMT_Kenya","tz":null,"soil_description":null},"geometry":{"type":"Polygon","coordinates":[[[35.284136186,-1.1599301865],[35.281227423,-1.1599263367],[35.281231299,-1.1569575314],[35.284136186,-1.1599301865]]]}},{"type":"Feature","properties":{"country":"Kenya","country_code":"KEN","species_name":"Pinus_patula","genus":"Pinus","species":"patula","suitability_name":"Very suitable","suitability_rank":1,"source_layer":"KCFP_SSMT_Kenya","tz":null,"soil_description":null},"geometry":{"type":"Polygon","coordinates":[[[35.2590040894,-1.1431683881],[35.2583333582,-1.1337154453],[35.2621670999,-1.1264440504],[35.2646453134,-1.1264472522],[35.2646513212,-1.1217259124],[35.2684876723,-1.1143744693],[35.2675989093,-1.1098022676],[35.2621091345,-1.1099954999],[35.2563581215,-1.1085662793],[35.256377586,-1.0929797992],[35.2646873435,-1.0929902264],[35.2646976518,-1.0846259695],[35.2656530416,-1.0846271578],[35.265180532,-1.0880962157],[35.2648881446,-1.1033935634],[35.2772557342,-1.1002798363],[35.2815523635,-1.1076735201],[35.2803974348,-1.1124000637],[35.2755558061,-1.1192191435],[35.2750807546,-1.1228690282],[35.2737961598,-1.1276494292],[35.2720592691,-1.1340442175],[35.2731343059,-1.1484348489],[35.2760857907,-1.1515414946],[35.2646129781,-1.1515263652],[35.2646238242,-1.1431757625],[35.2590040894,-1.1431683881]]]}},{"type":"Feature","properties":{"country":"Kenya","country_code":"KEN","species_name":"Pinus_patula","genus":"Pinus","species":"patula","suitability_name":"Very suitable","suitability_rank":1,"source_layer":"KCFP_SSMT_Kenya","tz":null,"soil_description":null},"geometry":{"type":"Polygon","coordinates":[[[35.2132092399,-0.8085568125],[35.2226393213,-0.8085656681],[35.2303724252,-0.8164888741],[35.2376478777,-0.8218395249],[35.2375500833,-0.8319765044],[35.2291822905,-0.8455247272],[35.223234637,-0.8454853252],[35.2131445034,-0.8244346459],[35.2072741769,-0.8158697442],[35.211685136,-0.8089778291],[35.2132092399,-0.8085568125]]]}},{"type":"Feature","properties":{"country":"Kenya","country_code":"KEN","species_name":"Pinus_patula","genus":"Pinus","species":"patula","suitability_name":"Very suitable","suitability_rank":1,"source_layer":"KCFP_SSMT_Kenya","tz":null,"soil_description":null},"geometry":{"type":"Polygon","coordinates":[[[35.3733651675,-0.1524472584],[35.3733645294,-0.1562099124],[35.3650608185,-0.1562084662],[35.3637467575,-0.156208237],[35.3650609077,-0.1556943835],[35.3733651675,-0.1524472584]]]}},{"type":"Feature","properties":{"country":"Kenya","country_code":"KEN","species_name":"Pinus_patula","genus":"Pinus","species":"patula","suitability_name":"Very suitable","suitability_rank":1,"source_layer":"KCFP_SSMT_Kenya","tz":null,"soil_description":null},"geometry":{"type":"Polygon","coordinates":[[[35.3484502929,-0.0089578259],[35.3484503197,-0.0056340753],[35.3567594422,-0.0056341278],[35.3567593777,-0.012185429],[35.3484502929,-0.0089578259]]]}},{"type":"Feature","properties":{"country":"Kenya","country_code":"KEN","species_name":"Pinus_patula","genus":"Pinus","species":"patula","suitability_name":"Very suitable","suitability_rank":1,"source_layer":"KCFP_SSMT_Kenya","tz":null,"soil_description":null},"geometry":{"type":"Polygon","coordinates":[[[35.365068641,-0.0056341792],[35.3983062097,-0.0056343882],[35.398306222,0.00273116],[35.4066158062,0.0027311851],[35.4066157822,0.0071722083],[35.4348369224,0.0058441179],[35.4393717818,-0.0031998388],[35.4368116498,-0.0056346269],[35.4315449553,-0.0106434238],[35.4280151051,-0.0140003936],[35.4241198839,-0.0177048121],[35.4232350288,-0.0180407392],[35.4169296657,-0.0204344968],[35.3782109117,-0.0205182804],[35.361429092,-0.0139993615],[35.3650685514,-0.0139994184],[35.365068641,-0.0056341792]]]}},{"type":"Feature","properties":{"country":"Kenya","country_code":"KEN","species_name":"Pinus_patula","genus":"Pinus","species":"patula","suitability_name":"Very suitable","suitability_rank":1,"source_layer":"KCFP_SSMT_Kenya","tz":null,"soil_description":null},"geometry":{"type":"Polygon","coordinates":[[[35.1129571916,0.7219519443],[35.1100422015,0.7292832545],[35.1105852455,0.7303127036],[35.115517684,0.7303170038],[35.115524833,0.7219541565],[35.1129571916,0.7219519443]]]}},{"type":"Feature","properties":{"country":"Kenya","country_code":"KEN","species_name":"Pinus_patula","genus":"Pinus","species":"patula","suitability_name":"Very suitable","suitability_rank":1,"source_layer":"KCFP_SSMT_Kenya","tz":null,"soil_description":null},"geometry":{"type":"Polygon","coordinates":[[[35.2730954622,1.0148407597],[35.2739527674,1.0148417552],[35.2730979037,1.0127083958],[35.2730954622,1.0148407597]]]}},{"type":"Feature","properties":{"country":"Kenya","country_code":"KEN","species_name":"Pinus_patula","genus":"Pinus","species":"patula","suitability_name":"Very suitable","suitability_rank":1,"source_layer":"KCFP_SSMT_Kenya","tz":null,"soil_description":null},"geometry":{"type":"Polygon","coordinates":[[[35.2481374044,1.0399041158],[35.2481274749,1.0482682493],[35.2564370646,1.0482782721],[35.2564433586,1.042972562],[35.2564469722,1.0399140595],[35.2544767273,1.0399117029],[35.2481374044,1.0399041158]]]}},{"type":"Feature","properties":{"country":"Kenya","country_code":"KEN","species_name":"Pinus_patula","genus":"Pinus","species":"patula","suitability_name":"Very suitable","suitability_rank":1,"source_layer":"KCFP_SSMT_Kenya","tz":null,"soil_description":null},"geometry":{"type":"Polygon","coordinates":[[[35.2145891059,1.274050624],[35.2160860938,1.2740528393],[35.214703005,1.273731706],[35.2145895407,1.2737531568],[35.2145891059,1.274050624]]]}},{"type":"Feature","properties":{"country":"Kenya","country_code":"KEN","species_name":"Pinus_patula","genus":"Pinus","species":"patula","suitability_name":"Very suitable","suitability_rank":1,"source_layer":"KCFP_SSMT_Kenya","tz":null,"soil_description":null},"geometry":{"type":"Polygon","coordinates":[[[35.2311968268,1.2824391348],[35.2523401527,1.2824704215],[35.2312039561,1.2775629772],[35.2311968268,1.2824391348]]]}},{"type":"Feature","properties":{"country":"Kenya","country_code":"KEN","species_name":"Pinus_patula","genus":"Pinus","species":"patula","suitability_name":"Very suitable","suitability_rank":1,"source_layer":"KCFP_SSMT_Kenya","tz":null,"soil_description":null},"geometry":{"type":"Polygon","coordinates":[[[35.1730069883,1.2965888109],[35.1711602435,1.2990761147],[35.1730032397,1.2990789286],[35.1730069883,1.2965888109]]]}},{"type":"Feature","properties":{"country":"Kenya","country_code":"KEN","species_name":"Pinus_patula","genus":"Pinus","species":"patula","suitability_name":"Very suitable","suitability_rank":1,"source_layer":"KCFP_SSMT_Kenya","tz":null,"soil_description":null},"geometry":{"type":"Polygon","coordinates":[[[35.5058725091,-0.9426711556],[35.5141842149,-0.9426795496],[35.5141758479,-0.9510461623],[35.5058641223,-0.951037692],[35.5058725091,-0.9426711556]]]}},{"type":"Feature","properties":{"country":"Kenya","country_code":"KEN","species_name":"Pinus_patula","genus":"Pinus","species":"patula","suitability_name":"Very suitable","suitability_rank":1,"source_layer":"KCFP_SSMT_Kenya","tz":null,"soil_description":null},"geometry":{"type":"Polygon","coordinates":[[[35.4477672954,0.865925259],[35.4533385308,0.8728218217],[35.4560718706,0.8728244185],[35.4560796749,0.8644583286],[35.4477686687,0.8644505023],[35.4477672954,0.865925259]]]}},{"type":"Feature","properties":{"country":"Kenya","country_code":"KEN","species_name":"Pinus_patula","genus":"Pinus","species":"patula","suitability_name":"Very suitable","suitability_rank":1,"source_layer":"KCFP_SSMT_Kenya","tz":null,"soil_description":null},"geometry":{"type":"Polygon","coordinates":[[[35.4311068363,0.9062641033],[35.4144851685,0.9062475591],[35.4144795733,0.9119126318],[35.4227802533,0.9162676862],[35.4248497269,0.9173534651],[35.428933527,0.9146061865],[35.4311000636,0.9131486907],[35.4311068363,0.9062641033]]]}},{"type":"Feature","properties":{"country":"Kenya","country_code":"KEN","species_name":"Pinus_patula","genus":"Pinus","species":"patula","suitability_name":"Very suitable","suitability_rank":1,"source_layer":"KCFP_SSMT_Kenya","tz":null,"soil_description":null},"geometry":{"type":"Polygon","coordinates":[[[35.6638979818,-0.8424121476],[35.6722108373,-0.8424193113],[35.6722036961,-0.8507873099],[35.663890822,-0.8507800759],[35.6638979818,-0.8424121476]]]}},{"type":"Feature","properties":{"country":"Kenya","country_code":"KEN","species_name":"Pinus_patula","genus":"Pinus","species":"patula","suitability_name":"Very suitable","suitability_rank":1,"source_layer":"KCFP_SSMT_Kenya","tz":null,"soil_description":null},"geometry":{"type":"Polygon","coordinates":[[[35.5559003963,0.7672528633],[35.5536261239,0.7645653984],[35.5491261207,0.7672916328],[35.5490673513,0.7990804959],[35.5558690166,0.8054950698],[35.5559003963,0.7672528633]]]}},{"type":"Feature","properties":{"country":"Kenya","country_code":"KEN","species_name":"Pinus_patula","genus":"Pinus","species":"patula","suitability_name":"Very suitable","suitability_rank":1,"source_layer":"KCFP_SSMT_Kenya","tz":null,"soil_description":null},"geometry":{"type":"Polygon","coordinates":[[[35.5625002032,0.8059875562],[35.5563856999,0.8059823498],[35.5607168886,0.8100670762],[35.5625002032,0.8059875562]]]}},{"type":"Feature","properties":{"country":"Kenya","country_code":"KEN","species_name":"Pinus_patula","genus":"Pinus","species":"patula","suitability_name":"Very suitable","suitability_rank":1,"source_layer":"KCFP_SSMT_Kenya","tz":null,"soil_description":null},"geometry":{"type":"Polygon","coordinates":[[[35.7792279031,-1.6957325749],[35.7773328609,-1.6961333875],[35.7761100247,-1.6961313363],[35.7714776677,-1.687190911],[35.777246793,-1.6769516549],[35.7713409012,-1.6677679956],[35.7626580367,-1.657383967],[35.7626766484,-1.6458963602],[35.7590559225,-1.6458904373],[35.7582126137,-1.6395781238],[35.7559909046,-1.63751674],[35.7626901247,-1.6375276482],[35.7627035322,-1.6291589353],[35.7469926191,-1.62913345],[35.7460738736,-1.6276392958],[35.7461114907,-1.6040262256],[35.7710593711,-1.6040660263],[35.771072469,-1.5956972412],[35.7770044436,-1.5957066109],[35.7927013438,-1.6098903419],[35.8029717222,-1.6208664823],[35.8125106037,-1.6310609165],[35.8125910508,-1.6311186033],[35.8209055659,-1.6370807728],[35.8209047132,-1.6376214888],[35.821661303,-1.6376226963],[35.8216777813,-1.6376345138],[35.8292054531,-1.6430324565],[35.8292128406,-1.6430377537],[35.8292081534,-1.646004015],[35.833201076,-1.646010405],[35.8332153886,-1.6460221857],[35.8375118789,-1.6495589366],[35.8375192956,-1.6495650414],[35.8375116637,-1.6543866419],[35.8458285091,-1.6543999751],[35.8458152426,-1.6627693683],[35.8541321899,-1.6627827337],[35.8541101523,-1.6766302795],[35.8498534488,-1.6719965442],[35.8466570949,-1.6719803636],[35.8457923871,-1.6724312122],[35.8322388819,-1.6794977109],[35.8291446523,-1.6811109373],[35.8172694255,-1.6873021483],[35.8083452415,-1.6865531575],[35.8041940252,-1.6858291281],[35.8042044347,-1.6794401184],[35.7958805556,-1.6794263933],[35.7792548021,-1.6793988727],[35.7792279031,-1.6957325749]]]}},{"type":"Feature","properties":{"country":"Kenya","country_code":"KEN","species_name":"Pinus_patula","genus":"Pinus","species":"patula","suitability_name":"Very suitable","suitability_rank":1,"source_layer":"KCFP_SSMT_Kenya","tz":null,"soil_description":null},"geometry":{"type":"Polygon","coordinates":[[[35.7544536459,-1.5873022324],[35.7544612084,-1.582449187],[35.7637027221,-1.5873168322],[35.7544536459,-1.5873022324]]]}},{"type":"Feature","properties":{"country":"Kenya","country_code":"KEN","species_name":"Pinus_patula","genus":"Pinus","species":"patula","suitability_name":"Very suitable","suitability_rank":1,"source_layer":"KCFP_SSMT_Kenya","tz":null,"soil_description":null},"geometry":{"type":"Polygon","coordinates":[[[35.708792984,-1.5788612601],[35.7074737191,-1.5761453847],[35.7045894371,-1.5683739724],[35.7045992144,-1.5621180671],[35.712914592,-1.5621311861],[35.7129275768,-1.5537628843],[35.7212429915,-1.5537759001],[35.7212433244,-1.5535596786],[35.7485485318,-1.5789242696],[35.7378351611,-1.578907365],[35.7378481864,-1.5705388549],[35.7295325669,-1.5705257652],[35.7295195086,-1.5788942055],[35.7212039264,-1.5788810126],[35.7212170178,-1.5705126432],[35.7129015375,-1.5704994871],[35.7128884131,-1.5788677864],[35.708792984,-1.5788612601]]]}},{"type":"Feature","properties":{"country":"Kenya","country_code":"KEN","species_name":"Pinus_patula","genus":"Pinus","species":"patula","suitability_name":"Very suitable","suitability_rank":1,"source_layer":"KCFP_SSMT_Kenya","tz":null,"soil_description":null},"geometry":{"type":"Polygon","coordinates":[[[35.7096410438,0.1986279675],[35.7141088808,0.2031484179],[35.7224126162,0.2115500358],[35.7224142589,0.2035739594],[35.7307267357,0.2035756609],[35.7307250149,0.2119441401],[35.7390375654,0.2119459062],[35.7390364461,0.2172263559],[35.7482980867,0.2159168926],[35.753521367,0.2203176438],[35.7556610963,0.2203181144],[35.7556645816,0.2035807361],[35.7639773348,0.2035824195],[35.7639756314,0.2119511775],[35.7722884576,0.2119529256],[35.7722848522,0.2286905802],[35.7805977552,0.2286924606],[35.7805938867,0.2454302524],[35.788906868,0.2454322654],[35.7889027369,0.2621701941],[35.7972157979,0.2621723397],[35.7972136353,0.2705413719],[35.8055267698,0.2705435804],[35.8055310151,0.2538053793],[35.8062598929,0.2538055607],[35.8023182451,0.22327864],[35.8007311418,0.220327936],[35.7972255915,0.220327177],[35.7972269623,0.2138131208],[35.7915892491,0.2033319262],[35.7898879859,0.1796918413],[35.7737511743,0.159734424],[35.7556780306,0.1689166546],[35.7556709266,0.1689202637],[35.7533378548,0.1701055847],[35.7473575456,0.1731438761],[35.7390442141,0.1773674156],[35.7224176919,0.1858142702],[35.7204050277,0.1868367602],[35.7096722501,0.1922892651],[35.7096410438,0.1986279675]]]}},{"type":"Feature","properties":{"country":"Kenya","country_code":"KEN","species_name":"Pinus_patula","genus":"Pinus","species":"patula","suitability_name":"Very suitable","suitability_rank":1,"source_layer":"KCFP_SSMT_Kenya","tz":null,"soil_description":null},"geometry":{"type":"Polygon","coordinates":[[[35.797169785,0.4044655155],[35.7971664749,0.4128148951],[35.7888532865,0.4128115165],[35.788849892,0.4211804772],[35.7805367621,0.4211770212],[35.7805187213,0.4630214778],[35.8054584518,0.4630328466],[35.8054658167,0.4462946536],[35.80845362,0.4462959607],[35.811538591,0.4379479399],[35.813785291,0.4318681621],[35.8137935788,0.4295599603],[35.8146381137,0.4295603151],[35.8167937519,0.4237268022],[35.8168695243,0.4044536756],[35.8137963561,0.4044524604],[35.8137995891,0.3960832944],[35.8054935769,0.3960800723],[35.8054955916,0.3709922963],[35.805502313,0.3517709509],[35.8040836553,0.3458649964],[35.7888852207,0.3458598269],[35.7888852142,0.3458792514],[35.7888779831,0.345879249],[35.788863844,0.4044425586],[35.7971697918,0.4044458658],[35.7971633681,0.4379417639],[35.797169785,0.4044655155]]]}},{"type":"Feature","properties":{"country":"Kenya","country_code":"KEN","species_name":"Pinus_patula","genus":"Pinus","species":"patula","suitability_name":"Very suitable","suitability_rank":1,"source_layer":"KCFP_SSMT_Kenya","tz":null,"soil_description":null},"geometry":{"type":"Polygon","coordinates":[[[35.7971128793,0.5300014165],[35.7888067845,0.5299970825],[35.7888067948,0.5299769488],[35.7721731143,0.5299682363],[35.7721816495,0.5132305968],[35.7638685503,0.5132263627],[35.7638848423,0.479751355],[35.7555718526,0.4797473879],[35.755575763,0.4713787045],[35.7472628529,0.4713747966],[35.747250882,0.4964806387],[35.7433558689,0.4964787065],[35.7461795551,0.5024351259],[35.7462737437,0.5048487604],[35.7472467527,0.504849251],[35.7472370805,0.5239325764],[35.7525184469,0.538326543],[35.7555425457,0.5383281652],[35.755538158,0.5465567899],[35.7576676235,0.5523607727],[35.7564500971,0.5550862621],[35.7555395311,0.5571245955],[35.7503939164,0.568642978],[35.751425509,0.571800553],[35.7555242836,0.5718028879],[35.7555171695,0.5843248997],[35.7583883729,0.5931137703],[35.7555023132,0.6096454369],[35.7554948274,0.6220149647],[35.7638080137,0.6220201093],[35.7637977513,0.6386282856],[35.7640474061,0.6387577618],[35.7721109517,0.6387628719],[35.7721083344,0.6429383537],[35.7802037944,0.6471368751],[35.7887324857,0.6471423231],[35.7887296961,0.6515586597],[35.7963604255,0.6555162029],[35.7970406838,0.6555372567],[35.7970477333,0.655872663],[35.7986418702,0.6566994373],[35.804907756,0.6638907952],[35.8053489223,0.6639117304],[35.8053559005,0.6644051328],[35.8121159823,0.672264631],[35.8136571878,0.6722863262],[35.8219782936,0.6722917907],[35.8219728434,0.6806610485],[35.8139527933,0.6806557164],[35.8249406984,0.7308578179],[35.8302452813,0.730882501],[35.8302526738,0.7308825062],[35.8302467818,0.73923089],[35.8385533873,0.7392368558],[35.8385651027,0.72249814],[35.8468791362,0.7225039615],[35.8469016899,0.6890470004],[35.8469146332,0.6806568312],[35.8469306546,0.6555485459],[35.8469319622,0.6413998071],[35.8455221601,0.638829362],[35.8317462242,0.6137127963],[35.8303283177,0.6136914938],[35.8303224391,0.61111699],[35.825010746,0.6014329601],[35.8261369251,0.5802322587],[35.8220338056,0.58020961],[35.8220356478,0.5634914103],[35.8137294,0.5634868383],[35.813729411,0.5634665759],[35.8137220835,0.5634665728],[35.8137265902,0.5551176403],[35.8054203885,0.5551131253],[35.8054203993,0.5550928947],[35.8054180997,0.5457119152],[35.8027564327,0.5434168411],[35.8042304228,0.5383540749],[35.7971085533,0.5383503094],[35.7971128793,0.5300014165]]]}},{"type":"Feature","properties":{"country":"Kenya","country_code":"KEN","species_name":"Pinus_patula","genus":"Pinus","species":"patula","suitability_name":"Very suitable","suitability_rank":1,"source_layer":"KCFP_SSMT_Kenya","tz":null,"soil_description":null},"geometry":{"type":"Polygon","coordinates":[[[35.8469146332,0.6806568312],[35.8500181295,0.6806588748],[35.8502554739,0.6723102537],[35.8469200282,0.6723080844],[35.8469146332,0.6806568312]]]}},{"type":"Feature","properties":{"country":"Kenya","country_code":"KEN","species_name":"Pinus_patula","genus":"Pinus","species":"patula","suitability_name":"Very suitable","suitability_rank":1,"source_layer":"KCFP_SSMT_Kenya","tz":null,"soil_description":null},"geometry":{"type":"Polygon","coordinates":[[[35.9454500558,-1.7717398149],[35.9537603863,-1.7717535929],[35.9537682629,-1.771753605],[35.9537682435,-1.7717648817],[35.9537545437,-1.7801238477],[35.9454362993,-1.7801099915],[35.9454500558,-1.7717398149]]]}},{"type":"Feature","properties":{"country":"Kenya","country_code":"KEN","species_name":"Pinus_patula","genus":"Pinus","species":"patula","suitability_name":"Very suitable","suitability_rank":1,"source_layer":"KCFP_SSMT_Kenya","tz":null,"soil_description":null},"geometry":{"type":"Polygon","coordinates":[[[35.9122867624,-1.7047249282],[35.9206044165,-1.704738341],[35.9205776616,-1.7214783155],[35.9122599355,-1.72146477],[35.9122867624,-1.7047249282]]]}},{"type":"Feature","properties":{"country":"Kenya","country_code":"KEN","species_name":"Pinus_patula","genus":"Pinus","species":"patula","suitability_name":"Very suitable","suitability_rank":1,"source_layer":"KCFP_SSMT_Kenya","tz":null,"soil_description":null},"geometry":{"type":"Polygon","coordinates":[[[35.9618268928,-0.6334139738],[35.9633381712,-0.6334148662],[35.9633373825,-0.6347671205],[35.9626738407,-0.6341460155],[35.9618268928,-0.6334139738]]]}},{"type":"Feature","properties":{"country":"Kenya","country_code":"KEN","species_name":"Pinus_patula","genus":"Pinus","species":"patula","suitability_name":"Very suitable","suitability_rank":1,"source_layer":"KCFP_SSMT_Kenya","tz":null,"soil_description":null},"geometry":{"type":"Polygon","coordinates":[[[36.2628261299,-0.3572710291],[36.2545184873,-0.3572685321],[36.254520945,-0.348895975],[36.2476453251,-0.3488939512],[36.2462048215,-0.3471304862],[36.2462067165,-0.340521027],[36.2408045156,-0.3405194707],[36.2404731032,-0.3401137598],[36.2378904476,-0.3394585755],[36.2378947991,-0.3237737494],[36.2295783004,-0.3237714625],[36.229580546,-0.3153990816],[36.2212641138,-0.315396848],[36.2212663063,-0.3070245253],[36.2129499395,-0.3070223445],[36.2129520794,-0.298650082],[36.2212684398,-0.2986522025],[36.2212702426,-0.2913898814],[36.2212705152,-0.2902798804],[36.212954161,-0.2902778185],[36.2129581449,-0.2735332911],[36.2046418618,-0.2735313433],[36.2046474104,-0.2484147311],[36.1963312031,-0.2484129561],[36.1963329391,-0.2400408113],[36.1880167963,-0.240039091],[36.1880184778,-0.2316670061],[36.1797024006,-0.2316653409],[36.1796952892,-0.2232933143],[36.1713880137,-0.2232917063],[36.171389585,-0.2149197426],[36.1630736362,-0.2149181887],[36.1630751528,-0.2065462845],[36.1628537596,-0.2065462447],[36.1464434449,-0.2065432847],[36.1464463123,-0.1897997201],[36.1381305574,-0.1897983357],[36.1381344163,-0.16468317],[36.1298187333,-0.1646819654],[36.1298220542,-0.1395669845],[36.1381377275,-0.1395680046],[36.138139416,-0.1248230029],[36.1394326603,-0.1267421069],[36.1479507619,-0.127378702],[36.1455059818,-0.1117834825],[36.1445693434,-0.0857041837],[36.1448106043,-0.0725946522],[36.1464596003,-0.072594757],[36.1464610955,-0.042536815],[36.1467052532,-0.0391076321],[36.1547769886,-0.0391079073],[36.1547772621,-0.0298774989],[36.1621956165,-0.0223823761],[36.1630845883,-0.0223643817],[36.16309328,-0.0214754179],[36.1654733867,-0.0190706557],[36.1686610056,-0.0140105894],[36.1714005777,-0.0139925774],[36.1714093282,-0.0096478273],[36.179208673,0.0027332625],[36.1797165768,0.0027513742],[36.1797253135,0.0035534147],[36.1798036924,0.0036778391],[36.1850727173,0.0362396462],[36.1880407696,0.0362397382],[36.1880400613,0.0545799125],[36.189136325,0.0613560547],[36.1963558019,0.0613564364],[36.1963553351,0.0697285837],[36.2129876665,0.0697295778],[36.2129881287,0.0613573128],[36.229620694,0.0613581831],[36.2296214383,0.0446134138],[36.2379378061,0.0446137288],[36.237936605,0.0697310592],[36.2462530359,0.06973155],[36.2462525198,0.0781040527],[36.2545690108,0.0781046008],[36.254568438,0.0864771622],[36.262884988,0.0864777664],[36.2628843597,0.0948503872],[36.2712009698,0.0948510479],[36.2712008887,0.0958797017],[36.2821682285,0.0963813146],[36.2920208087,0.1108975857],[36.290421374,0.1283252239],[36.2891940516,0.1416963961],[36.2878295543,0.1439126146],[36.2878283882,0.1534619239],[36.2819505636,0.1534611723],[36.2795111368,0.1574231951],[36.2795105568,0.1618335951],[36.2961441099,0.1618358367],[36.2961451906,0.1534629847],[36.3044620528,0.1534453505],[36.3044630698,0.1450911333],[36.2961462171,0.1450714736],[36.2961471799,0.1367172814],[36.3044548136,0.1367182225],[36.3127716922,0.1367191617],[36.3127799838,0.1450921291],[36.3210969548,0.1450931228],[36.3210959408,0.1534661474],[36.3377300595,0.1534682397],[36.3377329129,0.1283488241],[36.3460500473,0.1283496949],[36.3460508837,0.1199765],[36.3543680719,0.1199773106],[36.354367239,0.128350563],[36.362684486,0.1283514284],[36.3626853162,0.1199781204],[36.3710026174,0.1199789259],[36.3710033901,0.1116055616],[36.3793207438,0.1116063094],[36.3793221157,0.0948594675],[36.3876395216,0.0948601002],[36.3876401213,0.0864866228],[36.3959575816,0.0864871986],[36.3959581241,0.0781136654],[36.4042756371,0.0781141847],[36.4042750955,0.0864877725],[36.4125926644,0.0864883456],[36.4125932043,0.0781147015],[36.4209108283,0.0781152165],[36.4209117395,0.0613678187],[36.4292294143,0.061368222],[36.4292301052,0.0446207131],[36.4375478315,0.0446210054],[36.4375483034,0.0278733876],[36.4458660835,0.0278735696],[36.4458662369,0.0194997055],[36.4541840698,0.0194998324],[36.4541841696,0.0111259138],[36.4625020562,0.0111259869],[36.4625021009,0.002752014],[36.4708200422,0.0027520318],[36.4708200321,-0.0056219944],[36.4791380271,-0.0056220315],[36.4791379644,-0.0139961126],[36.4874560131,-0.0139962016],[36.4874557281,-0.0307444704],[36.4957738303,-0.0307446672],[36.4957736085,-0.0391188566],[36.5124099754,-0.039119355],[36.5124097022,-0.0474936492],[36.520727965,-0.0474939503],[36.5207272626,-0.0642426466],[36.5262834792,-0.0642429179],[36.5262864834,-0.0642607752],[36.5289122678,-0.0798714366],[36.5290346374,-0.0801389061],[36.5294330205,-0.0810096705],[36.5361115493,-0.0956074792],[36.537843204,-0.0990568306],[36.5552347894,-0.1088747173],[36.5607788421,-0.1156971909],[36.570624376,-0.1148697803],[36.5706346216,-0.1148689188],[36.5706339232,-0.1228676984],[36.5789525669,-0.1228684591],[36.5789517869,-0.1312431735],[36.5872704856,-0.1312439832],[36.5872696571,-0.1396187484],[36.6122260675,-0.1396213156],[36.6122268875,-0.1312463956],[36.6134076432,-0.1312465092],[36.6182119851,-0.1338692934],[36.6204991188,-0.1351156871],[36.6239221701,-0.1396400774],[36.6288527873,-0.1461571333],[36.6302589325,-0.1480157194],[36.6309337975,-0.1489077305],[36.6295304398,-0.1510943837],[36.6273707013,-0.1633146409],[36.6253399079,-0.1647476532],[36.6217180084,-0.1673034068],[36.6251845198,-0.1773836587],[36.628952186,-0.1774855605],[36.6323157951,-0.1647484894],[36.6328670087,-0.1626611491],[36.6402460982,-0.1567025791],[36.6617629261,-0.1579862817],[36.6704469099,-0.1579005482],[36.6764188446,-0.1578415884],[36.686255778,-0.1607599262],[36.6859635035,-0.1664338412],[36.6975820172,-0.1729651281],[36.6979846178,-0.1677622414],[36.7003207601,-0.1731494026],[36.7014522023,-0.1757585346],[36.703721623,-0.1792483747],[36.705202382,-0.1815254451],[36.7095934145,-0.1882778995],[36.7157974417,-0.1857742902],[36.7203596307,-0.1864761001],[36.7251721878,-0.1872164263],[36.7399148213,-0.1766853459],[36.7443259831,-0.1731372864],[36.7462078755,-0.1731375118],[36.7440340401,-0.1774028932],[36.7464801682,-0.1864164019],[36.7536487837,-0.1882700418],[36.7536485763,-0.1898899249],[36.7559174039,-0.1898902217],[36.7521319003,-0.1949981562],[36.7617591298,-0.193893103],[36.7692492163,-0.1898919587],[36.7702881455,-0.1898920937],[36.7702871915,-0.1971939089],[36.7692470723,-0.2013296586],[36.7761167055,-0.2020151188],[36.7693747011,-0.2142538747],[36.7536333393,-0.2205916365],[36.7484585962,-0.2226750611],[36.7475156861,-0.2233920241],[36.7367140147,-0.2316052655],[36.7295441158,-0.2391858249],[36.7342931693,-0.2468267175],[36.7530849691,-0.2448628513],[36.761948926,-0.2468448083],[36.7647471882,-0.2474704943],[36.766891682,-0.2523337346],[36.7660014486,-0.2569153142],[36.7638897033,-0.2677830801],[36.7732759555,-0.2680746824],[36.7754222471,-0.2664666631],[36.7785190589,-0.2708751125],[36.7869045451,-0.2696589235],[36.7876919014,-0.2695447285],[36.79523705,-0.2616013809],[36.8031601154,-0.2546258862],[36.8127522935,-0.2569926059],[36.8240512114,-0.2652844457],[36.8248145324,-0.26584462],[36.8285167735,-0.2656814693],[36.8479569969,-0.2648247512],[36.8533598304,-0.2754743598],[36.8505381638,-0.2844616806],[36.8398971772,-0.2970972757],[36.8344751007,-0.3071673806],[36.8303570045,-0.314815557],[36.8355486067,-0.3240878906],[36.8368257638,-0.3238832018],[36.8564164027,-0.3207433871],[36.8808971795,-0.3155701216],[36.8818897014,-0.3153603794],[36.8826134902,-0.3155704745],[36.8867383316,-0.3167677944],[36.9033900245,-0.3216013075],[36.9033895466,-0.3239344125],[36.8950689156,-0.3239326753],[36.8950671642,-0.3323092259],[36.9117084854,-0.3323127831],[36.9117102066,-0.3240164284],[36.9155686053,-0.3251364185],[36.920030018,-0.328445574],[36.9200274383,-0.3406912358],[36.9283482173,-0.3406930402],[36.9283445498,-0.3574464987],[36.9366653875,-0.3574483844],[36.9366634944,-0.3658251571],[36.9449843836,-0.3658270802],[36.9449824554,-0.3742038968],[36.9366615585,-0.3742019297],[36.9366595787,-0.3825787013],[36.9283387185,-0.382576682],[36.9283366867,-0.3909534092],[36.9366575559,-0.3909554735],[36.9366533762,-0.4077090175],[36.9532952787,-0.4077132943],[36.9532931419,-0.4160901539],[36.9449721597,-0.4160879755],[36.9449699695,-0.424464791],[36.969933073,-0.4244714309],[36.9699373561,-0.4077175385],[36.9782584595,-0.4077196462],[36.9782605283,-0.3993426568],[36.9699394334,-0.3993405915],[36.9699434586,-0.382586697],[36.9782645371,-0.3825886757],[36.9782625542,-0.3909656663],[36.9865836828,-0.39096768],[36.9865894788,-0.365836579],[36.9949106272,-0.3658384555],[36.9949142622,-0.3490843017],[37.0032354382,-0.3490860849],[37.0032397103,-0.3282104984],[37.0111662075,-0.3293027418],[37.0218196621,-0.3162035136],[37.0409594213,-0.2996716427],[37.044231583,-0.2925588992],[37.0580842872,-0.2790183315],[37.0614858991,-0.2773145747],[37.0808611898,-0.2676100162],[37.0908338859,-0.2533506671],[37.0903254469,-0.2307156455],[37.098200233,-0.2203760201],[37.0992162991,-0.209296379],[37.0954154479,-0.1984249708],[37.0858487991,-0.1909727166],[37.072842742,-0.1848956949],[37.0709498273,-0.175843083],[37.072466498,-0.1684793823],[37.0774729343,-0.1516723537],[37.0884675925,-0.1249548099],[37.1128117653,-0.0883848644],[37.1514676391,-0.0403548072],[37.1741872176,-0.0181093041],[37.2100418512,0.0111315099],[37.2196331883,0.0111315683],[37.2196331552,0.0157030078],[37.2445866175,0.0266102632],[37.247698863,0.0278701183],[37.252908754,0.0299791183],[37.2668521326,0.0356235248],[37.2661416566,0.0362487453],[37.2566002492,0.0446451536],[37.2695529529,0.0446454618],[37.2695658951,0.0446454621],[37.2695656813,0.0530055442],[37.2695654297,0.0614022601],[37.2778877628,0.0614025298],[37.2778874764,0.0697809657],[37.2945192182,0.0697815758],[37.2945322558,0.0697815763],[37.2945319366,0.0781416706],[37.2945319359,0.0781600855],[37.3028413121,0.0781604244],[37.3028543829,0.078160425],[37.3028540284,0.0865205239],[37.3028540276,0.0865389705],[37.3111634101,0.086539343],[37.3111765107,0.0865393445],[37.3111761239,0.0948994461],[37.3194986439,0.0949183336],[37.3194982215,0.1032969513],[37.3444660066,0.10329827],[37.3444655544,0.1116769947],[37.3527882223,0.1116774656],[37.3527877392,0.1200562255],[37.3611104427,0.1200567301],[37.3611099273,0.1284355242],[37.3694326691,0.1284360602],[37.3694315386,0.1451937192],[37.3527860763,0.1451925051],[37.3527854523,0.1535712639],[37.3361401237,0.1535699658],[37.3361394581,0.1619486537],[37.3278168452,0.161947965],[37.327816321,0.1682117034],[37.3330609878,0.169211479],[37.3444487163,0.1639291307],[37.3487563742,0.1619309563],[37.3583597848,0.1574762365],[37.385488259,0.1619339347],[37.3860758752,0.1620304908],[37.3862919937,0.1620660037],[37.3998449847,0.1556560066],[37.424206967,0.154798462],[37.431412329,0.1584397412],[37.4756460676,0.1467417357],[37.4837618014,0.1467580432],[37.5179866687,0.158614207],[37.50983171,0.1686623974],[37.5332543977,0.1750567638],[37.6024668393,0.1583874849],[37.6024676865,0.1451907596],[37.6191150144,0.1451917887],[37.6191164077,0.1200524975],[37.6274401074,0.1200529204],[37.6274405107,0.1116731271],[37.635764237,0.1116735172],[37.6357646089,0.1032936946],[37.6274408848,0.1032933337],[37.6274412289,0.0949135403],[37.6357649518,0.0949138719],[37.6357658065,0.0697744037],[37.6440895523,0.0697746451],[37.6440897778,0.0613947941],[37.652413551,0.0613950051],[37.6524138921,0.0457875981],[37.6524139134,0.0446352433],[37.6440901424,0.0446350893],[37.6440905496,0.0027358293],[37.6524143181,0.0027358387],[37.6524142795,-0.0140239232],[37.6440905108,-0.0140238748],[37.6440902365,-0.0391634308],[37.6357664948,-0.0391632948],[37.6357661659,-0.0559229396],[37.6440899095,-0.0559231347],[37.6440894673,-0.0726828385],[37.6373666323,-0.0726826348],[37.6357657209,-0.0726825853],[37.6357632504,-0.1313413447],[37.627439518,-0.1313408858],[37.6274385453,-0.1481004721],[37.6357622836,-0.1481009895],[37.6357606159,-0.1732404562],[37.6191131482,-0.173239242],[37.6191081824,-0.2318975837],[37.6107844626,-0.2318967637],[37.6107827695,-0.2486562298],[37.6024590691,-0.2486553452],[37.6024553063,-0.2821741568],[37.5941316131,-0.2821731469],[37.5941305922,-0.2905528205],[37.6024542914,-0.2905538594],[37.6024532467,-0.2989335618],[37.5941295404,-0.298932492],[37.5941273499,-0.3156918366],[37.5858036615,-0.3156907001],[37.5858013369,-0.3324499837],[37.5774776648,-0.3324487808],[37.5774764503,-0.3408283911],[37.5691528014,-0.3408271497],[37.5691502661,-0.3575863116],[37.5608266337,-0.3575850006],[37.5608253124,-0.3659645502],[37.552501703,-0.3659632016],[37.5524989546,-0.3827222394],[37.5441753592,-0.3827208209],[37.5441724704,-0.3994797941],[37.5358488904,-0.3994783051],[37.5358458615,-0.4162372169],[37.5275222936,-0.4162356566],[37.5275207245,-0.4246150803],[37.5025501853,-0.4246102501],[37.5025485569,-0.4329895783],[37.4692549149,-0.4329828834],[37.4692565795,-0.4246036856],[37.4609332589,-0.4246020208],[37.4609315853,-0.4329811867],[37.4276385947,-0.4329743088],[37.4276368524,-0.4413533413],[37.410990538,-0.4413497782],[37.4109922997,-0.4329708133],[37.3693771561,-0.432961917],[37.3693789291,-0.4245831232],[37.3610560136,-0.4245813511],[37.3610542306,-0.4329601091],[37.3444084843,-0.4329564675],[37.3444066498,-0.4413351557],[37.327761025,-0.4413314062],[37.3277591365,-0.4497100212],[37.311113635,-0.4497061632],[37.311111691,-0.458084707],[37.2944663148,-0.4580807364],[37.2944643154,-0.4664592074],[37.2611739612,-0.4664510049],[37.2611697727,-0.4832076507],[37.2278799287,-0.4831989885],[37.2278820814,-0.4748208164],[37.2029151235,-0.4748143257],[37.2029129405,-0.4831923842],[37.1945906873,-0.4831901632],[37.1945884559,-0.491568183],[37.1862662307,-0.4915659121],[37.1862660377,-0.4922803594],[37.1862646415,-0.4974198299],[37.1858870296,-0.4975374447],[37.1850697589,-0.4999435606],[37.1612974755,-0.4999369005],[37.1612951249,-0.508314763],[37.1529730339,-0.5083123715],[37.1529681936,-0.5250680198],[37.1510194808,-0.5250674388],[37.1503914638,-0.523868596],[37.1412439462,-0.5219708568],[37.1402779406,-0.5250642314],[37.1363240859,-0.5250630458],[37.1363265476,-0.5166853007],[37.128004564,-0.5166828379],[37.1280020914,-0.5250605421],[37.1196801366,-0.5250580273],[37.119677613,-0.5334356911],[37.111355687,-0.5334331248],[37.1113582218,-0.5250555013],[37.1030363471,-0.5250529642],[37.1030388527,-0.5166753809],[37.0947170293,-0.5166728733],[37.0947195054,-0.5082953295],[37.0697543103,-0.5082878649],[37.0697567787,-0.499910444],[37.0614351397,-0.4999079762],[37.0614301423,-0.5166627324],[37.0531085231,-0.516660171],[37.0531059516,-0.5250375076],[37.0614275818,-0.5250401107],[37.0614249801,-0.5334174895],[37.0697466627,-0.5334201228],[37.0697440311,-0.5417975428],[37.078065766,-0.5418002069],[37.0780604031,-0.5585551258],[37.086382202,-0.5585578613],[37.0863794711,-0.5669353619],[37.0697358904,-0.5669297978],[37.0697330949,-0.5753072168],[37.0530896542,-0.5753015225],[37.0530838907,-0.5920561912],[37.0364405663,-0.5920502818],[37.0364345868,-0.6088047821],[37.0281129618,-0.6088017248],[37.0281098966,-0.6171789329],[37.0364315345,-0.6171820323],[37.0364284405,-0.6255592831],[37.0281067894,-0.6255561408],[37.0281036404,-0.6339333483],[37.019782018,-0.6339301505],[37.0197851803,-0.6255529852],[37.0114636132,-0.6255498163],[37.0114604377,-0.6339269391],[37.0031388987,-0.6339237144],[37.0031323946,-0.650677874],[36.994810871,-0.6506745502],[36.9948041695,-0.667428623],[37.0031257199,-0.6674320324],[37.0031118614,-0.7009403456],[37.011433512,-0.7009439113],[37.011419035,-0.7344523898],[37.003097324,-0.7344486537],[37.0030821076,-0.7679569564],[36.9864386864,-0.7679490942],[36.9864307573,-0.7847030719],[36.9947524802,-0.784707098],[36.9947403165,-0.80983819],[37.0030621324,-0.8098423269],[37.00305801,-0.8182193999],[36.994736177,-0.8182152202],[36.9947319958,-0.8265922509],[37.0030538444,-0.8265964735],[37.003049638,-0.8349735448],[36.994727771,-0.8349692795],[36.9947235028,-0.8433463086],[36.9864016616,-0.8433419835],[36.9863929632,-0.8600959536],[36.9697493358,-0.8600870749],[36.9697448851,-0.8684639734],[36.9614231178,-0.8684594641],[36.9614186064,-0.8768363177],[36.953096865,-0.8768317463],[36.953087675,-0.8935853669],[36.9614094547,-0.8935900266],[36.9614048134,-0.901966879],[36.9530830139,-0.9019621765],[36.9530735629,-0.9187157937],[36.9364300207,-0.9187061546],[36.9364203176,-0.9354595943],[36.9197768709,-0.9354496991],[36.919771914,-0.9438263311],[36.9114502375,-0.9438213083],[36.9114350419,-0.9689510659],[36.9031133493,-0.9689458897],[36.9031081826,-0.9773080813],[36.9031081737,-0.9773224287],[36.8947980048,-0.9773171952],[36.8864648815,-0.9773119256],[36.8864543252,-0.9940505409],[36.8864543161,-0.9940648231],[36.8781441306,-0.9940594568],[36.8781326957,-0.9940594494],[36.8781273325,-1.0024216022],[36.8781219066,-1.0108122555],[36.8698002901,-1.0108067707],[36.869794806,-1.0191831275],[36.8614845835,-1.0191775824],[36.8614732134,-1.0191775748],[36.8614676728,-1.027539731],[36.861462068,-1.0359301958],[36.8531404757,-1.0359245297],[36.8531348138,-1.0443007928],[36.8448132461,-1.0442950597],[36.8448075156,-1.0526712763],[36.8281644728,-1.0526596502],[36.8281586519,-1.0610357738],[36.8198371787,-1.0610298812],[36.8198312893,-1.0694059578],[36.828152785,-1.0694118987],[36.8281468728,-1.0777880222],[36.8198253527,-1.0777820356],[36.8198193715,-1.0861581121],[36.811497875,-1.086152056],[36.8114795822,-1.1112801422],[36.8031580637,-1.1112739224],[36.8031518484,-1.1196499023],[36.8114733904,-1.1196561699],[36.811460869,-1.1364082238],[36.819782505,-1.1364145603],[36.8197761995,-1.1447906323],[36.8114545385,-1.14478425],[36.8114417389,-1.1615363008],[36.7947984605,-1.1615232738],[36.7947853762,-1.1782751345],[36.7864637575,-1.1782684896],[36.7864571197,-1.1866443718],[36.778135524,-1.1866376545],[36.7781317531,-1.1913520446],[36.7781084119,-1.220127577],[36.7614761463,-1.2201136937],[36.7614551526,-1.245241],[36.7531334875,-1.2452338715],[36.7531263681,-1.2536095911],[36.7614480595,-1.2536167676],[36.7614409188,-1.2619925346],[36.7697626843,-1.2619997313],[36.7697611265,-1.2638262929],[36.7623221094,-1.267480843],[36.7516992283,-1.2703597905],[36.7447902901,-1.2703537285],[36.7447975317,-1.2619780591],[36.7249093027,-1.26196062],[36.6782259132,-1.2619190872],[36.678210955,-1.2786696433],[36.6698896692,-1.278662052],[36.6698842984,-1.2846014432],[36.6698820885,-1.287037279],[36.6532396117,-1.2870219159],[36.6532497424,-1.27589774],[36.653262366,-1.2618965314],[36.6421635523,-1.2618864248],[36.6366202506,-1.2618813596],[36.6366277886,-1.2535063307],[36.6283068322,-1.2534987566],[36.6283143471,-1.2451237778],[36.60335186,-1.2451010465],[36.6033593909,-1.2367395656],[36.5950387017,-1.2367186415],[36.5950433396,-1.219969081],[36.5867330861,-1.2199615886],[36.5867552533,-1.1948374116],[36.5784347824,-1.1948300392],[36.578442094,-1.1864553638],[36.5750231885,-1.1864523483],[36.5754500826,-1.1842313458],[36.5752519736,-1.166419967],[36.5702178524,-1.1727646387],[36.5701332901,-1.1730968744],[36.5701433997,-1.1613241448],[36.5751935652,-1.1613285121],[36.5784534399,-1.1613313263],[36.5784637199,-1.1613313352],[36.5784605457,-1.1529566497],[36.5751076367,-1.1529537751],[36.5701505306,-1.15294952],[36.570164635,-1.136200267],[36.5784746028,-1.136207293],[36.5785121481,-1.1029944331],[36.5812448838,-1.1040173506],[36.5847931527,-1.1081782623],[36.5868355076,-1.0990812167],[36.5883859217,-1.0921751438],[36.6025247006,-1.0692428036],[36.602533321,-1.0692288193],[36.6031329398,-1.0682562424],[36.6034906532,-1.0673159413],[36.6035010503,-1.0672886101],[36.6107701422,-1.0481801973],[36.6216001531,-1.0297334103],[36.6271498506,-1.0171923328],[36.627507623,-1.0070736217],[36.6299540726,-1.0023477062],[36.6271115771,-0.9718609733],[36.6237917528,-0.9603852742],[36.6210536936,-0.9509207824],[36.6112911249,-0.9373078713],[36.6035890571,-0.9316330053],[36.5971210336,-0.9268673921],[36.5952734233,-0.9254081613],[36.5888918013,-0.9184870344],[36.5869597143,-0.9163916136],[36.5811650436,-0.9101070967],[36.5791269153,-0.9078966839],[36.5755311228,-0.9039962956],[36.5657509737,-0.8947124735],[36.5541240631,-0.8881755572],[36.5498924196,-0.8752223514],[36.5518776093,-0.8299912993],[36.5487883729,-0.8165836634],[36.5572384388,-0.819644375],[36.5637463585,-0.8344612356],[36.5695396403,-0.8531940084],[36.5726160423,-0.8684506107],[36.5722780295,-0.8813736679],[36.573584723,-0.8894554124],[36.58417689,-0.8821466322],[36.5852529253,-0.8636854729],[36.5801975841,-0.8394144823],[36.5741280279,-0.8264455379],[36.5689196872,-0.8194927909],[36.56666548,-0.8153181822],[36.5724249455,-0.8112052847],[36.5797197243,-0.8149471913],[36.5891856995,-0.8337023606],[36.5965347532,-0.8307472862],[36.6029618942,-0.8289443234],[36.6049058205,-0.8162634675],[36.6072648966,-0.7809623123],[36.626500851,-0.7543101028],[36.6268528465,-0.7409242834],[36.629649332,-0.7074796032],[36.6297672934,-0.6952268931],[36.6238528414,-0.6894354466],[36.6207257076,-0.6840105839],[36.628692507,-0.6840145553],[36.6286883689,-0.6923895318],[36.6370079207,-0.6923937155],[36.6370037469,-0.7007687423],[36.6619627468,-0.7007813561],[36.6619601758,-0.7059449558],[36.6619585673,-0.7091565333],[36.6649053791,-0.7091580314],[36.6784535388,-0.7091648948],[36.6785981788,-0.7091649678],[36.6785981405,-0.7092417711],[36.6785939806,-0.7175402443],[36.6862943842,-0.7175441731],[36.6952338185,-0.7175487186],[36.6952296005,-0.7259240928],[36.7035496095,-0.7259283559],[36.7035453579,-0.7343037807],[36.7118654293,-0.7343080765],[36.7118611444,-0.7426835491],[36.7201812808,-0.74268788],[36.7201769631,-0.7510634002],[36.7368174134,-0.75107211],[36.7368216988,-0.7426964918],[36.7451419809,-0.7427007746],[36.7451462027,-0.7343251086],[36.7617868776,-0.7343335299],[36.7617910216,-0.7259577666],[36.7701114159,-0.7259619066],[36.7701195302,-0.7092102834],[36.7784399408,-0.7092143128],[36.7784439134,-0.7008384532],[36.7867643555,-0.7008424201],[36.7867682662,-0.6924665128],[36.778447837,-0.6924625932],[36.7784517143,-0.6840867329],[36.7701313486,-0.6840828463],[36.7701351921,-0.6757070333],[36.7618148872,-0.6757031799],[36.7618186992,-0.6673274143],[36.7701389891,-0.6673312199],[36.770146442,-0.6505795924],[36.7784667524,-0.6505832886],[36.778473987,-0.6338315647],[36.7701537036,-0.6338279636],[36.7701676601,-0.6003247025],[36.7784878924,-0.6003281133],[36.7784912497,-0.5919522497],[36.7701710318,-0.5919488866],[36.7701743542,-0.5835730695],[36.7784945616,-0.5835763859],[36.7784978245,-0.5752005218],[36.7951383544,-0.5752070211],[36.7951446935,-0.5584551029],[36.7868244289,-0.5584519529],[36.786830603,-0.5417001289],[36.7951508436,-0.5417031827],[36.7951538488,-0.5333272236],[36.7868336195,-0.5333242162],[36.7868395115,-0.5165723889],[36.7701992358,-0.5165665302],[36.7701962923,-0.5249423494],[36.7535561841,-0.5249363512],[36.7535620691,-0.5081849049],[36.7618820781,-0.5081878146],[36.7618849384,-0.4998120427],[36.778525075,-0.4998177326],[36.7785278669,-0.491441867],[36.7868479969,-0.4914446477],[36.7868560584,-0.4663169053],[36.7785359603,-0.4663142659],[36.7785385626,-0.4579383975],[36.7702185206,-0.4579357958],[36.7702210861,-0.4495599758],[36.7785411195,-0.4495625308],[36.7785485033,-0.4244349266],[36.7702284985,-0.4244325143],[36.7702354846,-0.3993050511],[36.7619155532,-0.399302774],[36.7619302519,-0.3406723546],[36.7536104225,-0.3406704056],[36.7536121462,-0.3331474105],[36.7536142072,-0.3239189516],[36.7459536593,-0.3239172375],[36.7452944395,-0.3239170898],[36.7452946149,-0.3231229482],[36.7452962683,-0.3155414116],[36.7415312329,-0.3155405881],[36.7369765543,-0.3155395912],[36.7369787404,-0.3052599769],[36.7369834124,-0.2820370675],[36.7286637726,-0.2820354343],[36.7286653728,-0.2736598513],[36.720345787,-0.2736582617],[36.7203488539,-0.2569071926],[36.7129925292,-0.2569058685],[36.7120293286,-0.2569056949],[36.7120297761,-0.254373178],[36.7120322114,-0.2401547238],[36.7066244695,-0.240153811],[36.7037127442,-0.2401533178],[36.7037139122,-0.2330580574],[36.7037141181,-0.2317778806],[36.7028153395,-0.2317777338],[36.6953947047,-0.2317765196],[36.6953960356,-0.2234011315],[36.687076675,-0.2233998158],[36.6870788038,-0.2093560009],[36.6870791971,-0.2066491372],[36.6851787818,-0.2066488584],[36.6454831844,-0.206642982],[36.6454843931,-0.1982678925],[36.6038896517,-0.1982618818],[36.6038908308,-0.189887046],[36.5955720385,-0.1898858826],[36.5955731715,-0.1815110981],[36.5872544334,-0.1815099822],[36.5872565517,-0.1647605159],[36.5623006698,-0.164757456],[36.5623016623,-0.1563828783],[36.5539831417,-0.1563819036],[36.5539821458,-0.1647564291],[36.5456636738,-0.1647553986],[36.545661519,-0.1815043446],[36.5290247168,-0.1815020627],[36.5290235534,-0.1898764303],[36.5207844168,-0.1898752421],[36.5123869533,-0.189874027],[36.5123857293,-0.1982482886],[36.5040675034,-0.1982470276],[36.5040648891,-0.2149954438],[36.5123831228,-0.2149968113],[36.51237882,-0.2401024147],[36.5123756822,-0.2568681163],[36.5123857038,-0.2568681183],[36.5206939935,-0.2568697447],[36.5206923559,-0.2652269742],[36.5206889123,-0.2819926856],[36.5206989663,-0.2819926886],[36.5290072933,-0.2819944681],[36.5290036586,-0.2987262446],[36.5290036548,-0.2987432005],[36.5290137403,-0.2987432019],[36.530167864,-0.2987434633],[36.5373221005,-0.2987450807],[36.5373162689,-0.3238683365],[36.5456347856,-0.323870369],[36.5456285055,-0.3489937819],[36.5539470965,-0.3489959647],[36.5539403692,-0.3741195315],[36.562259035,-0.3741218635],[36.5622543065,-0.3908710131],[36.5607792296,-0.3908705817],[36.5206614185,-0.3908587485],[36.5206610166,-0.3922263218],[36.520656399,-0.4076073709],[36.5123379619,-0.407604786],[36.5123353645,-0.4159790438],[36.5206538103,-0.4159816818],[36.5206457281,-0.4411046133],[36.5123272553,-0.441101817],[36.5123244466,-0.449476074],[36.5206429288,-0.4494789234],[36.5206371713,-0.466227543],[36.5289557263,-0.4662304878],[36.5289527789,-0.4746048511],[36.5745946407,-0.4746211244],[36.5871841867,-0.4746255598],[36.5871870648,-0.466250832],[36.611273944,-0.466259105],[36.6204632465,-0.4662622385],[36.620460408,-0.4746371721],[36.6287795902,-0.47464005],[36.6287767112,-0.4830150333],[36.6370959537,-0.4830179518],[36.6370741262,-0.5425202548],[36.6370610837,-0.5751433087],[36.6287417187,-0.5751398336],[36.6287311177,-0.6002647728],[36.6204117659,-0.6002611331],[36.6203733211,-0.683399277],[36.6107618942,-0.6667258777],[36.6045148151,-0.6468340536],[36.6067073207,-0.631152898],[36.6155202608,-0.5912831694],[36.6229059702,-0.5564719923],[36.6140166124,-0.5254831315],[36.609616162,-0.5030696299],[36.6024005883,-0.4898681151],[36.5978623836,-0.4849907323],[36.5907969793,-0.4803258416],[36.5801757266,-0.4904199512],[36.5714183229,-0.4975204357],[36.5617514628,-0.5039154058],[36.5559536733,-0.512424726],[36.5483599052,-0.5160704733],[36.5185025892,-0.499026503],[36.5145042707,-0.4949912327],[36.5040009229,-0.4918778565],[36.5036785174,-0.4917822894],[36.4911816994,-0.4808555222],[36.4835085338,-0.467184696],[36.4777815679,-0.4578381753],[36.472436836,-0.4491155755],[36.476695995,-0.4329883269],[36.4767804642,-0.421679426],[36.4750927811,-0.4050452543],[36.4790682506,-0.3961604146],[36.4814456699,-0.390846994],[36.4820959834,-0.3893935628],[36.4829508022,-0.3740600041],[36.4851011272,-0.3575643768],[36.4881528144,-0.3481170919],[36.4927773708,-0.3439953401],[36.4957189012,-0.3457883602],[36.5023395497,-0.349824016],[36.5040457113,-0.3513030668],[36.5128037743,-0.3588953631],[36.5193758345,-0.3663150299],[36.527406861,-0.3642898786],[36.5272011934,-0.3503440235],[36.5265076116,-0.3489719742],[36.5133237298,-0.3228921051],[36.5052409288,-0.302988227],[36.4998376557,-0.2819881933],[36.4994728726,-0.280570496],[36.4961252191,-0.271695884],[36.4933914027,-0.2689912133],[36.4849013889,-0.2542356392],[36.4829980489,-0.2509224438],[36.4678625291,-0.1975136093],[36.4557699783,-0.1653583875],[36.4377226451,-0.1310944023],[36.4283233255,-0.103801353],[36.4244575277,-0.0719314405],[36.4211100567,-0.0490946694],[36.4203601453,-0.047508171],[36.4114903499,-0.0287437668],[36.4086669204,-0.0223869734],[36.4069907167,-0.0186131364],[36.404268338,-0.0153800558],[36.3535669278,0.0447896832],[36.3418773842,0.0384241119],[36.3311623353,0.0121275292],[36.3374773643,-0.0181856865],[36.3372233205,-0.0439452412],[36.3459809991,-0.0643057574],[36.3544863599,-0.0892789026],[36.3571569824,-0.1273739974],[36.3527811635,-0.1584962877],[36.3542257369,-0.173086501],[36.3543616465,-0.1744592789],[36.3551131002,-0.1820497361],[36.3609453003,-0.1968625254],[36.3569757301,-0.2332934958],[36.3583331524,-0.2633091166],[36.3536178305,-0.2808133929],[36.3450842269,-0.2883846009],[36.3348858444,-0.3035512413],[36.3239549263,-0.3237836341],[36.3196148318,-0.3496039875],[36.3165150915,-0.3573037117],[36.3137748789,-0.3641102466],[36.3044070469,-0.3684219655],[36.2974568063,-0.3716209068],[36.2804856764,-0.3752093845],[36.2794540634,-0.3757543937],[36.2711449817,-0.3801441213],[36.2711468852,-0.3740355351],[36.2711468894,-0.3740188727],[36.2711377987,-0.3740188707],[36.2656679497,-0.3740171557],[36.2628314196,-0.3697810784],[36.262835185,-0.3572877574],[36.2628351891,-0.3572710319],[36.2628261299,-0.3572710291]],[[36.3210979118,0.136720099],[36.3294149367,0.1367210315],[36.3294139826,0.1450941134],[36.3210969548,0.1450931228],[36.3210979118,0.136720099]],[[36.9283324902,-0.4077068647],[36.9283303264,-0.4160835922],[36.936651222,-0.4160857882],[36.9366533762,-0.4077090175],[36.9283324902,-0.4077068647]],[[37.0614423269,-0.4747758379],[37.0447992343,-0.4747711194],[37.0447944433,-0.4915257105],[37.0531159893,-0.4915281595],[37.0531135419,-0.4999054969],[37.0614351397,-0.4999079762],[37.0614423269,-0.4747758379]],[[36.6698971994,-1.2702868235],[36.6615759908,-1.270279255],[36.6615684329,-1.2786544336],[36.6698896692,-1.278662052],[36.6698971994,-1.2702868235]],[[36.2500236048,0.0201226055],[36.2391800161,0.0282551162],[36.2296133145,-0.0080709015],[36.2270004593,-0.017991476],[36.2081463098,-0.0373972396],[36.2034917503,-0.0558539524],[36.2012887992,-0.0645888819],[36.2052935804,-0.0789134808],[36.2089422042,-0.0809887115],[36.2129779238,-0.0832841197],[36.2135013866,-0.0835818524],[36.2250301856,-0.0728063671],[36.2251047603,-0.0725996885],[36.2276078875,-0.0656624581],[36.2328525655,-0.0400859389],[36.2456699853,-0.0189157394],[36.2500242637,-0.0056390689],[36.2519077213,0.0001039544],[36.2500236048,0.0201226055]],[[36.2711884814,-0.1312288558],[36.2628718916,-0.1312279404],[36.2628727741,-0.1228553524],[36.2462397761,-0.1228536315],[36.2462379429,-0.1395985709],[36.2545544182,-0.1395995507],[36.2545512409,-0.1647171355],[36.2865650305,-0.1647215529],[36.2878177626,-0.1647217247],[36.2878199119,-0.1479762016],[36.2863143279,-0.1479760161],[36.2795032024,-0.1479751757],[36.2795041942,-0.1396024721],[36.2711875445,-0.1396015012],[36.2711884814,-0.1312288558]],[[36.9283407054,-0.3741999538],[36.92834265,-0.3658232264],[36.9200218487,-0.3658212878],[36.9200198972,-0.3741979718],[36.9283407054,-0.3741999538]],[[37.2362642477,-0.0391557894],[37.2362635546,-0.0642904393],[37.2279414372,-0.0642901491],[37.2279407841,-0.0810465081],[37.2196187022,-0.0810461405],[37.2196178948,-0.0978024216],[37.2112958479,-0.097801976],[37.2112948837,-0.1145581823],[37.2029728694,-0.114557658],[37.2029723283,-0.1229357223],[37.1863284094,-0.1229345881],[37.1863243234,-0.1732025101],[37.1946462824,-0.1732033102],[37.1946446198,-0.1899593616],[37.2029666248,-0.1899602342],[37.20296574,-0.1983382979],[37.1946437309,-0.1983373858],[37.1946418382,-0.2150934358],[37.2029638569,-0.2150944249],[37.2029607436,-0.2402286147],[37.2112828139,-0.2402297143],[37.2112768905,-0.2821202202],[37.2195990273,-0.2821215064],[37.2195977346,-0.2904996454],[37.2279199135,-0.2905009618],[37.2279158286,-0.3156354919],[37.2445603383,-0.3156383344],[37.2445589145,-0.3240165863],[37.2528812326,-0.324018035],[37.2528826505,-0.3156397456],[37.261204999,-0.315641151],[37.2612035887,-0.3240194777],[37.3028159145,-0.3240265835],[37.3028172911,-0.3156480722],[37.3111398586,-0.3156494365],[37.3111424906,-0.2988923438],[37.319465081,-0.2988936294],[37.3194663369,-0.2905150455],[37.3277889577,-0.2905162888],[37.3277901711,-0.2821376698],[37.3361128205,-0.2821388713],[37.3361139942,-0.2737602174],[37.3527593872,-0.2737625306],[37.3527605124,-0.2653838049],[37.3610832567,-0.2653849181],[37.3610821354,-0.273763679],[37.3694049193,-0.2737648216],[37.369406034,-0.2653860257],[37.3860516942,-0.265388224],[37.3860527633,-0.2570093586],[37.3943756403,-0.2570104149],[37.3943776651,-0.2402526148],[37.402700564,-0.2402535971],[37.4027015211,-0.2318746627],[37.4193474114,-0.231876544],[37.4193492041,-0.2151185388],[37.4276721899,-0.2151194055],[37.4276730309,-0.2067403682],[37.4359960475,-0.2067411959],[37.435997621,-0.1899830556],[37.452643735,-0.1899845647],[37.4526444641,-0.1816054279],[37.4692907019,-0.1816068551],[37.4692913906,-0.1732276523],[37.4776145537,-0.1732283274],[37.4776158266,-0.1564698564],[37.485939016,-0.1564704629],[37.4859396007,-0.1480911939],[37.4942628199,-0.1480917657],[37.4942633685,-0.1397124652],[37.5025866168,-0.1397130008],[37.5025876142,-0.1229543354],[37.5109108878,-0.1229548042],[37.5109113354,-0.1145754394],[37.5192346391,-0.1145758738],[37.5192361084,-0.0810582874],[37.5109128139,-0.0810579801],[37.5109140809,-0.0307817892],[37.5025908251,-0.0307816727],[37.5025909261,-0.0224023396],[37.4859445113,-0.0224021673],[37.4859446246,0.0027356397],[37.477621466,0.0027356291],[37.4776214383,0.0111148645],[37.4692983119,0.0111148221],[37.4692980361,0.0362524328],[37.452651879,0.036252147],[37.4526516575,0.0475008611],[37.4526515287,0.0530104224],[37.4360054984,0.0530100013],[37.4360052706,0.0613890724],[37.3987064577,0.0613879617],[37.3694224833,0.0613870706],[37.3694227207,0.0530082719],[37.3611000275,0.0530080507],[37.3611002053,0.0457505734],[37.3611002304,0.0446292879],[37.3574108416,0.044629205],[37.3527775722,0.0446291007],[37.3527776194,0.0424988609],[37.3527777412,0.0362503739],[37.3424023786,0.0362501824],[37.3278099825,0.0362499131],[37.3278101194,0.0278712919],[37.3194876046,0.0278711717],[37.319487674,0.0224495346],[37.3194877047,0.0194925873],[37.3145778063,0.0194925379],[37.3116070434,0.019492507],[37.3028427835,0.0194924192],[37.30284284,0.0126549789],[37.3028428503,0.0111139052],[37.3001831133,0.0111138898],[37.2945204432,0.011113857],[37.2945204592,0.0078328658],[37.294520474,0.0027353812],[37.2857227487,0.0027353685],[37.2778757707,0.0027353563],[37.2778757709,-0.0018112363],[37.2778757643,-0.0056430471],[37.2712624569,-0.0056430273],[37.2695534665,-0.0056430213],[37.2695534643,-0.0066332238],[37.2695534234,-0.0140213878],[37.256802238,-0.0140212925],[37.2529089406,-0.0140212642],[37.2529089225,-0.0162770703],[37.2529087421,-0.0307778474],[37.244586554,-0.0307777107],[37.2445863983,-0.0391559644],[37.2362642477,-0.0391557894]]]}},{"type":"Feature","properties":{"country":"Kenya","country_code":"KEN","species_name":"Pinus_patula","genus":"Pinus","species":"patula","suitability_name":"Very suitable","suitability_rank":1,"source_layer":"KCFP_SSMT_Kenya","tz":null,"soil_description":null},"geometry":{"type":"Polygon","coordinates":[[[36.1048484249,-0.2484714794],[36.0956888562,-0.2521854274],[36.1042507955,-0.2400386543],[36.1048588623,-0.2391759816],[36.1048568749,-0.2484680531],[36.1048484249,-0.2484714794]]]}},{"type":"Feature","properties":{"country":"Kenya","country_code":"KEN","species_name":"Pinus_patula","genus":"Pinus","species":"patula","suitability_name":"Very suitable","suitability_rank":1,"source_layer":"KCFP_SSMT_Kenya","tz":null,"soil_description":null},"geometry":{"type":"Polygon","coordinates":[[[36.2711926151,0.1709335862],[36.2711889253,0.1953231792],[36.2628722769,0.1953218167],[36.2628708933,0.2036944357],[36.2711875441,0.2036958566],[36.2711846097,0.2204412111],[36.2795013283,0.2204427433],[36.2795094117,0.1702063311],[36.27164109,0.1702052122],[36.2711926151,0.1709335862]]]}},{"type":"Feature","properties":{"country":"Kenya","country_code":"KEN","species_name":"Pinus_patula","genus":"Pinus","species":"patula","suitability_name":"Very suitable","suitability_rank":1,"source_layer":"KCFP_SSMT_Kenya","tz":null,"soil_description":null},"geometry":{"type":"Polygon","coordinates":[[[36.2379167443,0.2288074738],[36.2379134225,0.2455523573],[36.2545464819,0.2455558101],[36.254548162,0.2371832502],[36.2628647733,0.2371849098],[36.2628663902,0.2288122921],[36.2379167443,0.2288074738]]]}},{"type":"Feature","properties":{"country":"Kenya","country_code":"KEN","species_name":"Pinus_patula","genus":"Pinus","species":"patula","suitability_name":"Very suitable","suitability_rank":1,"source_layer":"KCFP_SSMT_Kenya","tz":null,"soil_description":null},"geometry":{"type":"Polygon","coordinates":[[[36.2129606859,0.2622916688],[36.2212770207,0.2622935319],[36.2212751442,0.2706658544],[36.2295915427,0.2706677721],[36.2295952265,0.2539230066],[36.2165943398,0.2539201931],[36.2129615417,0.2584008888],[36.2129606859,0.2622916688]]]}},{"type":"Feature","properties":{"country":"Kenya","country_code":"KEN","species_name":"Pinus_patula","genus":"Pinus","species":"patula","suitability_name":"Very suitable","suitability_rank":1,"source_layer":"KCFP_SSMT_Kenya","tz":null,"soil_description":null},"geometry":{"type":"Polygon","coordinates":[[[36.204636501,0.2957786157],[36.2129528001,0.2957807229],[36.2129548596,0.2874084594],[36.2046385676,0.2874064118],[36.204636501,0.2957786157]]]}},{"type":"Feature","properties":{"country":"Kenya","country_code":"KEN","species_name":"Pinus_patula","genus":"Pinus","species":"patula","suitability_name":"Very suitable","suitability_rank":1,"source_layer":"KCFP_SSMT_Kenya","tz":null,"soil_description":null},"geometry":{"type":"Polygon","coordinates":[[[36.5952435523,-0.9687255547],[36.5927499568,-0.9687237716],[36.58869618,-0.9610479052],[36.5869410239,-0.9587289866],[36.5869457317,-0.9519845649],[36.5869457409,-0.9519701239],[36.5869354301,-0.9519701166],[36.5818389752,-0.9519665219],[36.578630135,-0.945915875],[36.5786317355,-0.9436040348],[36.5786317455,-0.9435895613],[36.5786214662,-0.9435895541],[36.5773959548,-0.9435886939],[36.5757692586,-0.9405213917],[36.5703146667,-0.9397373768],[36.5703177798,-0.9352235869],[36.5703177898,-0.9352090809],[36.5703075421,-0.9352090738],[36.559282075,-0.9352013692],[36.5583925064,-0.9346645222],[36.5567313295,-0.9268395625],[36.5567282433,-0.9268250238],[36.5563903567,-0.9252334357],[36.5623591455,-0.9222854129],[36.571280182,-0.9248710203],[36.5753694315,-0.9268379255],[36.5786421609,-0.9284120879],[36.5795074335,-0.9288282793],[36.5886268188,-0.935092938],[36.5945669316,-0.9436006938],[36.5952706948,-0.9446086685],[36.5974840594,-0.9477787877],[36.6095420517,-0.9602614088],[36.6170254809,-0.97271391],[36.6158596596,-0.9768368061],[36.6174333744,-0.981442785],[36.6162177854,-1.0008859072],[36.611470256,-1.0273613732],[36.6035313995,-1.0273553868],[36.6035437738,-1.010619922],[36.6035437833,-1.0106057068],[36.6035559644,-0.9938560248],[36.6010109101,-0.9938541633],[36.6006779419,-0.990269259],[36.5952505497,-0.9734587001],[36.5952538854,-0.968739939],[36.5952538965,-0.9687255612],[36.5952435523,-0.9687255547]]]}},{"type":"Feature","properties":{"country":"Kenya","country_code":"KEN","species_name":"Pinus_patula","genus":"Pinus","species":"patula","suitability_name":"Very suitable","suitability_rank":1,"source_layer":"KCFP_SSMT_Kenya","tz":null,"soil_description":null},"geometry":{"type":"Polygon","coordinates":[[[36.4871728275,-0.8629177456],[36.4871760526,-0.8579902545],[36.4925779774,-0.855224716],[36.4953455264,-0.8524754575],[36.4871850353,-0.84411983],[36.4872119222,-0.8011642764],[36.4955308295,-0.8011694065],[36.4955381673,-0.7890008412],[36.5010890073,-0.7975814999],[36.5141892494,-0.8191308798],[36.5162975443,-0.8396892283],[36.5167409655,-0.8676170191],[36.5203131465,-0.8782600069],[36.5223242063,-0.8849631581],[36.5250162978,-0.8912123667],[36.5238399208,-0.8944398759],[36.5148962756,-0.8966895146],[36.5121084701,-0.8955862668],[36.5121100129,-0.8932966378],[36.5063127861,-0.8932926802],[36.5037919363,-0.8916100652],[36.5037964301,-0.8849167368],[36.4957707657,-0.8849112887],[36.4954777355,-0.8842490648],[36.4954828846,-0.8765369233],[36.4920641266,-0.8765346181],[36.4894688912,-0.8706696776],[36.4871728275,-0.8629177456]]]}},{"type":"Feature","properties":{"country":"Kenya","country_code":"KEN","species_name":"Pinus_patula","genus":"Pinus","species":"patula","suitability_name":"Very suitable","suitability_rank":1,"source_layer":"KCFP_SSMT_Kenya","tz":null,"soil_description":null},"geometry":{"type":"Polygon","coordinates":[[[36.5287653579,-0.8678637552],[36.5287552702,-0.8678642086],[36.5275072856,-0.8679202531],[36.5257706019,-0.8568308222],[36.5233408324,-0.8203420577],[36.5157444346,-0.7972174669],[36.4955465622,-0.7748432505],[36.4955651408,-0.742550206],[36.4872463473,-0.7425454522],[36.4872781572,-0.6839266099],[36.4789595211,-0.6839222162],[36.4789638662,-0.6755481481],[36.470645298,-0.6755437938],[36.4706525843,-0.6613107795],[36.484795128,-0.6679959055],[36.4953482055,-0.692528691],[36.5071867227,-0.7274538193],[36.5205133377,-0.7576650857],[36.5206652605,-0.7580094999],[36.5263668519,-0.7760651614],[36.5288072207,-0.7837934704],[36.5288172883,-0.7838253546],[36.536292912,-0.8049648873],[36.5384592995,-0.8195244778],[36.5399338006,-0.834764673],[36.5409445978,-0.8497698998],[36.5406402509,-0.8585422484],[36.5364417821,-0.8675190112],[36.5287653579,-0.8678637552]]]}},{"type":"Feature","properties":{"country":"Kenya","country_code":"KEN","species_name":"Pinus_patula","genus":"Pinus","species":"patula","suitability_name":"Very suitable","suitability_rank":1,"source_layer":"KCFP_SSMT_Kenya","tz":null,"soil_description":null},"geometry":{"type":"Polygon","coordinates":[[[36.4457287624,-0.5965692866],[36.4457347633,-0.5834182655],[36.440366479,-0.583415809],[36.4374196997,-0.5764298083],[36.4374348303,-0.5415454548],[36.4291167373,-0.5415419069],[36.4291304208,-0.5080469215],[36.4347988315,-0.50804919],[36.4411506576,-0.5209217422],[36.454055881,-0.5545716407],[36.4634572467,-0.57726742],[36.458605914,-0.5965029506],[36.4594503291,-0.6001882058],[36.4623479927,-0.6128347278],[36.4625784545,-0.6138405748],[36.462345817,-0.6174379142],[36.4618376424,-0.6252954103],[36.4596730689,-0.6252943557],[36.4543046903,-0.6177128966],[36.4540374611,-0.6170540417],[36.4540414814,-0.608543788],[36.4505850384,-0.6085421446],[36.4457287624,-0.5965692866]],[[36.4457529769,-0.5415489913],[36.445756457,-0.5331751354],[36.4374383218,-0.5331716535],[36.4374348303,-0.5415454548],[36.4457529769,-0.5415489913]]]}},{"type":"Feature","properties":{"country":"Kenya","country_code":"KEN","species_name":"Pinus_patula","genus":"Pinus","species":"patula","suitability_name":"Very suitable","suitability_rank":1,"source_layer":"KCFP_SSMT_Kenya","tz":null,"soil_description":null},"geometry":{"type":"Polygon","coordinates":[[[36.3452537148,-0.4159077075],[36.3293525546,-0.4159023034],[36.3293546122,-0.4097388344],[36.3303497064,-0.4087509722],[36.3320108161,-0.3991735811],[36.332748395,-0.3949207989],[36.3376681466,-0.3923799524],[36.3380457047,-0.3921849587],[36.3434441721,-0.4030669507],[36.3447205784,-0.4143815316],[36.3452537148,-0.4159077075]]]}},{"type":"Feature","properties":{"country":"Kenya","country_code":"KEN","species_name":"Pinus_patula","genus":"Pinus","species":"patula","suitability_name":"Very suitable","suitability_rank":1,"source_layer":"KCFP_SSMT_Kenya","tz":null,"soil_description":null},"geometry":{"type":"Polygon","coordinates":[[[36.2877726385,-0.3991424387],[36.2794557222,-0.3991396713],[36.279457556,-0.39352599],[36.2855906221,-0.3948524545],[36.291029172,-0.4013488359],[36.2934497618,-0.4075171526],[36.287769864,-0.407515228],[36.2877726385,-0.3991424387]]]}},{"type":"Feature","properties":{"country":"Kenya","country_code":"KEN","species_name":"Pinus_patula","genus":"Pinus","species":"patula","suitability_name":"Very suitable","suitability_rank":1,"source_layer":"KCFP_SSMT_Kenya","tz":null,"soil_description":null},"geometry":{"type":"Polygon","coordinates":[[[36.3058670572,-0.4075213471],[36.3066794455,-0.391529335],[36.3124438783,-0.3857938221],[36.3190491198,-0.391146782],[36.3195904036,-0.3991529477],[36.3127237275,-0.3991506902],[36.3127209803,-0.4075236526],[36.3058670572,-0.4075213471]]]}},{"type":"Feature","properties":{"country":"Kenya","country_code":"KEN","species_name":"Pinus_patula","genus":"Pinus","species":"patula","suitability_name":"Very suitable","suitability_rank":1,"source_layer":"KCFP_SSMT_Kenya","tz":null,"soil_description":null},"geometry":{"type":"Polygon","coordinates":[[[36.3361465098,-0.3439408479],[36.3380850825,-0.3317240261],[36.3438813513,-0.3223003638],[36.3504435182,-0.3324915403],[36.3561559345,-0.3334514336],[36.3553774939,-0.3238053091],[36.3626491944,-0.3238240727],[36.3626447554,-0.3405538289],[36.3626353113,-0.3405538254],[36.3543273835,-0.3405515328],[36.3543273789,-0.3405683246],[36.3543250711,-0.3489247813],[36.3460077472,-0.3489224214],[36.3460029387,-0.3656688065],[36.3543202776,-0.3656712798],[36.3543126661,-0.3907910253],[36.346375841,-0.3907885032],[36.3459865404,-0.3888175204],[36.3427826933,-0.3725973722],[36.3361465098,-0.3439408479]]]}},{"type":"Feature","properties":{"country":"Kenya","country_code":"KEN","species_name":"Pinus_patula","genus":"Pinus","species":"patula","suitability_name":"Very suitable","suitability_rank":1,"source_layer":"KCFP_SSMT_Kenya","tz":null,"soil_description":null},"geometry":{"type":"Polygon","coordinates":[[[36.3549304547,-0.3149788339],[36.3604652092,-0.3106293874],[36.3677933231,-0.3154352226],[36.3549534055,-0.3154319429],[36.3549304547,-0.3149788339]]]}},{"type":"Feature","properties":{"country":"Kenya","country_code":"KEN","species_name":"Pinus_patula","genus":"Pinus","species":"patula","suitability_name":"Very suitable","suitability_rank":1,"source_layer":"KCFP_SSMT_Kenya","tz":null,"soil_description":null},"geometry":{"type":"Polygon","coordinates":[[[36.6082618366,-1.0357479494],[36.6035164935,-1.0471584135],[36.6035061094,-1.0471692057],[36.5951897053,-1.0558126545],[36.5952101742,-1.0288436958],[36.5956121017,-1.0273493954],[36.6035210228,-1.027355379],[36.611470256,-1.0273613732],[36.6114677193,-1.0273755234],[36.611303111,-1.0282934294],[36.6082675955,-1.0357338343],[36.6082618366,-1.0357479494]]]}},{"type":"Feature","properties":{"country":"Kenya","country_code":"KEN","species_name":"Pinus_patula","genus":"Pinus","species":"patula","suitability_name":"Very suitable","suitability_rank":1,"source_layer":"KCFP_SSMT_Kenya","tz":null,"soil_description":null},"geometry":{"type":"Polygon","coordinates":[[[36.928349504,-0.3346163982],[36.935502515,-0.3399220399],[36.9395487368,-0.3406954599],[36.9283482173,-0.3406930402],[36.928349504,-0.3346163982]]]}},{"type":"Feature","properties":{"country":"Kenya","country_code":"KEN","species_name":"Pinus_patula","genus":"Pinus","species":"patula","suitability_name":"Very suitable","suitability_rank":1,"source_layer":"KCFP_SSMT_Kenya","tz":null,"soil_description":null},"geometry":{"type":"Polygon","coordinates":[[[38.2852696201,-3.4001368769],[38.2880932146,-3.4033736851],[38.2960103977,-3.4112052302],[38.3041970649,-3.4169133629],[38.3005072534,-3.4169106718],[38.3005011779,-3.4252919581],[38.2934532929,-3.4252867657],[38.2933870923,-3.4249117348],[38.2879234401,-3.4214459122],[38.2806291107,-3.4198026874],[38.2754863501,-3.4173709844],[38.2754992502,-3.4001295626],[38.2852696201,-3.4001368769]]]}},{"type":"Feature","properties":{"country":"Kenya","country_code":"KEN","species_name":"Pinus_patula","genus":"Pinus","species":"patula","suitability_name":"Very suitable","suitability_rank":1,"source_layer":"KCFP_SSMT_Kenya","tz":null,"soil_description":null},"geometry":{"type":"Polygon","coordinates":[[[38.319279911,-3.391780235],[38.3183324345,-3.3925860514],[38.3172047547,-3.3926959513],[38.3172053982,-3.3917787673],[38.319279911,-3.391780235]]]}},{"type":"Feature","properties":{"country":"Kenya","country_code":"KEN","species_name":"Pinus_patula","genus":"Pinus","species":"patula","suitability_name":"Very suitable","suitability_rank":1,"source_layer":"KCFP_SSMT_Kenya","tz":null,"soil_description":null},"geometry":{"type":"Polygon","coordinates":[[[38.333908296,-3.3582650301],[38.3505878444,-3.3582763034],[38.3505767415,-3.3750390686],[38.333896908,-3.375027739],[38.333908296,-3.3582650301]]]}},{"type":"Feature","properties":{"country":"Kenya","country_code":"KEN","species_name":"Pinus_patula","genus":"Pinus","species":"patula","suitability_name":"Very suitable","suitability_rank":1,"source_layer":"KCFP_SSMT_Kenya","tz":null,"soil_description":null},"geometry":{"type":"Polygon","coordinates":[[[37.351965129,-1.8201713634],[37.3631565039,-1.8164263017],[37.3819432266,-1.8181544319],[37.393586754,-1.8197307554],[37.3935831072,-1.8238475299],[37.3519618213,-1.8238096645],[37.351965129,-1.8201713634]]]}},{"type":"Feature","properties":{"country":"Kenya","country_code":"KEN","species_name":"Pinus_patula","genus":"Pinus","species":"patula","suitability_name":"Very suitable","suitability_rank":1,"source_layer":"KCFP_SSMT_Kenya","tz":null,"soil_description":null},"geometry":{"type":"Polygon","coordinates":[[[37.4520080719,-1.6757415756],[37.4686471618,-1.676372387],[37.4686431868,-1.6814792889],[37.4769698729,-1.6814858449],[37.4769633594,-1.6898650049],[37.4686503561,-1.6898584289],[37.4603099513,-1.6898517943],[37.460316535,-1.681472698],[37.4519899151,-1.6814660723],[37.4519944188,-1.6757410574],[37.4520080719,-1.6757415756]]]}},{"type":"Feature","properties":{"country":"Kenya","country_code":"KEN","species_name":"Pinus_patula","genus":"Pinus","species":"patula","suitability_name":"Very suitable","suitability_rank":1,"source_layer":"KCFP_SSMT_Kenya","tz":null,"soil_description":null},"geometry":{"type":"Polygon","coordinates":[[[37.3437950442,-1.6394717904],[37.3437995506,-1.6339796022],[37.3487291842,-1.636770727],[37.3492447542,-1.6394763206],[37.3437950442,-1.6394717904]]]}},{"type":"Feature","properties":{"country":"Kenya","country_code":"KEN","species_name":"Pinus_patula","genus":"Pinus","species":"patula","suitability_name":"Very suitable","suitability_rank":1,"source_layer":"KCFP_SSMT_Kenya","tz":null,"soil_description":null},"geometry":{"type":"Polygon","coordinates":[[[37.2856388016,-1.4852715917],[37.2836312524,-1.489243167],[37.2798309104,-1.4974575265],[37.2773152409,-1.4832226954],[37.2773304189,-1.4634694319],[37.2717569,-1.4634651155],[37.2690853647,-1.4555283358],[37.2690115248,-1.4554479407],[37.269018172,-1.4467062961],[37.2609770624,-1.4467001071],[37.260693482,-1.446391348],[37.2606996099,-1.4383215828],[37.2274004013,-1.4382957935],[37.2273939158,-1.4466739495],[37.2190691776,-1.446667388],[37.2190626228,-1.4550455053],[37.210737891,-1.455038875],[37.2107246089,-1.4717950303],[37.2023998533,-1.4717882924],[37.2023931236,-1.4801663312],[37.1940683752,-1.4801595234],[37.1940547382,-1.4969155209],[37.1857299663,-1.4969086052],[37.1857230577,-1.5052865638],[37.1773982927,-1.5052795765],[37.1774052321,-1.496901656],[37.1607558803,-1.4968876639],[37.1607628438,-1.488509821],[37.1690874688,-1.4885167946],[37.1690943629,-1.4801389117],[37.1774189946,-1.4801458137],[37.1774121328,-1.4885237347],[37.1857368355,-1.4885306442],[37.1857572114,-1.4633967615],[37.1940818584,-1.4634035232],[37.1940927036,-1.4497852652],[37.1944050369,-1.4495587177],[37.2096226134,-1.425414495],[37.2183489197,-1.4218100203],[37.2185274829,-1.4215452385],[37.2190758591,-1.4215330242],[37.2274132592,-1.4215394805],[37.227423271,-1.4083539731],[37.2294127286,-1.4054038198],[37.2440589879,-1.4093671661],[37.2440561224,-1.4131867163],[37.2523937025,-1.4131930455],[37.2523874292,-1.4215586426],[37.2690370618,-1.4215712649],[37.269041628,-1.4154283048],[37.2713093391,-1.4159615275],[37.2773514958,-1.4181489311],[37.2773489468,-1.4215901629],[37.2868768147,-1.4215972979],[37.2951088632,-1.4245774489],[37.2964415971,-1.4351110778],[37.295723999,-1.4435728131],[37.3004773648,-1.4591583862],[37.3022949087,-1.4604632524],[37.3022926261,-1.4635010695],[37.30653077,-1.4635042943],[37.3210426396,-1.4739227156],[37.3183175741,-1.4960306326],[37.3152533446,-1.4885350909],[37.3106150164,-1.4845371169],[37.3058900519,-1.4804644604],[37.3052217762,-1.4802478284],[37.3022937536,-1.4792986606],[37.2958198814,-1.4772000351],[37.2877791412,-1.4810372735],[37.2856388016,-1.4852715917]]]}},{"type":"Feature","properties":{"country":"Kenya","country_code":"KEN","species_name":"Pinus_patula","genus":"Pinus","species":"patula","suitability_name":"Very suitable","suitability_rank":1,"source_layer":"KCFP_SSMT_Kenya","tz":null,"soil_description":null},"geometry":{"type":"Polygon","coordinates":[[[37.2190560213,-1.463436102],[37.2247531424,-1.4634281677],[37.2247394209,-1.4634406369],[37.2190560213,-1.463436102]]]}},{"type":"Feature","properties":{"country":"Kenya","country_code":"KEN","species_name":"Pinus_patula","genus":"Pinus","species":"patula","suitability_name":"Very suitable","suitability_rank":1,"source_layer":"KCFP_SSMT_Kenya","tz":null,"soil_description":null},"geometry":{"type":"Polygon","coordinates":[[[37.2692182841,-1.1312560095],[37.2661635836,-1.1283407679],[37.2692200086,-1.1283426001],[37.2692182841,-1.1312560095]]]}},{"type":"Feature","properties":{"country":"Kenya","country_code":"KEN","species_name":"Pinus_patula","genus":"Pinus","species":"patula","suitability_name":"Very suitable","suitability_rank":1,"source_layer":"KCFP_SSMT_Kenya","tz":null,"soil_description":null},"geometry":{"type":"Polygon","coordinates":[[[37.9102465364,0.2876794919],[37.9187755295,0.2876803088],[37.9187760956,0.2815912616],[37.90986314,0.2801932753],[37.9102465364,0.2876794919]]]}},{"type":"Feature","properties":{"country":"Kenya","country_code":"KEN","species_name":"Pinus_patula","genus":"Pinus","species":"patula","suitability_name":"Very suitable","suitability_rank":1,"source_layer":"KCFP_SSMT_Kenya","tz":null,"soil_description":null},"geometry":{"type":"Polygon","coordinates":[[[37.9520661664,0.3683993576],[37.9570237451,0.3798728474],[37.9603896973,0.3798732558],[37.9603916553,0.3631116112],[37.952066779,0.3631106435],[37.9520661664,0.3683993576]]]}}]}